cfg,class,video,tag,psnr_y,psnr_u,psnr_v,overall_psnr,ssim_y,ms_ssim_y,vmaf,vmaf_neg,psnr_hvs,ciede2k,apsnr_y,apsnr_u,apsnr_v,overall_apsnr
AI,A1,BoxingPractice_3840x2160_5994fps_10bit_420.y4m,v02.0.0,-4.499,-10.0304,-10.6712,-5.2622,-4.4903,-4.4467,-4.8065,-5.2557,-4.5985,-9.4947,-4.4992,-10.0301,-10.6739,-5.4092
AI,A1,BoxingPractice_3840x2160_5994fps_10bit_420.y4m,v03.0.0,-6.9794,-12.2086,-14.3397,-7.8216,-5.8215,-6.5965,-6.0577,-6.7941,-6.8761,-12.8096,-6.9797,-12.2076,-14.3418,-7.9713
AI,A1,BoxingPractice_3840x2160_5994fps_10bit_420.y4m,v04.0.0,-10.6439,-20.5961,-22.8679,-12.1189,-8.6978,-10.0655,-10.738,-10.7503,-10.537,-17.7431,-10.6441,-20.5955,-22.8685,-12.3695
AI,A1,BoxingPractice_3840x2160_5994fps_10bit_420.y4m,v05.0.0,-12.2606,-24.8046,-34.175,-14.625,-9.8749,-11.372,-13.0727,-12.9304,-12.4434,-20.5651,-12.2607,-24.8005,-34.1735,-14.9622
AI,A1,BoxingPractice_3840x2160_5994fps_10bit_420.y4m,v06.0.0,-13.9072,-25.6319,-36.1913,-16.2509,-11.647,-13.1116,-14.619,-14.5867,-14.0941,-22.4437,-13.9074,-25.6196,-36.1901,-16.5825
AI,A1,BoxingPractice_3840x2160_5994fps_10bit_420.y4m,v07.0.0,-14.9131,-27.1163,-37.7511,-17.3544,-12.3556,-13.9981,-15.8189,-15.7805,-15.1063,-23.5738,-14.9133,-27.1167,-37.7501,-17.7008
AI,A1,BoxingPractice_3840x2160_5994fps_10bit_420.y4m,v08.0.0,-15.5783,-28.2012,-38.5349,-18.0601,-12.8405,-14.5204,-16.2366,-16.2985,-15.7544,-24.264,-15.5784,-28.2022,-38.5331,-18.4063
AI,A1,BoxingPractice_3840x2160_5994fps_10bit_420.y4m,v09.0.0,-18.1133,-28.1969,-38.6088,-20.2069,-15.5493,-16.9002,-19.6099,-19.3964,-18.0704,-24.6799,-18.1138,-28.1959,-38.6083,-20.5236
AI,A1,BoxingPractice_3840x2160_5994fps_10bit_420.y4m,v10.0.0,-18.496,-27.1135,-37.5922,-20.3862,-15.2195,-17.0181,-22.6599,-21.442,-18.1086,-23.7683,-18.4961,-27.1093,-37.5889,-20.6911
AI,A1,BoxingPractice_3840x2160_5994fps_10bit_420.y4m,v11.0.0,-18.43,-27.7253,-38.019,-20.4,-15.2159,-16.965,-21.8496,-20.9132,-18.1174,-24.791,-18.4304,-27.724,-38.0158,-20.7055
AI,A1,BoxingPractice_3840x2160_5994fps_10bit_420.y4m,v12.0.0,-18.5126,-27.7644,-37.7761,-20.4551,-15.2752,-17.0463,-22.0551,-21.1362,-18.166,-24.8519,-18.5127,-27.763,-37.7744,-20.7597
AI,A1,BoxingPractice_3840x2160_5994fps_10bit_420.y4m,v13.0.0,-18.4479,-27.7396,-37.7153,-20.3948,-19.7787,-16.9758,-22.1616,-21.1455,-18.0804,-24.6627,-18.4481,-27.738,-37.7117,-20.7002
AI,A1,BoxingPractice_3840x2160_5994fps_10bit_420.y4m,v14.0.0,-18.4659,-27.7507,-37.7283,-20.412,-19.7955,-16.993,-22.1827,-21.166,-18.0966,-24.6759,-18.4661,-27.7491,-37.7247,-20.7174
AI,A1,BoxingPractice_3840x2160_5994fps_10bit_420.y4m,v15.0.0,-18.4659,-27.7507,-37.7283,-20.412,-19.7955,-16.993,-22.1827,-21.166,-18.0966,-24.6759,-18.4661,-27.7491,-37.7247,-20.7174
AI,A1,Crosswalk_3840x2160_5994fps_10bit_420.y4m,v02.0.0,-7.5783,-8.8768,-9.8266,-7.9137,-5.2255,-8.2541,-9.3648,-9.0611,-7.5973,-8.2392,-7.6085,-8.8561,-9.8158,-7.8929
AI,A1,Crosswalk_3840x2160_5994fps_10bit_420.y4m,v03.0.0,-12.1636,-14.0474,-16.3007,-12.7262,-8.4213,-12.8789,-11.245,-11.5208,-12.0357,-14.3684,-12.1873,-14.0362,-16.2882,-12.6842
AI,A1,Crosswalk_3840x2160_5994fps_10bit_420.y4m,v04.0.0,-13.2637,-17.0636,-19.2442,-14.1356,-9.0818,-14.0618,-12.503,-12.6628,-13.3321,-16.0482,-13.2909,-17.0449,-19.2045,-14.0068
AI,A1,Crosswalk_3840x2160_5994fps_10bit_420.y4m,v05.0.0,-15.7272,-21.4152,-20.6748,-16.6533,-10.9744,-16.1602,-14.491,-14.685,-15.5395,-19.0712,-15.7455,-21.4158,-20.6495,-16.5367
AI,A1,Crosswalk_3840x2160_5994fps_10bit_420.y4m,v06.0.0,-16.7232,-23.3903,-22.795,-17.8218,-12.6979,-17.3674,-15.33,-15.5828,-16.8562,-20.5717,-16.7451,-23.3857,-22.7971,-17.7185
AI,A1,Crosswalk_3840x2160_5994fps_10bit_420.y4m,v07.0.0,-17.1417,-24.9733,-23.8751,-18.3896,-13.1113,-17.7685,-16.3446,-16.5221,-17.4413,-20.736,-17.1641,-24.9787,-23.8711,-18.2483
AI,A1,Crosswalk_3840x2160_5994fps_10bit_420.y4m,v08.0.0,-17.452,-24.6298,-23.8344,-18.6189,-13.1068,-18.0668,-16.3886,-16.6513,-17.6555,-20.7297,-17.4742,-24.6389,-23.832,-18.4684
AI,A1,Crosswalk_3840x2160_5994fps_10bit_420.y4m,v09.0.0,-20.4315,-24.5793,-23.4234,-21.0333,-17.4267,-21.0795,-20.2547,-20.3352,-20.605,-22.3939,-20.4544,-24.5856,-23.425,-20.9879
AI,A1,Crosswalk_3840x2160_5994fps_10bit_420.y4m,v10.0.0,-20.6831,-23.3287,-21.9855,-21.0193,-17.9696,-21.5142,-21.4069,-21.5966,-20.768,-21.3393,-20.7072,-23.3322,-21.9687,-20.9829
AI,A1,Crosswalk_3840x2160_5994fps_10bit_420.y4m,v11.0.0,-20.3048,-27.884,-27.3824,-21.5618,-17.5967,-21.1336,-20.7106,-20.9359,-20.9493,-24.545,-20.3318,-27.8933,-27.3771,-21.506
AI,A1,Crosswalk_3840x2160_5994fps_10bit_420.y4m,v12.0.0,-20.2104,-28.1076,-27.4964,-21.5182,-17.2181,-20.8802,-20.3775,-20.7019,-20.7759,-24.6361,-20.2378,-28.1192,-27.4957,-21.4703
AI,A1,Crosswalk_3840x2160_5994fps_10bit_420.y4m,v13.0.0,-20.8081,-31.7866,-28.8473,-22.4268,-26.0802,-21.4652,-21.082,-21.373,-21.4869,-25.8777,-20.8328,-31.7966,-28.8452,-22.385
AI,A1,Crosswalk_3840x2160_5994fps_10bit_420.y4m,v14.0.0,-20.8575,-31.8214,-28.8895,-22.4745,-26.1127,-21.5079,-21.1252,-21.4195,-21.5271,-25.9213,-20.8822,-31.8315,-28.8875,-22.4327
AI,A1,Crosswalk_3840x2160_5994fps_10bit_420.y4m,v15.0.0,-20.8575,-31.8214,-28.8895,-22.4745,-26.1127,-21.5079,-21.1252,-21.4195,-21.5271,-25.9213,-20.8822,-31.8315,-28.8875,-22.4327
AI,A1,FoodMarket2_3840x2160_5994fps_10bit_420.y4m,v02.0.0,-5.6112,-10.8334,-10.7652,-6.2572,-4.5824,-5.4423,-8.199,-7.6144,-5.436,-7.9837,-5.6052,-10.8328,-10.7642,-6.3606
AI,A1,FoodMarket2_3840x2160_5994fps_10bit_420.y4m,v03.0.0,-7.6927,-13.808,-13.8873,-8.4621,-5.5359,-7.1709,-8.7495,-8.4308,-7.5193,-10.5598,-7.6865,-13.8073,-13.8752,-8.557
AI,A1,FoodMarket2_3840x2160_5994fps_10bit_420.y4m,v04.0.0,-10.8256,-21.1548,-20.3671,-12.0956,-7.3802,-10.2064,-12.1432,-11.4136,-10.6083,-14.8487,-10.8209,-21.1556,-20.3524,-12.2453
AI,A1,FoodMarket2_3840x2160_5994fps_10bit_420.y4m,v05.0.0,-11.7281,-29.3871,-24.003,-13.7008,-8.0337,-10.9244,-13.4229,-12.6498,-11.8534,-18.3409,-11.723,-29.384,-23.9931,-13.9013
AI,A1,FoodMarket2_3840x2160_5994fps_10bit_420.y4m,v06.0.0,-13.5689,-29.8498,-24.442,-15.3504,-10.052,-12.9022,-15.3089,-14.5214,-13.6329,-19.7644,-13.5631,-29.8445,-24.4279,-15.5452
AI,A1,FoodMarket2_3840x2160_5994fps_10bit_420.y4m,v07.0.0,-14.1885,-33.3317,-27.9775,-16.3782,-10.371,-13.402,-16.4162,-15.5746,-14.3212,-22.0747,-14.183,-33.3257,-27.9631,-16.5702
AI,A1,FoodMarket2_3840x2160_5994fps_10bit_420.y4m,v08.0.0,-14.3998,-34.0716,-28.431,-16.6453,-10.4737,-13.5305,-16.577,-15.716,-14.56,-22.5156,-14.3957,-34.0637,-28.4116,-16.8373
AI,A1,FoodMarket2_3840x2160_5994fps_10bit_420.y4m,v09.0.0,-17.4073,-33.5838,-28.2026,-19.1697,-14.7428,-16.4519,-19.5533,-18.7971,-17.3536,-23.8667,-17.4032,-33.5757,-28.1916,-19.3477
AI,A1,FoodMarket2_3840x2160_5994fps_10bit_420.y4m,v10.0.0,-17.8423,-32.4683,-27.2238,-19.4033,-14.807,-16.7665,-21.7088,-20.4223,-17.5868,-23.4116,-17.8382,-32.4614,-27.2059,-19.5792
AI,A1,FoodMarket2_3840x2160_5994fps_10bit_420.y4m,v11.0.0,-17.6483,-32.4958,-27.0375,-19.2217,-14.6075,-16.5419,-21.1749,-20.0388,-17.4095,-23.4921,-17.6439,-32.489,-27.028,-19.3887
AI,A1,FoodMarket2_3840x2160_5994fps_10bit_420.y4m,v12.0.0,-17.5176,-32.4821,-27.0001,-19.1067,-14.4974,-16.3504,-21.0427,-19.933,-17.3397,-23.4525,-17.513,-32.4729,-26.9847,-19.2727
AI,A1,FoodMarket2_3840x2160_5994fps_10bit_420.y4m,v13.0.0,-17.7353,-33.2558,-27.6628,-19.3959,-19.0624,-16.5915,-21.4106,-20.2855,-17.5286,-23.9231,-17.731,-33.2472,-27.6471,-19.556
AI,A1,FoodMarket2_3840x2160_5994fps_10bit_420.y4m,v14.0.0,-17.7485,-33.2641,-27.6733,-19.4085,-19.0745,-16.603,-21.4276,-20.3021,-17.5389,-23.9348,-17.7442,-33.2555,-27.6577,-19.5686
AI,A1,FoodMarket2_3840x2160_5994fps_10bit_420.y4m,v15.0.0,-17.7485,-33.2641,-27.6733,-19.4085,-19.0745,-16.603,-21.4276,-20.3021,-17.5389,-23.9348,-17.7442,-33.2555,-27.6577,-19.5686
AI,A1,Neon1224_3840x2160_2997fps.y4m,v02.0.0,-4.3304,-5.4165,-3.4953,-4.3467,-4.1359,-4.3653,-5.6707,-5.936,-4.2184,-6.6888,-4.3213,-5.3917,-3.4267,-4.2992
AI,A1,Neon1224_3840x2160_2997fps.y4m,v03.0.0,-7.1847,-6.1979,-3.6117,-6.8931,-5.9643,-6.9794,-8.1696,-8.6633,-6.7011,-9.4885,-7.1711,-6.1377,-3.4213,-6.6773
AI,A1,Neon1224_3840x2160_2997fps.y4m,v04.0.0,-10.2467,-13.3483,-11.5346,-10.543,-8.7168,-10.2092,-12.9179,-12.7897,-10.3253,-13.8844,-10.2276,-13.3153,-11.3752,-10.5723
AI,A1,Neon1224_3840x2160_2997fps.y4m,v05.0.0,-11.5261,-15.0291,-13.0479,-11.8658,-9.6799,-11.1903,-14.9893,-14.6168,-11.5587,-15.233,-11.5104,-14.994,-12.9062,-11.9103
AI,A1,Neon1224_3840x2160_2997fps.y4m,v06.0.0,-12.6116,-16.2526,-14.4021,-12.9758,-11.3054,-12.6666,-16.3356,-16.0041,-12.8918,-16.7334,-12.5946,-16.2114,-14.2759,-13.0311
AI,A1,Neon1224_3840x2160_2997fps.y4m,v07.0.0,-13.627,-17.5175,-15.6424,-14.0216,-12.2638,-13.6918,-18.0216,-17.5695,-13.959,-17.5693,-13.6077,-17.4874,-15.4752,-14.0868
AI,A1,Neon1224_3840x2160_2997fps.y4m,v08.0.0,-14.0339,-18.1424,-16.5359,-14.4743,-12.2978,-13.9159,-18.6568,-18.1576,-14.3459,-18.0192,-14.0119,-18.1129,-16.3598,-14.5588
AI,A1,Neon1224_3840x2160_2997fps.y4m,v09.0.0,-16.0127,-17.5361,-15.8781,-16.11,-14.6209,-15.4846,-21.0601,-20.5376,-16.0463,-18.0614,-15.9913,-17.5018,-15.6779,-16.0587
AI,A1,Neon1224_3840x2160_2997fps.y4m,v10.0.0,-16.8909,-17.3118,-15.9146,-16.8635,-14.8402,-16.031,-23.9634,-22.8902,-16.5531,-18.2676,-16.868,-17.2756,-15.7468,-16.7627
AI,A1,Neon1224_3840x2160_2997fps.y4m,v11.0.0,-16.823,-17.2182,-15.4915,-16.7681,-14.7121,-15.9702,-23.7312,-22.6876,-16.4483,-19.4284,-16.8005,-17.1733,-15.2751,-16.6523
AI,A1,Neon1224_3840x2160_2997fps.y4m,v12.0.0,-16.8522,-17.2121,-15.5453,-16.7957,-14.6988,-15.9665,-23.8033,-22.7487,-16.4701,-19.3809,-16.8289,-17.1702,-15.3116,-16.6786
AI,A1,Neon1224_3840x2160_2997fps.y4m,v13.0.0,-16.9521,-17.9326,-16.4166,-16.9834,-18.1224,-16.0426,-24.0771,-22.9799,-16.6233,-20.1474,-16.9315,-17.8877,-16.2179,-16.9168
AI,A1,Neon1224_3840x2160_2997fps.y4m,v14.0.0,-16.9654,-17.946,-16.4298,-16.9967,-18.1332,-16.0547,-24.1068,-23.0032,-16.6352,-20.1604,-16.9448,-17.9011,-16.2309,-16.9301
AI,A1,Neon1224_3840x2160_2997fps.y4m,v15.0.0,-16.9654,-17.946,-16.4298,-16.9967,-18.1332,-16.0547,-24.1068,-23.0032,-16.6352,-20.1604,-16.9448,-17.9011,-16.2309,-16.9301
AI,A1,NocturneDance_3840x2160p_10bit_60fps.y4m,v02.0.0,-2.3857,-8.9289,-22.8992,-3.6022,-2.6897,-2.7144,-2.106,-2.3252,-3.0668,-9.0691,-2.3837,-8.9202,-22.9005,-4.2114
AI,A1,NocturneDance_3840x2160p_10bit_60fps.y4m,v03.0.0,-5.334,-12.7267,-24.671,-6.5145,-4.408,-4.9398,-8.9905,-8.5615,-5.6799,-12.8168,-5.3311,-12.7167,-24.6738,-7.2259
AI,A1,NocturneDance_3840x2160p_10bit_60fps.y4m,v04.0.0,-9.5361,-23.3978,-38.0997,-11.5146,-7.4687,-8.949,-11.684,-11.0559,-10.1789,-18.0522,-9.5337,-23.394,-38.1007,-13.1781
AI,A1,NocturneDance_3840x2160p_10bit_60fps.y4m,v05.0.0,-10.6062,-38.817,-45.2046,-13.7267,-8.4813,-9.8151,-12.8834,-12.2622,-12.0725,-23.101,-10.6053,-38.8236,-45.2109,-17.1279
AI,A1,NocturneDance_3840x2160p_10bit_60fps.y4m,v06.0.0,-14.3078,-41.8448,-45.1642,-17.1894,-12.213,-13.5767,-16.054,-15.5408,-15.9038,-27.0544,-14.3063,-41.8498,-45.173,-20.3671
AI,A1,NocturneDance_3840x2160p_10bit_60fps.y4m,v07.0.0,-15.7017,-43.5965,-46.4546,-18.6081,-13.6399,-14.9837,-18.099,-17.5124,-17.3141,-29.3195,-15.6999,-43.5947,-46.4588,-21.8124
AI,A1,NocturneDance_3840x2160p_10bit_60fps.y4m,v08.0.0,-16.2717,-44.4002,-46.7443,-19.1808,-14.1096,-15.5325,-18.3513,-17.7891,-17.9784,-30.0518,-16.2705,-44.3987,-46.7514,-22.4013
AI,A1,NocturneDance_3840x2160p_10bit_60fps.y4m,v09.0.0,-18.3483,-44.7577,-48.1342,-21.1367,-16.3481,-17.4902,-21.1177,-20.5499,-19.8806,-31.1499,-18.3467,-44.7553,-48.1443,-23.9667
AI,A1,NocturneDance_3840x2160p_10bit_60fps.y4m,v10.0.0,-18.4336,-44.418,-46.7421,-21.1143,-15.9363,-17.4184,-24.7072,-23.6939,-19.7014,-30.6301,-18.4318,-44.4176,-46.7495,-23.9811
AI,A1,NocturneDance_3840x2160p_10bit_60fps.y4m,v11.0.0,-18.4199,-45.4964,-49.1739,-21.3383,-16.027,-17.41,-23.7937,-22.9821,-19.7837,-31.5619,-18.4171,-45.4983,-49.1851,-24.1542
AI,A1,NocturneDance_3840x2160p_10bit_60fps.y4m,v12.0.0,-18.3791,-45.5089,-49.1089,-21.301,-16.0659,-17.2879,-23.9603,-23.107,-19.7216,-31.3338,-18.3772,-45.5101,-49.121,-24.0991
AI,A1,NocturneDance_3840x2160p_10bit_60fps.y4m,v13.0.0,-18.285,-45.5991,-49.0132,-21.2327,-20.1451,-17.2745,-23.9111,-23.0496,-19.6421,-31.326,-18.2829,-45.5982,-49.0232,-24.0648
AI,A1,NocturneDance_3840x2160p_10bit_60fps.y4m,v14.0.0,-18.3083,-45.6109,-49.0273,-21.2547,-20.1612,-17.2939,-23.942,-23.0799,-19.6606,-31.3438,-18.3061,-45.6101,-49.0372,-24.0859
AI,A1,NocturneDance_3840x2160p_10bit_60fps.y4m,v15.0.0,-18.3083,-45.6109,-49.0273,-21.2547,-20.1612,-17.2939,-23.942,-23.0799,-19.6606,-31.3438,-18.3061,-45.6101,-49.0372,-24.0859
AI,A1,PierSeaSide_3840x2160_2997fps_10bit_420_v2.y4m,v02.0.0,-2.7822,-7.8055,-10.8519,-3.5232,-2.9231,-2.924,-2.553,-2.8826,-3.0654,-7.1452,-2.7834,-7.8019,-10.8521,-4.0393
AI,A1,PierSeaSide_3840x2160_2997fps_10bit_420_v2.y4m,v03.0.0,-4.6448,-9.2755,-12.5038,-5.3206,-4.3276,-4.3583,-4.2771,-4.4836,-4.4716,-9.5962,-4.6381,-9.2548,-12.51,-5.8201
AI,A1,PierSeaSide_3840x2160_2997fps_10bit_420_v2.y4m,v04.0.0,-8.483,-17.9698,-23.6587,-9.8372,-7.3466,-8.1501,-7.9826,-7.8901,-8.5875,-15.8224,-8.4786,-17.9694,-23.6688,-10.974
AI,A1,PierSeaSide_3840x2160_2997fps_10bit_420_v2.y4m,v05.0.0,-10.0098,-20.8588,-26.6713,-11.5337,-8.7839,-9.5779,-9.7589,-9.6158,-10.1248,-18.3419,-10.0077,-20.8529,-26.681,-12.8224
AI,A1,PierSeaSide_3840x2160_2997fps_10bit_420_v2.y4m,v06.0.0,-11.2104,-22.7853,-28.1379,-12.795,-9.7791,-10.7806,-10.6253,-10.543,-11.3161,-20.4787,-11.205,-22.7915,-28.1626,-14.0932
AI,A1,PierSeaSide_3840x2160_2997fps_10bit_420_v2.y4m,v07.0.0,-12.134,-23.943,-27.0212,-13.6283,-10.4809,-11.7514,-12.2173,-11.9578,-12.1563,-21.2392,-12.1254,-23.9522,-27.0382,-14.8224
AI,A1,PierSeaSide_3840x2160_2997fps_10bit_420_v2.y4m,v08.0.0,-12.923,-24.363,-28.3368,-14.4212,-10.8973,-12.4854,-12.9899,-12.7882,-12.8939,-22.0085,-12.9139,-24.3674,-28.3575,-15.662
AI,A1,PierSeaSide_3840x2160_2997fps_10bit_420_v2.y4m,v09.0.0,-15.0514,-23.5972,-28.9242,-16.2959,-12.8147,-14.0419,-15.222,-14.9405,-14.8279,-22.4443,-15.0524,-23.5953,-28.9494,-17.2834
AI,A1,PierSeaSide_3840x2160_2997fps_10bit_420_v2.y4m,v10.0.0,-15.9282,-22.7759,-28.5129,-16.9961,-12.6829,-14.5831,-18.621,-17.4097,-15.2598,-22.0269,-15.9208,-22.7811,-28.5463,-17.8779
AI,A1,PierSeaSide_3840x2160_2997fps_10bit_420_v2.y4m,v11.0.0,-15.893,-25.0541,-30.5557,-17.2223,-12.6579,-14.5475,-17.858,-16.8233,-15.5054,-24.5755,-15.8823,-25.0518,-30.5595,-18.2369
AI,A1,PierSeaSide_3840x2160_2997fps_10bit_420_v2.y4m,v12.0.0,-15.9735,-25.2131,-30.5682,-17.3022,-12.7893,-14.6297,-18.1361,-17.0054,-15.5959,-24.7266,-15.9682,-25.2142,-30.5791,-18.3204
AI,A1,PierSeaSide_3840x2160_2997fps_10bit_420_v2.y4m,v13.0.0,-15.881,-26.7528,-31.0971,-17.3486,-17.6557,-14.4775,-18.1897,-17.1116,-15.6973,-25.9239,-15.8767,-26.7286,-31.0901,-18.4569
AI,A1,PierSeaSide_3840x2160_2997fps_10bit_420_v2.y4m,v14.0.0,-15.905,-26.774,-31.1178,-17.3723,-17.6783,-14.5006,-18.2235,-17.1445,-15.7171,-25.9472,-15.9007,-26.7498,-31.1109,-18.4806
AI,A1,PierSeaSide_3840x2160_2997fps_10bit_420_v2.y4m,v15.0.0,-15.905,-26.774,-31.1178,-17.3723,-17.6783,-14.5006,-18.2235,-17.1445,-15.7171,-25.9472,-15.9007,-26.7498,-31.1109,-18.4806
AI,A1,Tango_3840x2160_5994fps_10bit_420.y4m,v02.0.0,-6.2322,-10.3019,-7.914,-6.7785,-5.5097,-5.8536,-7.9198,-7.3223,-5.7676,-7.7301,-6.2315,-10.2923,-7.9222,-6.5514
AI,A1,Tango_3840x2160_5994fps_10bit_420.y4m,v03.0.0,-9.8728,-16.4783,-12.2035,-10.6553,-7.6916,-9.0475,-9.6283,-9.3814,-9.1599,-12.5775,-9.8723,-16.4709,-12.2123,-10.4303
AI,A1,Tango_3840x2160_5994fps_10bit_420.y4m,v04.0.0,-13.0237,-24.3317,-21.0714,-14.6623,-10.5359,-12.3156,-13.3524,-12.5959,-12.8269,-17.825,-13.0227,-24.3221,-21.0863,-14.2768
AI,A1,Tango_3840x2160_5994fps_10bit_420.y4m,v05.0.0,-14.5252,-25.9564,-22.109,-16.1364,-11.7943,-13.5034,-15.2481,-14.4506,-14.1351,-19.0554,-14.5243,-25.9478,-22.119,-15.6987
AI,A1,Tango_3840x2160_5994fps_10bit_420.y4m,v06.0.0,-15.8232,-27.145,-23.3103,-17.4116,-13.6185,-14.9957,-16.8148,-16.0161,-15.5611,-20.2202,-15.8226,-27.1375,-23.3155,-16.9625
AI,A1,Tango_3840x2160_5994fps_10bit_420.y4m,v07.0.0,-17.0348,-34.87,-27.7061,-19.3987,-14.4481,-15.9459,-18.7821,-17.7907,-16.9415,-23.7526,-17.0339,-34.8564,-27.7166,-18.796
AI,A1,Tango_3840x2160_5994fps_10bit_420.y4m,v08.0.0,-17.4308,-35.8066,-29.5175,-19.961,-14.5414,-16.2022,-19.1264,-18.1322,-17.4199,-24.6917,-17.4298,-35.7946,-29.5262,-19.3377
AI,A1,Tango_3840x2160_5994fps_10bit_420.y4m,v09.0.0,-20.2275,-35.7818,-28.4439,-22.1665,-17.6953,-19.269,-21.7992,-21.0156,-20.228,-25.6789,-20.227,-35.7674,-28.4546,-21.6851
AI,A1,Tango_3840x2160_5994fps_10bit_420.y4m,v10.0.0,-20.8568,-33.8462,-27.7082,-22.452,-18.0089,-19.8673,-25.008,-23.6621,-20.749,-25.2422,-20.8563,-33.8253,-27.7199,-22.0545
AI,A1,Tango_3840x2160_5994fps_10bit_420.y4m,v11.0.0,-20.5077,-35.1123,-27.0029,-22.1939,-17.6639,-19.5634,-24.3952,-23.2054,-20.4254,-25.6324,-20.5076,-35.1012,-27.0165,-21.772
AI,A1,Tango_3840x2160_5994fps_10bit_420.y4m,v12.0.0,-20.4896,-34.8622,-26.7847,-22.1404,-17.6122,-19.4734,-24.3523,-23.1565,-20.3645,-25.487,-20.4898,-34.8515,-26.8001,-21.7261
AI,A1,Tango_3840x2160_5994fps_10bit_420.y4m,v13.0.0,-21.1315,-37.0588,-29.6804,-23.0994,-20.1167,-20.0344,-25.2954,-24.0295,-21.0308,-27.3732,-21.1313,-37.045,-29.7057,-22.68
AI,A1,Tango_3840x2160_5994fps_10bit_420.y4m,v14.0.0,-21.157,-37.0793,-29.6967,-23.1239,-20.1301,-20.0542,-25.3217,-24.0552,-21.0486,-27.395,-21.1568,-37.0654,-29.7219,-22.7047
AI,A1,Tango_3840x2160_5994fps_10bit_420.y4m,v15.0.0,-21.157,-37.0793,-29.6967,-23.1239,-20.1301,-20.0542,-25.3217,-24.0552,-21.0486,-27.395,-21.1568,-37.0654,-29.7219,-22.7047
AI,A1,TimeLapse_3840x2160_5994fps_10bit_420.y4m,v02.0.0,-2.5062,-18.2036,-22.833,-4.6375,-2.0655,-2.1005,-3.0579,-3.0243,-2.9924,-10.2347,-2.4782,-18.2963,-22.6815,-4.0843
AI,A1,TimeLapse_3840x2160_5994fps_10bit_420.y4m,v03.0.0,-4.0295,-19.9511,-25.7969,-6.2605,-2.5124,-3.1535,-4.0811,-4.1729,-4.2345,-12.4984,-4.0026,-20.0407,-25.7806,-5.6563
AI,A1,TimeLapse_3840x2160_5994fps_10bit_420.y4m,v04.0.0,-7.0405,-25.7528,-32.2682,-9.6686,-4.2215,-5.7021,-8.3937,-7.7382,-6.9261,-16.7234,-7.0066,-25.8192,-32.3424,-9.0111
AI,A1,TimeLapse_3840x2160_5994fps_10bit_420.y4m,v05.0.0,-8.9147,-36.9268,-38.2283,-12.4671,-5.988,-7.2484,-10.919,-10.1843,-8.8882,-22.2401,-8.8798,-37.0167,-38.2589,-11.6199
AI,A1,TimeLapse_3840x2160_5994fps_10bit_420.y4m,v06.0.0,-10.3548,-38.979,-39.2877,-13.9243,-7.7748,-8.9684,-12.2649,-11.5846,-10.4336,-23.8318,-10.32,-39.0578,-39.3226,-13.0747
AI,A1,TimeLapse_3840x2160_5994fps_10bit_420.y4m,v07.0.0,-11.3497,-42.5143,-41.7863,-15.2225,-8.2793,-9.7162,-13.3006,-12.7253,-11.3393,-26.2673,-11.3157,-42.5998,-41.8272,-14.2992
AI,A1,TimeLapse_3840x2160_5994fps_10bit_420.y4m,v08.0.0,-12.641,-43.7392,-42.6558,-16.4915,-9.2762,-10.8924,-14.6471,-14.0976,-12.541,-27.4511,-12.6104,-43.8217,-42.694,-15.5862
AI,A1,TimeLapse_3840x2160_5994fps_10bit_420.y4m,v09.0.0,-15.2395,-42.9286,-43.2008,-18.7214,-12.8771,-13.6138,-17.8702,-17.4045,-15.2694,-28.4016,-15.2153,-43.0131,-43.262,-17.8863
AI,A1,TimeLapse_3840x2160_5994fps_10bit_420.y4m,v10.0.0,-15.4909,-41.9022,-40.0532,-18.6467,-12.6021,-13.4347,-20.5592,-19.1709,-15.1659,-27.3097,-15.4686,-41.9831,-40.1507,-17.9499
AI,A1,TimeLapse_3840x2160_5994fps_10bit_420.y4m,v11.0.0,-15.4122,-42.709,-41.7958,-18.7626,-12.4675,-13.2918,-19.713,-18.7198,-15.1321,-28.4144,-15.3918,-42.7938,-41.9028,-17.9689
AI,A1,TimeLapse_3840x2160_5994fps_10bit_420.y4m,v12.0.0,-16.0752,-43.2899,-42.1645,-19.4039,-13.1163,-13.9376,-20.4176,-19.3987,-15.7867,-29.0443,-16.0574,-43.3736,-42.2743,-18.6207
AI,A1,TimeLapse_3840x2160_5994fps_10bit_420.y4m,v13.0.0,-16.1653,-44.3231,-42.5371,-19.5797,-15.9904,-14.0795,-20.7628,-19.6828,-15.8904,-29.5599,-16.1432,-44.4033,-42.6547,-18.7628
AI,A1,TimeLapse_3840x2160_5994fps_10bit_420.y4m,v14.0.0,-16.1772,-44.3316,-42.5481,-19.5915,-15.9985,-14.0892,-20.7806,-19.7006,-15.8998,-29.5707,-16.1553,-44.4119,-42.6657,-18.7748
AI,A1,TimeLapse_3840x2160_5994fps_10bit_420.y4m,v15.0.0,-16.1772,-44.3316,-42.5481,-19.5915,-15.9985,-14.0892,-20.7806,-19.7006,-15.8998,-29.5707,-16.1553,-44.4119,-42.6657,-18.7748
AI,A2,Aerial3200_1920x1080_5994_10bit_420.y4m,v02.0.0,-3.1965,-8.1848,-13.0456,-3.796,-2.6121,-2.979,-3.6296,-3.6831,-2.6221,-5.3654,-3.208,-8.1931,-13.0816,-3.7296
AI,A2,Aerial3200_1920x1080_5994_10bit_420.y4m,v03.0.0,-5.0522,-13.0391,-19.6957,-5.9785,-3.5703,-4.3748,-5.4285,-5.1643,-4.1414,-8.7692,-5.0679,-13.0438,-19.7198,-5.7747
AI,A2,Aerial3200_1920x1080_5994_10bit_420.y4m,v04.0.0,-7.1985,-17.4238,-26.4737,-8.423,-5.0883,-6.3042,-7.6982,-7.2782,-5.9976,-11.3508,-7.2146,-17.4314,-26.4993,-8.2705
AI,A2,Aerial3200_1920x1080_5994_10bit_420.y4m,v05.0.0,-7.7688,-21.4016,-33.8807,-9.4841,-5.4257,-6.6996,-8.2146,-7.8216,-6.7071,-13.2308,-7.7849,-21.4132,-33.9139,-9.3287
AI,A2,Aerial3200_1920x1080_5994_10bit_420.y4m,v06.0.0,-9.3164,-23.3514,-38.1899,-11.2395,-7.3957,-8.4526,-10.3986,-10.0933,-8.3817,-14.9837,-9.3248,-23.3656,-38.2218,-10.9918
AI,A2,Aerial3200_1920x1080_5994_10bit_420.y4m,v07.0.0,-9.9165,-26.4967,-41.8406,-12.1195,-7.6919,-8.8409,-11.2008,-10.7762,-8.8884,-16.319,-9.9239,-26.5103,-41.8703,-11.796
AI,A2,Aerial3200_1920x1080_5994_10bit_420.y4m,v08.0.0,-10.1656,-27.3723,-41.629,-12.3901,-7.9199,-9.0523,-11.8614,-11.4736,-9.089,-16.741,-10.1661,-27.3858,-41.6635,-12.0488
AI,A2,Aerial3200_1920x1080_5994_10bit_420.y4m,v09.0.0,-12.6901,-28.6352,-43.4223,-14.8459,-11.2188,-11.8141,-14.542,-14.2883,-12.1158,-18.7385,-12.6743,-28.6554,-43.4541,-14.3732
AI,A2,Aerial3200_1920x1080_5994_10bit_420.y4m,v10.0.0,-12.7536,-27.1749,-42.4912,-14.756,-10.9926,-11.5189,-16.0872,-15.5359,-11.8742,-18.252,-12.7341,-27.1932,-42.5228,-14.3407
AI,A2,Aerial3200_1920x1080_5994_10bit_420.y4m,v11.0.0,-12.6187,-26.0611,-41.3696,-14.5335,-10.8053,-11.3461,-15.6399,-15.2052,-11.707,-18.0871,-12.6015,-26.0819,-41.4028,-14.1563
AI,A2,Aerial3200_1920x1080_5994_10bit_420.y4m,v12.0.0,-12.5817,-25.982,-41.177,-14.4887,-10.7421,-11.2905,-15.6236,-15.2149,-11.6631,-18.0217,-12.5662,-26.0012,-41.2126,-14.1089
AI,A2,Aerial3200_1920x1080_5994_10bit_420.y4m,v13.0.0,-12.635,-26.3215,-41.4652,-14.5487,-12.1817,-11.4566,-15.8077,-15.3166,-11.7391,-18.082,-12.6201,-26.3388,-41.4935,-14.1837
AI,A2,Aerial3200_1920x1080_5994_10bit_420.y4m,v14.0.0,-12.6579,-26.3311,-41.4857,-14.5709,-12.1963,-11.4742,-15.8414,-15.3505,-11.7531,-18.1008,-12.6428,-26.3486,-41.514,-14.2057
AI,A2,Aerial3200_1920x1080_5994_10bit_420.y4m,v15.0.0,-12.6579,-26.3311,-41.4857,-14.5709,-12.1963,-11.4742,-15.8414,-15.3505,-11.7531,-18.1008,-12.6428,-26.3486,-41.514,-14.2057
AI,A2,Boat_1920x1080_5994_10bit_420.y4m,v02.0.0,-4.1227,-15.9597,-15.68,-5.1827,-4.0093,-4.7857,-3.9495,-3.9235,-2.9937,-9.2886,-4.1217,-15.9611,-15.6794,-5.1928
AI,A2,Boat_1920x1080_5994_10bit_420.y4m,v03.0.0,-6.8581,-17.0779,-16.6426,-7.7579,-5.2057,-6.4248,-6.3165,-6.0564,-5.4576,-11.6408,-6.8579,-17.0787,-16.6417,-7.8049
AI,A2,Boat_1920x1080_5994_10bit_420.y4m,v04.0.0,-9.1835,-29.9783,-28.6177,-11.1024,-7.1952,-8.649,-8.3486,-7.9539,-8.0447,-17.4221,-9.1833,-29.9788,-28.6128,-11.0583
AI,A2,Boat_1920x1080_5994_10bit_420.y4m,v05.0.0,-9.7017,-32.693,-34.8628,-12.0897,-7.4506,-8.9016,-8.9577,-8.5375,-8.7277,-18.871,-9.7018,-32.6895,-34.8572,-12.0359
AI,A2,Boat_1920x1080_5994_10bit_420.y4m,v06.0.0,-11.4345,-33.9699,-35.5834,-13.7511,-9.719,-11.0682,-10.7567,-10.3732,-10.83,-20.5795,-11.4345,-33.9669,-35.576,-13.7368
AI,A2,Boat_1920x1080_5994_10bit_420.y4m,v07.0.0,-11.822,-36.7301,-37.7938,-14.3902,-9.963,-11.3355,-11.3492,-10.9833,-11.1635,-21.8515,-11.8219,-36.7273,-37.7873,-14.3111
AI,A2,Boat_1920x1080_5994_10bit_420.y4m,v08.0.0,-11.9479,-37.9774,-39.8735,-14.7036,-10.028,-11.4359,-11.3366,-10.9712,-11.3992,-22.2912,-11.9479,-37.9751,-39.8698,-14.5724
AI,A2,Boat_1920x1080_5994_10bit_420.y4m,v09.0.0,-14.508,-37.9287,-39.536,-16.9705,-12.8417,-13.7915,-15.3347,-15.032,-14.2852,-24.1908,-14.5079,-37.9281,-39.5334,-16.8952
AI,A2,Boat_1920x1080_5994_10bit_420.y4m,v10.0.0,-14.523,-37.3261,-38.3946,-16.8662,-12.383,-13.2185,-16.4011,-15.758,-13.6106,-24.0703,-14.523,-37.3222,-38.3896,-16.8163
AI,A2,Boat_1920x1080_5994_10bit_420.y4m,v11.0.0,-14.4868,-36.366,-37.8045,-16.7516,-12.2729,-13.114,-16.0717,-15.5897,-13.4895,-23.9494,-14.4869,-36.3618,-37.7994,-16.7416
AI,A2,Boat_1920x1080_5994_10bit_420.y4m,v12.0.0,-14.4932,-36.2384,-37.4172,-16.7298,-12.2041,-13.0503,-16.0022,-15.4929,-13.4778,-23.8847,-14.4931,-36.2357,-37.4107,-16.7246
AI,A2,Boat_1920x1080_5994_10bit_420.y4m,v13.0.0,-14.4881,-36.3838,-37.3729,-16.7288,-14.0757,-13.1699,-16.2843,-15.7476,-13.453,-23.8823,-14.4881,-36.3811,-37.3647,-16.727
AI,A2,Boat_1920x1080_5994_10bit_420.y4m,v14.0.0,-14.4971,-36.3943,-37.3831,-16.7375,-14.0829,-13.1778,-16.3026,-15.7654,-13.4546,-23.8931,-14.497,-36.3916,-37.375,-16.7361
AI,A2,Boat_1920x1080_5994_10bit_420.y4m,v15.0.0,-14.4971,-36.3943,-37.3831,-16.7375,-14.0829,-13.1778,-16.3026,-15.7654,-13.4546,-23.8931,-14.497,-36.3916,-37.375,-16.7361
AI,A2,CrowdRun_1920x1080p50.y4m,v02.0.0,-1.7719,-7.7986,-8.2637,-2.3352,-2.5318,-2.5039,-1.8382,-1.8929,-0.7814,-4.727,-1.7711,-7.8007,-8.2635,-2.4594
AI,A2,CrowdRun_1920x1080p50.y4m,v03.0.0,-3.8799,-11.6626,-9.6417,-4.5029,-3.589,-3.8851,-3.4996,-2.8873,-2.1477,-8.256,-3.8798,-11.6643,-9.6419,-4.5732
AI,A2,CrowdRun_1920x1080p50.y4m,v04.0.0,-6.1572,-16.651,-16.1092,-7.1006,-5.5843,-6.0973,-5.7418,-5.067,-4.3563,-11.3614,-6.1574,-16.6522,-16.1079,-7.322
AI,A2,CrowdRun_1920x1080p50.y4m,v05.0.0,-6.9461,-20.5546,-23.0883,-8.3493,-6.0873,-6.6296,-6.8336,-6.1228,-5.2987,-13.6874,-6.946,-20.5557,-23.085,-8.7755
AI,A2,CrowdRun_1920x1080p50.y4m,v06.0.0,-8.3091,-22.1257,-24.8905,-9.746,-7.6728,-7.9898,-8.0076,-7.3277,-8.0741,-15.8169,-8.3084,-22.1264,-24.8892,-10.2276
AI,A2,CrowdRun_1920x1080p50.y4m,v07.0.0,-8.7229,-23.4934,-25.1412,-10.2078,-7.9532,-8.3035,-8.5591,-7.8785,-8.4945,-16.7625,-8.7219,-23.4939,-25.1395,-10.73
AI,A2,CrowdRun_1920x1080p50.y4m,v08.0.0,-9.0122,-23.8649,-25.2984,-10.4964,-8.3828,-8.8061,-8.9567,-8.3001,-8.8198,-17.2105,-9.0116,-23.8646,-25.2976,-11.0356
AI,A2,CrowdRun_1920x1080p50.y4m,v09.0.0,-10.9676,-24.5055,-24.8819,-12.2615,-10.3831,-10.6062,-11.6727,-11.3358,-10.9535,-18.5652,-10.9668,-24.5052,-24.8789,-12.6687
AI,A2,CrowdRun_1920x1080p50.y4m,v10.0.0,-11.4119,-23.8988,-23.7399,-12.5714,-10.447,-10.6867,-13.8851,-12.8604,-10.7729,-18.7034,-11.4108,-23.8983,-23.7377,-12.9609
AI,A2,CrowdRun_1920x1080p50.y4m,v11.0.0,-11.378,-23.7725,-23.9643,-12.5489,-10.3153,-10.5884,-13.6451,-12.6703,-10.7327,-18.8802,-11.3764,-23.7732,-23.9618,-12.9296
AI,A2,CrowdRun_1920x1080p50.y4m,v12.0.0,-11.4153,-23.6855,-23.7723,-12.5666,-10.2832,-10.5877,-13.757,-12.7949,-10.7453,-18.8467,-11.4145,-23.6859,-23.7706,-12.9365
AI,A2,CrowdRun_1920x1080p50.y4m,v13.0.0,-11.3755,-24.024,-23.6602,-12.5433,-11.4728,-10.6604,-13.7101,-12.7537,-10.709,-19.1844,-11.3746,-24.0239,-23.6565,-12.9173
AI,A2,CrowdRun_1920x1080p50.y4m,v14.0.0,-11.385,-24.0313,-23.668,-12.5526,-11.4808,-10.6693,-13.7247,-12.772,-10.7179,-19.1932,-11.3841,-24.0312,-23.6642,-12.9266
AI,A2,CrowdRun_1920x1080p50.y4m,v15.0.0,-11.385,-24.0313,-23.668,-12.5526,-11.4808,-10.6693,-13.7247,-12.772,-10.7179,-19.1932,-11.3841,-24.0312,-23.6642,-12.9266
AI,A2,DinnerSceneCropped_1920x1080_2997fps_10bit_420.y4m,v02.0.0,-1.5677,-1.0933,-4.2228,-1.8652,-2.1592,-2.2953,-3.0158,-3.0275,-2.3106,-0.0512,-1.5692,-1.0943,-4.2914,-1.8952
AI,A2,DinnerSceneCropped_1920x1080_2997fps_10bit_420.y4m,v03.0.0,-3.8571,-2.4082,-6.3903,-4.2113,-4.6535,-4.0578,-4.0394,-4.5291,-4.2301,-1.8078,-3.8598,-2.3963,-6.4478,-4.1974
AI,A2,DinnerSceneCropped_1920x1080_2997fps_10bit_420.y4m,v04.0.0,-6.6453,-3.8263,-10.7633,-7.0086,-7.4541,-7.2405,-6.1062,-6.3288,-6.7967,-4.2054,-6.6469,-3.7888,-10.7897,-6.955
AI,A2,DinnerSceneCropped_1920x1080_2997fps_10bit_420.y4m,v05.0.0,-8.3087,-6.6403,-12.026,-8.7193,-8.8699,-8.5872,-9.0791,-9.2978,-8.4961,-7.0768,-8.3107,-6.6246,-12.0529,-8.7425
AI,A2,DinnerSceneCropped_1920x1080_2997fps_10bit_420.y4m,v06.0.0,-9.3995,-10.0644,-16.8682,-10.2859,-11.1999,-10.0362,-10.3622,-10.5752,-10.2379,-9.5993,-9.401,-10.0657,-16.9217,-10.2528
AI,A2,DinnerSceneCropped_1920x1080_2997fps_10bit_420.y4m,v07.0.0,-10.4002,-12.4186,-15.9359,-11.1364,-12.1009,-10.8782,-11.9673,-12.1642,-11.1303,-10.0904,-10.4024,-12.4158,-15.9704,-11.222
AI,A2,DinnerSceneCropped_1920x1080_2997fps_10bit_420.y4m,v08.0.0,-10.6054,-13.7405,-17.1277,-11.4532,-12.2182,-10.9861,-13.4259,-13.5808,-11.4449,-11.0863,-10.6074,-13.7415,-17.1739,-11.5601
AI,A2,DinnerSceneCropped_1920x1080_2997fps_10bit_420.y4m,v09.0.0,-14.3164,-16.3186,-21.0318,-15.0679,-17.2857,-14.4514,-18.9591,-19.0257,-14.8966,-14.1153,-14.3164,-16.32,-21.0206,-14.9962
AI,A2,DinnerSceneCropped_1920x1080_2997fps_10bit_420.y4m,v10.0.0,-14.3517,-16.6484,-21.6765,-15.0509,-16.9347,-14.1168,-20.6891,-20.4171,-14.8271,-14.2065,-14.3518,-16.6423,-21.6903,-14.9909
AI,A2,DinnerSceneCropped_1920x1080_2997fps_10bit_420.y4m,v11.0.0,-14.208,-16.4469,-24.3213,-15.2108,-17.0268,-14.0832,-19.7636,-19.5797,-14.8048,-15.1338,-14.2077,-16.4494,-24.37,-15.0569
AI,A2,DinnerSceneCropped_1920x1080_2997fps_10bit_420.y4m,v12.0.0,-14.0719,-17.2542,-23.8439,-15.0907,-16.6512,-13.8494,-19.1997,-19.1146,-14.6411,-14.7818,-14.0717,-17.2569,-23.9027,-14.9702
AI,A2,DinnerSceneCropped_1920x1080_2997fps_10bit_420.y4m,v13.0.0,-14.3507,-19.7563,-24.625,-15.5035,-11.1441,-14.1207,-20.1245,-20.1067,-15.1222,-15.7882,-14.3498,-19.77,-24.6765,-15.4489
AI,A2,DinnerSceneCropped_1920x1080_2997fps_10bit_420.y4m,v14.0.0,-14.4917,-19.8709,-24.8113,-15.6459,-11.1848,-14.229,-20.3143,-20.3068,-15.2479,-15.9356,-14.4908,-19.8851,-24.8632,-15.5909
AI,A2,DinnerSceneCropped_1920x1080_2997fps_10bit_420.y4m,v15.0.0,-14.4917,-19.8709,-24.8113,-15.6459,-11.1848,-14.229,-20.3143,-20.3068,-15.2479,-15.9356,-14.4908,-19.8851,-24.8632,-15.5909
AI,A2,FoodMarket_1920x1080_5994_10bit_420.y4m,v02.0.0,-4.0454,-9.0496,-9.9101,-4.594,-3.618,-3.9805,-4.5632,-4.4858,-3.6483,-7.2462,-4.0452,-9.0411,-9.9099,-4.5601
AI,A2,FoodMarket_1920x1080_5994_10bit_420.y4m,v03.0.0,-6.4142,-11.5639,-14.2634,-7.0754,-5.0815,-5.7882,-5.5474,-5.4994,-5.7596,-9.4481,-6.415,-11.5436,-14.246,-7.019
AI,A2,FoodMarket_1920x1080_5994_10bit_420.y4m,v04.0.0,-9.2491,-16.7673,-19.1023,-10.1445,-7.3457,-8.2777,-9.2797,-8.7989,-8.2985,-12.8153,-9.2497,-16.7593,-19.0663,-10.092
AI,A2,FoodMarket_1920x1080_5994_10bit_420.y4m,v05.0.0,-10.2475,-24.97,-20.661,-11.5646,-7.9747,-8.985,-10.6738,-9.9864,-9.3196,-15.5212,-10.2481,-24.959,-20.6267,-11.545
AI,A2,FoodMarket_1920x1080_5994_10bit_420.y4m,v06.0.0,-11.8633,-29.2719,-23.0214,-13.3518,-9.878,-10.7533,-12.7632,-11.9307,-11.1342,-18.281,-11.8652,-29.2268,-22.9824,-13.2935
AI,A2,FoodMarket_1920x1080_5994_10bit_420.y4m,v07.0.0,-12.5573,-35.4139,-23.7573,-14.3477,-10.3638,-11.2925,-13.5844,-12.834,-11.7814,-19.8452,-12.5575,-35.4112,-23.7266,-14.2293
AI,A2,FoodMarket_1920x1080_5994_10bit_420.y4m,v08.0.0,-13.0817,-36.5597,-24.3906,-14.9174,-10.8026,-11.7225,-13.9236,-13.2362,-12.3206,-20.8116,-13.082,-36.5503,-24.3759,-14.8018
AI,A2,FoodMarket_1920x1080_5994_10bit_420.y4m,v09.0.0,-15.4846,-36.3864,-23.2242,-16.9853,-13.5428,-14.1728,-17.0838,-16.3693,-14.7947,-21.9889,-15.485,-36.3769,-23.1926,-16.8639
AI,A2,FoodMarket_1920x1080_5994_10bit_420.y4m,v10.0.0,-15.4479,-34.9555,-22.2243,-16.8156,-13.1676,-13.7866,-19.259,-17.8379,-14.4673,-21.168,-15.4488,-34.9411,-22.1842,-16.7168
AI,A2,FoodMarket_1920x1080_5994_10bit_420.y4m,v11.0.0,-15.3402,-35.0061,-22.1487,-16.7182,-13.1135,-13.7043,-18.537,-17.3285,-14.3945,-21.4111,-15.3414,-35.0034,-22.1228,-16.611
AI,A2,FoodMarket_1920x1080_5994_10bit_420.y4m,v12.0.0,-15.3123,-34.6905,-22.2297,-16.6792,-12.9649,-13.5723,-18.5588,-17.4145,-14.3369,-21.242,-15.3127,-34.6811,-22.2206,-16.572
AI,A2,FoodMarket_1920x1080_5994_10bit_420.y4m,v13.0.0,-15.3678,-35.4744,-22.2382,-16.7729,-15.2618,-13.7434,-18.6617,-17.4457,-14.4093,-21.5769,-15.3693,-35.4633,-22.228,-16.6622
AI,A2,FoodMarket_1920x1080_5994_10bit_420.y4m,v14.0.0,-15.4118,-35.5154,-22.2865,-16.8171,-15.2892,-13.7772,-18.719,-17.5012,-14.4413,-21.622,-15.4133,-35.5044,-22.2763,-16.7067
AI,A2,FoodMarket_1920x1080_5994_10bit_420.y4m,v15.0.0,-15.4118,-35.5154,-22.2865,-16.8171,-15.2892,-13.7772,-18.719,-17.5012,-14.4413,-21.622,-15.4133,-35.5044,-22.2763,-16.7067
AI,A2,GregoryScarf_1080x1920p30_yuv420p10le_130frames.y4m,v02.0.0,-5.5231,-13.953,-12.9213,-6.3987,-4.2813,-5.112,-5.0919,-4.905,-5.156,-9.9366,-5.472,-13.8336,-12.8732,-6.1981
AI,A2,GregoryScarf_1080x1920p30_yuv420p10le_130frames.y4m,v03.0.0,-7.989,-17.9567,-14.4522,-8.9035,-5.4915,-6.7905,-6.7867,-6.6222,-7.1907,-12.7944,-7.9309,-17.8128,-14.3977,-8.6683
AI,A2,GregoryScarf_1080x1920p30_yuv420p10le_130frames.y4m,v04.0.0,-10.5477,-22.6049,-19.9937,-11.7662,-7.4542,-9.0145,-9.3018,-9.003,-9.5164,-16.6481,-10.4711,-22.484,-19.8797,-11.4708
AI,A2,GregoryScarf_1080x1920p30_yuv420p10le_130frames.y4m,v05.0.0,-11.3527,-25.4899,-22.1011,-12.7794,-7.9045,-9.5832,-10.3712,-9.9781,-10.2599,-17.8132,-11.2652,-25.4019,-21.9836,-12.4279
AI,A2,GregoryScarf_1080x1920p30_yuv420p10le_130frames.y4m,v06.0.0,-13.254,-28.1296,-24.7296,-14.7785,-10.4523,-11.9442,-12.6749,-12.2222,-12.4201,-20.2727,-13.1367,-27.9956,-24.6096,-14.3868
AI,A2,GregoryScarf_1080x1920p30_yuv420p10le_130frames.y4m,v07.0.0,-13.8006,-31.4206,-26.0051,-15.5445,-10.8954,-12.4292,-13.6448,-13.2378,-12.9322,-21.9786,-13.6866,-31.2589,-25.8464,-15.0753
AI,A2,GregoryScarf_1080x1920p30_yuv420p10le_130frames.y4m,v08.0.0,-14.2912,-32.5735,-27.3475,-16.1327,-11.3667,-12.9135,-14.16,-13.7257,-13.4684,-22.89,-14.1637,-32.38,-27.1401,-15.6207
AI,A2,GregoryScarf_1080x1920p30_yuv420p10le_130frames.y4m,v09.0.0,-16.3884,-31.4691,-26.0095,-17.8129,-14.0382,-15.1495,-17.8627,-17.7602,-15.8142,-23.7413,-16.2514,-31.3268,-25.7982,-17.3837
AI,A2,GregoryScarf_1080x1920p30_yuv420p10le_130frames.y4m,v10.0.0,-16.6173,-30.9373,-25.061,-17.924,-14.0867,-15.1897,-20.2767,-19.7708,-15.7337,-23.5272,-16.485,-30.8348,-24.8919,-17.5339
AI,A2,GregoryScarf_1080x1920p30_yuv420p10le_130frames.y4m,v11.0.0,-16.5749,-30.5346,-24.4937,-17.8269,-13.9733,-15.0458,-20.3838,-19.8913,-15.6501,-23.3156,-16.4337,-30.436,-24.3377,-17.4451
AI,A2,GregoryScarf_1080x1920p30_yuv420p10le_130frames.y4m,v12.0.0,-16.5821,-30.6308,-24.3976,-17.8346,-13.9563,-15.0241,-20.1147,-19.6535,-15.6571,-23.3188,-16.4419,-30.5009,-24.2593,-17.4513
AI,A2,GregoryScarf_1080x1920p30_yuv420p10le_130frames.y4m,v13.0.0,-16.6455,-30.9659,-24.3373,-17.9098,-17.0899,-15.1316,-20.3263,-19.7881,-15.6855,-23.3188,-16.5049,-30.8457,-24.2199,-17.5252
AI,A2,GregoryScarf_1080x1920p30_yuv420p10le_130frames.y4m,v14.0.0,-16.6656,-30.9814,-24.3531,-17.9291,-17.1074,-15.1525,-20.3576,-19.8249,-15.7053,-23.3372,-16.525,-30.8618,-24.2367,-17.5448
AI,A2,GregoryScarf_1080x1920p30_yuv420p10le_130frames.y4m,v15.0.0,-16.6656,-30.9814,-24.3531,-17.9291,-17.1074,-15.1525,-20.3576,-19.8249,-15.7053,-23.3372,-16.525,-30.8618,-24.2367,-17.5448
AI,A2,MeridianTalk_sdr_1920x1080p_5994_10bit.y4m,v02.0.0,-7.4711,-17.1457,-17.4978,-8.8161,-6.929,-7.1566,-7.2098,-7.286,-8.1236,-14.7692,-7.4715,-17.1242,-17.4704,-8.5848
AI,A2,MeridianTalk_sdr_1920x1080p_5994_10bit.y4m,v03.0.0,-11.5242,-23.2219,-26.193,-13.3819,-9.6624,-10.245,-10.2276,-10.366,-11.9699,-20.177,-11.5246,-23.2031,-26.1889,-13.0269
AI,A2,MeridianTalk_sdr_1920x1080p_5994_10bit.y4m,v04.0.0,-15.1351,-27.7844,-32.0904,-17.2429,-12.9452,-13.6656,-13.3114,-13.3614,-15.589,-23.817,-15.1352,-27.7652,-32.0774,-16.8022
AI,A2,MeridianTalk_sdr_1920x1080p_5994_10bit.y4m,v05.0.0,-18.7322,-31.73,-33.7618,-20.6824,-16.1817,-17.0151,-17.0382,-17.1035,-18.8517,-26.7343,-18.7315,-31.7149,-33.7024,-20.2991
AI,A2,MeridianTalk_sdr_1920x1080p_5994_10bit.y4m,v06.0.0,-20.5486,-34.1768,-36.6672,-22.6521,-18.0414,-18.895,-18.764,-18.731,-20.8326,-29.4289,-20.5469,-34.1697,-36.6524,-22.2343
AI,A2,MeridianTalk_sdr_1920x1080p_5994_10bit.y4m,v07.0.0,-22.2409,-43.0025,-42.7358,-25.153,-19.1702,-20.1714,-20.4383,-20.349,-22.7911,-34.338,-22.2392,-42.9868,-42.7121,-24.5554
AI,A2,MeridianTalk_sdr_1920x1080p_5994_10bit.y4m,v08.0.0,-23.0748,-44.2427,-44.2667,-26.0817,-19.9965,-21.0013,-21.4298,-21.3624,-23.5736,-35.434,-23.0736,-44.224,-44.2372,-25.4572
AI,A2,MeridianTalk_sdr_1920x1080p_5994_10bit.y4m,v09.0.0,-24.5501,-44.3773,-44.4525,-27.3783,-22.2352,-22.7691,-23.7627,-24.0168,-25.4021,-36.064,-24.5489,-44.3676,-44.4225,-26.8103
AI,A2,MeridianTalk_sdr_1920x1080p_5994_10bit.y4m,v10.0.0,-25.0535,-43.1596,-43.6881,-27.6693,-22.4745,-22.9078,-27.0319,-26.2192,-25.7229,-35.5708,-25.052,-43.1518,-43.6652,-27.1578
AI,A2,MeridianTalk_sdr_1920x1080p_5994_10bit.y4m,v11.0.0,-24.8156,-45.8693,-45.6325,-27.8374,-22.2319,-22.6303,-26.932,-26.0097,-25.6714,-38.1733,-24.8132,-45.8569,-45.617,-27.2117
AI,A2,MeridianTalk_sdr_1920x1080p_5994_10bit.y4m,v12.0.0,-25.236,-46.1413,-45.645,-28.2146,-22.5504,-22.992,-27.5652,-26.4903,-26.0491,-38.5395,-25.2352,-46.137,-45.6215,-27.6089
AI,A2,MeridianTalk_sdr_1920x1080p_5994_10bit.y4m,v13.0.0,-25.7433,-48.2213,-46.05,-28.7898,-27.2596,-23.4547,-28.0393,-27.0766,-26.486,-40.042,-25.7432,-48.1991,-46.0197,-28.1883
AI,A2,MeridianTalk_sdr_1920x1080p_5994_10bit.y4m,v14.0.0,-25.8543,-48.3107,-46.1255,-28.8963,-27.34,-23.5499,-28.1664,-27.201,-26.5756,-40.1403,-25.8541,-48.2886,-46.0953,-28.2965
AI,A2,MeridianTalk_sdr_1920x1080p_5994_10bit.y4m,v15.0.0,-25.8543,-48.3107,-46.1255,-28.8963,-27.34,-23.5499,-28.1664,-27.201,-26.5756,-40.1403,-25.8541,-48.2886,-46.0953,-28.2965
AI,A2,Motorcycle_1920x1080_30fps_8bit.y4m,v02.0.0,-3.7545,-11.0618,-14.1128,-4.5637,-5.7263,-5.8635,-4.7968,-4.5923,-4.4318,-7.1724,-3.7543,-11.0478,-14.1027,-4.3861
AI,A2,Motorcycle_1920x1080_30fps_8bit.y4m,v03.0.0,-6.4444,-13.968,-16.2101,-7.2364,-7.0904,-7.853,-5.9658,-5.6394,-6.1534,-9.8617,-6.4436,-13.9571,-16.2057,-7.0906
AI,A2,Motorcycle_1920x1080_30fps_8bit.y4m,v04.0.0,-9.2558,-18.3389,-22.9901,-10.3141,-10.1527,-10.9349,-9.8184,-9.1851,-9.273,-13.8157,-9.2551,-18.3326,-22.9841,-10.1109
AI,A2,Motorcycle_1920x1080_30fps_8bit.y4m,v05.0.0,-10.7443,-20.2297,-23.781,-11.7918,-11.0545,-12.0449,-11.4946,-10.9324,-10.6502,-15.2445,-10.7447,-20.2195,-23.7667,-11.6622
AI,A2,Motorcycle_1920x1080_30fps_8bit.y4m,v06.0.0,-12.2366,-22.5073,-26.3945,-13.3858,-12.6778,-13.5285,-12.9566,-12.415,-13.3182,-18.166,-12.2358,-22.5008,-26.3864,-13.2936
AI,A2,Motorcycle_1920x1080_30fps_8bit.y4m,v07.0.0,-12.9722,-25.3328,-28.3669,-14.3178,-13.3499,-14.3063,-14.0996,-13.5756,-14.1711,-19.8384,-12.9718,-25.3225,-28.3599,-14.1696
AI,A2,Motorcycle_1920x1080_30fps_8bit.y4m,v08.0.0,-13.3902,-26.6989,-29.3742,-14.8206,-13.8568,-14.8271,-14.6182,-14.1545,-14.6747,-20.5743,-13.3903,-26.699,-29.363,-14.6548
AI,A2,Motorcycle_1920x1080_30fps_8bit.y4m,v09.0.0,-14.9932,-27.0098,-29.7404,-16.2922,-15.4196,-16.0639,-17.2987,-17.1711,-16.2213,-21.5133,-14.994,-27.0126,-29.7334,-16.0938
AI,A2,Motorcycle_1920x1080_30fps_8bit.y4m,v10.0.0,-15.5218,-26.3122,-28.6653,-16.6693,-15.491,-16.2781,-20.0807,-19.2285,-16.1414,-21.5663,-15.5223,-26.3152,-28.6601,-16.5058
AI,A2,Motorcycle_1920x1080_30fps_8bit.y4m,v11.0.0,-15.5012,-26.034,-28.3792,-16.6257,-15.3739,-16.1793,-20.1628,-19.301,-16.0608,-21.5034,-15.5023,-26.0339,-28.3697,-16.4588
AI,A2,Motorcycle_1920x1080_30fps_8bit.y4m,v12.0.0,-15.5016,-25.7532,-28.2777,-16.6039,-15.3876,-16.1773,-20.189,-19.3854,-16.078,-21.4001,-15.5021,-25.7507,-28.2675,-16.4416
AI,A2,Motorcycle_1920x1080_30fps_8bit.y4m,v13.0.0,-15.5076,-26.1103,-28.0843,-16.6216,-17.993,-16.2642,-20.386,-19.4778,-16.0798,-21.5173,-15.5075,-26.1092,-28.0773,-16.456
AI,A2,Motorcycle_1920x1080_30fps_8bit.y4m,v14.0.0,-15.5184,-26.1196,-28.0951,-16.6326,-18.0028,-16.2753,-20.41,-19.4997,-16.0919,-21.5293,-15.5184,-26.1185,-28.0881,-16.4673
AI,A2,Motorcycle_1920x1080_30fps_8bit.y4m,v15.0.0,-15.5184,-26.1196,-28.0951,-16.6326,-18.0028,-16.2753,-20.41,-19.4997,-16.0919,-21.5293,-15.5184,-26.1185,-28.0881,-16.4673
AI,A2,OldTownCross_1920x1080p50.y4m,v02.0.0,-1.1765,-19.6958,-14.0662,-2.2824,-1.044,-1.0688,-1.4865,-1.4957,0.1871,-5.9878,-1.1765,-19.6963,-14.0727,-2.3255
AI,A2,OldTownCross_1920x1080p50.y4m,v03.0.0,-2.4084,-23.9138,-16.5863,-3.6742,-2.2455,-2.2671,-2.6376,-2.3647,-0.9698,-7.8082,-2.408,-23.9169,-16.5923,-3.6858
AI,A2,OldTownCross_1920x1080p50.y4m,v04.0.0,-5.0446,-29.0226,-20.8443,-6.4517,-4.6681,-5.0331,-4.9224,-4.4963,-3.5222,-11.6367,-5.045,-29.0177,-20.8476,-6.541
AI,A2,OldTownCross_1920x1080p50.y4m,v05.0.0,-6.0596,-32.8006,-33.8143,-8.0946,-5.6565,-5.9884,-6.4163,-6.0718,-4.9091,-15.9321,-6.0598,-32.7992,-33.8161,-8.3891
AI,A2,OldTownCross_1920x1080p50.y4m,v06.0.0,-7.7548,-36.1888,-35.015,-9.9192,-6.7646,-7.0633,-7.4885,-7.1471,-8.2262,-20.8051,-7.7551,-36.1911,-35.0177,-10.1986
AI,A2,OldTownCross_1920x1080p50.y4m,v07.0.0,-8.5466,-36.9637,-35.1901,-10.6761,-7.4202,-7.7825,-8.5878,-8.1908,-8.9459,-21.8137,-8.547,-36.9641,-35.1862,-11.0203
AI,A2,OldTownCross_1920x1080p50.y4m,v08.0.0,-9.7574,-37.8993,-36.151,-11.8671,-8.5661,-8.9603,-10.136,-9.7614,-10.289,-23.1646,-9.7577,-37.9,-36.1512,-12.2718
AI,A2,OldTownCross_1920x1080p50.y4m,v09.0.0,-13.2822,-40.4498,-37.4674,-15.2971,-12.5049,-12.1543,-13.0914,-12.8751,-14.0006,-25.3985,-13.2821,-40.4503,-37.47,-15.359
AI,A2,OldTownCross_1920x1080p50.y4m,v10.0.0,-13.4922,-39.3572,-36.4146,-15.3555,-12.4992,-12.0348,-15.0169,-14.0181,-13.8427,-24.629,-13.4919,-39.3553,-36.4108,-15.4295
AI,A2,OldTownCross_1920x1080p50.y4m,v11.0.0,-13.4724,-40.2068,-36.7051,-15.4192,-12.5624,-12.118,-14.4878,-13.6063,-13.9595,-25.6202,-13.472,-40.2095,-36.7073,-15.4658
AI,A2,OldTownCross_1920x1080p50.y4m,v12.0.0,-13.637,-40.6916,-36.6516,-15.5814,-12.6837,-12.2154,-14.9198,-14.0123,-14.1053,-25.8283,-13.6363,-40.6937,-36.6518,-15.6315
AI,A2,OldTownCross_1920x1080p50.y4m,v13.0.0,-13.5724,-39.7008,-36.6681,-15.4684,-13.2443,-12.3156,-14.8966,-14.0277,-14.0758,-25.3639,-13.5721,-39.7033,-36.6672,-15.5548
AI,A2,OldTownCross_1920x1080p50.y4m,v14.0.0,-13.6001,-39.7219,-36.6847,-15.4957,-13.2654,-12.3451,-14.9471,-14.0784,-14.0996,-25.3944,-13.5998,-39.7244,-36.6838,-15.5839
AI,A2,OldTownCross_1920x1080p50.y4m,v15.0.0,-13.6001,-39.7219,-36.6847,-15.4957,-13.2654,-12.3451,-14.9471,-14.0784,-14.0996,-25.3944,-13.5998,-39.7244,-36.6838,-15.5839
AI,A2,PedestrianArea_1920x1080p25.y4m,v02.0.0,-3.0935,-6.0402,-4.3292,-3.3504,-3.3201,-3.9876,-5.3201,-5.0682,-1.426,0.7232,-3.1088,-6.0751,-4.3802,-3.4585
AI,A2,PedestrianArea_1920x1080p25.y4m,v03.0.0,-5.3397,-7.7224,-6.8594,-5.5944,-5.0128,-5.9501,-6.3757,-6.1943,-3.4217,-3.5125,-5.3568,-7.7535,-6.9184,-5.6962
AI,A2,PedestrianArea_1920x1080p25.y4m,v04.0.0,-8.8691,-16.4285,-14.6611,-9.705,-8.2803,-9.5434,-10.2095,-9.7804,-7.1386,-8.2496,-8.8839,-16.4789,-14.7185,-9.9596
AI,A2,PedestrianArea_1920x1080p25.y4m,v05.0.0,-10.4831,-24.1826,-17.452,-11.7799,-9.664,-11.0266,-12.0012,-11.5297,-8.7865,-11.274,-10.4956,-24.2401,-17.5263,-12.148
AI,A2,PedestrianArea_1920x1080p25.y4m,v06.0.0,-13.4017,-28.2893,-23.2559,-14.9636,-11.6259,-12.9507,-14.0904,-13.5131,-13.0439,-20.8526,-13.4089,-28.3666,-23.3024,-15.3522
AI,A2,PedestrianArea_1920x1080p25.y4m,v07.0.0,-14.6073,-30.7311,-24.2054,-16.2267,-12.5042,-14.07,-15.508,-14.8805,-14.0431,-21.9375,-14.6238,-30.7742,-24.2301,-16.6316
AI,A2,PedestrianArea_1920x1080p25.y4m,v08.0.0,-15.1443,-30.8996,-24.5207,-16.7268,-12.9885,-14.6076,-15.5273,-15.026,-14.5232,-22.2435,-15.1624,-30.9375,-24.5524,-17.1285
AI,A2,PedestrianArea_1920x1080p25.y4m,v09.0.0,-17.2703,-30.5275,-24.0856,-18.5078,-15.6443,-16.6647,-18.2472,-17.8474,-16.7567,-22.1555,-17.2805,-30.5565,-24.1061,-18.8515
AI,A2,PedestrianArea_1920x1080p25.y4m,v10.0.0,-17.6913,-29.3991,-23.3368,-18.7592,-15.9986,-17.0342,-20.2183,-19.6667,-16.9693,-21.4192,-17.7006,-29.4386,-23.3757,-19.0814
AI,A2,PedestrianArea_1920x1080p25.y4m,v11.0.0,-17.4768,-29.8313,-23.4834,-18.6007,-15.9049,-16.909,-19.4221,-19.0538,-16.8553,-22.8412,-17.4853,-29.8821,-23.5238,-18.9211
AI,A2,PedestrianArea_1920x1080p25.y4m,v12.0.0,-17.4091,-29.6195,-23.4737,-18.527,-15.662,-16.7023,-19.6942,-19.2579,-16.7597,-22.8607,-17.4186,-29.6559,-23.5013,-18.8432
AI,A2,PedestrianArea_1920x1080p25.y4m,v13.0.0,-17.5014,-29.6559,-23.4707,-18.6106,-19.983,-16.7991,-19.7607,-19.2469,-16.8298,-23.1606,-17.509,-29.6718,-23.5046,-18.9293
AI,A2,PedestrianArea_1920x1080p25.y4m,v14.0.0,-17.5624,-29.711,-23.5236,-18.6708,-20.0345,-16.8544,-19.8434,-19.3255,-16.879,-23.2181,-17.57,-29.7267,-23.5574,-18.9893
AI,A2,PedestrianArea_1920x1080p25.y4m,v15.0.0,-17.5624,-29.711,-23.5236,-18.6708,-20.0345,-16.8544,-19.8434,-19.3255,-16.879,-23.2181,-17.57,-29.7267,-23.5574,-18.9893
AI,A2,RitualDance_1920x1080_5994_10bit_420.y4m,v02.0.0,-5.5969,-13.8133,-10.126,-6.2579,-5.4102,-5.7176,-5.649,-5.7117,-5.5733,-7.217,-5.5662,-13.8755,-10.1235,-6.3979
AI,A2,RitualDance_1920x1080_5994_10bit_420.y4m,v03.0.0,-8.713,-16.6061,-16.3531,-9.5486,-7.6531,-8.2525,-7.2926,-7.7182,-8.2259,-12.5118,-8.6777,-16.6816,-16.5318,-9.7197
AI,A2,RitualDance_1920x1080_5994_10bit_420.y4m,v04.0.0,-12.3302,-21.8952,-22.4438,-13.4074,-10.9349,-11.6459,-12.3559,-12.1253,-11.8412,-17.2593,-12.2807,-22.0011,-22.5634,-13.7083
AI,A2,RitualDance_1920x1080_5994_10bit_420.y4m,v05.0.0,-14.2611,-31.3017,-24.8528,-15.7871,-12.5116,-13.3191,-14.6879,-14.2434,-13.8183,-20.2521,-14.2009,-31.5843,-25.0038,-16.2775
AI,A2,RitualDance_1920x1080_5994_10bit_420.y4m,v06.0.0,-16.4017,-35.5679,-26.9423,-18.0357,-14.7649,-15.5626,-17.0475,-16.6313,-15.9994,-22.9597,-16.337,-35.7432,-27.0517,-18.5125
AI,A2,RitualDance_1920x1080_5994_10bit_420.y4m,v07.0.0,-17.4877,-39.0782,-29.316,-19.3512,-15.6068,-16.4868,-18.4923,-18.0846,-17.12,-25.0108,-17.4214,-39.1264,-29.3569,-19.874
AI,A2,RitualDance_1920x1080_5994_10bit_420.y4m,v08.0.0,-18.5232,-40.381,-33.0824,-20.579,-16.5832,-17.4288,-19.5414,-19.1003,-18.203,-26.5881,-18.4634,-40.4983,-33.2682,-21.1428
AI,A2,RitualDance_1920x1080_5994_10bit_420.y4m,v09.0.0,-20.3155,-39.3652,-33.9976,-22.147,-18.3953,-19.0697,-21.8793,-21.5134,-19.9006,-26.9174,-20.2636,-39.6111,-34.2466,-22.6465
AI,A2,RitualDance_1920x1080_5994_10bit_420.y4m,v10.0.0,-20.9916,-38.888,-34.0333,-22.7175,-18.5947,-19.3508,-25.6527,-24.1907,-20.1267,-27.9822,-20.9522,-39.0411,-34.2717,-23.2042
AI,A2,RitualDance_1920x1080_5994_10bit_420.y4m,v11.0.0,-20.8769,-38.9127,-34.4813,-22.6784,-18.4813,-19.2272,-24.8455,-23.6275,-20.0348,-29.2611,-20.8357,-39.0312,-34.6863,-23.1467
AI,A2,RitualDance_1920x1080_5994_10bit_420.y4m,v12.0.0,-20.7439,-38.9206,-33.6242,-22.5084,-18.2805,-19.0213,-24.628,-23.4804,-19.8802,-28.924,-20.7153,-39.0279,-33.7861,-22.9716
AI,A2,RitualDance_1920x1080_5994_10bit_420.y4m,v13.0.0,-20.7162,-38.7242,-33.4001,-22.448,-22.6213,-18.9716,-24.9169,-23.5937,-19.83,-28.2458,-20.6752,-38.8685,-33.5711,-22.9157
AI,A2,RitualDance_1920x1080_5994_10bit_420.y4m,v14.0.0,-20.7689,-38.7652,-33.4424,-22.4995,-22.6685,-19.0231,-24.9946,-23.6698,-19.8788,-28.295,-20.7281,-38.9095,-33.6131,-22.9675
AI,A2,RitualDance_1920x1080_5994_10bit_420.y4m,v15.0.0,-20.7689,-38.7652,-33.4424,-22.4995,-22.6685,-19.0231,-24.9946,-23.6698,-19.8788,-28.295,-20.7281,-38.9095,-33.6131,-22.9675
AI,A2,Riverbed_1920x1080p25.y4m,v02.0.0,-4.18,-8.7954,-20.3428,-5.0847,-3.0253,-4.0723,-5.4889,-5.0754,-2.2335,-4.6081,-4.1795,-8.7959,-20.3532,-4.8828
AI,A2,Riverbed_1920x1080p25.y4m,v03.0.0,-6.0255,-13.535,-24.7779,-7.1941,-4.0259,-5.5506,-6.6206,-6.009,-4.0041,-8.0318,-6.0261,-13.534,-24.7874,-6.9275
AI,A2,Riverbed_1920x1080p25.y4m,v04.0.0,-8.2558,-19.3246,-34.0261,-9.9417,-5.6936,-7.613,-9.1019,-8.2646,-6.0759,-11.6514,-8.2558,-19.3227,-34.0304,-9.6279
AI,A2,Riverbed_1920x1080p25.y4m,v05.0.0,-8.6524,-21.5936,-40.646,-10.751,-5.9954,-7.9703,-9.6423,-8.6947,-6.5973,-13.0537,-8.6526,-21.5877,-40.6383,-10.3527
AI,A2,Riverbed_1920x1080p25.y4m,v06.0.0,-11.4342,-23.9946,-44.1163,-13.6334,-8.5263,-10.2757,-11.9314,-10.9837,-10.7436,-17.2866,-11.4342,-23.9959,-44.1145,-13.1622
AI,A2,Riverbed_1920x1080p25.y4m,v07.0.0,-11.9209,-23.8313,-43.2925,-13.9642,-8.7795,-10.6457,-12.676,-11.7056,-11.0258,-17.374,-11.9211,-23.8224,-43.2789,-13.6115
AI,A2,Riverbed_1920x1080p25.y4m,v08.0.0,-12.0499,-24.0627,-43.6902,-14.1173,-8.7886,-10.6243,-13.1341,-12.0783,-11.0735,-17.47,-12.0501,-24.059,-43.6742,-13.7424
AI,A2,Riverbed_1920x1080p25.y4m,v09.0.0,-15.022,-24.8121,-44.7942,-16.9035,-12.8724,-13.91,-16.2036,-15.3522,-14.4263,-19.9133,-15.0219,-24.8133,-44.7783,-16.4543
AI,A2,Riverbed_1920x1080p25.y4m,v10.0.0,-15.0193,-23.6049,-43.8854,-16.7523,-12.7636,-13.7145,-16.8359,-15.7536,-14.2683,-19.2912,-15.0188,-23.602,-43.8638,-16.3679
AI,A2,Riverbed_1920x1080p25.y4m,v11.0.0,-14.8729,-23.5858,-42.5503,-16.5657,-12.576,-13.5335,-15.9013,-15.1699,-14.13,-19.1873,-14.8728,-23.5882,-42.5442,-16.212
AI,A2,Riverbed_1920x1080p25.y4m,v12.0.0,-14.8952,-23.3244,-42.2182,-16.5492,-12.5438,-13.5031,-16.0489,-15.2921,-14.1245,-19.08,-14.8949,-23.3244,-42.2133,-16.2095
AI,A2,Riverbed_1920x1080p25.y4m,v13.0.0,-15.1106,-23.8502,-42.4426,-16.7759,-15.5244,-13.7408,-16.4056,-15.5586,-14.2979,-19.3639,-15.1105,-23.8521,-42.4405,-16.4489
AI,A2,Riverbed_1920x1080p25.y4m,v14.0.0,-15.139,-23.8702,-42.4555,-16.8033,-15.5464,-13.7669,-16.4476,-15.5995,-14.3207,-19.3908,-15.1389,-23.872,-42.4535,-16.477
AI,A2,Riverbed_1920x1080p25.y4m,v15.0.0,-15.139,-23.8702,-42.4555,-16.8033,-15.5464,-13.7669,-16.4476,-15.5995,-14.3207,-19.3908,-15.1389,-23.872,-42.4535,-16.477
AI,A2,RushFieldCuts_1920x1080_2997.y4m,v02.0.0,-1.4102,-5.7373,-9.7354,-2.0089,-2.0835,-2.0887,-1.7338,-1.801,-0.7749,-2.761,-1.4115,-5.7383,-9.7398,-1.8751
AI,A2,RushFieldCuts_1920x1080_2997.y4m,v03.0.0,-2.6556,-8.8771,-10.8072,-3.3496,-3.2817,-3.2476,-4.8323,-3.8307,-1.9485,-5.7842,-2.6576,-8.882,-10.8117,-3.1928
AI,A2,RushFieldCuts_1920x1080_2997.y4m,v04.0.0,-4.6877,-14.3672,-14.9357,-5.631,-5.411,-5.4774,-6.6562,-5.7732,-4.148,-9.1151,-4.6896,-14.3684,-14.9382,-5.476
AI,A2,RushFieldCuts_1920x1080_2997.y4m,v05.0.0,-5.4266,-23.5729,-20.225,-7.0904,-5.9228,-6.0024,-7.3086,-6.522,-5.2961,-13.9881,-5.4286,-23.5741,-20.2262,-6.9237
AI,A2,RushFieldCuts_1920x1080_2997.y4m,v06.0.0,-6.9434,-25.2304,-22.2256,-8.6592,-7.398,-7.3029,-9.2023,-8.1563,-7.7528,-16.7932,-6.9432,-25.229,-22.2259,-8.5591
AI,A2,RushFieldCuts_1920x1080_2997.y4m,v07.0.0,-7.449,-25.3917,-21.2096,-9.0571,-7.719,-7.653,-9.6051,-8.7052,-8.1303,-17.3326,-7.4507,-25.3907,-21.2105,-9.0338
AI,A2,RushFieldCuts_1920x1080_2997.y4m,v08.0.0,-7.6519,-25.3196,-21.0053,-9.2263,-7.9678,-7.8644,-9.9815,-8.9789,-8.3027,-17.4406,-7.6538,-25.3215,-21.008,-9.2066
AI,A2,RushFieldCuts_1920x1080_2997.y4m,v09.0.0,-9.5234,-26.8001,-21.3916,-10.9741,-10.5033,-9.892,-13.2308,-12.3383,-10.6057,-18.9059,-9.5259,-26.8002,-21.3965,-10.9538
AI,A2,RushFieldCuts_1920x1080_2997.y4m,v10.0.0,-9.9695,-25.8337,-20.2944,-11.2757,-10.3242,-9.8612,-13.1394,-12.5666,-10.5921,-18.6618,-9.9726,-25.8354,-20.2966,-11.2845
AI,A2,RushFieldCuts_1920x1080_2997.y4m,v11.0.0,-9.8743,-25.5917,-20.5588,-11.1864,-10.1335,-9.7576,-12.5244,-12.122,-10.5018,-18.4493,-9.8776,-25.5906,-20.5622,-11.1924
AI,A2,RushFieldCuts_1920x1080_2997.y4m,v12.0.0,-9.9188,-25.511,-20.4272,-11.2144,-10.1816,-9.8108,-12.6599,-12.2302,-10.5541,-18.5137,-9.922,-25.5105,-20.4297,-11.2258
AI,A2,RushFieldCuts_1920x1080_2997.y4m,v13.0.0,-9.8568,-25.9784,-20.8109,-11.2048,-9.5439,-9.8716,-12.6674,-12.2551,-10.5099,-18.5878,-9.86,-25.9793,-20.8143,-11.2049
AI,A2,RushFieldCuts_1920x1080_2997.y4m,v14.0.0,-9.8699,-25.9893,-20.822,-11.2176,-9.5538,-9.8836,-12.6892,-12.276,-10.5221,-18.5998,-9.8732,-25.9902,-20.8255,-11.2179
AI,A2,RushFieldCuts_1920x1080_2997.y4m,v15.0.0,-9.8699,-25.9893,-20.822,-11.2176,-9.5538,-9.8836,-12.6892,-12.276,-10.5221,-18.5998,-9.8732,-25.9902,-20.8255,-11.2179
AI,A2,Skater227_1920x1080_30fps.y4m,v02.0.0,-7.0483,-6.7064,-11.379,-7.3391,-5.9377,-6.528,-8.7517,-8.7125,-7.0078,-8.8512,-7.2349,-6.7679,-11.5145,-7.4781
AI,A2,Skater227_1920x1080_30fps.y4m,v03.0.0,-10.7438,-8.5502,-15.0677,-10.8991,-9.1884,-9.9587,-9.3864,-10.1415,-10.3447,-12.4657,-10.865,-8.5877,-15.1225,-10.9771
AI,A2,Skater227_1920x1080_30fps.y4m,v04.0.0,-13.1648,-15.4646,-20.5479,-13.8903,-11.1922,-12.1516,-12.6578,-12.8827,-12.891,-15.6635,-13.295,-15.5641,-20.6098,-13.8535
AI,A2,Skater227_1920x1080_30fps.y4m,v05.0.0,-15.7541,-17.3918,-22.4531,-16.3772,-13.7287,-14.7453,-15.0679,-15.5726,-15.3104,-17.5891,-15.8568,-17.4916,-22.5632,-16.3321
AI,A2,Skater227_1920x1080_30fps.y4m,v06.0.0,-17.131,-20.3741,-24.9613,-17.9604,-15.3782,-16.3716,-16.1162,-16.5146,-16.9697,-21.322,-17.237,-20.3685,-25.0201,-17.9372
AI,A2,Skater227_1920x1080_30fps.y4m,v07.0.0,-17.9341,-23.134,-26.4328,-18.965,-15.923,-16.9766,-17.7387,-18.1464,-17.8428,-22.3061,-18.0619,-23.1621,-26.5211,-18.9893
AI,A2,Skater227_1920x1080_30fps.y4m,v08.0.0,-18.2576,-23.6503,-26.7688,-19.3034,-16.1576,-17.226,-17.7442,-18.217,-18.1347,-22.8043,-18.3637,-23.6619,-26.8942,-19.3032
AI,A2,Skater227_1920x1080_30fps.y4m,v09.0.0,-20.7955,-23.3342,-25.9,-21.3628,-19.5892,-20.2665,-20.214,-20.696,-20.7536,-23.3825,-20.8612,-23.3751,-25.9852,-21.3888
AI,A2,Skater227_1920x1080_30fps.y4m,v10.0.0,-21.3922,-22.6126,-25.1583,-21.7592,-20.2185,-20.845,-22.9934,-23.1131,-21.2583,-23.2021,-21.493,-22.6309,-25.1765,-21.8113
AI,A2,Skater227_1920x1080_30fps.y4m,v11.0.0,-21.2413,-23.5848,-27.0782,-21.8883,-20.0849,-20.7266,-23.0092,-22.9562,-21.2858,-24.7669,-21.3368,-23.5629,-27.1392,-21.9792
AI,A2,Skater227_1920x1080_30fps.y4m,v12.0.0,-21.0616,-24.0152,-26.6743,-21.736,-19.8463,-20.5108,-22.6789,-22.6572,-21.1051,-24.5757,-21.1495,-24.0248,-26.7544,-21.8277
AI,A2,Skater227_1920x1080_30fps.y4m,v13.0.0,-21.5045,-25.4568,-27.6217,-22.2871,-27.5699,-20.8943,-23.5939,-23.3568,-21.617,-24.8449,-21.6082,-25.439,-27.7253,-22.3867
AI,A2,Skater227_1920x1080_30fps.y4m,v14.0.0,-21.6677,-25.6071,-27.7607,-22.4475,-27.6955,-21.0384,-23.8127,-23.5685,-21.7612,-25.0006,-21.7693,-25.5896,-27.8638,-22.5456
AI,A2,Skater227_1920x1080_30fps.y4m,v15.0.0,-21.6677,-25.6071,-27.7607,-22.4475,-27.6955,-21.0384,-23.8127,-23.5685,-21.7612,-25.0006,-21.7693,-25.5896,-27.8638,-22.5456
AI,A2,ToddlerFountainCropped_1080x1080p2997_yuv420p10le_130frames.y4m,v02.0.0,-2.2538,-38.7356,-47.5418,-5.4442,-2.2568,-2.2982,-2.397,-2.2802,-3.5279,-12.5301,-2.2529,-38.7414,-47.5467,-4.1361
AI,A2,ToddlerFountainCropped_1080x1080p2997_yuv420p10le_130frames.y4m,v03.0.0,-3.778,-44.5677,-51.8792,-7.3464,-2.5642,-3.2411,-3.5604,-2.9817,-4.2903,-16.8458,-3.7778,-44.5319,-51.8777,-5.7766
AI,A2,ToddlerFountainCropped_1080x1080p2997_yuv420p10le_130frames.y4m,v04.0.0,-6.0643,-47.706,-55.865,-9.8081,-4.592,-5.5527,-5.6529,-5.1571,-6.3645,-20.2348,-6.0644,-47.6496,-55.8643,-8.2936
AI,A2,ToddlerFountainCropped_1080x1080p2997_yuv420p10le_130frames.y4m,v05.0.0,-6.7792,-49.9434,-69.2381,-11.522,-4.9488,-5.985,-6.8123,-6.195,-7.3772,-23.2924,-6.779,-49.8864,-69.2225,-9.7378
AI,A2,ToddlerFountainCropped_1080x1080p2997_yuv420p10le_130frames.y4m,v06.0.0,-8.9658,-54.4559,-72.4359,-13.908,-7.2188,-8.2132,-8.6351,-8.1611,-9.6119,-27.1067,-8.9654,-54.455,-72.431,-12.0306
AI,A2,ToddlerFountainCropped_1080x1080p2997_yuv420p10le_130frames.y4m,v07.0.0,-9.6677,-55.2337,-72.6727,-14.66,-7.6345,-8.797,-9.4745,-9.0929,-10.277,-28.2301,-9.6674,-55.21,-72.6552,-12.8699
AI,A2,ToddlerFountainCropped_1080x1080p2997_yuv420p10le_130frames.y4m,v08.0.0,-9.8283,-56.8951,-73.6138,-14.9768,-7.8,-9.025,-9.6229,-9.2959,-10.4405,-28.6658,-9.8281,-56.8649,-73.5892,-13.0893
AI,A2,ToddlerFountainCropped_1080x1080p2997_yuv420p10le_130frames.y4m,v09.0.0,-11.7333,-58.4334,-75.9033,-16.9608,-10.1539,-10.8267,-12.9484,-12.7405,-12.9033,-30.7329,-11.7331,-58.4164,-75.8955,-14.9459
AI,A2,ToddlerFountainCropped_1080x1080p2997_yuv420p10le_130frames.y4m,v10.0.0,-11.5943,-55.2257,-74.8935,-16.5295,-9.6751,-10.3644,-14.5732,-13.7595,-12.3817,-29.789,-11.5939,-55.1931,-74.8771,-14.7011
AI,A2,ToddlerFountainCropped_1080x1080p2997_yuv420p10le_130frames.y4m,v11.0.0,-11.635,-55.8032,-74.4755,-16.5723,-9.7877,-10.4565,-14.0446,-13.5031,-12.4728,-30.2718,-11.6345,-55.7625,-74.452,-14.7354
AI,A2,ToddlerFountainCropped_1080x1080p2997_yuv420p10le_130frames.y4m,v12.0.0,-11.6229,-55.6925,-74.3854,-16.5456,-9.7437,-10.4063,-14.0768,-13.5018,-12.4357,-30.1423,-11.6222,-55.6665,-74.3728,-14.7138
AI,A2,ToddlerFountainCropped_1080x1080p2997_yuv420p10le_130frames.y4m,v13.0.0,-11.6186,-55.4932,-74.4889,-16.5289,-11.6637,-10.5135,-14.1793,-13.6287,-12.4952,-30.2485,-11.6187,-55.4803,-74.4666,-14.7169
AI,A2,ToddlerFountainCropped_1080x1080p2997_yuv420p10le_130frames.y4m,v14.0.0,-11.6456,-55.5161,-74.4994,-16.5552,-11.681,-10.536,-14.2375,-13.6862,-12.5174,-30.2757,-11.6456,-55.5032,-74.4771,-14.7444
AI,A2,ToddlerFountainCropped_1080x1080p2997_yuv420p10le_130frames.y4m,v15.0.0,-11.6456,-55.5161,-74.4994,-16.5552,-11.681,-10.536,-14.2375,-13.6862,-12.5174,-30.2757,-11.6456,-55.5032,-74.4771,-14.7444
AI,A2,TreesAndGrass_1920_1080_30fps_8bit.y4m,v02.0.0,-0.9305,-10.6189,-27.2626,-2.3119,-1.2605,-1.3181,-4.3056,-4.0383,-0.544,-2.9859,-0.9118,-10.5981,-27.3024,-1.4034
AI,A2,TreesAndGrass_1920_1080_30fps_8bit.y4m,v03.0.0,-2.4327,-14.1933,-29.0196,-3.9347,-2.4139,-2.1489,-6.1997,-5.3247,-1.8776,-4.5703,-2.4201,-14.2258,-29.0512,-3.0106
AI,A2,TreesAndGrass_1920_1080_30fps_8bit.y4m,v04.0.0,-4.8828,-17.575,-35.1011,-6.5891,-4.2159,-4.3169,-9.4445,-8.3555,-4.075,-7.5209,-4.8698,-17.5023,-35.1216,-5.5345
AI,A2,TreesAndGrass_1920_1080_30fps_8bit.y4m,v05.0.0,-5.514,-19.3165,-34.4254,-7.2126,-4.8725,-5.0181,-10.7471,-9.6531,-4.9198,-8.2858,-5.4971,-19.2464,-34.4473,-6.2223
AI,A2,TreesAndGrass_1920_1080_30fps_8bit.y4m,v06.0.0,-6.6215,-22.0311,-37.3328,-8.5144,-6.2217,-6.2135,-12.5723,-11.3902,-7.1661,-10.1464,-6.6028,-21.8907,-37.3383,-7.4496
AI,A2,TreesAndGrass_1920_1080_30fps_8bit.y4m,v07.0.0,-6.8944,-23.6675,-40.6268,-9.0793,-6.4457,-6.4616,-13.5237,-12.4431,-7.4751,-10.8797,-6.8723,-23.5117,-40.6234,-7.8206
AI,A2,TreesAndGrass_1920_1080_30fps_8bit.y4m,v08.0.0,-7.12,-24.576,-41.1854,-9.368,-6.7401,-6.8962,-14.1028,-12.9806,-7.806,-11.345,-7.0958,-24.379,-41.1716,-8.0729
AI,A2,TreesAndGrass_1920_1080_30fps_8bit.y4m,v09.0.0,-9.0082,-24.5032,-42.3121,-11.0843,-9.8178,-9.4688,-16.7086,-16.0754,-10.4791,-13.0035,-8.9962,-24.357,-42.3126,-9.8031
AI,A2,TreesAndGrass_1920_1080_30fps_8bit.y4m,v10.0.0,-9.002,-23.9077,-40.5208,-10.9554,-9.671,-9.3046,-18.4568,-17.4175,-10.2012,-12.8178,-8.9887,-23.7456,-40.5213,-9.7515
AI,A2,TreesAndGrass_1920_1080_30fps_8bit.y4m,v11.0.0,-8.8445,-23.9012,-40.8331,-10.8421,-9.4609,-9.1501,-17.8033,-16.9824,-10.0589,-12.7083,-8.8288,-23.7323,-40.8425,-9.5969
AI,A2,TreesAndGrass_1920_1080_30fps_8bit.y4m,v12.0.0,-8.8813,-23.9167,-40.3364,-10.863,-9.3628,-9.0158,-18.2355,-17.325,-10.018,-12.7327,-8.8667,-23.7529,-40.3331,-9.6349
AI,A2,TreesAndGrass_1920_1080_30fps_8bit.y4m,v13.0.0,-8.9336,-23.8614,-40.0551,-10.9228,-9.2566,-9.2017,-18.2958,-17.3058,-10.1054,-12.7931,-8.9239,-23.7059,-40.0465,-9.7028
AI,A2,TreesAndGrass_1920_1080_30fps_8bit.y4m,v14.0.0,-8.941,-23.8656,-40.0614,-10.9302,-9.2636,-9.2107,-18.3189,-17.3256,-10.112,-12.8015,-8.9313,-23.7102,-40.0531,-9.7105
AI,A2,TreesAndGrass_1920_1080_30fps_8bit.y4m,v15.0.0,-8.941,-23.8656,-40.0614,-10.9302,-9.2636,-9.2107,-18.3189,-17.3256,-10.112,-12.8015,-8.9313,-23.7102,-40.0531,-9.7105
AI,A2,TunnelFlag_1920x1080_5994_10bit_420.y4m,v02.0.0,-8.0686,-19.3899,-27.2698,-9.7139,-5.5074,-6.3997,-11.0501,-9.4965,-7.6363,-12.6329,-8.0658,-19.4013,-27.3268,-9.3044
AI,A2,TunnelFlag_1920x1080_5994_10bit_420.y4m,v03.0.0,-13.6625,-23.3098,-32.896,-15.2968,-8.7056,-10.6197,-18.7598,-16.2709,-12.0082,-17.8352,-13.6606,-23.3096,-32.9383,-14.8393
AI,A2,TunnelFlag_1920x1080_5994_10bit_420.y4m,v04.0.0,-18.8878,-32.2195,-58.7846,-22.1482,-14.1315,-16.3121,-22.971,-20.5926,-17.5402,-24.346,-18.8861,-32.1976,-58.7745,-20.9188
AI,A2,TunnelFlag_1920x1080_5994_10bit_420.y4m,v05.0.0,-21.8465,-59.0439,-65.1347,-26.9243,-16.3876,-18.6296,-26.3839,-24.114,-21.1724,-36.9783,-21.8459,-59.001,-65.1153,-25.4032
AI,A2,TunnelFlag_1920x1080_5994_10bit_420.y4m,v06.0.0,-24.5774,-62.4373,-66.988,-29.6948,-19.3647,-21.656,-29.0437,-26.8371,-24.0833,-40.6167,-24.5768,-62.4015,-66.9567,-28.2213
AI,A2,TunnelFlag_1920x1080_5994_10bit_420.y4m,v07.0.0,-26.1544,-67.4326,-71.67,-31.7806,-20.7231,-23.1088,-31.0027,-28.8158,-25.6934,-43.5587,-26.1533,-67.3948,-71.5763,-30.0793
AI,A2,TunnelFlag_1920x1080_5994_10bit_420.y4m,v08.0.0,-28.6005,-70.7652,-73.7603,-34.3703,-23.1745,-25.6595,-32.683,-30.7689,-28.3425,-46.552,-28.6003,-70.7262,-73.7044,-32.5877
AI,A2,TunnelFlag_1920x1080_5994_10bit_420.y4m,v09.0.0,-30.5714,-70.9544,-75.3387,-36.1957,-25.0202,-27.0982,-33.9908,-32.1404,-30.3978,-47.3774,-30.5694,-70.9281,-75.2918,-34.3624
AI,A2,TunnelFlag_1920x1080_5994_10bit_420.y4m,v10.0.0,-30.6789,-69.8613,-73.7882,-36.005,-24.8396,-26.8023,-36.785,-34.0097,-29.8561,-46.7082,-30.6776,-69.8256,-73.7243,-34.3236
AI,A2,TunnelFlag_1920x1080_5994_10bit_420.y4m,v11.0.0,-30.9214,-69.9888,-73.7316,-36.2267,-25.1056,-27.1099,-36.1535,-33.8256,-30.0797,-46.9034,-30.9205,-69.945,-73.6683,-34.5563
AI,A2,TunnelFlag_1920x1080_5994_10bit_420.y4m,v12.0.0,-31.3506,-70.2593,-73.2479,-36.5715,-24.8368,-26.8222,-36.6114,-34.4133,-30.2743,-47.124,-31.3477,-70.2153,-73.2037,-34.9506
AI,A2,TunnelFlag_1920x1080_5994_10bit_420.y4m,v13.0.0,-31.4172,-70.2203,-73.2517,-36.6258,-30.3769,-27.0076,-36.8071,-34.5092,-30.3748,-47.1835,-31.4149,-70.1828,-73.2118,-35.0125
AI,A2,TunnelFlag_1920x1080_5994_10bit_420.y4m,v14.0.0,-31.4354,-70.2295,-73.2594,-36.6429,-30.3956,-27.0286,-36.834,-34.5388,-30.3977,-47.1981,-31.433,-70.192,-73.2196,-35.0301
AI,A2,TunnelFlag_1920x1080_5994_10bit_420.y4m,v15.0.0,-31.4354,-70.2295,-73.2594,-36.6429,-30.3956,-27.0286,-36.834,-34.5388,-30.3977,-47.1981,-31.433,-70.192,-73.2196,-35.0301
AI,A2,Vertical_bees_1080x1920_2997.y4m,v02.0.0,-5.9,-7.6858,-8.3383,-6.1156,-4.2806,-5.5093,-5.9024,-5.9922,-4.4283,-4.8918,-5.9029,-7.679,-8.3646,-6.1747
AI,A2,Vertical_bees_1080x1920_2997.y4m,v03.0.0,-8.7655,-10.0773,-9.3513,-8.8655,-6.5706,-8.1295,-7.3992,-7.4498,-6.8358,-7.5917,-8.7682,-10.0719,-9.1922,-8.9307
AI,A2,Vertical_bees_1080x1920_2997.y4m,v04.0.0,-10.8528,-12.2284,-14.0925,-11.0903,-8.1457,-9.9189,-10.0804,-9.7453,-8.8149,-10.035,-10.8558,-12.2244,-14.0645,-11.1589
AI,A2,Vertical_bees_1080x1920_2997.y4m,v05.0.0,-11.9173,-14.9232,-15.4924,-12.2668,-9.2469,-10.9829,-11.1267,-10.8274,-9.9179,-11.5138,-11.9199,-14.9219,-15.426,-12.3933
AI,A2,Vertical_bees_1080x1920_2997.y4m,v06.0.0,-14.2571,-17.7688,-20.2118,-14.7573,-11.1015,-12.7352,-12.7333,-12.4748,-13.2039,-15.4936,-14.2593,-17.7658,-20.1399,-14.8956
AI,A2,Vertical_bees_1080x1920_2997.y4m,v07.0.0,-14.9762,-19.462,-20.0782,-15.4942,-11.5095,-13.2407,-13.5957,-13.2941,-13.8104,-16.9157,-14.9783,-19.4581,-19.9635,-15.6678
AI,A2,Vertical_bees_1080x1920_2997.y4m,v08.0.0,-15.3736,-19.6968,-19.7717,-15.8492,-11.7373,-13.4667,-14.2915,-13.9453,-14.0466,-17.2803,-15.376,-19.6947,-19.613,-16.0243
AI,A2,Vertical_bees_1080x1920_2997.y4m,v09.0.0,-17.8074,-19.4707,-19.0045,-17.9764,-14.7156,-16.0843,-17.6486,-17.2169,-16.4871,-18.6283,-17.8082,-19.4694,-18.832,-18.0547
AI,A2,Vertical_bees_1080x1920_2997.y4m,v10.0.0,-18.4223,-18.7896,-18.331,-18.4469,-14.8985,-16.2718,-19.2758,-18.7961,-16.5022,-18.5821,-18.423,-18.7815,-18.2478,-18.4919
AI,A2,Vertical_bees_1080x1920_2997.y4m,v11.0.0,-18.4236,-19.0985,-18.2044,-18.4604,-14.8438,-16.2143,-18.8174,-18.501,-16.4991,-18.6711,-18.4255,-19.0917,-17.9374,-18.5106
AI,A2,Vertical_bees_1080x1920_2997.y4m,v12.0.0,-18.4245,-18.9678,-18.1446,-18.4513,-14.9512,-16.2645,-18.9149,-18.6203,-16.5218,-18.7477,-18.4254,-18.9624,-17.9018,-18.4981
AI,A2,Vertical_bees_1080x1920_2997.y4m,v13.0.0,-18.4745,-19.6272,-18.5073,-18.5497,-19.6744,-16.274,-19.077,-18.7547,-16.5844,-19.2429,-18.4758,-19.6242,-18.2402,-18.6212
AI,A2,Vertical_bees_1080x1920_2997.y4m,v14.0.0,-18.5004,-19.6506,-18.5323,-18.5756,-19.6966,-16.2974,-19.1159,-18.7932,-16.6065,-19.2691,-18.5017,-19.6476,-18.265,-18.6471
AI,A2,Vertical_bees_1080x1920_2997.y4m,v15.0.0,-18.5004,-19.6506,-18.5323,-18.5756,-19.6966,-16.2974,-19.1159,-18.7932,-16.6065,-19.2691,-18.5017,-19.6476,-18.265,-18.6471
AI,A2,WorldCup_1920x1080_30p.y4m,v02.0.0,-5.0339,-8.1247,-9.5297,-5.4219,-6.5242,-6.8661,-6.092,-6.1359,-4.5633,-3.6484,-5.0266,-8.148,-9.5507,-5.3717
AI,A2,WorldCup_1920x1080_30p.y4m,v03.0.0,-7.9872,-10.7943,-12.4915,-8.3532,-8.5277,-9.1655,-6.5944,-7.1058,-7.1575,-6.9885,-7.9883,-10.7954,-12.5055,-8.2773
AI,A2,WorldCup_1920x1080_30p.y4m,v04.0.0,-12.4951,-17.0836,-18.4298,-13.0562,-12.3487,-13.1358,-13.2976,-12.8378,-11.5939,-11.8733,-12.4995,-17.0943,-18.4338,-13.0208
AI,A2,WorldCup_1920x1080_30p.y4m,v05.0.0,-15.0037,-19.0915,-19.4712,-15.4614,-14.3732,-15.2217,-16.4164,-15.7326,-13.8109,-13.6462,-15.0061,-19.0962,-19.4819,-15.4381
AI,A2,WorldCup_1920x1080_30p.y4m,v06.0.0,-17.7899,-26.841,-25.5591,-18.7508,-16.4619,-17.2338,-18.1193,-17.4515,-17.8151,-22.7425,-17.7905,-26.8395,-25.5621,-18.7769
AI,A2,WorldCup_1920x1080_30p.y4m,v07.0.0,-18.9784,-30.8926,-27.1676,-20.1392,-17.4146,-18.2444,-19.5992,-18.9938,-19.0528,-25.1916,-18.9723,-30.8839,-27.1634,-20.135
AI,A2,WorldCup_1920x1080_30p.y4m,v08.0.0,-19.7779,-32.4222,-27.915,-20.9805,-18.0257,-18.9104,-20.2074,-19.7054,-19.7792,-26.2687,-19.7768,-32.4196,-27.9072,-20.9692
AI,A2,WorldCup_1920x1080_30p.y4m,v09.0.0,-21.0416,-31.915,-27.4062,-22.0335,-19.279,-20.0064,-21.8215,-21.1547,-20.9673,-26.5481,-21.0433,-31.9058,-27.4077,-22.0233
AI,A2,WorldCup_1920x1080_30p.y4m,v10.0.0,-21.9717,-30.7111,-26.6207,-22.7349,-19.8765,-20.6511,-24.2807,-23.1374,-21.4424,-25.9516,-21.9748,-30.7046,-26.6163,-22.7367
AI,A2,WorldCup_1920x1080_30p.y4m,v11.0.0,-21.8854,-30.7714,-26.4084,-22.6477,-19.8306,-20.6021,-24.1391,-22.9776,-21.3063,-26.1239,-21.8901,-30.7644,-26.4082,-22.6418
AI,A2,WorldCup_1920x1080_30p.y4m,v12.0.0,-21.9033,-30.7617,-26.4285,-22.6632,-19.819,-20.5929,-24.2036,-22.9832,-21.3426,-26.3535,-21.9036,-30.7577,-26.4262,-22.6545
AI,A2,WorldCup_1920x1080_30p.y4m,v13.0.0,-21.8795,-31.5121,-26.8347,-22.7118,-23.9041,-20.553,-24.4492,-23.1586,-21.3251,-26.4571,-21.8797,-31.5152,-26.8308,-22.6938
AI,A2,WorldCup_1920x1080_30p.y4m,v14.0.0,-21.923,-31.5549,-26.8799,-22.755,-23.9401,-20.5913,-24.5147,-23.2216,-21.3641,-26.5039,-21.9233,-31.5579,-26.876,-22.737
AI,A2,WorldCup_1920x1080_30p.y4m,v15.0.0,-21.923,-31.5549,-26.8799,-22.755,-23.9401,-20.5913,-24.5147,-23.2216,-21.3641,-26.5039,-21.9233,-31.5579,-26.876,-22.737
AI,A3,ControlledBurn_1280x720p30_420.y4m,v02.0.0,-2.647,-17.5965,-21.1178,-4.1904,-3.159,-3.1064,-3.7601,-3.947,-3.6049,-7.2356,-2.6464,-17.6278,-21.1445,-3.3011
AI,A3,ControlledBurn_1280x720p30_420.y4m,v03.0.0,-4.1361,-18.7936,-23.699,-5.7165,-4.3439,-4.485,-3.5172,-3.9066,-4.6984,-8.4462,-4.1354,-18.8225,-23.7274,-4.8134
AI,A3,ControlledBurn_1280x720p30_420.y4m,v04.0.0,-6.6683,-26.0808,-28.6955,-8.6315,-6.3987,-6.7607,-6.0302,-6.3822,-7.0045,-11.8398,-6.6682,-26.0981,-28.7099,-7.5176
AI,A3,ControlledBurn_1280x720p30_420.y4m,v05.0.0,-7.5964,-28.3934,-32.1059,-9.7716,-7.1272,-7.5103,-8.0841,-8.2285,-8.0171,-13.3617,-7.5962,-28.4181,-32.1232,-8.5408
AI,A3,ControlledBurn_1280x720p30_420.y4m,v06.0.0,-9.098,-34.0878,-37.2249,-11.6954,-8.8685,-9.2493,-8.9756,-9.4268,-9.6885,-15.9626,-9.0981,-34.1002,-37.2274,-10.1957
AI,A3,ControlledBurn_1280x720p30_420.y4m,v07.0.0,-9.5824,-38.7165,-39.7357,-12.5667,-9.2534,-9.6802,-9.6057,-10.1788,-10.2241,-17.3899,-9.5822,-38.7277,-39.7356,-10.8407
AI,A3,ControlledBurn_1280x720p30_420.y4m,v08.0.0,-9.7534,-39.7757,-40.2598,-12.8137,-9.5221,-9.9388,-9.8771,-10.5123,-10.3992,-17.6691,-9.7534,-39.7739,-40.2524,-11.0273
AI,A3,ControlledBurn_1280x720p30_420.y4m,v09.0.0,-11.6724,-38.7318,-39.8668,-14.427,-11.3279,-11.668,-13.485,-13.9037,-12.4121,-18.8101,-11.6715,-38.7377,-39.8604,-12.7965
AI,A3,ControlledBurn_1280x720p30_420.y4m,v10.0.0,-12.0875,-36.8835,-37.8799,-14.5718,-11.3719,-11.6634,-15.6429,-15.3109,-12.4086,-18.4631,-12.0868,-36.8974,-37.8712,-13.1185
AI,A3,ControlledBurn_1280x720p30_420.y4m,v11.0.0,-11.9516,-36.9781,-38.4532,-14.4911,-11.1557,-11.4479,-15.1491,-14.8882,-12.2758,-18.5431,-11.951,-36.9876,-38.4525,-12.9907
AI,A3,ControlledBurn_1280x720p30_420.y4m,v12.0.0,-11.9493,-36.6258,-38.3482,-14.4616,-11.1712,-11.4451,-15.3493,-15.0582,-12.2759,-18.439,-11.9489,-36.6334,-38.3456,-12.9836
AI,A3,ControlledBurn_1280x720p30_420.y4m,v13.0.0,-11.9082,-36.7831,-38.0413,-14.4181,-12.0849,-11.4129,-15.1161,-14.874,-12.256,-18.407,-11.9078,-36.7904,-38.0423,-12.9503
AI,A3,ControlledBurn_1280x720p30_420.y4m,v14.0.0,-11.9339,-36.8082,-38.0656,-14.4437,-12.1064,-11.4399,-15.1642,-14.9212,-12.2831,-18.4342,-11.9334,-36.8155,-38.0666,-12.9762
AI,A3,ControlledBurn_1280x720p30_420.y4m,v15.0.0,-11.9339,-36.8082,-38.0656,-14.4437,-12.1064,-11.4399,-15.1642,-14.9212,-12.2831,-18.4342,-11.9334,-36.8155,-38.0666,-12.9762
AI,A3,DrivingPOV_1280x720p_5994_10bit_420.y4m,v02.0.0,-3.1613,-12.8189,-24.789,-4.4389,-4.0967,-3.817,-3.0081,-3.2316,-4.3595,-8.3508,-3.1605,-12.8277,-24.7993,-4.0819
AI,A3,DrivingPOV_1280x720p_5994_10bit_420.y4m,v03.0.0,-4.9682,-17.1442,-27.8556,-6.4193,-5.3732,-5.1938,-4.5453,-4.5665,-5.5971,-10.8684,-4.9667,-17.148,-27.8648,-6.0113
AI,A3,DrivingPOV_1280x720p_5994_10bit_420.y4m,v04.0.0,-7.7748,-23.2094,-35.8326,-9.6289,-7.9634,-7.9884,-7.4403,-7.2619,-8.4801,-15.102,-7.7733,-23.2033,-35.8353,-9.1918
AI,A3,DrivingPOV_1280x720p_5994_10bit_420.y4m,v05.0.0,-9.2072,-25.1358,-40.9954,-11.2795,-9.1612,-9.1919,-9.6331,-9.4021,-9.9484,-17.3213,-9.2049,-25.1328,-40.9906,-10.9081
AI,A3,DrivingPOV_1280x720p_5994_10bit_420.y4m,v06.0.0,-10.6963,-27.0681,-44.1971,-12.8699,-10.8726,-10.9109,-11.3738,-11.2514,-11.543,-19.3352,-10.692,-27.0718,-44.1934,-12.504
AI,A3,DrivingPOV_1280x720p_5994_10bit_420.y4m,v07.0.0,-11.6076,-29.8781,-43.8878,-13.8323,-11.7882,-11.8352,-12.5573,-12.5429,-12.4527,-20.624,-11.6046,-29.878,-43.87,-13.4893
AI,A3,DrivingPOV_1280x720p_5994_10bit_420.y4m,v08.0.0,-12.0677,-30.0728,-44.422,-14.284,-12.4162,-12.4305,-12.9967,-12.9908,-12.8787,-21.001,-12.0641,-30.0702,-44.4143,-13.9384
AI,A3,DrivingPOV_1280x720p_5994_10bit_420.y4m,v09.0.0,-13.9857,-29.9125,-44.7175,-16.0238,-13.8146,-13.9515,-15.9691,-15.8984,-14.8485,-22.2243,-13.9825,-29.9101,-44.7103,-15.6472
AI,A3,DrivingPOV_1280x720p_5994_10bit_420.y4m,v10.0.0,-14.5635,-28.6623,-42.2078,-16.3591,-13.9439,-14.0749,-20.1831,-18.5166,-14.8106,-21.8554,-14.56,-28.6612,-42.1936,-16.0449
AI,A3,DrivingPOV_1280x720p_5994_10bit_420.y4m,v11.0.0,-14.4414,-28.7459,-42.8127,-16.2805,-13.8166,-13.9606,-19.1194,-17.9387,-14.744,-22.0561,-14.4387,-28.7501,-42.8152,-15.9416
AI,A3,DrivingPOV_1280x720p_5994_10bit_420.y4m,v12.0.0,-14.4188,-28.806,-42.3632,-16.2444,-13.8062,-13.9051,-19.1585,-17.7906,-14.6812,-22.0225,-14.4157,-28.8042,-42.3552,-15.9073
AI,A3,DrivingPOV_1280x720p_5994_10bit_420.y4m,v13.0.0,-14.2993,-28.8636,-41.7966,-16.1135,-15.0296,-13.7997,-18.938,-17.66,-14.5749,-21.8008,-14.2956,-28.8663,-41.798,-15.7896
AI,A3,DrivingPOV_1280x720p_5994_10bit_420.y4m,v14.0.0,-14.332,-28.8957,-41.8273,-16.1461,-15.058,-13.8367,-19.0019,-17.723,-14.6093,-21.8365,-14.3283,-28.8984,-41.8287,-15.8228
AI,A3,DrivingPOV_1280x720p_5994_10bit_420.y4m,v15.0.0,-14.332,-28.8957,-41.8273,-16.1461,-15.058,-13.8367,-19.0019,-17.723,-14.6093,-21.8365,-14.3283,-28.8984,-41.8287,-15.8228
AI,A3,Johnny_1280x720_60.y4m,v02.0.0,-4.8377,-13.4145,-10.1716,-5.6584,-5.0513,-4.6908,-5.1307,-5.2523,-5.5752,-8.757,-4.8398,-13.4228,-10.193,-5.6442
AI,A3,Johnny_1280x720_60.y4m,v03.0.0,-6.8326,-10.2233,-8.8876,-7.1523,-6.7654,-6.2742,-5.3132,-5.5311,-6.798,-8.9035,-6.8342,-10.2321,-8.909,-7.1687
AI,A3,Johnny_1280x720_60.y4m,v04.0.0,-10.8802,-18.2257,-18.242,-11.7497,-10.6173,-10.3138,-11.1761,-10.4698,-10.769,-14.3974,-10.8805,-18.2322,-18.257,-11.7256
AI,A3,Johnny_1280x720_60.y4m,v05.0.0,-14.6318,-22.2624,-22.1601,-15.5586,-14.0196,-14.0117,-15.4698,-15.0051,-14.4498,-18.6546,-14.6322,-22.2627,-22.1665,-15.5377
AI,A3,Johnny_1280x720_60.y4m,v06.0.0,-16.2342,-25.5619,-25.5232,-17.3656,-15.3754,-15.2993,-16.8657,-16.5597,-16.0547,-20.8201,-16.2352,-25.5494,-25.53,-17.325
AI,A3,Johnny_1280x720_60.y4m,v07.0.0,-17.3445,-26.9779,-25.6885,-18.4401,-16.2772,-16.3107,-18.615,-18.1192,-17.0235,-21.8412,-17.3445,-26.9647,-25.6852,-18.4201
AI,A3,Johnny_1280x720_60.y4m,v08.0.0,-18.3741,-28.7477,-27.5901,-19.5615,-17.1674,-17.2179,-19.3347,-19.0508,-18.0751,-23.2577,-18.3751,-28.7481,-27.5812,-19.5318
AI,A3,Johnny_1280x720_60.y4m,v09.0.0,-20.2535,-26.9453,-26.4734,-21.0349,-19.3775,-19.2027,-20.8468,-20.7323,-19.9153,-23.5987,-20.254,-26.9274,-26.4594,-21.0295
AI,A3,Johnny_1280x720_60.y4m,v10.0.0,-21.5108,-27.5594,-26.1716,-22.1662,-20.3716,-20.0982,-24.4516,-23.486,-20.8427,-24.3175,-21.5126,-27.5459,-26.1775,-22.1729
AI,A3,Johnny_1280x720_60.y4m,v11.0.0,-21.4506,-27.3002,-26.8215,-22.1203,-20.3631,-20.1909,-24.8819,-23.7351,-20.7768,-24.0499,-21.4523,-27.2923,-26.8193,-22.1246
AI,A3,Johnny_1280x720_60.y4m,v12.0.0,-21.393,-27.2104,-26.7657,-22.0626,-20.2243,-19.8034,-25.041,-23.9036,-20.826,-24.0665,-21.3944,-27.1883,-26.7622,-22.065
AI,A3,Johnny_1280x720_60.y4m,v13.0.0,-21.0822,-28.2427,-26.1986,-21.8245,-20.2092,-19.7005,-24.7897,-23.6002,-20.6142,-24.052,-21.0832,-28.2412,-26.1894,-21.8267
AI,A3,Johnny_1280x720_60.y4m,v14.0.0,-21.1725,-28.337,-26.292,-21.9153,-20.2851,-19.7845,-24.918,-23.7273,-20.7067,-24.1477,-21.1735,-28.3355,-26.2828,-21.9175
AI,A3,Johnny_1280x720_60.y4m,v15.0.0,-21.1725,-28.337,-26.292,-21.9153,-20.2851,-19.7845,-24.918,-23.7273,-20.7067,-24.1477,-21.1735,-28.3355,-26.2828,-21.9175
AI,A3,KristenAndSara_1280x720_60.y4m,v02.0.0,-4.3527,-13.5774,-14.0494,-5.3879,-4.6735,-4.5548,-4.2277,-4.2947,-5.3295,-9.1268,-4.3523,-13.5746,-14.05,-5.3871
AI,A3,KristenAndSara_1280x720_60.y4m,v03.0.0,-6.7015,-13.4095,-14.3662,-7.4791,-6.6571,-6.5373,-5.9617,-5.6142,-6.8949,-10.9519,-6.7012,-13.4117,-14.3774,-7.4812
AI,A3,KristenAndSara_1280x720_60.y4m,v04.0.0,-10.4941,-21.3224,-24.2608,-11.8496,-9.9028,-9.8336,-10.1272,-9.6297,-10.7996,-15.6969,-10.4932,-21.3195,-24.2615,-11.8224
AI,A3,KristenAndSara_1280x720_60.y4m,v05.0.0,-13.609,-24.8523,-26.7286,-14.9673,-12.6119,-12.6486,-13.9449,-13.4584,-13.8592,-18.7968,-13.6083,-24.8459,-26.7287,-14.9764
AI,A3,KristenAndSara_1280x720_60.y4m,v06.0.0,-15.6584,-28.8095,-29.8108,-17.1825,-14.487,-14.564,-17.1641,-16.2728,-15.8113,-21.7909,-15.6586,-28.804,-29.8067,-17.1918
AI,A3,KristenAndSara_1280x720_60.y4m,v07.0.0,-16.5818,-32.3972,-29.864,-18.2156,-15.5199,-15.6253,-18.3639,-17.6156,-16.8719,-23.1074,-16.5805,-32.3845,-29.8651,-18.2536
AI,A3,KristenAndSara_1280x720_60.y4m,v08.0.0,-18.4348,-34.5675,-32.2909,-20.1144,-17.4662,-17.5764,-20.1429,-19.3699,-18.8232,-25.4114,-18.4346,-34.552,-32.2903,-20.1376
AI,A3,KristenAndSara_1280x720_60.y4m,v09.0.0,-20.6312,-34.4862,-31.6396,-22.0107,-19.2568,-19.3084,-22.4868,-21.9054,-20.7622,-26.5205,-20.6303,-34.4724,-31.6339,-22.0357
AI,A3,KristenAndSara_1280x720_60.y4m,v10.0.0,-21.4939,-32.5754,-32.0906,-22.7046,-19.5583,-19.6601,-25.4455,-23.6969,-21.151,-25.7567,-21.4933,-32.5511,-32.0886,-22.7351
AI,A3,KristenAndSara_1280x720_60.y4m,v11.0.0,-21.54,-32.5513,-32.1656,-22.7457,-19.6163,-19.6798,-25.9851,-24.0178,-21.2125,-26.7082,-21.5405,-32.5296,-32.1667,-22.7817
AI,A3,KristenAndSara_1280x720_60.y4m,v12.0.0,-21.5163,-32.3914,-31.9353,-22.702,-19.6241,-19.6317,-26.1309,-24.1066,-21.1716,-26.5237,-21.5161,-32.3772,-31.9391,-22.7382
AI,A3,KristenAndSara_1280x720_60.y4m,v13.0.0,-21.2282,-33.2067,-31.6511,-22.4673,-21.8869,-19.1218,-25.7541,-23.7372,-20.812,-26.3404,-21.2279,-33.1949,-31.6541,-22.5021
AI,A3,KristenAndSara_1280x720_60.y4m,v14.0.0,-21.2968,-33.2726,-31.7169,-22.5357,-21.9516,-19.1902,-25.8451,-23.8279,-20.8819,-26.4109,-21.2965,-33.2608,-31.7199,-22.5706
AI,A3,KristenAndSara_1280x720_60.y4m,v15.0.0,-21.2968,-33.2726,-31.7169,-22.5357,-21.9516,-19.1902,-25.8451,-23.8279,-20.8819,-26.4109,-21.2965,-33.2608,-31.7199,-22.5706
AI,A3,RollerCoaster_1280x720p_5994_10bit_420.y4m,v02.0.0,-4.737,-2.8537,-9.807,-4.856,-5.0549,-5.1861,-4.94,-5.1601,-4.3309,-4.947,-4.7469,-2.8782,-9.8384,-4.8898
AI,A3,RollerCoaster_1280x720p_5994_10bit_420.y4m,v03.0.0,-7.0165,-3.4292,-12.4693,-7.0689,-6.7868,-7.0773,-6.3599,-6.5466,-6.031,-6.7332,-7.0302,-3.4492,-12.4764,-7.0128
AI,A3,RollerCoaster_1280x720p_5994_10bit_420.y4m,v04.0.0,-10.2627,-11.2871,-26.5435,-11.0596,-9.8789,-10.3477,-9.0017,-8.9621,-9.4109,-11.8209,-10.2724,-11.3183,-26.5726,-11.2871
AI,A3,RollerCoaster_1280x720p_5994_10bit_420.y4m,v05.0.0,-11.8557,-12.9989,-29.5569,-12.7409,-10.955,-11.5852,-10.6354,-10.5534,-10.7441,-13.9999,-11.8684,-13.0269,-29.5745,-13.0734
AI,A3,RollerCoaster_1280x720p_5994_10bit_420.y4m,v06.0.0,-13.4989,-14.4063,-32.1765,-14.4232,-12.7945,-13.3922,-12.4465,-12.301,-12.4126,-16.3661,-13.5106,-14.4331,-32.1588,-14.7437
AI,A3,RollerCoaster_1280x720p_5994_10bit_420.y4m,v07.0.0,-14.247,-15.1347,-32.4384,-15.1524,-13.2791,-13.9267,-13.5993,-13.4096,-13.0275,-17.1432,-14.2595,-15.1623,-32.4178,-15.5007
AI,A3,RollerCoaster_1280x720p_5994_10bit_420.y4m,v08.0.0,-14.6217,-14.9592,-32.8029,-15.4986,-13.6367,-14.3125,-13.7616,-13.6,-13.348,-17.4861,-14.6321,-14.9845,-32.7942,-15.8259
AI,A3,RollerCoaster_1280x720p_5994_10bit_420.y4m,v09.0.0,-16.3706,-15.0899,-33.461,-17.108,-15.1151,-15.7358,-16.7185,-16.4081,-15.1329,-18.4981,-16.3855,-15.1117,-33.4145,-17.2913
AI,A3,RollerCoaster_1280x720p_5994_10bit_420.y4m,v10.0.0,-16.9866,-14.1487,-32.3052,-17.5478,-15.3646,-16.0299,-18.7118,-17.8135,-15.2721,-18.3899,-16.9983,-14.1769,-32.2984,-17.6838
AI,A3,RollerCoaster_1280x720p_5994_10bit_420.y4m,v11.0.0,-16.8792,-14.3454,-32.6641,-17.4863,-15.1702,-15.8016,-18.5023,-17.6802,-15.1761,-18.9491,-16.8929,-14.3641,-32.6643,-17.6237
AI,A3,RollerCoaster_1280x720p_5994_10bit_420.y4m,v12.0.0,-16.8692,-14.0024,-32.5659,-17.4543,-15.2289,-15.8514,-18.4389,-17.6711,-15.1741,-18.977,-16.884,-14.0334,-32.5774,-17.5842
AI,A3,RollerCoaster_1280x720p_5994_10bit_420.y4m,v13.0.0,-16.8702,-14.3303,-32.1998,-17.4514,-18.0472,-15.9292,-18.4406,-17.6087,-15.1746,-19.2029,-16.8848,-14.3482,-32.2048,-17.6047
AI,A3,RollerCoaster_1280x720p_5994_10bit_420.y4m,v14.0.0,-16.9262,-14.3905,-32.2482,-17.5072,-18.092,-15.9833,-18.5388,-17.7039,-15.226,-19.2615,-16.9407,-14.4084,-32.2532,-17.6613
AI,A3,RollerCoaster_1280x720p_5994_10bit_420.y4m,v15.0.0,-16.9262,-14.3905,-32.2482,-17.5072,-18.092,-15.9833,-18.5388,-17.7039,-15.226,-19.2615,-16.9407,-14.4084,-32.2532,-17.6613
AI,A3,Vidyo3_1280x720p_60fps.y4m,v02.0.0,-3.4364,-19.6259,-19.6765,-4.9303,-4.5025,-4.4138,-3.0675,-3.2332,-4.4492,-8.2954,-3.4381,-19.6677,-19.6967,-4.6314
AI,A3,Vidyo3_1280x720p_60fps.y4m,v03.0.0,-5.2284,-17.2436,-22.9147,-6.6888,-5.4479,-5.3392,-4.3423,-4.6281,-5.6544,-9.359,-5.2286,-17.1821,-22.9397,-6.398
AI,A3,Vidyo3_1280x720p_60fps.y4m,v04.0.0,-9.3218,-28.088,-26.5478,-11.0064,-9.5035,-9.4918,-9.4959,-8.9441,-9.3746,-15.5759,-9.3222,-28.1033,-26.5725,-10.6717
AI,A3,Vidyo3_1280x720p_60fps.y4m,v05.0.0,-11.8106,-27.7081,-29.6655,-13.4603,-11.8528,-11.976,-12.5998,-12.4264,-11.8798,-17.0955,-11.8105,-27.6906,-29.6791,-13.1881
AI,A3,Vidyo3_1280x720p_60fps.y4m,v06.0.0,-14.1516,-35.3704,-35.8992,-16.2879,-14.0896,-14.0791,-15.5684,-15.134,-14.2789,-22.4698,-14.1502,-35.357,-35.908,-15.8022
AI,A3,Vidyo3_1280x720p_60fps.y4m,v07.0.0,-15.0415,-36.511,-38.6131,-17.3069,-14.9643,-14.9816,-16.3017,-15.8223,-15.1329,-24.0007,-15.0381,-36.4986,-38.614,-16.8296
AI,A3,Vidyo3_1280x720p_60fps.y4m,v08.0.0,-15.7551,-37.5158,-40.08,-18.0792,-15.4314,-15.4736,-16.1426,-15.8603,-15.8021,-25.1631,-15.7538,-37.4896,-40.0822,-17.5568
AI,A3,Vidyo3_1280x720p_60fps.y4m,v09.0.0,-17.4393,-37.9602,-39.3576,-19.5207,-16.2989,-16.2976,-18.0265,-17.9357,-17.2677,-25.6286,-17.4368,-37.9385,-39.3542,-19.0227
AI,A3,Vidyo3_1280x720p_60fps.y4m,v10.0.0,-17.9292,-32.9664,-38.7347,-19.7409,-16.4345,-16.4033,-19.3657,-18.8725,-17.3999,-24.0231,-17.9263,-32.915,-38.7248,-19.3748
AI,A3,Vidyo3_1280x720p_60fps.y4m,v11.0.0,-17.9454,-35.1878,-38.3644,-19.8004,-16.6673,-16.5957,-19.3634,-18.9472,-17.5303,-25.2567,-17.9415,-35.1079,-38.3566,-19.3904
AI,A3,Vidyo3_1280x720p_60fps.y4m,v12.0.0,-17.8342,-35.6045,-38.1839,-19.6964,-16.4676,-16.3702,-19.6152,-19.1487,-17.3264,-25.2459,-17.8317,-35.5687,-38.1806,-19.2763
AI,A3,Vidyo3_1280x720p_60fps.y4m,v13.0.0,-17.7492,-33.9054,-36.6541,-19.4496,-20.6548,-16.271,-19.6007,-19.072,-17.2265,-24.4306,-17.7456,-33.8664,-36.6396,-19.123
AI,A3,Vidyo3_1280x720p_60fps.y4m,v14.0.0,-17.831,-33.9799,-36.7137,-19.5299,-20.7348,-16.3579,-19.7176,-19.1863,-17.3076,-24.5131,-17.8275,-33.9409,-36.6992,-19.2044
AI,A3,Vidyo3_1280x720p_60fps.y4m,v15.0.0,-17.831,-33.9799,-36.7137,-19.5299,-20.7348,-16.3579,-19.7176,-19.1863,-17.3076,-24.5131,-17.8275,-33.9409,-36.6992,-19.2044
AI,A3,Vidyo4_1280x720p_60fps.y4m,v02.0.0,-4.6479,-16.365,-14.4445,-5.8117,-4.1745,-4.2624,-4.7923,-4.8589,-5.2543,-9.9597,-4.6424,-16.36,-14.4743,-5.5768
AI,A3,Vidyo4_1280x720p_60fps.y4m,v03.0.0,-6.9377,-18.1294,-17.0069,-8.0798,-6.3413,-6.3907,-5.8743,-6.0054,-7.3015,-11.4482,-6.9329,-18.1321,-17.031,-7.8415
AI,A3,Vidyo4_1280x720p_60fps.y4m,v04.0.0,-10.7282,-23.9761,-21.9859,-12.0514,-9.5076,-9.7084,-11.2138,-10.4404,-10.8222,-15.5269,-10.7175,-23.9736,-21.9966,-11.7925
AI,A3,Vidyo4_1280x720p_60fps.y4m,v05.0.0,-13.1344,-25.3241,-22.6794,-14.302,-11.6447,-11.8927,-13.4577,-12.9372,-13.0885,-17.203,-13.1231,-25.3297,-22.6911,-14.0947
AI,A3,Vidyo4_1280x720p_60fps.y4m,v06.0.0,-15.057,-28.5305,-26.0788,-16.3876,-13.4766,-13.7355,-16.0707,-15.1178,-14.9118,-20.4665,-15.0457,-28.5252,-26.0877,-16.1386
AI,A3,Vidyo4_1280x720p_60fps.y4m,v07.0.0,-15.8683,-32.3228,-28.3266,-17.4576,-14.1411,-14.4221,-16.8016,-15.8336,-15.7865,-21.9884,-15.8584,-32.3092,-28.3405,-17.1465
AI,A3,Vidyo4_1280x720p_60fps.y4m,v08.0.0,-16.4114,-32.9075,-28.717,-17.9927,-14.4148,-14.7409,-16.9135,-16.1997,-16.1512,-22.8242,-16.3971,-32.8956,-28.7261,-17.673
AI,A3,Vidyo4_1280x720p_60fps.y4m,v09.0.0,-18.0938,-32.6325,-27.8721,-19.4103,-16.3095,-16.4749,-18.698,-17.9671,-17.8328,-23.4695,-18.0844,-32.6258,-27.8828,-19.1445
AI,A3,Vidyo4_1280x720p_60fps.y4m,v10.0.0,-18.6064,-31.3751,-27.1124,-19.7539,-16.5574,-16.7369,-21.6404,-19.8251,-18.0573,-23.5077,-18.5994,-31.364,-27.1192,-19.5391
AI,A3,Vidyo4_1280x720p_60fps.y4m,v11.0.0,-18.5124,-31.4905,-27.0074,-19.6681,-16.5312,-16.6927,-21.641,-19.7492,-18.0226,-23.6473,-18.5036,-31.4816,-27.0152,-19.4436
AI,A3,Vidyo4_1280x720p_60fps.y4m,v12.0.0,-18.5419,-31.0191,-27.0508,-19.668,-16.5124,-16.6725,-21.7572,-19.8399,-17.9885,-23.641,-18.534,-31.009,-27.0589,-19.4511
AI,A3,Vidyo4_1280x720p_60fps.y4m,v13.0.0,-18.3919,-31.3651,-25.5912,-19.4772,-18.4253,-16.4646,-21.1863,-19.624,-17.742,-23.2909,-18.3829,-31.3516,-25.5903,-19.2736
AI,A3,Vidyo4_1280x720p_60fps.y4m,v14.0.0,-18.4777,-31.443,-25.6761,-19.5626,-18.4938,-16.5399,-21.3063,-19.7428,-17.8235,-23.3759,-18.4687,-31.4295,-25.6753,-19.3594
AI,A3,Vidyo4_1280x720p_60fps.y4m,v15.0.0,-18.4777,-31.443,-25.6761,-19.5626,-18.4938,-16.5399,-21.3063,-19.7428,-17.8235,-23.3759,-18.4687,-31.4295,-25.6753,-19.3594
AI,A3,WestWindEasy_1280x720p30_420.y4m,v02.0.0,-3.6144,-24.2758,-24.0536,-5.5264,-3.2471,-3.511,-2.0632,-2.8475,-3.9757,-9.1947,-3.6173,-24.2823,-24.0293,-4.332
AI,A3,WestWindEasy_1280x720p30_420.y4m,v03.0.0,-7.08,-29.3922,-30.3343,-9.2328,-5.3525,-5.7173,-4.1621,-4.9344,-6.58,-12.5036,-7.0836,-29.3724,-30.3113,-7.8787
AI,A3,WestWindEasy_1280x720p30_420.y4m,v04.0.0,-10.6957,-37.2701,-39.1936,-13.4446,-8.1799,-8.6427,-9.5629,-9.7064,-10.1228,-18.866,-10.6962,-37.254,-39.1845,-11.7791
AI,A3,WestWindEasy_1280x720p30_420.y4m,v05.0.0,-12.1843,-41.1735,-37.6143,-14.8764,-9.5261,-10.03,-11.251,-11.5709,-11.5363,-20.4736,-12.189,-41.1575,-37.6032,-13.2688
AI,A3,WestWindEasy_1280x720p30_420.y4m,v06.0.0,-14.4436,-51.3061,-45.521,-17.937,-12.0798,-12.5439,-15.1497,-15.7851,-14.3658,-24.6336,-14.4445,-51.2712,-45.4528,-15.7426
AI,A3,WestWindEasy_1280x720p30_420.y4m,v07.0.0,-15.0943,-60.3588,-52.8262,-19.5976,-12.6564,-13.1662,-16.3176,-16.8285,-15.2177,-28.1695,-15.0953,-60.3417,-52.6707,-16.632
AI,A3,WestWindEasy_1280x720p30_420.y4m,v08.0.0,-20.378,-63.5702,-57.3889,-24.7806,-18.6406,-19.2097,-22.6242,-23.2606,-20.9482,-33.2759,-20.3831,-63.5683,-57.3679,-21.884
AI,A3,WestWindEasy_1280x720p30_420.y4m,v09.0.0,-23.6086,-64.7506,-58.4406,-27.7305,-22.6931,-22.9833,-27.7796,-27.9377,-24.8298,-35.9397,-23.6098,-64.7427,-58.3959,-25.0228
AI,A3,WestWindEasy_1280x720p30_420.y4m,v10.0.0,-25.1315,-65.3321,-58.1289,-29.0935,-23.6179,-23.9602,-30.7197,-30.0342,-25.7891,-36.9158,-25.1275,-65.3175,-58.0872,-26.488
AI,A3,WestWindEasy_1280x720p30_420.y4m,v11.0.0,-25.74,-65.1888,-57.2703,-29.5794,-24.2581,-24.6102,-31.4772,-30.8161,-26.3353,-37.2977,-25.7347,-65.1762,-57.2225,-27.0705
AI,A3,WestWindEasy_1280x720p30_420.y4m,v12.0.0,-30.8963,-67.9658,-60.4103,-34.5034,-29.6808,-30.0712,-38.6967,-37.7756,-31.6243,-42.0431,-30.8945,-67.9557,-60.3776,-32.1843
AI,A3,WestWindEasy_1280x720p30_420.y4m,v13.0.0,-31.4262,-66.8548,-60.0962,-34.9463,-31.2473,-30.4504,-39.8534,-38.8639,-32.0503,-42.0158,-31.4222,-66.8685,-60.049,-32.7055
AI,A3,WestWindEasy_1280x720p30_420.y4m,v14.0.0,-31.4553,-66.8732,-60.118,-34.9745,-31.2725,-30.4801,-39.9029,-38.9117,-32.0786,-42.0426,-31.4513,-66.887,-60.0709,-32.7346
AI,A3,WestWindEasy_1280x720p30_420.y4m,v15.0.0,-31.4553,-66.8732,-60.118,-34.9745,-31.2725,-30.4801,-39.9029,-38.9117,-32.0786,-42.0426,-31.4513,-66.887,-60.0709,-32.7346
AI,A4,BlueSky_360p25_v2.y4m,v02.0.0,-1.6845,-7.2012,-21.5093,-2.6816,-3.5806,-3.3669,-1.2821,-1.076,-1.2721,-5.2942,-1.6808,-7.2155,-21.5543,-2.6136
AI,A4,BlueSky_360p25_v2.y4m,v03.0.0,-5.1068,-14.3676,-29.1012,-6.4589,-8.0573,-5.8194,-2.6111,-2.2604,-2.4875,-10.5656,-5.1026,-14.3768,-29.1376,-6.463
AI,A4,BlueSky_360p25_v2.y4m,v04.0.0,-9.1554,-18.2874,-43.3775,-11.0558,-11.9831,-9.238,-4.7723,-4.3077,-5.9182,-15.8737,-9.1506,-18.2935,-43.3846,-11.0427
AI,A4,BlueSky_360p25_v2.y4m,v05.0.0,-10.5199,-22.8622,-50.6269,-12.9396,-13.4801,-11.8464,-5.8009,-5.3683,-7.5791,-18.7853,-10.5177,-22.8659,-50.6221,-13.128
AI,A4,BlueSky_360p25_v2.y4m,v06.0.0,-12.6174,-25.0363,-55.3429,-15.2903,-15.1903,-13.4315,-7.318,-6.9221,-11.3253,-23.3764,-12.6123,-25.0435,-55.3047,-15.3425
AI,A4,BlueSky_360p25_v2.y4m,v07.0.0,-13.4148,-26.1907,-58.3023,-16.4096,-15.9123,-14.3046,-8.5013,-8.129,-12.2414,-25.0268,-13.4116,-26.197,-58.2864,-16.5261
AI,A4,BlueSky_360p25_v2.y4m,v08.0.0,-15.6048,-37.5811,-62.8264,-19.277,-17.9966,-16.3509,-9.6835,-9.4413,-14.6504,-30.0514,-15.6017,-37.5703,-62.802,-19.4543
AI,A4,BlueSky_360p25_v2.y4m,v09.0.0,-17.2789,-39.9761,-64.3943,-21.0089,-18.6576,-16.9478,-13.2354,-13.2806,-16.5211,-31.6796,-17.275,-39.9708,-64.378,-20.9745
AI,A4,BlueSky_360p25_v2.y4m,v10.0.0,-17.0349,-39.0881,-62.7561,-20.6183,-18.0704,-15.9705,-14.3331,-13.9485,-15.5,-30.9199,-17.0328,-39.0912,-62.7404,-20.6211
AI,A4,BlueSky_360p25_v2.y4m,v11.0.0,-16.8449,-39.6366,-63.1815,-20.5106,-17.8974,-15.8511,-13.7498,-13.3544,-15.3853,-31.4436,-16.8408,-39.6377,-63.1654,-20.4896
AI,A4,BlueSky_360p25_v2.y4m,v12.0.0,-16.8163,-39.0265,-62.4241,-20.387,-17.8722,-15.9045,-13.5922,-13.1915,-15.2447,-31.0204,-16.814,-39.0291,-62.4151,-20.3505
AI,A4,BlueSky_360p25_v2.y4m,v13.0.0,-16.9872,-38.7776,-62.2821,-20.5703,-18.2168,-16.0991,-14.5424,-14.1419,-15.4372,-31.4033,-16.9827,-38.7816,-62.2658,-20.5347
AI,A4,BlueSky_360p25_v2.y4m,v14.0.0,-17.0965,-38.8429,-62.3374,-20.6745,-18.3191,-16.224,-14.7861,-14.38,-15.5635,-31.5062,-17.0921,-38.8469,-62.3211,-20.6422
AI,A4,BlueSky_360p25_v2.y4m,v15.0.0,-17.0965,-38.8429,-62.3374,-20.6745,-18.3191,-16.224,-14.7861,-14.38,-15.5635,-31.5062,-17.0921,-38.8469,-62.3211,-20.6422
AI,A4,RedKayak_360_2997.y4m,v02.0.0,-3.9657,-19.1172,-22.6241,-5.3694,-6.9185,-7.5052,-7.2404,-6.9033,-5.9893,-7.5211,-3.9602,-19.1192,-21.7443,-4.5303
AI,A4,RedKayak_360_2997.y4m,v03.0.0,-6.2936,-21.6481,-26.4292,-7.7226,-10.0284,-9.0644,-7.7211,-7.1401,-7.1794,-10.4245,-6.2834,-21.5863,-25.7389,-6.8822
AI,A4,RedKayak_360_2997.y4m,v04.0.0,-8.2592,-22.7391,-37.4475,-10.0563,-12.0504,-10.7581,-9.9549,-9.4033,-8.8769,-12.6454,-8.2481,-22.7037,-36.1702,-8.9143
AI,A4,RedKayak_360_2997.y4m,v05.0.0,-8.7518,-32.6015,-37.4285,-11.0258,-12.4059,-11.1754,-11.1346,-10.4165,-9.5097,-15.3551,-8.7512,-32.5047,-36.6886,-9.8056
AI,A4,RedKayak_360_2997.y4m,v06.0.0,-10.5107,-43.3197,-46.4832,-13.671,-14.1706,-13.5184,-13.4956,-12.7969,-13.3448,-21.9389,-10.5104,-43.2362,-44.7852,-11.8777
AI,A4,RedKayak_360_2997.y4m,v07.0.0,-11.0116,-47.9917,-46.0026,-14.4025,-14.6445,-13.6008,-13.5489,-13.0709,-13.6314,-23.1199,-11.0033,-47.9399,-44.9429,-12.4853
AI,A4,RedKayak_360_2997.y4m,v08.0.0,-11.32,-48.2379,-46.8077,-14.7262,-15.0567,-13.9221,-14.231,-13.5742,-14.0777,-23.5272,-11.3046,-48.2395,-46.2029,-12.7979
AI,A4,RedKayak_360_2997.y4m,v09.0.0,-12.2646,-47.8325,-46.2554,-15.5462,-15.1953,-14.8848,-15.9747,-15.7554,-15.7032,-24.0264,-12.2565,-47.7491,-45.1459,-13.6724
AI,A4,RedKayak_360_2997.y4m,v10.0.0,-12.6275,-45.4447,-44.4701,-15.6743,-15.261,-14.818,-17.5856,-16.7284,-15.5196,-23.6931,-12.6102,-45.3293,-43.598,-13.892
AI,A4,RedKayak_360_2997.y4m,v11.0.0,-12.5962,-44.7452,-47.4008,-15.6729,-15.2569,-14.734,-17.1415,-16.5526,-15.4802,-23.6821,-12.5861,-44.5849,-46.4776,-13.8483
AI,A4,RedKayak_360_2997.y4m,v12.0.0,-12.6019,-45.4684,-45.3362,-15.6089,-15.2311,-14.7768,-17.6615,-16.9221,-15.5531,-23.9079,-12.5871,-45.3034,-43.8278,-13.851
AI,A4,RedKayak_360_2997.y4m,v13.0.0,-12.9815,-46.053,-43.3475,-15.8991,-15.7445,-15.416,-17.5405,-16.9577,-15.9932,-24.1161,-12.9656,-45.8251,-42.58,-14.2341
AI,A4,RedKayak_360_2997.y4m,v14.0.0,-13.1218,-46.2157,-43.614,-16.0472,-15.8532,-15.5953,-17.9171,-17.3255,-16.1692,-24.2995,-13.1059,-45.9894,-42.8536,-14.3768
AI,A4,RedKayak_360_2997.y4m,v15.0.0,-13.1218,-46.2157,-43.614,-16.0472,-15.8532,-15.5953,-17.9171,-17.3255,-16.1692,-24.2995,-13.1059,-45.9894,-42.8536,-14.3768
AI,A4,SnowMountain_640x360_2997.y4m,v02.0.0,-4.7545,-42.3877,-58.3907,-8.3044,-6.8088,-6.2775,-5.2658,-5.107,-5.0879,-9.2006,-4.7389,-42.5071,-58.561,-5.686
AI,A4,SnowMountain_640x360_2997.y4m,v03.0.0,-8.013,-46.1122,-62.6309,-11.6153,-9.454,-8.0746,-7.8704,-7.2574,-7.7165,-12.151,-8.008,-46.2523,-62.7434,-9.0026
AI,A4,SnowMountain_640x360_2997.y4m,v04.0.0,-9.8928,-53.6411,-65.1039,-13.8763,-11.3474,-10.3822,-9.9435,-9.2101,-10.1196,-16.7479,-9.8886,-53.7482,-65.1613,-11.1169
AI,A4,SnowMountain_640x360_2997.y4m,v05.0.0,-10.5603,-56.5544,-71.2297,-14.9982,-11.6867,-10.8194,-10.7409,-10.0039,-10.8014,-17.1426,-10.5594,-56.6475,-71.2286,-12.007
AI,A4,SnowMountain_640x360_2997.y4m,v06.0.0,-11.7288,-64.8201,-72.3379,-16.6659,-12.9824,-12.2972,-12.7655,-12.0088,-13.2255,-20.5534,-11.7272,-64.8956,-72.3453,-13.3571
AI,A4,SnowMountain_640x360_2997.y4m,v07.0.0,-12.2078,-66.1051,-73.7745,-17.3669,-13.4816,-12.6685,-13.1953,-12.3362,-13.7075,-22.2484,-12.2064,-66.1697,-73.7766,-13.9049
AI,A4,SnowMountain_640x360_2997.y4m,v08.0.0,-12.398,-65.0405,-72.3792,-17.4594,-13.7542,-12.8669,-13.1263,-12.3833,-13.9118,-22.3258,-12.3971,-65.1147,-72.377,-14.0825
AI,A4,SnowMountain_640x360_2997.y4m,v09.0.0,-14.1728,-64.0996,-73.8165,-18.93,-14.6888,-13.8402,-16.509,-15.9594,-16.6157,-22.8635,-14.1724,-64.1052,-73.8395,-15.8016
AI,A4,SnowMountain_640x360_2997.y4m,v10.0.0,-14.0534,-66.4272,-71.6848,-18.8223,-14.3879,-13.8371,-19.2956,-17.719,-16.4719,-22.819,-14.0532,-66.484,-71.7076,-15.5886
AI,A4,SnowMountain_640x360_2997.y4m,v11.0.0,-13.9999,-66.961,-75.9844,-19.1155,-14.2848,-13.6901,-18.7828,-17.3641,-16.4748,-23.755,-13.9995,-66.9822,-76.0389,-15.5664
AI,A4,SnowMountain_640x360_2997.y4m,v12.0.0,-13.9998,-66.9457,-76.4093,-19.1178,-14.2495,-13.6468,-18.8049,-17.3198,-16.4628,-23.7235,-13.9995,-66.98,-76.4772,-15.56
AI,A4,SnowMountain_640x360_2997.y4m,v13.0.0,-14.3544,-67.024,-73.1832,-19.2064,-14.7364,-14.4186,-19.5896,-17.9951,-16.9492,-23.9623,-14.3539,-67.0396,-73.194,-15.9051
AI,A4,SnowMountain_640x360_2997.y4m,v14.0.0,-14.4278,-67.0699,-73.2303,-19.278,-14.8023,-14.5028,-19.7524,-18.1574,-17.0389,-24.0435,-14.4273,-67.0854,-73.2414,-15.9789
AI,A4,SnowMountain_640x360_2997.y4m,v15.0.0,-14.4278,-67.0699,-73.2303,-19.278,-14.8023,-14.5028,-19.7524,-18.1574,-17.0389,-24.0435,-14.4273,-67.0854,-73.2414,-15.9789
AI,A4,SpeedBag_640x360_2997.y4m,v02.0.0,-5.6539,-7.6811,-14.1033,-6.1762,-6.5842,-4.7926,-7.353,-7.6473,-3.9874,-7.1055,-5.674,-7.6829,-13.9444,-6.1753
AI,A4,SpeedBag_640x360_2997.y4m,v03.0.0,-8.0248,-8.9391,-16.9105,-8.5136,-9.265,-6.2417,-9.4084,-9.6467,-5.7466,-8.1883,-8.0517,-8.9326,-16.7234,-8.4986
AI,A4,SpeedBag_640x360_2997.y4m,v04.0.0,-10.7499,-12.2063,-23.2968,-11.4685,-12.1277,-8.6399,-10.7436,-11.1694,-8.628,-11.7127,-10.7665,-12.125,-23.1104,-11.4713
AI,A4,SpeedBag_640x360_2997.y4m,v05.0.0,-13.2174,-18.4568,-24.3987,-14.0579,-14.7373,-10.782,-13.8191,-14.2569,-11.0368,-14.9559,-13.2298,-18.4486,-24.2741,-14.1854
AI,A4,SpeedBag_640x360_2997.y4m,v06.0.0,-16.3378,-23.9111,-29.0724,-17.4283,-17.5425,-13.7258,-17.268,-17.2907,-15.5248,-20.5538,-16.3481,-23.9047,-28.9488,-17.6329
AI,A4,SpeedBag_640x360_2997.y4m,v07.0.0,-17.5532,-27.5126,-31.3374,-18.8299,-18.6622,-14.7557,-18.2435,-18.3952,-16.6178,-22.9791,-17.5612,-27.5421,-31.1114,-19.0343
AI,A4,SpeedBag_640x360_2997.y4m,v08.0.0,-18.0289,-27.7077,-32.0529,-19.2978,-19.2655,-15.1494,-18.3999,-18.5246,-17.1002,-23.4832,-18.038,-27.7385,-31.93,-19.489
AI,A4,SpeedBag_640x360_2997.y4m,v09.0.0,-19.6476,-27.9533,-31.4076,-20.72,-20.7169,-17.0533,-19.9235,-20.0673,-19.0708,-24.2109,-19.6628,-27.9642,-31.2553,-20.9155
AI,A4,SpeedBag_640x360_2997.y4m,v10.0.0,-20.3087,-26.5944,-29.82,-21.1597,-21.6535,-17.4248,-23.364,-22.5744,-19.1503,-23.4321,-20.3319,-26.5633,-29.6273,-21.3532
AI,A4,SpeedBag_640x360_2997.y4m,v11.0.0,-20.3897,-25.0958,-29.2073,-21.1191,-21.729,-17.4169,-22.5484,-22.1955,-19.0441,-22.7986,-20.4122,-25.0982,-29.0069,-21.3039
AI,A4,SpeedBag_640x360_2997.y4m,v12.0.0,-20.4586,-25.0613,-29.0504,-21.1667,-21.7504,-17.4828,-22.9636,-22.4902,-19.0717,-22.8332,-20.4727,-25.0373,-28.7381,-21.347
AI,A4,SpeedBag_640x360_2997.y4m,v13.0.0,-20.0707,-25.6551,-28.5436,-20.8287,-21.2887,-17.1307,-22.2813,-21.8441,-18.7515,-22.7523,-20.0939,-25.6494,-28.3646,-21.0426
AI,A4,SpeedBag_640x360_2997.y4m,v14.0.0,-20.4635,-26.0375,-28.9009,-21.2191,-21.6766,-17.5308,-22.876,-22.4186,-19.1323,-23.1764,-20.487,-26.0323,-28.7234,-21.4351
AI,A4,SpeedBag_640x360_2997.y4m,v15.0.0,-20.4635,-26.0375,-28.9009,-21.2191,-21.6766,-17.5308,-22.876,-22.4186,-19.1323,-23.1764,-20.487,-26.0323,-28.7234,-21.4351
AI,A4,Stockholm_640x360_5994.y4m,v02.0.0,-2.8405,-23.8494,-20.7289,-4.4883,-4.3172,-4.0452,-3.0273,-2.9076,-2.6889,-10.2818,-2.8398,-23.8389,-20.7848,-3.9695
AI,A4,Stockholm_640x360_5994.y4m,v03.0.0,-4.3243,-28.1406,-23.8251,-6.1886,-6.205,-5.4386,-4.2737,-3.9228,-3.7379,-12.0789,-4.3239,-28.1554,-23.8893,-5.5862
AI,A4,Stockholm_640x360_5994.y4m,v04.0.0,-7.4856,-37.7918,-34.4765,-10.0621,-9.6914,-8.4631,-6.4328,-6.1396,-6.9804,-17.1413,-7.4841,-37.7992,-34.5145,-9.3708
AI,A4,Stockholm_640x360_5994.y4m,v05.0.0,-8.8694,-44.9686,-35.3424,-11.7628,-11.0566,-9.6723,-8.1076,-7.852,-8.3369,-19.9712,-8.8685,-44.9751,-35.3802,-11.0614
AI,A4,Stockholm_640x360_5994.y4m,v06.0.0,-10.554,-48.8466,-39.7634,-13.7502,-12.7168,-11.0428,-10.1875,-9.7954,-11.6511,-23.7101,-10.5529,-48.8411,-39.785,-12.989
AI,A4,Stockholm_640x360_5994.y4m,v07.0.0,-11.4208,-52.1545,-40.0721,-14.768,-13.6488,-11.9185,-11.4324,-10.9591,-12.4667,-24.8262,-11.4196,-52.1547,-40.1,-13.99
AI,A4,Stockholm_640x360_5994.y4m,v08.0.0,-12.8284,-53.4178,-42.022,-16.2055,-15.194,-13.2224,-12.6109,-12.1981,-13.8331,-26.4866,-12.8273,-53.4165,-42.0538,-15.3986
AI,A4,Stockholm_640x360_5994.y4m,v09.0.0,-14.2955,-54.2958,-42.416,-17.6119,-15.9844,-14.7144,-14.6006,-14.4202,-15.6989,-27.7691,-14.2935,-54.291,-42.4499,-16.7347
AI,A4,Stockholm_640x360_5994.y4m,v10.0.0,-14.5971,-52.9461,-41.3262,-17.7374,-15.8769,-14.4664,-16.566,-15.6389,-15.3799,-27.3271,-14.596,-52.9359,-41.3645,-16.8466
AI,A4,Stockholm_640x360_5994.y4m,v11.0.0,-14.5123,-53.1441,-41.2589,-17.7059,-15.7121,-14.4746,-16.4507,-15.6205,-15.4137,-27.4657,-14.5107,-53.135,-41.2943,-16.7805
AI,A4,Stockholm_640x360_5994.y4m,v12.0.0,-14.4501,-52.8059,-41.1814,-17.6134,-15.6848,-14.3927,-16.0108,-15.3092,-15.3414,-27.4216,-14.4478,-52.7959,-41.2107,-16.6975
AI,A4,Stockholm_640x360_5994.y4m,v13.0.0,-14.451,-53.7133,-41.2551,-17.6766,-15.676,-14.5163,-16.0747,-15.2575,-15.4444,-27.6814,-14.4483,-53.7006,-41.2875,-16.7314
AI,A4,Stockholm_640x360_5994.y4m,v14.0.0,-14.5889,-53.8024,-41.3602,-17.8103,-15.795,-14.6756,-16.3619,-15.5389,-15.5834,-27.8243,-14.5862,-53.7898,-41.3927,-16.8689
AI,A4,Stockholm_640x360_5994.y4m,v15.0.0,-14.5889,-53.8024,-41.3602,-17.8103,-15.795,-14.6756,-16.3619,-15.5389,-15.5834,-27.8243,-14.5862,-53.7898,-41.3927,-16.8689
AI,A4,TouchdownPass_640x360_2997.y4m,v02.0.0,-1.893,-16.7964,-7.1986,-2.958,-2.6549,-1.7858,-2.5092,-2.5457,-0.7155,-7.4016,-1.8888,-16.7497,-7.1505,-2.4101
AI,A4,TouchdownPass_640x360_2997.y4m,v03.0.0,-3.9216,-21.2586,-12.8171,-5.2993,-4.3417,-3.0712,-4.9481,-4.0714,-2.2589,-10.092,-3.9174,-21.2753,-12.7863,-4.5976
AI,A4,TouchdownPass_640x360_2997.y4m,v04.0.0,-6.0197,-21.5161,-17.7313,-7.4252,-6.5771,-5.1735,-6.3356,-5.7165,-4.2401,-11.9243,-6.0148,-21.498,-17.7096,-6.7125
AI,A4,TouchdownPass_640x360_2997.y4m,v05.0.0,-7.032,-25.4216,-20.4689,-8.6938,-7.2286,-5.8183,-7.4579,-6.7806,-5.1048,-13.0674,-7.0275,-25.3885,-20.454,-7.873
AI,A4,TouchdownPass_640x360_2997.y4m,v06.0.0,-9.2661,-33.9514,-23.7522,-11.3945,-8.6647,-7.6473,-10.2963,-9.236,-9.0544,-18.7988,-9.2596,-33.9529,-23.7255,-10.3622
AI,A4,TouchdownPass_640x360_2997.y4m,v07.0.0,-10.0229,-42.4222,-22.1595,-12.5451,-9.3187,-8.1418,-10.2789,-9.402,-9.7897,-21.7416,-10.0165,-42.4116,-22.1616,-11.2746
AI,A4,TouchdownPass_640x360_2997.y4m,v08.0.0,-10.4905,-42.8567,-22.0886,-12.994,-10.0191,-8.7093,-11.5016,-10.6973,-10.1261,-22.2984,-10.4825,-42.8302,-22.0686,-11.7292
AI,A4,TouchdownPass_640x360_2997.y4m,v09.0.0,-12.0161,-44.7251,-24.7674,-14.7441,-11.0444,-11.0122,-14.1366,-13.4835,-12.7675,-24.916,-12.0114,-44.717,-24.7253,-13.3156
AI,A4,TouchdownPass_640x360_2997.y4m,v10.0.0,-12.7328,-42.8142,-21.9667,-15.2281,-11.2056,-11.2166,-17.593,-15.7386,-12.8478,-24.8951,-12.7219,-42.8024,-21.9363,-13.8949
AI,A4,TouchdownPass_640x360_2997.y4m,v11.0.0,-12.7713,-43.9298,-22.2469,-15.1454,-11.3194,-11.3248,-17.8737,-15.8219,-12.8632,-24.7704,-12.763,-43.9293,-22.2134,-13.8938
AI,A4,TouchdownPass_640x360_2997.y4m,v12.0.0,-12.7322,-42.9739,-22.3347,-15.0939,-11.3816,-11.4428,-17.7581,-15.8191,-12.8952,-24.6364,-12.7226,-42.9945,-22.2687,-13.8428
AI,A4,TouchdownPass_640x360_2997.y4m,v13.0.0,-12.7922,-42.497,-21.4785,-15.2204,-11.3851,-11.4573,-17.5922,-15.7717,-13.0043,-24.9461,-12.7856,-42.5051,-21.4418,-13.9252
AI,A4,TouchdownPass_640x360_2997.y4m,v14.0.0,-13.0063,-42.6462,-21.6553,-15.4277,-11.4827,-11.6025,-17.9516,-16.1312,-13.2011,-25.1106,-12.9997,-42.6548,-21.6192,-14.1381
AI,A4,TouchdownPass_640x360_2997.y4m,v15.0.0,-13.0063,-42.6462,-21.6553,-15.4277,-11.4827,-11.6025,-17.9516,-16.1312,-13.2011,-25.1106,-12.9997,-42.6548,-21.6192,-14.1381
AI,A5,FourPeople_480x270_60.y4m,v02.0.0,-3.4725,-9.329,-10.6819,-4.0693,-4.9494,-4.8025,-5.1629,-5.2243,-5.2316,-10.5628,-3.4729,-9.3507,-10.7159,-4.0573
AI,A5,FourPeople_480x270_60.y4m,v03.0.0,-5.1384,-9.2552,-11.7719,-5.6179,-6.8649,-5.8738,-4.1834,-4.3537,-5.8391,-11.7406,-5.1383,-9.2809,-11.8017,-5.5944
AI,A5,FourPeople_480x270_60.y4m,v04.0.0,-7.8226,-15.3473,-16.7566,-8.5743,-9.9156,-8.4391,-6.044,-6.1241,-8.5743,-14.8502,-7.8219,-15.3406,-16.7674,-8.5531
AI,A5,FourPeople_480x270_60.y4m,v05.0.0,-9.8298,-18.6253,-19.0526,-10.6703,-11.8536,-10.3351,-8.5801,-8.5294,-10.5963,-16.9645,-9.8297,-18.6362,-19.0687,-10.6787
AI,A5,FourPeople_480x270_60.y4m,v06.0.0,-11.3639,-24.3726,-23.7014,-12.5585,-13.8212,-11.8313,-9.8963,-9.7319,-12.0345,-21.0267,-11.3638,-24.3859,-23.7208,-12.5074
AI,A5,FourPeople_480x270_60.y4m,v07.0.0,-12.2993,-26.1321,-23.8046,-13.5073,-15.0552,-13.129,-11.3763,-11.3164,-13.0315,-22.5656,-12.2991,-26.1385,-23.8238,-13.4889
AI,A5,FourPeople_480x270_60.y4m,v08.0.0,-12.8949,-25.967,-23.5043,-14.0227,-15.8923,-13.9105,-12.5874,-12.4233,-13.5321,-22.8051,-12.8945,-25.9659,-23.4987,-14.0255
AI,A5,FourPeople_480x270_60.y4m,v09.0.0,-13.9059,-25.1077,-23.204,-14.8752,-16.4876,-14.9351,-14.0613,-13.977,-14.7832,-23.4379,-13.9053,-25.1065,-23.2226,-14.8711
AI,A5,FourPeople_480x270_60.y4m,v10.0.0,-14.7719,-23.5168,-21.368,-15.5002,-16.8218,-14.8794,-18.1829,-16.4966,-14.8427,-22.5451,-14.7716,-23.5132,-21.3708,-15.522
AI,A5,FourPeople_480x270_60.y4m,v11.0.0,-15.1342,-23.2457,-21.3038,-15.8091,-17.2486,-15.23,-18.5368,-17.0759,-15.0828,-22.8218,-15.1343,-23.2517,-21.3066,-15.8537
AI,A5,FourPeople_480x270_60.y4m,v12.0.0,-15.0611,-23.3478,-21.2674,-15.7473,-17.2046,-15.2891,-18.9524,-17.3565,-15.0887,-22.8452,-15.0612,-23.3457,-21.2748,-15.7803
AI,A5,FourPeople_480x270_60.y4m,v13.0.0,-14.9197,-23.8424,-21.2014,-15.624,-17.0548,-15.1403,-18.6458,-17.0782,-14.9357,-22.8211,-14.9196,-23.8467,-21.2114,-15.6613
AI,A5,FourPeople_480x270_60.y4m,v14.0.0,-15.0923,-23.9898,-21.3599,-15.7947,-17.2163,-15.3373,-18.9843,-17.4108,-15.1302,-23.0035,-15.0921,-23.994,-21.3699,-15.8353
AI,A5,FourPeople_480x270_60.y4m,v15.0.0,-15.0601,-23.9623,-21.3304,-15.7629,-17.1862,-15.3006,-18.9213,-17.3489,-15.094,-22.9695,-15.06,-23.9666,-21.3403,-15.8029
AI,A5,ParkJoy_480x270_50.y4m,v02.0.0,-1.5173,-3.9872,-12.4609,-1.9617,-3.1249,-3.2444,-1.377,-1.2047,-2.7388,-3.9802,-1.5052,-4.0396,-12.6809,-1.8103
AI,A5,ParkJoy_480x270_50.y4m,v03.0.0,-2.5413,-3.8803,-15.7672,-3.0091,-4.1975,-3.8789,-1.7591,-1.4254,-2.9455,-4.4458,-2.5332,-3.892,-15.9666,-2.8038
AI,A5,ParkJoy_480x270_50.y4m,v04.0.0,-4.7855,-10.5372,-22.5191,-5.6334,-6.8926,-6.4883,-3.6866,-3.349,-5.5279,-8.2803,-4.7737,-10.4765,-22.6281,-5.5073
AI,A5,ParkJoy_480x270_50.y4m,v05.0.0,-5.4796,-12.8004,-20.7991,-6.3074,-7.4506,-7.0542,-4.8731,-4.5182,-6.1705,-9.5461,-5.4605,-12.7786,-20.9917,-6.2286
AI,A5,ParkJoy_480x270_50.y4m,v06.0.0,-6.116,-16.8608,-23.9575,-7.1934,-8.0219,-7.6741,-6.0499,-5.8009,-7.3957,-11.6506,-6.0933,-16.8348,-24.1546,-7.1446
AI,A5,ParkJoy_480x270_50.y4m,v07.0.0,-7.1395,-19.5131,-23.1786,-8.2571,-9.0313,-8.7507,-7.8163,-7.4074,-8.4021,-14.8589,-7.1205,-19.4526,-23.388,-8.2582
AI,A5,ParkJoy_480x270_50.y4m,v08.0.0,-7.3299,-19.4336,-23.5978,-8.4403,-9.3813,-9.1429,-7.6238,-7.4204,-8.7332,-15.1616,-7.3058,-19.3768,-23.7952,-8.4595
AI,A5,ParkJoy_480x270_50.y4m,v09.0.0,-8.9206,-18.8681,-21.6974,-9.8128,-10.5221,-10.9034,-12.4652,-11.8983,-10.912,-15.9979,-8.8899,-18.8048,-21.9074,-9.7859
AI,A5,ParkJoy_480x270_50.y4m,v10.0.0,-9.243,-18.735,-18.0593,-10.0017,-9.8225,-10.0702,-12.9267,-12.2857,-10.711,-16.0199,-9.2119,-18.6887,-18.2726,-10.0384
AI,A5,ParkJoy_480x270_50.y4m,v11.0.0,-9.2678,-18.0757,-18.9306,-10.0259,-9.8735,-10.1829,-13.7748,-12.9421,-10.7551,-16.0633,-9.2385,-18.033,-19.0814,-10.0268
AI,A5,ParkJoy_480x270_50.y4m,v12.0.0,-9.2845,-17.9447,-19.5747,-10.0539,-9.8346,-10.0986,-13.4447,-12.7029,-10.8086,-16.3048,-9.2483,-17.861,-19.783,-10.0258
AI,A5,ParkJoy_480x270_50.y4m,v13.0.0,-9.1869,-18.2489,-18.1061,-9.9347,-9.9067,-10.1457,-13.5704,-12.7775,-10.6593,-16.0157,-9.1595,-18.1843,-18.2382,-9.9386
AI,A5,ParkJoy_480x270_50.y4m,v14.0.0,-9.3518,-18.4183,-18.3132,-10.1011,-10.0526,-10.3631,-14.0126,-13.2108,-10.8887,-16.2069,-9.3238,-18.3541,-18.4466,-10.1077
AI,A5,ParkJoy_480x270_50.y4m,v15.0.0,-9.3214,-18.3871,-18.2751,-10.0704,-10.0258,-10.3231,-13.9312,-13.131,-10.8464,-16.1717,-9.2936,-18.3228,-18.4082,-10.0765
AI,A5,SparksElevator_480x270p_5994_10bit.y4m,v02.0.0,-2.3184,-19.847,-7.2711,-3.3551,-3.3146,-2.7233,-1.8156,-1.9763,-3.9035,-6.1963,-2.3171,-19.9086,-7.2884,-2.834
AI,A5,SparksElevator_480x270p_5994_10bit.y4m,v03.0.0,-3.7799,-20.3842,-7.7541,-4.7207,-4.0793,-3.6422,-3.7117,-3.5312,-4.8922,-8.3226,-3.7785,-20.4211,-7.8026,-4.2493
AI,A5,SparksElevator_480x270p_5994_10bit.y4m,v04.0.0,-5.7234,-30.9727,-12.9248,-7.3083,-6.1621,-5.7965,-7.0535,-6.2012,-7.4442,-12.0517,-5.7182,-30.986,-12.939,-6.5173
AI,A5,SparksElevator_480x270p_5994_10bit.y4m,v05.0.0,-7.6895,-33.1942,-13.9131,-9.2462,-8.0555,-7.3714,-8.6722,-8.0492,-8.8664,-14.0337,-7.6876,-33.178,-13.9359,-8.4757
AI,A5,SparksElevator_480x270p_5994_10bit.y4m,v06.0.0,-9.0008,-34.3107,-15.1271,-10.5515,-9.4517,-8.9244,-10.5518,-9.9029,-10.5912,-15.675,-8.9984,-34.3524,-15.165,-9.795
AI,A5,SparksElevator_480x270p_5994_10bit.y4m,v07.0.0,-9.8269,-37.4318,-15.4496,-11.5049,-10.3656,-9.6973,-10.8866,-10.5934,-11.3793,-16.9358,-9.8244,-37.3894,-15.4441,-10.6457
AI,A5,SparksElevator_480x270p_5994_10bit.y4m,v08.0.0,-11.6397,-38.6077,-15.0738,-13.1766,-11.9783,-11.2814,-11.5802,-11.2117,-12.8845,-18.2847,-11.6373,-38.5497,-15.092,-12.3706
AI,A5,SparksElevator_480x270p_5994_10bit.y4m,v09.0.0,-12.7542,-36.5741,-12.9574,-13.9557,-12.2527,-13.0992,-14.6865,-14.6581,-14.8561,-18.4799,-12.755,-36.5955,-12.969,-13.279
AI,A5,SparksElevator_480x270p_5994_10bit.y4m,v10.0.0,-13.1743,-38.2308,-13.999,-14.5193,-12.0083,-13.5322,-17.7358,-16.8669,-15.2132,-19.9817,-13.172,-38.172,-13.9951,-13.7026
AI,A5,SparksElevator_480x270p_5994_10bit.y4m,v11.0.0,-13.3075,-34.0241,-11.7069,-14.2462,-12.2194,-13.6538,-18.3257,-17.6426,-15.2839,-18.5547,-13.3057,-33.8909,-11.7488,-13.6934
AI,A5,SparksElevator_480x270p_5994_10bit.y4m,v12.0.0,-13.3036,-34.3295,-12.2894,-14.2744,-11.9575,-13.646,-18.3694,-17.3488,-15.2223,-18.8012,-13.3001,-34.1159,-12.3018,-13.7006
AI,A5,SparksElevator_480x270p_5994_10bit.y4m,v13.0.0,-13.4891,-33.7245,-11.8277,-14.399,-12.6265,-13.8336,-18.2665,-17.1969,-15.3577,-19.1129,-13.4889,-33.3557,-11.8676,-13.8725
AI,A5,SparksElevator_480x270p_5994_10bit.y4m,v14.0.0,-13.8014,-34.0494,-12.2324,-14.7167,-12.9034,-14.1588,-18.8649,-17.7874,-15.6737,-19.4578,-13.8012,-33.6879,-12.2722,-14.1899
AI,A5,SparksElevator_480x270p_5994_10bit.y4m,v15.0.0,-13.8014,-34.0494,-12.2324,-14.7167,-12.9034,-14.1588,-18.8649,-17.7874,-15.6737,-19.4578,-13.8012,-33.6879,-12.2722,-14.1899
AI,A5,Vertical_Bayshore_270x480_2997.y4m,v02.0.0,-3.6722,-29.3712,-28.9093,-6.5251,-3.394,-3.9632,-6.34,-6.6952,-5.6958,-11.4267,-3.6666,-29.4376,-28.9362,-4.397
AI,A5,Vertical_Bayshore_270x480_2997.y4m,v03.0.0,-4.7958,-31.5302,-30.7518,-7.7689,-4.4244,-5.174,-6.2644,-6.8578,-6.7442,-12.3306,-4.788,-31.9013,-30.8353,-5.5491
AI,A5,Vertical_Bayshore_270x480_2997.y4m,v04.0.0,-7.4858,-35.709,-34.0818,-10.6155,-7.0402,-7.6897,-10.1328,-10.9871,-9.1013,-14.3915,-7.4749,-35.9823,-34.1654,-8.2935
AI,A5,Vertical_Bayshore_270x480_2997.y4m,v05.0.0,-11.0886,-38.7525,-38.9743,-14.2857,-10.0668,-10.7325,-17.7532,-17.5913,-12.5591,-18.1234,-11.0817,-38.9887,-39.0212,-11.9177
AI,A5,Vertical_Bayshore_270x480_2997.y4m,v06.0.0,-12.3901,-45.298,-40.8385,-16.0238,-11.2416,-12.1623,-19.4839,-19.6927,-14.2229,-20.9894,-12.3781,-45.5103,-40.9887,-13.3127
AI,A5,Vertical_Bayshore_270x480_2997.y4m,v07.0.0,-13.8534,-48.0533,-42.2436,-17.5936,-12.7251,-13.5709,-21.2492,-21.6053,-15.779,-22.6988,-13.8448,-48.1979,-42.2876,-14.7942
AI,A5,Vertical_Bayshore_270x480_2997.y4m,v08.0.0,-14.2262,-50.4715,-42.7816,-18.1264,-13.2588,-14.1654,-22.5901,-22.8565,-16.279,-23.6011,-14.2137,-50.5283,-42.8083,-15.182
AI,A5,Vertical_Bayshore_270x480_2997.y4m,v09.0.0,-16.4004,-48.6854,-40.9873,-19.756,-15.4129,-16.0423,-24.3281,-24.4858,-17.9046,-24.7843,-16.3948,-48.7912,-41.0297,-17.2406
AI,A5,Vertical_Bayshore_270x480_2997.y4m,v10.0.0,-16.9923,-47.4383,-39.3556,-20.2076,-15.7766,-16.5856,-26.8983,-26.1278,-18.6653,-24.0761,-16.9863,-47.6867,-39.3032,-17.799
AI,A5,Vertical_Bayshore_270x480_2997.y4m,v11.0.0,-17.1445,-43.3055,-40.1596,-20.0993,-15.6904,-16.7146,-28.4797,-27.3306,-18.8245,-23.7618,-17.1367,-43.3345,-40.0673,-17.8999
AI,A5,Vertical_Bayshore_270x480_2997.y4m,v12.0.0,-17.1259,-42.2474,-38.6812,-19.914,-15.5517,-16.5793,-27.4082,-26.4329,-18.6169,-23.5929,-17.1225,-42.4237,-38.6132,-17.8507
AI,A5,Vertical_Bayshore_270x480_2997.y4m,v13.0.0,-16.5467,-41.4595,-38.884,-19.355,-15.3815,-16.0992,-26.1423,-24.9685,-17.9768,-22.6313,-16.539,-41.5877,-38.7878,-17.2705
AI,A5,Vertical_Bayshore_270x480_2997.y4m,v14.0.0,-16.9577,-41.9948,-39.3696,-19.7848,-15.6443,-16.4901,-22.5047,-21.304,-18.4467,-23.0895,-16.9498,-42.1204,-39.2738,-17.6872
AI,A5,Vertical_Bayshore_270x480_2997.y4m,v15.0.0,-16.8812,-41.8955,-39.2795,-19.7048,-15.5953,-16.4174,-22.3239,-21.1266,-18.3593,-23.0043,-16.8733,-42.0216,-39.1836,-17.6096
AI,B1,CosmosTreeTrunk_sdr_2048x858_25_8bit.y4m,v02.0.0,-3.2663,-8.3026,-13.3877,-4.0433,-0.9046,-3.3935,-4.3021,-4.0505,-0.9838,-5.117,-3.2689,-8.3304,-13.4483,-3.7657
AI,B1,CosmosTreeTrunk_sdr_2048x858_25_8bit.y4m,v03.0.0,-5.3615,-13.2502,-20.4038,-6.5491,-1.9232,-4.7302,-4.7147,-4.4218,-2.4735,-8.085,-5.3712,-13.2748,-20.5053,-6.1225
AI,B1,CosmosTreeTrunk_sdr_2048x858_25_8bit.y4m,v04.0.0,-7.81,-16.9142,-26.3815,-9.2565,-4.3886,-7.104,-7.1926,-6.8128,-4.925,-10.7365,-7.8217,-16.9294,-26.4541,-8.7877
AI,B1,CosmosTreeTrunk_sdr_2048x858_25_8bit.y4m,v05.0.0,-8.8981,-19.2329,-26.9971,-10.388,-5.4296,-7.9426,-8.5275,-8.0398,-5.8875,-11.8474,-8.9104,-19.2425,-27.0797,-9.9195
AI,B1,CosmosTreeTrunk_sdr_2048x858_25_8bit.y4m,v06.0.0,-11.7244,-25.1831,-37.23,-13.8565,-10.8798,-11.0678,-11.8542,-11.2877,-11.0319,-19.4607,-11.7365,-25.2006,-37.3099,-13.1635
AI,B1,CosmosTreeTrunk_sdr_2048x858_25_8bit.y4m,v07.0.0,-12.6653,-30.6397,-39.8673,-15.2467,-11.5043,-11.8162,-12.875,-12.3525,-11.9685,-22.0656,-12.6764,-30.6454,-39.9373,-14.3917
AI,B1,CosmosTreeTrunk_sdr_2048x858_25_8bit.y4m,v08.0.0,-13.1665,-33.0308,-42.1256,-15.9965,-12.0646,-12.3259,-13.7615,-13.1043,-12.6147,-23.7645,-13.1761,-33.0416,-42.1993,-15.0617
AI,B1,CosmosTreeTrunk_sdr_2048x858_25_8bit.y4m,v09.0.0,-15.3352,-33.3714,-42.3133,-17.9173,-14.5737,-14.5357,-17.8444,-17.1008,-15.4968,-25.1105,-15.3391,-33.3796,-42.3751,-17.0375
AI,B1,CosmosTreeTrunk_sdr_2048x858_25_8bit.y4m,v10.0.0,-15.2127,-32.8586,-39.8366,-17.6162,-13.3903,-13.8786,-18.4821,-17.4293,-14.8205,-24.4008,-15.2154,-32.8603,-39.8856,-16.8055
AI,B1,CosmosTreeTrunk_sdr_2048x858_25_8bit.y4m,v11.0.0,-15.0228,-32.993,-41.2242,-17.5729,-13.1904,-13.6355,-17.1677,-16.5104,-14.6591,-24.8834,-15.0233,-32.9911,-41.2875,-16.6762
AI,B1,CosmosTreeTrunk_sdr_2048x858_25_8bit.y4m,v12.0.0,-14.9711,-32.8307,-41.1842,-17.5182,-12.8979,-13.3656,-17.1414,-16.5005,-14.5672,-24.8015,-14.9748,-32.8382,-41.2502,-16.6229
AI,B1,CosmosTreeTrunk_sdr_2048x858_25_8bit.y4m,v13.0.0,-15.282,-33.7157,-40.9633,-17.8572,-15.3882,-13.6842,-17.5161,-16.7163,-14.8276,-25.5984,-15.2858,-33.7313,-41.0147,-16.9605
AI,B1,CosmosTreeTrunk_sdr_2048x858_25_8bit.y4m,v14.0.0,-15.3187,-33.7443,-40.9899,-17.8928,-15.4159,-13.7168,-17.5664,-16.765,-14.8585,-25.6325,-15.3225,-33.7598,-41.0413,-16.9967
AI,B1,CosmosTreeTrunk_sdr_2048x858_25_8bit.y4m,v15.0.0,-15.3187,-33.7443,-40.9899,-17.8928,-15.4159,-13.7168,-17.5664,-16.765,-14.8585,-25.6325,-15.3225,-33.7598,-41.0413,-16.9967
AI,B1,EuroTruckSimulator2_1920x1080p60_v2.y4m,v02.0.0,-3.0356,-14.2092,-17.125,-4.2263,-2.4338,-2.6403,-5.6505,-5.6432,-2.0876,-6.8661,-3.0357,-14.2126,-17.1283,-3.6404
AI,B1,EuroTruckSimulator2_1920x1080p60_v2.y4m,v03.0.0,-5.0771,-17.7091,-19.8012,-6.3756,-3.577,-4.05,-7.5133,-7.2143,-3.3595,-9.0881,-5.0772,-17.7134,-19.8036,-5.7607
AI,B1,EuroTruckSimulator2_1920x1080p60_v2.y4m,v04.0.0,-7.8766,-22.753,-26.1868,-9.4762,-5.9069,-6.8094,-11.8899,-11.0046,-6.0388,-12.9328,-7.8768,-22.7555,-26.187,-8.7672
AI,B1,EuroTruckSimulator2_1920x1080p60_v2.y4m,v05.0.0,-9.1589,-24.5505,-27.3121,-10.7854,-6.7348,-7.6244,-14.2104,-13.3204,-7.2438,-14.2755,-9.1592,-24.5535,-27.3082,-10.1005
AI,B1,EuroTruckSimulator2_1920x1080p60_v2.y4m,v06.0.0,-10.4612,-28.3496,-29.8312,-12.2928,-8.1503,-8.851,-15.4699,-14.7769,-9.9263,-16.7506,-10.4614,-28.3505,-29.829,-11.5656
AI,B1,EuroTruckSimulator2_1920x1080p60_v2.y4m,v07.0.0,-11.1759,-32.3359,-32.7081,-13.3068,-8.5912,-9.4211,-16.9419,-15.9552,-10.5935,-18.3791,-11.176,-32.3382,-32.708,-12.4179
AI,B1,EuroTruckSimulator2_1920x1080p60_v2.y4m,v08.0.0,-11.6965,-33.6561,-34.1455,-13.9243,-9.1275,-10.0455,-17.5382,-16.5967,-11.162,-19.2121,-11.6967,-33.6573,-34.1471,-12.9893
AI,B1,EuroTruckSimulator2_1920x1080p60_v2.y4m,v09.0.0,-13.5325,-34.7546,-33.8826,-15.6145,-12.1292,-12.4036,-21.0174,-20.237,-13.8257,-20.8812,-13.5326,-34.7549,-33.8816,-14.7055
AI,B1,EuroTruckSimulator2_1920x1080p60_v2.y4m,v10.0.0,-13.9232,-34.1018,-32.4825,-15.881,-12.1772,-12.4642,-23.2357,-21.986,-13.8464,-20.8477,-13.9234,-34.1036,-32.4823,-15.0453
AI,B1,EuroTruckSimulator2_1920x1080p60_v2.y4m,v11.0.0,-13.8129,-33.3844,-31.0603,-15.6688,-12.0072,-12.3355,-22.5428,-21.6508,-13.7521,-20.4565,-13.8131,-33.3862,-31.057,-14.8953
AI,B1,EuroTruckSimulator2_1920x1080p60_v2.y4m,v12.0.0,-13.9337,-33.2398,-31.0764,-15.7729,-12.1064,-12.3543,-22.6714,-21.6679,-13.8655,-20.5321,-13.9339,-33.2413,-31.0755,-15.0047
AI,B1,EuroTruckSimulator2_1920x1080p60_v2.y4m,v13.0.0,-13.997,-33.3519,-30.7778,-15.8247,-12.7635,-12.5673,-22.9549,-22.0169,-13.9645,-20.6254,-13.9972,-33.3528,-30.7691,-15.0654
AI,B1,EuroTruckSimulator2_1920x1080p60_v2.y4m,v14.0.0,-14.0089,-33.3716,-30.7967,-15.8371,-12.7728,-12.5807,-22.9868,-22.045,-13.9748,-20.6404,-14.009,-33.3725,-30.7881,-15.0779
AI,B1,EuroTruckSimulator2_1920x1080p60_v2.y4m,v15.0.0,-14.0089,-33.3716,-30.7967,-15.8371,-12.7728,-12.5807,-22.9868,-22.045,-13.9748,-20.6404,-14.009,-33.3725,-30.7881,-15.0779
AI,B1,GlassHalf_1920x1080p_24p_8bit_420.y4m,v02.0.0,-7.0405,-16.1077,-14.9995,-8.0276,-7.2548,-8.1157,-3.7236,-4.6286,-5.8003,-10.947,-7.0411,-15.9526,-14.8664,-8.2524
AI,B1,GlassHalf_1920x1080p_24p_8bit_420.y4m,v03.0.0,-11.3624,-16.0062,-14.9397,-11.8372,-8.5224,-10.0991,-5.2597,-5.9951,-9.0451,-12.8416,-11.3673,-15.7473,-14.7038,-11.9455
AI,B1,GlassHalf_1920x1080p_24p_8bit_420.y4m,v04.0.0,-18.1967,-28.4704,-29.0023,-19.4348,-16.1107,-17.4842,-11.7856,-12.8472,-16.7236,-22.0505,-18.2017,-28.3639,-28.8075,-19.7489
AI,B1,GlassHalf_1920x1080p_24p_8bit_420.y4m,v05.0.0,-23.8366,-33.1546,-32.8524,-24.9065,-20.8527,-22.3426,-17.6099,-18.2587,-21.3871,-26.6716,-23.8431,-33.1129,-32.7195,-25.2148
AI,B1,GlassHalf_1920x1080p_24p_8bit_420.y4m,v06.0.0,-27.6976,-39.0153,-37.5056,-28.9559,-25.9779,-26.9703,-23.2531,-23.3938,-28.7864,-35.4845,-27.7041,-38.9038,-37.3539,-29.3371
AI,B1,GlassHalf_1920x1080p_24p_8bit_420.y4m,v07.0.0,-29.2276,-42.2519,-40.5894,-30.6907,-27.8939,-28.8127,-25.6205,-25.6433,-30.7287,-39.5564,-29.2325,-42.1283,-40.445,-31.0892
AI,B1,GlassHalf_1920x1080p_24p_8bit_420.y4m,v08.0.0,-31.0956,-43.6814,-43.0508,-32.5762,-29.0836,-30.1413,-26.4411,-26.6466,-32.1086,-40.8626,-31.099,-43.5702,-42.8735,-32.9628
AI,B1,GlassHalf_1920x1080p_24p_8bit_420.y4m,v09.0.0,-30.7471,-44.2075,-43.3509,-32.335,-29.0394,-29.8626,-26.557,-27.0519,-32.3498,-41.5551,-30.7517,-44.0669,-43.2247,-32.7276
AI,B1,GlassHalf_1920x1080p_24p_8bit_420.y4m,v10.0.0,-32.5917,-43.4833,-43.4863,-33.8997,-28.6175,-30.0939,-31.9931,-29.9915,-32.0932,-41.3462,-32.5968,-43.3379,-43.3037,-34.2305
AI,B1,GlassHalf_1920x1080p_24p_8bit_420.y4m,v11.0.0,-32.891,-43.674,-43.1406,-34.151,-28.9029,-30.3408,-34.6393,-31.8182,-32.3288,-42.0179,-32.8988,-43.4795,-42.9465,-34.474
AI,B1,GlassHalf_1920x1080p_24p_8bit_420.y4m,v12.0.0,-33.2666,-43.8089,-43.3867,-34.4999,-29.0956,-30.5658,-34.8775,-31.9625,-32.6725,-42.3812,-33.2731,-43.6624,-43.226,-34.8178
AI,B1,GlassHalf_1920x1080p_24p_8bit_420.y4m,v13.0.0,-33.4485,-43.9527,-43.3839,-34.6669,-35.8203,-30.9543,-35.1138,-32.2052,-32.9,-41.9959,-33.4551,-43.7818,-43.2001,-34.9765
AI,B1,GlassHalf_1920x1080p_24p_8bit_420.y4m,v14.0.0,-33.4791,-43.9826,-43.4101,-34.697,-35.848,-30.9848,-35.1669,-32.2579,-32.9308,-42.0269,-33.4857,-43.8116,-43.2267,-35.0065
AI,B1,GlassHalf_1920x1080p_24p_8bit_420.y4m,v15.0.0,-33.4791,-43.9826,-43.4101,-34.697,-35.848,-30.9848,-35.1669,-32.2579,-32.9308,-42.0269,-33.4857,-43.8116,-43.2267,-35.0065
AI,B1,Life_1080p30_v2.y4m,v02.0.0,-3.8622,-10.428,-8.1954,-4.5272,-3.2161,-3.4115,-4.3791,-4.6089,-3.2817,-7.5993,-3.8617,-10.4199,-8.1996,-4.4135
AI,B1,Life_1080p30_v2.y4m,v03.0.0,-6.4233,-10.5344,-7.7358,-6.7537,-4.7539,-5.2115,-6.1486,-5.8797,-4.8633,-9.4335,-6.4226,-10.5263,-7.7392,-6.6864
AI,B1,Life_1080p30_v2.y4m,v04.0.0,-10.5114,-21.7303,-17.2669,-11.6362,-8.8472,-9.1541,-10.4049,-10.1815,-9.3299,-15.8275,-10.5112,-21.7208,-17.2685,-11.4308
AI,B1,Life_1080p30_v2.y4m,v05.0.0,-13.4301,-26.9025,-21.4565,-14.7999,-11.0873,-11.3886,-13.7668,-13.5373,-11.9587,-18.9381,-13.4288,-26.8946,-21.4572,-14.5323
AI,B1,Life_1080p30_v2.y4m,v06.0.0,-15.1408,-30.4044,-25.2704,-16.7998,-12.5076,-12.636,-15.4597,-15.2261,-15.2658,-23.1857,-15.14,-30.3926,-25.2703,-16.4704
AI,B1,Life_1080p30_v2.y4m,v07.0.0,-16.2839,-33.5377,-26.6298,-18.0959,-13.5759,-13.6797,-16.9243,-16.7017,-16.4499,-24.8793,-16.2831,-33.5318,-26.6302,-17.7267
AI,B1,Life_1080p30_v2.y4m,v08.0.0,-16.7922,-34.3485,-27.5213,-18.6582,-13.8642,-14.0154,-17.4183,-17.2447,-16.9125,-25.4532,-16.7911,-34.3404,-27.5227,-18.2743
AI,B1,Life_1080p30_v2.y4m,v09.0.0,-18.7632,-34.1948,-27.2093,-20.3261,-16.0095,-16.2202,-19.3297,-19.277,-18.7268,-26.4117,-18.7618,-34.1824,-27.21,-19.9988
AI,B1,Life_1080p30_v2.y4m,v10.0.0,-19.3928,-33.0543,-26.4628,-20.736,-16.2223,-16.4634,-22.1713,-21.374,-18.9015,-26.1301,-19.3918,-33.0472,-26.4649,-20.4456
AI,B1,Life_1080p30_v2.y4m,v11.0.0,-19.3812,-32.4477,-26.0402,-20.6587,-16.2551,-16.4432,-22.5879,-21.5759,-18.8316,-26.03,-19.3801,-32.4398,-26.0412,-20.3766
AI,B1,Life_1080p30_v2.y4m,v12.0.0,-19.6075,-32.6478,-26.0312,-20.8666,-16.5495,-16.6822,-22.8009,-21.7216,-19.0859,-26.204,-19.6064,-32.6347,-26.0338,-20.5865
AI,B1,Life_1080p30_v2.y4m,v13.0.0,-19.6025,-32.7827,-25.8704,-20.8559,-17.2334,-16.716,-22.8372,-21.7658,-19.0321,-26.1002,-19.6015,-32.774,-25.8707,-20.5759
AI,B1,Life_1080p30_v2.y4m,v14.0.0,-19.6273,-32.802,-25.8968,-20.8792,-17.2516,-16.7399,-22.873,-21.8021,-19.0546,-26.1238,-19.6262,-32.7933,-25.897,-20.5993
AI,B1,Life_1080p30_v2.y4m,v15.0.0,-19.6273,-32.802,-25.8968,-20.8792,-17.2516,-16.7399,-22.873,-21.8021,-19.0546,-26.1238,-19.6262,-32.7933,-25.897,-20.5993
AI,B1,MINECRAFT_1080p_60_8bit.y4m,v02.0.0,-2.1101,-15.469,-7.8482,-2.9786,-1.6604,-2.1775,-0.7647,-0.6911,-1.1176,-6.0868,-2.2157,-15.8899,-8.0547,-2.9216
AI,B1,MINECRAFT_1080p_60_8bit.y4m,v03.0.0,-3.5115,-20.2447,-8.823,-4.5239,-2.0935,-3.1567,-1.5534,-1.0555,-1.8322,-8.2921,-3.8164,-20.6568,-9.1162,-4.6283
AI,B1,MINECRAFT_1080p_60_8bit.y4m,v04.0.0,-7.0932,-37.9897,-20.8942,-9.3307,-5.3292,-6.5392,-4.3399,-3.8383,-6.0449,-16.6519,-7.2078,-38.1495,-20.6495,-9.2079
AI,B1,MINECRAFT_1080p_60_8bit.y4m,v05.0.0,-7.8739,-39.3042,-21.2325,-10.1322,-6.0448,-7.2112,-5.994,-5.4131,-6.873,-17.5865,-8.0069,-39.4737,-21.0209,-10.0523
AI,B1,MINECRAFT_1080p_60_8bit.y4m,v06.0.0,-10.3729,-43.7142,-23.9368,-12.811,-8.2529,-9.241,-8.9482,-8.4791,-10.5733,-22.2293,-10.7102,-43.8512,-23.7604,-12.891
AI,B1,MINECRAFT_1080p_60_8bit.y4m,v07.0.0,-11.6973,-50.4108,-28.7855,-14.6764,-9.2563,-10.3541,-9.829,-9.5536,-12.0962,-25.9592,-12.0784,-50.573,-28.5496,-14.5273
AI,B1,MINECRAFT_1080p_60_8bit.y4m,v08.0.0,-15.1377,-52.8878,-32.2124,-18.081,-13.2269,-14.3105,-13.206,-12.8931,-16.0261,-29.3285,-15.4427,-53.0335,-31.9952,-17.8841
AI,B1,MINECRAFT_1080p_60_8bit.y4m,v09.0.0,-15.2811,-53.4115,-32.1015,-18.2395,-15.116,-15.5098,-16.2387,-15.5857,-17.2415,-29.7127,-15.4336,-53.5584,-31.8707,-17.9354
AI,B1,MINECRAFT_1080p_60_8bit.y4m,v10.0.0,-15.7243,-52.8252,-31.2218,-18.5305,-15.4002,-15.7804,-18.3252,-17.1192,-17.4539,-29.7265,-15.8787,-52.957,-31.0246,-18.2715
AI,B1,MINECRAFT_1080p_60_8bit.y4m,v11.0.0,-15.5619,-52.8439,-30.6695,-18.368,-15.6761,-15.9494,-19.002,-17.6052,-17.6416,-29.4915,-15.7373,-52.9932,-30.5117,-18.1198
AI,B1,MINECRAFT_1080p_60_8bit.y4m,v12.0.0,-16.2757,-53.5422,-31.4551,-19.0894,-16.366,-16.662,-19.1981,-17.8611,-18.4787,-30.231,-16.4778,-53.6943,-31.2949,-18.844
AI,B1,MINECRAFT_1080p_60_8bit.y4m,v13.0.0,-16.4828,-53.9333,-31.7677,-19.3284,-17.007,-16.9774,-19.6932,-18.4317,-18.764,-30.5138,-16.702,-54.0784,-31.594,-19.0828
AI,B1,MINECRAFT_1080p_60_8bit.y4m,v14.0.0,-16.5033,-53.9488,-31.7888,-19.3487,-17.019,-16.9966,-19.7407,-18.4772,-18.7882,-30.5331,-16.7228,-54.0939,-31.6152,-19.1038
AI,B1,MINECRAFT_1080p_60_8bit.y4m,v15.0.0,-16.5033,-53.9488,-31.7888,-19.3487,-17.019,-16.9966,-19.7407,-18.4772,-18.7882,-30.5331,-16.7228,-54.0939,-31.6152,-19.1038
AI,B1,STARCRAFT_1080p60.y4m,v02.0.0,-4.6678,-14.198,-19.2461,-6.0111,-8.5701,-8.9501,-2.8869,-2.8749,-6.1942,-10.5828,-4.6689,-14.2165,-19.2562,-5.5966
AI,B1,STARCRAFT_1080p60.y4m,v03.0.0,-8.6429,-16.0025,-21.6308,-9.7696,-10.7183,-11.8186,-5.2404,-4.7535,-8.5562,-14.6437,-8.6442,-16.0209,-21.6428,-9.4151
AI,B1,STARCRAFT_1080p60.y4m,v04.0.0,-12.4106,-23.7988,-31.6899,-14.1729,-14.0942,-15.3366,-10.1114,-9.1639,-12.5754,-20.6971,-12.4117,-23.809,-31.6951,-13.6511
AI,B1,STARCRAFT_1080p60.y4m,v05.0.0,-13.9326,-26.0598,-33.1354,-15.7395,-14.697,-16.237,-11.1467,-10.4071,-13.7139,-22.2413,-13.9339,-26.0716,-33.1407,-15.2185
AI,B1,STARCRAFT_1080p60.y4m,v06.0.0,-16.4455,-29.4672,-35.7503,-18.3457,-17.2129,-18.5088,-14.5958,-14.1092,-17.2838,-31.6954,-16.446,-29.4771,-35.7562,-17.8389
AI,B1,STARCRAFT_1080p60.y4m,v07.0.0,-17.5909,-30.4105,-36.0895,-19.4291,-18.3129,-19.7839,-15.5292,-15.2578,-18.4054,-31.7057,-17.5912,-30.4221,-36.0928,-18.9491
AI,B1,STARCRAFT_1080p60.y4m,v08.0.0,-21.2688,-33.9594,-39.2431,-23.0729,-21.7699,-23.3584,-18.6952,-18.4671,-22.0405,-35.2629,-21.2696,-33.9683,-39.2481,-22.6004
AI,B1,STARCRAFT_1080p60.y4m,v09.0.0,-21.6907,-33.7656,-40.0247,-23.4721,-21.7948,-22.9341,-20.6667,-20.3681,-22.5599,-35.7272,-21.6911,-33.7778,-40.0297,-22.9894
AI,B1,STARCRAFT_1080p60.y4m,v10.0.0,-23.3452,-34.2857,-40.4893,-24.9838,-23.1056,-24.2806,-24.4882,-23.4073,-23.8532,-36.7519,-23.3453,-34.2959,-40.4941,-24.5595
AI,B1,STARCRAFT_1080p60.y4m,v11.0.0,-23.7142,-34.9043,-41.026,-25.3797,-23.9755,-25.2043,-24.1311,-23.2499,-24.569,-37.5539,-23.7146,-34.9113,-41.0282,-24.94
AI,B1,STARCRAFT_1080p60.y4m,v12.0.0,-24.7578,-35.5529,-41.7615,-26.3792,-25.041,-26.2556,-25.1308,-24.2854,-25.6372,-38.3604,-24.7581,-35.5659,-41.7639,-25.9526
AI,B1,STARCRAFT_1080p60.y4m,v13.0.0,-24.9789,-35.7045,-41.509,-26.5654,-27.9927,-26.4139,-25.4974,-24.632,-25.8219,-38.257,-24.9796,-35.7143,-41.5141,-26.1547
AI,B1,STARCRAFT_1080p60.y4m,v14.0.0,-24.9982,-35.7211,-41.5291,-26.5848,-28.0083,-26.4333,-25.5313,-24.6647,-25.8432,-38.2783,-24.9989,-35.731,-41.5342,-26.1742
AI,B1,STARCRAFT_1080p60.y4m,v15.0.0,-24.9982,-35.7211,-41.5291,-26.5848,-28.0083,-26.4333,-25.5313,-24.6647,-25.8432,-38.2783,-24.9989,-35.731,-41.5342,-26.1742
AI,B1,Sniper_1920x1080P_30fps_8bit.y4m,v02.0.0,-2.6829,-13.1249,-14.8153,-3.7968,-5.1923,-5.2038,-4.0346,-3.7392,-3.7939,-4.0434,-2.5234,-13.7121,-15.2314,-3.1231
AI,B1,Sniper_1920x1080P_30fps_8bit.y4m,v03.0.0,-5.854,-18.8354,-21.2289,-7.2534,-6.8921,-7.3361,-5.003,-4.2876,-5.716,-8.8428,-5.8549,-19.3365,-21.5957,-6.5686
AI,B1,Sniper_1920x1080P_30fps_8bit.y4m,v04.0.0,-8.2962,-25.5435,-27.9638,-10.1565,-9.2971,-9.823,-9.057,-8.4911,-8.6576,-13.0691,-8.1863,-26.1077,-28.3444,-9.1885
AI,B1,Sniper_1920x1080P_30fps_8bit.y4m,v05.0.0,-9.3309,-25.9239,-28.0763,-11.1091,-9.7316,-10.3318,-11.502,-10.6854,-9.4284,-13.591,-9.1285,-26.5142,-28.3795,-10.1079
AI,B1,Sniper_1920x1080P_30fps_8bit.y4m,v06.0.0,-11.4001,-31.3879,-34.2229,-13.5887,-11.6335,-12.0945,-14.4345,-13.6347,-12.8479,-19.8192,-10.8903,-31.8765,-34.4056,-12.123
AI,B1,Sniper_1920x1080P_30fps_8bit.y4m,v07.0.0,-12.597,-36.5724,-39.1856,-15.2313,-12.8368,-13.3347,-16.5115,-15.5495,-14.2193,-22.8093,-12.029,-36.9844,-39.1905,-13.4305
AI,B1,Sniper_1920x1080P_30fps_8bit.y4m,v08.0.0,-13.1591,-37.2129,-39.9545,-15.813,-13.3531,-13.8592,-16.814,-16.1128,-14.7972,-23.4267,-12.5474,-37.6334,-39.8388,-13.9579
AI,B1,Sniper_1920x1080P_30fps_8bit.y4m,v09.0.0,-14.3766,-37.2242,-39.4273,-16.8896,-14.8793,-15.0481,-19.2075,-18.565,-16.2231,-24.195,-13.7207,-37.6049,-39.2853,-15.0309
AI,B1,Sniper_1920x1080P_30fps_8bit.y4m,v10.0.0,-14.8195,-35.6412,-38.3582,-17.1553,-14.9991,-15.1569,-21.7707,-20.5765,-16.3168,-23.9329,-14.1436,-36.0024,-38.2131,-15.3804
AI,B1,Sniper_1920x1080P_30fps_8bit.y4m,v11.0.0,-14.7873,-36.0719,-38.6468,-17.1665,-14.981,-15.1842,-22.2898,-20.7855,-16.3211,-24.1218,-14.1191,-36.4916,-38.5725,-15.3618
AI,B1,Sniper_1920x1080P_30fps_8bit.y4m,v12.0.0,-14.8506,-35.9691,-38.7953,-17.2305,-15.0259,-15.2523,-21.9668,-20.504,-16.419,-24.1439,-14.1736,-36.411,-38.7539,-15.4197
AI,B1,Sniper_1920x1080P_30fps_8bit.y4m,v13.0.0,-14.9426,-36.4118,-39.1558,-17.3602,-16.0895,-15.4049,-22.4082,-20.721,-16.5675,-24.4306,-14.2857,-36.8445,-39.2155,-15.5498
AI,B1,Sniper_1920x1080P_30fps_8bit.y4m,v14.0.0,-14.9691,-36.4411,-39.1798,-17.3868,-16.1079,-15.4318,-22.4623,-20.7738,-16.5961,-24.4594,-14.3111,-36.8749,-39.2399,-15.5754
AI,B1,Sniper_1920x1080P_30fps_8bit.y4m,v15.0.0,-14.9691,-36.4411,-39.1798,-17.3868,-16.1079,-15.4318,-22.4623,-20.7738,-16.5961,-24.4594,-14.3111,-36.8749,-39.2399,-15.5754
AI,B1,SolLevanteDragons_sdr_1920x1080_24_10bit.y4m,v02.0.0,-3.1662,-8.4168,-6.9306,-3.9078,-3.4318,-3.7068,-4.7726,-4.3644,-4.1502,-4.3485,-3.1755,-8.4254,-6.8012,-4.5212
AI,B1,SolLevanteDragons_sdr_1920x1080_24_10bit.y4m,v03.0.0,-5.0886,-11.0077,-7.318,-5.7555,-5.053,-5.5358,-4.8486,-4.5438,-5.9471,-5.8652,-5.1239,-10.9919,-7.2641,-6.4071
AI,B1,SolLevanteDragons_sdr_1920x1080_24_10bit.y4m,v04.0.0,-13.8361,-26.277,-22.3756,-15.5758,-13.9065,-14.4521,-15.3329,-15.07,-15.5976,-16.345,-13.8651,-26.3053,-22.1156,-16.8139
AI,B1,SolLevanteDragons_sdr_1920x1080_24_10bit.y4m,v05.0.0,-16.4182,-28.3536,-24.0453,-18.0389,-15.9757,-16.6994,-18.07,-17.7524,-17.7336,-18.6707,-16.4349,-28.3691,-23.8085,-19.1831
AI,B1,SolLevanteDragons_sdr_1920x1080_24_10bit.y4m,v06.0.0,-18.2234,-30.7908,-25.8655,-19.8831,-17.917,-18.5397,-20.3304,-20.0472,-19.579,-20.8226,-18.2394,-30.8014,-25.5721,-21.0978
AI,B1,SolLevanteDragons_sdr_1920x1080_24_10bit.y4m,v07.0.0,-17.419,-30.0196,-24.1648,-18.9979,-17.3531,-17.9298,-19.3717,-19.0451,-18.9165,-19.8458,-17.4399,-30.0343,-24.0138,-20.1312
AI,B1,SolLevanteDragons_sdr_1920x1080_24_10bit.y4m,v08.0.0,-18.7175,-32.3987,-28.3018,-20.635,-18.647,-19.2053,-20.6958,-20.3745,-20.5436,-21.9243,-18.74,-32.3987,-28.1317,-21.9911
AI,B1,SolLevanteDragons_sdr_1920x1080_24_10bit.y4m,v09.0.0,-20.1921,-27.6202,-24.3601,-21.1189,-20.7356,-20.7791,-20.5007,-20.3607,-21.3209,-21.4671,-20.2115,-27.6379,-24.2639,-21.7497
AI,B1,SolLevanteDragons_sdr_1920x1080_24_10bit.y4m,v10.0.0,-21.0342,-27.179,-24.0781,-21.7674,-21.5727,-21.6261,-22.1651,-22.0249,-21.8467,-21.9158,-21.0518,-27.2053,-23.9973,-22.1835
AI,B1,SolLevanteDragons_sdr_1920x1080_24_10bit.y4m,v11.0.0,-20.8243,-28.1944,-24.8394,-21.7282,-21.3139,-21.3792,-21.8067,-21.6764,-21.8714,-22.3332,-20.8485,-28.196,-24.6581,-22.4642
AI,B1,SolLevanteDragons_sdr_1920x1080_24_10bit.y4m,v12.0.0,-20.8561,-28.745,-25.1861,-21.8279,-21.2644,-21.3883,-22.2294,-22.0774,-21.9094,-22.4693,-20.877,-28.7551,-24.9557,-22.6297
AI,B1,SolLevanteDragons_sdr_1920x1080_24_10bit.y4m,v13.0.0,-24.7518,-40.342,-34.295,-26.9161,-25.7932,-24.4348,-26.139,-25.8998,-26.0094,-28.6796,-24.7593,-40.3384,-33.3318,-28.5573
AI,B1,SolLevanteDragons_sdr_1920x1080_24_10bit.y4m,v14.0.0,-24.8388,-40.4084,-34.3615,-26.9996,-25.8492,-24.5052,-26.2259,-25.985,-26.075,-28.7618,-24.8463,-40.4049,-33.398,-28.6384
AI,B1,SolLevanteDragons_sdr_1920x1080_24_10bit.y4m,v15.0.0,-24.8388,-40.4084,-34.3615,-26.9996,-25.8492,-24.5052,-26.2259,-25.985,-26.075,-28.7618,-24.8463,-40.4049,-33.398,-28.6384
AI,B1,SolLevanteFace_sdr_1920x1080_24_10bit.y4m,v02.0.0,-20.1756,-31.0448,-32.1277,-21.1228,-20.1729,-20.5083,-16.7288,-16.4206,-19.7841,-24.8899,-20.1806,-31.0395,-32.1347,-21.3717
AI,B1,SolLevanteFace_sdr_1920x1080_24_10bit.y4m,v03.0.0,-25.5137,-34.1553,-38.4142,-26.3804,-23.172,-24.4617,-21.0888,-20.285,-23.381,-30.5339,-25.5183,-34.0755,-38.4111,-26.6328
AI,B1,SolLevanteFace_sdr_1920x1080_24_10bit.y4m,v04.0.0,-29.5727,-38.3632,-48.4633,-30.8149,-26.2159,-27.7582,-23.528,-22.7547,-26.8613,-36.7932,-29.5786,-38.2969,-48.4634,-31.2789
AI,B1,SolLevanteFace_sdr_1920x1080_24_10bit.y4m,v05.0.0,-32.8817,-39.1176,-48.606,-33.8816,-28.3498,-30.2682,-25.8747,-25.3114,-29.4234,-39.0067,-32.8867,-39.1405,-48.6069,-34.3294
AI,B1,SolLevanteFace_sdr_1920x1080_24_10bit.y4m,v06.0.0,-34.8274,-44.3443,-52.4246,-35.988,-30.3238,-32.2461,-27.5561,-27.129,-31.4396,-41.9105,-34.8314,-44.3263,-52.422,-36.3868
AI,B1,SolLevanteFace_sdr_1920x1080_24_10bit.y4m,v07.0.0,-36.5668,-47.0347,-57.7017,-37.9748,-31.6305,-33.7885,-29.5296,-29.0562,-33.1827,-45.7612,-36.5704,-47.0109,-57.6918,-38.3866
AI,B1,SolLevanteFace_sdr_1920x1080_24_10bit.y4m,v08.0.0,-36.7932,-48.4647,-57.8673,-38.2387,-31.5671,-33.8129,-29.4513,-29.0543,-33.2396,-45.9508,-36.7967,-48.4141,-57.8597,-38.6242
AI,B1,SolLevanteFace_sdr_1920x1080_24_10bit.y4m,v09.0.0,-36.9168,-45.1563,-56.8538,-38.2483,-32.5484,-34.3844,-31.5422,-31.0098,-34.062,-45.5595,-36.9207,-45.1744,-56.842,-38.6912
AI,B1,SolLevanteFace_sdr_1920x1080_24_10bit.y4m,v10.0.0,-37.6026,-39.4353,-55.8661,-38.6465,-33.2739,-34.8388,-32.9429,-32.0695,-34.4875,-45.4643,-37.6074,-39.4488,-55.8382,-39.1599
AI,B1,SolLevanteFace_sdr_1920x1080_24_10bit.y4m,v11.0.0,-38.0816,-47.9178,-56.4314,-39.3697,-33.5518,-35.3551,-30.6325,-30.3145,-34.9382,-46.6242,-38.0866,-47.9097,-56.4088,-39.6761
AI,B1,SolLevanteFace_sdr_1920x1080_24_10bit.y4m,v12.0.0,-38.2205,-47.2974,-56.4096,-39.478,-33.6301,-35.4491,-31.0021,-30.6875,-35.0162,-46.788,-38.2253,-47.281,-56.3815,-39.7989
AI,B1,SolLevanteFace_sdr_1920x1080_24_10bit.y4m,v13.0.0,-38.5526,-46.9765,-61.2763,-40.0233,-42.1288,-35.9033,-31.4378,-31.1467,-35.5595,-48.6656,-38.5573,-46.9103,-61.2599,-40.3574
AI,B1,SolLevanteFace_sdr_1920x1080_24_10bit.y4m,v14.0.0,-38.6042,-47.0665,-61.3382,-40.077,-42.1564,-35.9547,-31.5399,-31.2462,-35.6116,-48.7289,-38.6089,-47.0008,-61.3219,-40.4127
AI,B1,SolLevanteFace_sdr_1920x1080_24_10bit.y4m,v15.0.0,-38.6042,-47.0665,-61.3382,-40.077,-42.1564,-35.9547,-31.5399,-31.2462,-35.6116,-48.7289,-38.6089,-47.0008,-61.3219,-40.4127
AI,B1,WITCHER3_1920x1080_60_8bit_420.y4m,v02.0.0,-1.8088,-17.6392,-20.1232,-3.5306,-3.325,-3.6102,-1.0374,-1.1253,-1.7641,-9.2797,-1.8112,-17.5495,-20.1058,-2.7318
AI,B1,WITCHER3_1920x1080_60_8bit_420.y4m,v03.0.0,-4.186,-16.7889,-22.0303,-5.7496,-4.324,-4.8956,-1.6037,-1.212,-3.0915,-11.2524,-4.1903,-16.7835,-22.0035,-5.0558
AI,B1,WITCHER3_1920x1080_60_8bit_420.y4m,v04.0.0,-7.087,-21.5746,-24.8679,-8.718,-6.4363,-7.3455,-6.4085,-5.6729,-5.6254,-13.8543,-7.0866,-21.5325,-24.8425,-8.0212
AI,B1,WITCHER3_1920x1080_60_8bit_420.y4m,v05.0.0,-8.2465,-25.6006,-27.6349,-10.1336,-7.0081,-7.9638,-7.6512,-7.1342,-6.5906,-15.3048,-8.2457,-25.5529,-27.5931,-9.3614
AI,B1,WITCHER3_1920x1080_60_8bit_420.y4m,v06.0.0,-10.5883,-32.6826,-35.0401,-13.0475,-9.3379,-9.8772,-11.243,-10.3348,-10.7296,-22.1172,-10.5866,-32.514,-35.0112,-12.0303
AI,B1,WITCHER3_1920x1080_60_8bit_420.y4m,v07.0.0,-11.4437,-35.6448,-38.937,-14.2247,-10.0028,-10.5783,-12.3526,-11.5099,-11.562,-23.7949,-11.442,-35.5678,-38.9178,-13.0529
AI,B1,WITCHER3_1920x1080_60_8bit_420.y4m,v08.0.0,-13.4405,-38.7429,-40.1817,-16.2266,-12.0833,-12.6257,-14.5625,-14.0311,-13.6734,-25.5865,-13.4345,-38.6728,-40.1596,-15.0552
AI,B1,WITCHER3_1920x1080_60_8bit_420.y4m,v09.0.0,-15.2365,-39.6968,-39.8475,-17.9155,-14.5761,-14.5452,-18.2686,-17.6838,-15.9872,-27.0832,-15.2298,-39.5652,-39.8339,-16.7856
AI,B1,WITCHER3_1920x1080_60_8bit_420.y4m,v10.0.0,-16.1402,-39.0136,-40.4035,-18.7261,-15.5066,-15.3215,-20.2071,-19.356,-16.8907,-27.3628,-16.1302,-38.9619,-40.3931,-17.6438
AI,B1,WITCHER3_1920x1080_60_8bit_420.y4m,v11.0.0,-16.4391,-39.0098,-42.38,-19.1245,-15.8631,-15.7422,-19.6688,-19.0998,-17.3634,-29.0162,-16.4337,-38.9353,-42.3745,-17.9998
AI,B1,WITCHER3_1920x1080_60_8bit_420.y4m,v12.0.0,-16.7895,-39.6557,-42.4337,-19.4674,-16.2229,-16.0972,-20.7224,-20.0729,-17.6858,-29.2216,-16.7819,-39.5761,-42.4294,-18.3453
AI,B1,WITCHER3_1920x1080_60_8bit_420.y4m,v13.0.0,-17.2063,-38.7032,-44.7057,-19.9115,-15.676,-16.3439,-22.3515,-21.6171,-18.1663,-30.2694,-17.1989,-38.6315,-44.7019,-18.7942
AI,B1,WITCHER3_1920x1080_60_8bit_420.y4m,v14.0.0,-17.2617,-38.7744,-44.7672,-19.9678,-15.6949,-16.3796,-22.455,-21.7191,-18.2148,-30.3217,-17.2542,-38.7029,-44.7633,-18.8505
AI,B1,WITCHER3_1920x1080_60_8bit_420.y4m,v15.0.0,-17.2617,-38.7744,-44.7672,-19.9678,-15.6949,-16.3796,-22.455,-21.7191,-18.2148,-30.3217,-17.2542,-38.7029,-44.7633,-18.8505
AI,B2,BigBuckBunnyStudio1_1920x1080_60fps_10bit_420_020_0149.y4m,v02.0.0,-2.0688,-9.1455,-9.6534,-2.8129,-1.5274,-2.3489,-3.5176,-3.1444,-2.7696,-8.3494,-2.0677,-9.1478,-9.6545,-2.9049
AI,B2,BigBuckBunnyStudio1_1920x1080_60fps_10bit_420_020_0149.y4m,v03.0.0,-7.7468,-11.2057,-12.4558,-8.1572,-6.0113,-7.2241,-5.8288,-5.7785,-7.2747,-10.5219,-7.7468,-11.2046,-12.4581,-8.1799
AI,B2,BigBuckBunnyStudio1_1920x1080_60fps_10bit_420_020_0149.y4m,v04.0.0,-13.7219,-19.0311,-21.2938,-14.3811,-11.4657,-13.1286,-11.7307,-11.9081,-13.529,-16.234,-13.7217,-19.0299,-21.2939,-14.5277
AI,B2,BigBuckBunnyStudio1_1920x1080_60fps_10bit_420_020_0149.y4m,v05.0.0,-15.5813,-21.6139,-22.8168,-16.2593,-13.5177,-15.0592,-13.9633,-13.9297,-15.4386,-21.0351,-15.5809,-21.6124,-22.8076,-16.3851
AI,B2,BigBuckBunnyStudio1_1920x1080_60fps_10bit_420_020_0149.y4m,v06.0.0,-18.4526,-23.1091,-24.9765,-19.0292,-15.9666,-18.0021,-17.2942,-17.416,-18.1921,-23.4503,-18.4525,-23.1085,-24.9694,-19.1996
AI,B2,BigBuckBunnyStudio1_1920x1080_60fps_10bit_420_020_0149.y4m,v07.0.0,-19.4808,-24.7327,-25.6466,-20.0765,-16.8449,-18.9978,-18.409,-18.668,-19.3815,-22.8842,-19.4807,-24.7319,-25.6364,-20.2537
AI,B2,BigBuckBunnyStudio1_1920x1080_60fps_10bit_420_020_0149.y4m,v08.0.0,-22.9067,-27.4549,-27.964,-23.4092,-19.9335,-22.363,-22.0485,-21.9677,-22.565,-25.8312,-22.9066,-27.4531,-27.955,-23.5629
AI,B2,BigBuckBunnyStudio1_1920x1080_60fps_10bit_420_020_0149.y4m,v09.0.0,-23.7846,-26.3626,-27.1864,-24.1094,-22.2635,-24.5354,-22.3803,-22.6791,-23.9957,-27.3506,-23.7846,-26.3586,-27.1747,-24.2524
AI,B2,BigBuckBunnyStudio1_1920x1080_60fps_10bit_420_020_0149.y4m,v10.0.0,-26.9919,-31.1673,-31.6934,-27.4562,-23.0634,-27.2092,-24.652,-24.0817,-25.895,-33.3984,-26.992,-31.1621,-31.6874,-27.6095
AI,B2,BigBuckBunnyStudio1_1920x1080_60fps_10bit_420_020_0149.y4m,v11.0.0,-27.4967,-31.4177,-32.1608,-27.9394,-23.6695,-27.7304,-26.4843,-25.1349,-26.3851,-33.3077,-27.4966,-31.4118,-32.1503,-28.0662
AI,B2,BigBuckBunnyStudio1_1920x1080_60fps_10bit_420_020_0149.y4m,v12.0.0,-27.4413,-31.5108,-31.9904,-27.8865,-23.4995,-27.5484,-26.2333,-24.9619,-26.3444,-33.0719,-27.4413,-31.506,-31.9832,-28.0114
AI,B2,BigBuckBunnyStudio1_1920x1080_60fps_10bit_420_020_0149.y4m,v13.0.0,-27.7652,-31.8866,-32.7762,-28.2308,-36.3984,-27.9683,-26.4273,-25.2432,-26.6652,-32.5333,-27.765,-31.885,-32.7666,-28.3469
AI,B2,BigBuckBunnyStudio1_1920x1080_60fps_10bit_420_020_0149.y4m,v14.0.0,-27.7911,-31.9031,-32.7955,-28.2556,-36.4189,-27.9942,-26.4646,-25.2801,-26.6911,-32.5573,-27.7909,-31.9014,-32.7859,-28.3713
AI,B2,BigBuckBunnyStudio1_1920x1080_60fps_10bit_420_020_0149.y4m,v15.0.0,-27.7911,-31.9031,-32.7955,-28.2556,-36.4189,-27.9942,-26.4646,-25.2801,-26.6911,-32.5573,-27.7909,-31.9014,-32.7859,-28.3713
AI,B2,Debugging_1920x1080_30fps_8bit_420.y4m,v02.0.0,2.3353,-6.9321,-0.1596,1.792,2.153,2.1069,-0.2608,0.512,0.7888,-4.6686,2.3315,-6.8516,-0.0753,1.647
AI,B2,Debugging_1920x1080_30fps_8bit_420.y4m,v03.0.0,-8.459,-14.4285,-10.3418,-8.8167,-9.635,-9.7973,-7.9947,-7.9003,-10.2051,-17.025,-8.4664,-14.3467,-10.2425,-8.9074
AI,B2,Debugging_1920x1080_30fps_8bit_420.y4m,v04.0.0,-22.9622,-42.042,-34.5816,-24.4931,-26.0229,-25.8109,-19.5142,-19.3387,-25.3994,-34.8643,-22.974,-41.9745,-34.5578,-25.2001
AI,B2,Debugging_1920x1080_30fps_8bit_420.y4m,v05.0.0,-25.4307,-42.602,-36.6735,-26.8454,-28.0455,-28.3945,-24.4338,-23.8602,-27.9781,-35.9868,-25.4409,-42.5593,-36.6536,-27.6007
AI,B2,Debugging_1920x1080_30fps_8bit_420.y4m,v06.0.0,-27.6531,-44.7473,-38.7415,-29.0677,-31.5398,-31.7065,-26.3108,-26.1176,-30.6465,-38.6038,-27.662,-44.6834,-38.7325,-29.8762
AI,B2,Debugging_1920x1080_30fps_8bit_420.y4m,v07.0.0,-31.2366,-46.1366,-39.5366,-32.387,-34.9534,-35.3361,-28.2914,-28.1572,-33.7224,-39.6388,-31.2524,-46.0476,-39.5246,-33.105
AI,B2,Debugging_1920x1080_30fps_8bit_420.y4m,v08.0.0,-38.1151,-53.6464,-47.5017,-39.3681,-41.5619,-41.7577,-33.7025,-33.6803,-40.4199,-47.2802,-38.1288,-53.5947,-47.4833,-40.0
AI,B2,Debugging_1920x1080_30fps_8bit_420.y4m,v09.0.0,-37.7169,-53.8299,-47.6449,-39.0325,-40.8716,-41.2386,-33.559,-33.351,-40.2685,-47.8117,-37.7279,-53.7387,-47.6457,-39.6617
AI,B2,Debugging_1920x1080_30fps_8bit_420.y4m,v10.0.0,-39.1608,-55.8151,-48.378,-40.4779,-39.5172,-40.1396,-37.194,-34.9965,-39.2806,-49.7349,-39.1619,-55.731,-48.3751,-41.1626
AI,B2,Debugging_1920x1080_30fps_8bit_420.y4m,v11.0.0,-41.3143,-56.3855,-49.9239,-42.5102,-41.5442,-42.1127,-38.6108,-36.8892,-41.1738,-52.2861,-41.3174,-56.2973,-49.9007,-43.1507
AI,B2,Debugging_1920x1080_30fps_8bit_420.y4m,v12.0.0,-41.1548,-56.6098,-49.7836,-42.3722,-41.3347,-42.0465,-38.454,-36.6329,-40.904,-52.0065,-41.1611,-56.5465,-49.7758,-42.9923
AI,B2,Debugging_1920x1080_30fps_8bit_420.y4m,v13.0.0,-41.0833,-56.7077,-50.3626,-42.3542,-45.1141,-42.2061,-39.8296,-37.6589,-39.1697,-52.0501,-40.9978,-56.628,-50.3519,-43.041
AI,B2,Debugging_1920x1080_30fps_8bit_420.y4m,v14.0.0,-41.9565,-56.7394,-50.4134,-43.1304,-45.3953,-43.0364,-39.928,-37.7634,-41.7511,-52.1539,-41.9663,-56.6595,-50.4041,-43.7851
AI,B2,Debugging_1920x1080_30fps_8bit_420.y4m,v15.0.0,-41.9565,-56.7394,-50.4134,-43.1304,-45.3953,-43.0364,-39.928,-37.7634,-41.7511,-52.1539,-41.9663,-56.6595,-50.4041,-43.7851
AI,B2,MissionControlClip1_1920x1080_60fps_10bit_420_0450_0579.y4m,v02.0.0,-0.1038,-11.4361,-12.1517,-1.1418,-0.8532,-1.4096,0.4242,0.2818,-2.2948,-10.293,-0.0714,-11.4325,-12.142,-1.1246
AI,B2,MissionControlClip1_1920x1080_60fps_10bit_420_0450_0579.y4m,v03.0.0,-8.052,-17.1128,-18.0494,-8.8997,-7.4837,-8.5374,-4.2148,-4.5458,-9.0275,-16.6138,-8.0391,-17.1297,-18.0396,-8.8828
AI,B2,MissionControlClip1_1920x1080_60fps_10bit_420_0450_0579.y4m,v04.0.0,-15.5195,-29.7057,-28.3714,-16.7651,-16.2566,-17.193,-13.4414,-13.8112,-17.7106,-26.7432,-15.5015,-29.7007,-28.2979,-16.8079
AI,B2,MissionControlClip1_1920x1080_60fps_10bit_420_0450_0579.y4m,v05.0.0,-17.6599,-31.9186,-30.0424,-18.8855,-18.6063,-19.3787,-16.215,-16.3555,-19.8856,-28.7949,-17.6496,-31.9095,-29.9744,-19.0007
AI,B2,MissionControlClip1_1920x1080_60fps_10bit_420_0450_0579.y4m,v06.0.0,-19.8106,-34.9108,-32.7035,-21.1017,-21.4595,-22.4776,-19.8061,-19.9073,-22.367,-31.4308,-19.785,-34.9336,-32.6454,-21.3472
AI,B2,MissionControlClip1_1920x1080_60fps_10bit_420_0450_0579.y4m,v07.0.0,-21.5141,-35.6331,-34.5287,-22.7457,-23.2627,-24.3442,-21.1974,-21.6924,-24.2407,-32.1969,-21.4771,-35.6622,-34.4578,-23.0238
AI,B2,MissionControlClip1_1920x1080_60fps_10bit_420_0450_0579.y4m,v08.0.0,-28.1668,-41.2308,-40.7751,-29.3328,-30.8047,-31.731,-29.8769,-30.0816,-31.3452,-38.7453,-28.1555,-41.2397,-40.7178,-29.6468
AI,B2,MissionControlClip1_1920x1080_60fps_10bit_420_0450_0579.y4m,v09.0.0,-28.8173,-40.9712,-41.4183,-29.9353,-31.6934,-32.5766,-28.5785,-29.3333,-32.0316,-39.1007,-28.8422,-40.972,-41.3727,-30.1457
AI,B2,MissionControlClip1_1920x1080_60fps_10bit_420_0450_0579.y4m,v10.0.0,-31.0352,-46.7942,-48.5581,-32.5878,-32.4746,-34.2827,-33.5395,-32.4304,-32.8212,-42.9697,-31.036,-46.8421,-48.5977,-32.918
AI,B2,MissionControlClip1_1920x1080_60fps_10bit_420_0450_0579.y4m,v11.0.0,-32.6142,-47.9723,-49.535,-34.1181,-33.8341,-35.6739,-35.5298,-33.9973,-34.3262,-44.305,-32.6154,-48.0306,-49.5731,-34.4458
AI,B2,MissionControlClip1_1920x1080_60fps_10bit_420_0450_0579.y4m,v12.0.0,-32.5123,-47.9691,-49.3749,-34.0163,-33.694,-35.5455,-35.6007,-33.9643,-34.232,-44.1288,-32.5129,-48.0268,-49.4071,-34.3352
AI,B2,MissionControlClip1_1920x1080_60fps_10bit_420_0450_0579.y4m,v13.0.0,-32.8545,-48.4853,-49.2249,-34.3418,-40.618,-35.8865,-36.0543,-34.429,-34.5898,-44.2447,-32.8621,-48.5418,-49.2688,-34.6816
AI,B2,MissionControlClip1_1920x1080_60fps_10bit_420_0450_0579.y4m,v14.0.0,-32.8703,-48.5008,-49.2369,-34.3575,-40.6311,-35.8979,-36.0776,-34.4514,-34.6045,-44.2609,-32.8775,-48.5572,-49.2807,-34.6973
AI,B2,MissionControlClip1_1920x1080_60fps_10bit_420_0450_0579.y4m,v15.0.0,-32.8703,-48.5008,-49.2369,-34.3575,-40.6311,-35.8979,-36.0776,-34.4514,-34.6045,-44.2609,-32.8775,-48.5572,-49.2807,-34.6973
AI,B2,MobileDeviceScreenSharing.y4m,v02.0.0,-0.8301,-30.6909,-17.0633,-3.2898,0.6046,0.3971,0.9864,1.3695,-1.4331,-3.8378,-0.8294,-30.6425,-17.0379,-1.7067
AI,B2,MobileDeviceScreenSharing.y4m,v03.0.0,-13.3267,-42.0921,-29.4125,-15.7157,-12.8343,-13.0221,-10.1075,-9.8429,-13.0555,-19.4849,-13.3242,-42.2244,-29.5319,-14.135
AI,B2,MobileDeviceScreenSharing.y4m,v04.0.0,-21.303,-49.1901,-50.8646,-24.4092,-21.4965,-21.5709,-18.5236,-18.3642,-22.5209,-31.5537,-21.3005,-49.3144,-50.4564,-22.3536
AI,B2,MobileDeviceScreenSharing.y4m,v05.0.0,-24.6197,-50.267,-49.6382,-27.4145,-25.443,-25.3063,-25.0978,-24.3976,-26.303,-32.1103,-24.6176,-50.2571,-49.1913,-25.6529
AI,B2,MobileDeviceScreenSharing.y4m,v06.0.0,-27.0356,-53.9398,-52.2494,-30.0522,-28.9782,-28.8601,-29.9577,-28.8259,-29.5536,-38.3006,-27.034,-53.793,-51.6349,-28.12
AI,B2,MobileDeviceScreenSharing.y4m,v07.0.0,-29.2178,-52.3723,-55.2626,-32.1301,-31.9849,-31.6217,-32.3172,-31.3071,-31.9759,-40.3182,-29.2152,-51.9525,-54.7066,-30.2956
AI,B2,MobileDeviceScreenSharing.y4m,v08.0.0,-33.2308,-58.7352,-59.2873,-36.1919,-36.1464,-35.7738,-37.0963,-35.8025,-36.0989,-44.5354,-33.2253,-58.581,-59.0331,-34.261
AI,B2,MobileDeviceScreenSharing.y4m,v09.0.0,-36.9669,-62.0071,-62.4673,-39.9491,-40.6865,-40.0279,-37.3931,-38.0655,-41.0843,-47.6778,-36.9588,-61.9153,-62.1617,-38.037
AI,B2,MobileDeviceScreenSharing.y4m,v10.0.0,-39.6704,-64.3515,-65.2683,-42.7273,-40.3606,-40.8514,-43.9052,-41.5179,-41.7425,-50.7147,-39.6683,-64.3951,-65.077,-40.792
AI,B2,MobileDeviceScreenSharing.y4m,v11.0.0,-41.0233,-64.8375,-65.1826,-43.9184,-41.7004,-42.2177,-45.551,-43.305,-43.1193,-51.7713,-41.0207,-64.8561,-65.0569,-42.1074
AI,B2,MobileDeviceScreenSharing.y4m,v12.0.0,-41.0004,-65.1083,-65.374,-43.911,-41.888,-42.3373,-45.3591,-43.1077,-43.1168,-52.0276,-40.9971,-65.1365,-65.0827,-42.0825
AI,B2,MobileDeviceScreenSharing.y4m,v13.0.0,-41.3848,-64.6507,-65.3303,-44.2137,-43.8877,-42.4633,-45.5789,-43.4261,-43.479,-51.0615,-41.3823,-64.6444,-65.0474,-42.458
AI,B2,MobileDeviceScreenSharing.y4m,v14.0.0,-41.4065,-64.6681,-65.3489,-44.235,-43.9091,-42.4858,-45.6182,-43.4655,-43.5031,-51.0811,-41.404,-64.6619,-65.066,-42.4796
AI,B2,MobileDeviceScreenSharing.y4m,v15.0.0,-41.4065,-64.6681,-65.3489,-44.235,-43.9091,-42.4858,-45.6182,-43.4655,-43.5031,-51.0811,-41.404,-64.6619,-65.066,-42.4796
AI,B2,SceneComposition_2.y4m,v02.0.0,-2.5738,-30.0126,-42.2316,-6.2425,-2.5346,-2.4466,0.8392,1.5909,-5.1235,-18.5198,-2.5716,-30.0074,-42.2172,-5.7145
AI,B2,SceneComposition_2.y4m,v03.0.0,-14.0215,-23.1804,-47.1082,-16.3036,-14.735,-14.5902,-17.419,-13.5669,-16.0868,-24.8293,-14.0191,-23.1808,-47.0979,-15.8644
AI,B2,SceneComposition_2.y4m,v04.0.0,-23.563,-39.6192,-58.1875,-26.5804,-26.2744,-26.4412,-23.5426,-22.6001,-27.7338,-40.3543,-23.5613,-39.6173,-58.175,-26.3218
AI,B2,SceneComposition_2.y4m,v05.0.0,-25.9602,-43.4805,-59.5873,-28.9887,-29.0666,-29.4025,-28.188,-27.1037,-30.6016,-41.7378,-25.9592,-43.4759,-59.573,-28.7208
AI,B2,SceneComposition_2.y4m,v06.0.0,-28.4074,-46.9711,-61.1704,-31.6286,-32.4234,-32.4374,-30.9005,-29.4996,-33.6085,-46.9228,-28.4065,-46.9659,-61.1523,-31.3281
AI,B2,SceneComposition_2.y4m,v07.0.0,-29.4609,-48.3768,-61.4438,-32.7644,-33.6734,-33.7999,-29.4434,-29.9407,-35.0941,-47.464,-29.4601,-48.372,-61.4291,-32.4482
AI,B2,SceneComposition_2.y4m,v08.0.0,-38.964,-55.6042,-68.0219,-41.8894,-43.3591,-43.3406,-41.6174,-40.9091,-44.3123,-55.1936,-38.9639,-55.5984,-68.0066,-41.6139
AI,B2,SceneComposition_2.y4m,v09.0.0,-40.5888,-57.3923,-67.9934,-43.3382,-44.4431,-44.3497,-39.7825,-39.042,-45.4036,-54.606,-40.5897,-57.3876,-67.9781,-43.1028
AI,B2,SceneComposition_2.y4m,v10.0.0,-42.1296,-59.2731,-69.5084,-44.978,-44.0446,-44.7265,-40.9235,-40.4673,-45.4263,-55.7997,-42.1294,-59.2592,-69.4925,-44.6666
AI,B2,SceneComposition_2.y4m,v11.0.0,-44.6708,-61.6078,-70.9786,-47.498,-46.547,-47.2307,-45.2467,-44.9001,-48.1677,-57.8592,-44.6707,-61.6029,-70.9652,-47.1569
AI,B2,SceneComposition_2.y4m,v12.0.0,-44.4455,-61.0375,-70.8564,-47.1874,-46.2062,-47.068,-45.6302,-45.2912,-47.7053,-57.6693,-44.4449,-61.029,-70.8419,-46.906
AI,B2,SceneComposition_2.y4m,v13.0.0,-44.9884,-61.7276,-70.6157,-47.6859,-50.2706,-47.2656,-46.0042,-45.2004,-47.9741,-58.4471,-44.9882,-61.7202,-70.6001,-47.4256
AI,B2,SceneComposition_2.y4m,v14.0.0,-44.9905,-61.7308,-70.6315,-47.6931,-50.3223,-47.3073,-46.0292,-45.2291,-48.0142,-58.4763,-44.9906,-61.7233,-70.6158,-47.4358
AI,B2,SceneComposition_2.y4m,v15.0.0,-44.9905,-61.7308,-70.6315,-47.6931,-50.3223,-47.3073,-46.0292,-45.2291,-48.0142,-58.4763,-44.9906,-61.7233,-70.6158,-47.4358
AI,B2,Slides1_1920x1080_30fps_8bit_420.y4m,v02.0.0,0.0949,-9.8069,-10.2914,-0.8876,1.7015,1.294,0.3047,0.5652,-1.1517,-6.2776,0.1016,-9.673,-10.2462,-2.3686
AI,B2,Slides1_1920x1080_30fps_8bit_420.y4m,v03.0.0,-7.8601,-11.9567,-16.3868,-8.4714,-6.5088,-6.4429,-7.1407,-6.9849,-8.1967,-12.1734,-7.8436,-11.9409,-16.3361,-9.6519
AI,B2,Slides1_1920x1080_30fps_8bit_420.y4m,v04.0.0,-26.888,-44.1034,-45.2298,-28.7218,-25.9794,-25.8122,-18.4573,-18.7234,-26.7527,-36.0413,-26.8699,-44.024,-45.2052,-30.6085
AI,B2,Slides1_1920x1080_30fps_8bit_420.y4m,v05.0.0,-31.8073,-56.7631,-59.8883,-34.9532,-30.8908,-30.7009,-23.2847,-23.177,-32.8675,-43.4103,-31.7918,-56.7808,-59.8197,-37.6655
AI,B2,Slides1_1920x1080_30fps_8bit_420.y4m,v06.0.0,-33.9467,-60.0711,-62.3434,-37.4371,-33.3543,-33.2928,-26.8922,-26.6585,-36.2466,-47.8226,-33.9309,-60.1557,-62.2886,-40.1157
AI,B2,Slides1_1920x1080_30fps_8bit_420.y4m,v07.0.0,-36.3717,-63.0141,-66.7066,-40.0573,-36.1731,-36.0922,-28.8596,-28.6946,-39.0632,-51.8677,-36.3565,-63.0146,-66.662,-42.5645
AI,B2,Slides1_1920x1080_30fps_8bit_420.y4m,v08.0.0,-42.3151,-67.3067,-70.4976,-45.6705,-42.6465,-42.4704,-36.8161,-36.4467,-45.3463,-57.1002,-42.3062,-67.2871,-70.4648,-47.9087
AI,B2,Slides1_1920x1080_30fps_8bit_420.y4m,v09.0.0,-45.2418,-69.3022,-71.8183,-48.4791,-45.4488,-45.1555,-36.8471,-37.2922,-48.2959,-59.4174,-45.2302,-69.308,-71.7872,-50.727
AI,B2,Slides1_1920x1080_30fps_8bit_420.y4m,v10.0.0,-47.5285,-69.8874,-72.1633,-50.5246,-45.4314,-45.8103,-42.6383,-40.5573,-48.7297,-60.225,-47.5257,-69.9174,-72.1297,-52.8305
AI,B2,Slides1_1920x1080_30fps_8bit_420.y4m,v11.0.0,-49.7257,-70.9685,-73.1141,-52.552,-47.7325,-48.1393,-45.3719,-43.2527,-50.7594,-61.7887,-49.7224,-70.9913,-73.0805,-54.7741
AI,B2,Slides1_1920x1080_30fps_8bit_420.y4m,v12.0.0,-49.6781,-70.8717,-73.0019,-52.478,-47.6521,-48.0777,-45.4004,-43.2228,-50.6492,-61.5663,-49.6744,-70.8919,-72.9744,-54.7084
AI,B2,Slides1_1920x1080_30fps_8bit_420.y4m,v13.0.0,-49.8221,-71.0669,-72.747,-52.5945,-51.0452,-48.3972,-45.4645,-43.2756,-50.7987,-61.7592,-49.8196,-71.0852,-72.7216,-54.8182
AI,B2,Slides1_1920x1080_30fps_8bit_420.y4m,v14.0.0,-49.8342,-71.0725,-72.7549,-52.6025,-51.0538,-48.4264,-45.4946,-43.2999,-50.8172,-61.7641,-49.8318,-71.0905,-72.7295,-54.8258
AI,B2,Slides1_1920x1080_30fps_8bit_420.y4m,v15.0.0,-49.8342,-71.0725,-72.7549,-52.6025,-51.0538,-48.4264,-45.4946,-43.2999,-50.8172,-61.7641,-49.8318,-71.0905,-72.7295,-54.8258
AI,B2,Slides2r_1920x1080_30fps_8bit_420.y4m,v02.0.0,-2.2616,-7.8833,-6.5511,-2.6211,-2.9581,-2.8101,-4.1827,-3.693,-1.4385,-5.664,-1.9238,-8.5987,-6.6306,-2.7914
AI,B2,Slides2r_1920x1080_30fps_8bit_420.y4m,v03.0.0,-9.667,-11.3284,-11.6889,-9.7995,-8.954,-9.4349,-7.2625,-6.6451,-9.0548,-12.6063,-10.0899,-12.0965,-11.7816,-10.3398
AI,B2,Slides2r_1920x1080_30fps_8bit_420.y4m,v04.0.0,-16.1335,-20.3077,-19.3965,-16.4064,-16.7057,-17.1925,-17.2666,-16.1097,-16.62,-23.801,-16.9414,-21.9826,-20.3734,-17.4619
AI,B2,Slides2r_1920x1080_30fps_8bit_420.y4m,v05.0.0,-20.6453,-25.4661,-26.1049,-21.0311,-21.3966,-21.9507,-24.5878,-21.6085,-21.5819,-28.0908,-21.7854,-27.6096,-28.2598,-22.5814
AI,B2,Slides2r_1920x1080_30fps_8bit_420.y4m,v06.0.0,-23.7272,-28.8374,-29.7071,-24.1405,-25.1471,-25.644,-25.4214,-25.0455,-24.48,-31.3732,-24.4892,-31.5272,-31.8882,-25.3864
AI,B2,Slides2r_1920x1080_30fps_8bit_420.y4m,v07.0.0,-24.719,-29.7863,-30.1606,-25.113,-26.7853,-27.2329,-28.1755,-26.8675,-26.459,-31.6247,-25.5554,-32.479,-32.2222,-26.438
AI,B2,Slides2r_1920x1080_30fps_8bit_420.y4m,v08.0.0,-31.8059,-36.5388,-35.6594,-32.123,-34.2076,-34.6666,-36.2721,-34.3581,-33.8285,-39.7882,-32.7086,-39.6146,-37.7625,-33.4407
AI,B2,Slides2r_1920x1080_30fps_8bit_420.y4m,v09.0.0,-33.6281,-36.2509,-36.2634,-33.5295,-36.2128,-36.463,-36.403,-35.6116,-34.9758,-38.489,-34.8032,-39.5774,-40.0315,-35.4863
AI,B2,Slides2r_1920x1080_30fps_8bit_420.y4m,v10.0.0,-35.409,-48.5122,-46.5392,-36.3576,-36.3421,-37.0628,-37.8281,-37.2413,-36.0819,-43.4452,-37.6866,-47.255,-44.7781,-38.6593
AI,B2,Slides2r_1920x1080_30fps_8bit_420.y4m,v11.0.0,-37.7107,-49.2105,-47.8901,-38.5532,-38.2453,-39.1877,-40.8704,-39.8273,-38.1568,-46.4214,-39.8267,-47.5206,-46.376,-40.622
AI,B2,Slides2r_1920x1080_30fps_8bit_420.y4m,v12.0.0,-37.6826,-49.1295,-47.7026,-38.5179,-38.4145,-39.1798,-40.781,-39.7657,-37.9533,-45.7125,-39.7459,-47.7306,-46.1434,-40.537
AI,B2,Slides2r_1920x1080_30fps_8bit_420.y4m,v13.0.0,-38.2654,-48.9466,-47.0486,-39.0174,-43.0779,-39.6742,-41.4919,-40.738,-38.4025,-45.9533,-40.3419,-47.8318,-45.3209,-41.0548
AI,B2,Slides2r_1920x1080_30fps_8bit_420.y4m,v14.0.0,-38.3014,-48.8811,-47.1129,-39.0507,-43.1377,-39.7323,-41.6256,-40.8536,-38.4216,-45.9381,-40.3722,-47.7851,-45.4329,-41.0898
AI,B2,Slides2r_1920x1080_30fps_8bit_420.y4m,v15.0.0,-38.3014,-48.8811,-47.1129,-39.0507,-43.1377,-39.7323,-41.6256,-40.8536,-38.4216,-45.9381,-40.3722,-47.7851,-45.4329,-41.0898
AI,B2,Spreadsheet_1920x1080_30fps_8bit_420_130f.y4m,v02.0.0,-1.6375,-29.2617,-21.4291,-4.1018,-2.1687,-2.3547,-0.8116,-1.1023,-5.2059,-19.4002,-1.6377,-29.2894,-21.4005,-3.3129
AI,B2,Spreadsheet_1920x1080_30fps_8bit_420_130f.y4m,v03.0.0,-13.6336,-35.5072,-28.9184,-15.5401,-15.5619,-15.9224,-12.6655,-12.9378,-17.2321,-29.4166,-13.6285,-35.5434,-28.898,-14.9087
AI,B2,Spreadsheet_1920x1080_30fps_8bit_420_130f.y4m,v04.0.0,-22.2459,-50.2073,-46.4965,-25.1684,-27.2468,-27.3871,-23.6346,-23.3698,-28.0001,-41.0457,-22.2486,-50.2169,-46.5024,-24.2512
AI,B2,Spreadsheet_1920x1080_30fps_8bit_420_130f.y4m,v05.0.0,-25.5343,-52.7408,-49.4329,-28.4409,-30.5631,-30.8065,-27.5489,-27.1444,-31.3956,-43.9531,-25.5339,-52.779,-49.4341,-27.5562
AI,B2,Spreadsheet_1920x1080_30fps_8bit_420_130f.y4m,v06.0.0,-27.2505,-54.7208,-52.0284,-30.3342,-33.0475,-33.3286,-30.0788,-29.5096,-33.3985,-46.1457,-27.2485,-54.7373,-52.0292,-29.3877
AI,B2,Spreadsheet_1920x1080_30fps_8bit_420_130f.y4m,v07.0.0,-28.678,-54.9812,-52.4431,-31.6562,-34.1206,-34.4202,-28.763,-28.928,-34.3997,-45.4202,-28.6843,-55.0053,-52.4301,-30.7716
AI,B2,Spreadsheet_1920x1080_30fps_8bit_420_130f.y4m,v08.0.0,-38.4782,-61.5752,-59.4597,-41.0953,-44.6596,-45.1575,-38.2971,-38.0151,-44.0829,-53.9787,-38.4799,-61.5745,-59.455,-40.2677
AI,B2,Spreadsheet_1920x1080_30fps_8bit_420_130f.y4m,v09.0.0,-47.576,-65.2028,-63.0653,-49.5483,-49.5701,-50.379,-40.1446,-40.7063,-49.6875,-59.5422,-47.5779,-65.2208,-63.0658,-49.1171
AI,B2,Spreadsheet_1920x1080_30fps_8bit_420_130f.y4m,v10.0.0,-50.6925,-66.9138,-65.0913,-52.549,-49.5902,-50.4867,-45.5754,-44.6111,-50.1868,-61.5724,-50.7007,-66.9231,-65.0947,-52.1992
AI,B2,Spreadsheet_1920x1080_30fps_8bit_420_130f.y4m,v11.0.0,-53.3604,-68.0836,-66.3716,-55.0317,-52.4451,-53.5415,-48.848,-47.3919,-52.8339,-63.7768,-53.3691,-68.0946,-66.3754,-54.7406
AI,B2,Spreadsheet_1920x1080_30fps_8bit_420_130f.y4m,v12.0.0,-53.3722,-68.0557,-66.2526,-55.0229,-52.5383,-53.5548,-49.0789,-47.6208,-52.848,-63.566,-53.3816,-68.0725,-66.2543,-54.7446
AI,B2,Spreadsheet_1920x1080_30fps_8bit_420_130f.y4m,v13.0.0,-53.3073,-67.7504,-65.7225,-54.9197,-56.742,-53.3476,-48.7826,-47.3404,-52.5653,-62.7373,-53.3166,-67.7613,-65.7267,-54.6578
AI,B2,Spreadsheet_1920x1080_30fps_8bit_420_130f.y4m,v14.0.0,-53.3418,-67.7657,-65.7415,-54.953,-56.8136,-53.3649,-48.7978,-47.3612,-52.6161,-62.7777,-53.3514,-67.7767,-65.7455,-54.6912
AI,B2,Spreadsheet_1920x1080_30fps_8bit_420_130f.y4m,v15.0.0,-53.3418,-67.7657,-65.7415,-54.953,-56.8136,-53.3649,-48.7978,-47.3612,-52.6161,-62.7777,-53.3514,-67.7767,-65.7455,-54.6912
AI,B2,Wikipedia_1920x1080p30.y4m,v02.0.0,-1.6127,-23.4913,-23.1859,-3.6948,-2.2197,-2.8289,-0.2134,-0.6694,-3.3957,-14.6347,-1.6153,-23.5198,-23.2399,-3.3718
AI,B2,Wikipedia_1920x1080p30.y4m,v03.0.0,-13.2936,-31.629,-32.4658,-15.0895,-14.734,-14.5653,-10.6982,-11.1071,-14.2768,-25.0194,-13.2916,-31.6555,-32.5128,-14.7735
AI,B2,Wikipedia_1920x1080p30.y4m,v04.0.0,-21.1588,-42.1199,-41.7041,-23.323,-24.824,-24.9218,-21.0788,-21.1009,-23.4721,-34.6667,-21.158,-42.1369,-41.7356,-23.0801
AI,B2,Wikipedia_1920x1080p30.y4m,v05.0.0,-23.3888,-44.3098,-43.9881,-25.5654,-27.7432,-27.437,-23.7866,-23.5882,-25.4903,-36.2946,-23.3863,-44.3261,-44.0183,-25.312
AI,B2,Wikipedia_1920x1080p30.y4m,v06.0.0,-24.7833,-46.7048,-45.1815,-27.0702,-29.4122,-29.5315,-25.8567,-25.9135,-27.7163,-37.167,-24.7797,-46.721,-45.212,-26.8049
AI,B2,Wikipedia_1920x1080p30.y4m,v07.0.0,-26.8121,-47.8121,-46.706,-29.0254,-32.4778,-31.9848,-27.0275,-26.846,-29.2745,-40.6251,-26.8122,-47.8202,-46.7359,-28.7664
AI,B2,Wikipedia_1920x1080p30.y4m,v08.0.0,-33.4967,-52.9033,-53.1289,-35.6118,-38.3477,-38.3937,-32.6277,-32.9715,-36.0518,-46.0862,-33.4965,-52.914,-53.1337,-35.2764
AI,B2,Wikipedia_1920x1080p30.y4m,v09.0.0,-33.3269,-52.5016,-52.1839,-35.3558,-38.3355,-38.148,-32.2734,-32.5485,-35.5827,-45.5571,-33.326,-52.5108,-52.2029,-35.0491
AI,B2,Wikipedia_1920x1080p30.y4m,v10.0.0,-35.1344,-54.324,-54.7564,-37.249,-39.466,-39.3805,-34.1696,-33.9819,-36.5278,-47.4208,-35.1337,-54.3335,-54.7676,-36.8949
AI,B2,Wikipedia_1920x1080p30.y4m,v11.0.0,-37.8417,-56.656,-56.9728,-39.9252,-41.6717,-41.9513,-37.6399,-37.0686,-39.1859,-50.2468,-37.8409,-56.6657,-56.9837,-39.5344
AI,B2,Wikipedia_1920x1080p30.y4m,v12.0.0,-37.7049,-55.8617,-56.5301,-39.7289,-41.8884,-42.1052,-37.5232,-36.7501,-38.9776,-48.8296,-37.7039,-55.8734,-56.5461,-39.375
AI,B2,Wikipedia_1920x1080p30.y4m,v13.0.0,-38.3304,-56.2376,-56.1198,-40.2579,-44.1796,-42.2392,-38.3345,-37.4988,-39.4441,-49.2105,-38.3295,-56.2474,-56.1349,-39.9644
AI,B2,Wikipedia_1920x1080p30.y4m,v14.0.0,-38.3271,-56.2548,-56.1506,-40.2591,-44.1911,-42.245,-38.3437,-37.5114,-39.4604,-49.2158,-38.3261,-56.2646,-56.166,-39.9656
AI,B2,Wikipedia_1920x1080p30.y4m,v15.0.0,-38.3271,-56.2548,-56.1506,-40.2591,-44.1911,-42.245,-38.3437,-37.5114,-39.4604,-49.2158,-38.3261,-56.2646,-56.166,-39.9656
AI,E,Artistic_Concert_1920x1080_25fps.y4m,v02.0.0,-3.5246,-25.7699,-23.1103,-6.1304,-2.7922,-3.0598,-3.786,-3.7613,-3.8721,-11.5704,-3.5361,-25.8636,-21.5187,-4.6369
AI,E,Artistic_Concert_1920x1080_25fps.y4m,v03.0.0,-5.0614,-26.8796,-24.9657,-7.661,-4.0671,-4.4566,-4.7154,-4.8142,-5.283,-12.8742,-5.0789,-26.8494,-23.1464,-6.1745
AI,E,Artistic_Concert_1920x1080_25fps.y4m,v04.0.0,-8.0327,-31.8589,-29.2738,-10.8867,-6.404,-6.9728,-8.9339,-8.5753,-7.8401,-15.6465,-8.0582,-31.9584,-27.5508,-9.2591
AI,E,Artistic_Concert_1920x1080_25fps.y4m,v05.0.0,-9.4664,-33.2272,-29.7342,-12.2665,-7.3535,-8.0076,-11.2998,-10.8731,-9.1343,-17.5126,-9.4898,-33.2367,-28.1156,-10.6766
AI,E,Artistic_Concert_1920x1080_25fps.y4m,v06.0.0,-10.8904,-39.5278,-37.0386,-14.4066,-8.8892,-9.5967,-13.1466,-12.7601,-10.8059,-20.2848,-10.9109,-39.5591,-34.9712,-12.3474
AI,E,Artistic_Concert_1920x1080_25fps.y4m,v07.0.0,-11.7399,-41.2939,-37.7591,-15.3154,-9.4933,-10.2785,-14.1993,-13.7709,-11.5579,-20.8159,-11.7615,-41.326,-35.5772,-13.2072
AI,E,Artistic_Concert_1920x1080_25fps.y4m,v08.0.0,-12.1843,-41.1224,-38.5325,-15.7378,-10.0221,-10.727,-14.7062,-14.2266,-11.9094,-21.099,-12.2053,-41.1462,-36.1929,-13.6383
AI,E,Artistic_Concert_1920x1080_25fps.y4m,v09.0.0,-13.5055,-41.174,-38.2153,-16.8557,-11.6188,-12.012,-16.529,-16.2326,-13.6535,-21.9806,-13.5231,-41.2082,-35.8867,-14.867
AI,E,Artistic_Concert_1920x1080_25fps.y4m,v10.0.0,-14.2676,-38.7334,-36.828,-17.2539,-12.2401,-12.5392,-19.3195,-18.3678,-13.9824,-21.3279,-14.2883,-38.8122,-34.6812,-15.5051
AI,E,Artistic_Concert_1920x1080_25fps.y4m,v11.0.0,-14.182,-38.4669,-36.2195,-17.1143,-12.1788,-12.4717,-19.0247,-18.2025,-13.9232,-21.4681,-14.2019,-38.5427,-34.0609,-15.4036
AI,E,Artistic_Concert_1920x1080_25fps.y4m,v12.0.0,-14.2184,-38.2505,-36.3779,-17.1434,-12.1755,-12.4988,-19.0515,-18.2301,-13.9648,-21.5164,-14.2354,-38.3135,-34.2673,-15.4362
AI,E,Artistic_Concert_1920x1080_25fps.y4m,v13.0.0,-14.1002,-38.1778,-35.6556,-16.9891,-13.5402,-12.3155,-19.1216,-18.275,-13.7734,-21.0382,-14.1206,-38.2569,-33.5886,-15.3093
AI,E,Artistic_Concert_1920x1080_25fps.y4m,v14.0.0,-14.1307,-38.2098,-35.6843,-17.0196,-13.5596,-12.3392,-19.1665,-18.3174,-13.8034,-21.0723,-14.151,-38.2909,-33.6197,-15.3399
AI,E,Artistic_Concert_1920x1080_25fps.y4m,v15.0.0,-14.1307,-38.2098,-35.6843,-17.0196,-13.5596,-12.3392,-19.1665,-18.3174,-13.8034,-21.0723,-14.151,-38.2909,-33.6197,-15.3399
AI,E,Artistic_Intro_1920x1080_2997fps.y4m,v02.0.0,-2.9025,-5.8216,-8.9139,-3.3902,-2.3351,-2.1056,-4.1873,-3.958,-3.1934,-4.19,-2.9366,-5.7544,-8.8885,-3.4331
AI,E,Artistic_Intro_1920x1080_2997fps.y4m,v03.0.0,-4.2032,-5.7701,-8.2506,-4.5097,-3.0603,-3.1079,-5.6628,-5.2469,-4.0709,-4.7952,-4.221,-5.7099,-8.1884,-4.5083
AI,E,Artistic_Intro_1920x1080_2997fps.y4m,v04.0.0,-9.0783,-14.0369,-16.9534,-9.781,-7.9102,-8.0306,-9.3677,-9.0022,-8.8996,-10.6364,-9.007,-13.8904,-16.9075,-9.8181
AI,E,Artistic_Intro_1920x1080_2997fps.y4m,v05.0.0,-9.9842,-15.4393,-17.7924,-10.713,-8.4818,-8.5654,-10.481,-10.0517,-9.6484,-11.6567,-9.9124,-15.3033,-17.7106,-10.7818
AI,E,Artistic_Intro_1920x1080_2997fps.y4m,v06.0.0,-11.8406,-18.817,-20.5547,-12.7102,-10.1927,-10.5004,-12.4864,-12.0337,-11.6599,-14.3473,-11.7953,-18.6579,-20.4836,-12.8552
AI,E,Artistic_Intro_1920x1080_2997fps.y4m,v07.0.0,-12.5161,-20.7721,-22.8893,-13.5588,-10.881,-11.257,-13.475,-12.9542,-12.3941,-15.7895,-12.4807,-20.613,-22.885,-13.7314
AI,E,Artistic_Intro_1920x1080_2997fps.y4m,v08.0.0,-14.8337,-21.8615,-23.9802,-15.7367,-12.088,-13.2552,-14.4985,-13.9902,-13.9642,-18.0935,-14.7868,-21.7146,-23.9863,-15.8664
AI,E,Artistic_Intro_1920x1080_2997fps.y4m,v09.0.0,-16.2401,-21.5466,-23.932,-16.9638,-14.8279,-14.9797,-18.1052,-17.5155,-16.3291,-18.3632,-16.1513,-21.4207,-23.9366,-16.997
AI,E,Artistic_Intro_1920x1080_2997fps.y4m,v10.0.0,-17.259,-21.2408,-22.9943,-17.7961,-15.1518,-15.6799,-20.2012,-18.8924,-16.5368,-18.7541,-17.141,-21.104,-23.0017,-17.7696
AI,E,Artistic_Intro_1920x1080_2997fps.y4m,v11.0.0,-16.8819,-20.4983,-22.4167,-17.3895,-14.704,-15.1743,-19.4443,-18.3248,-16.1724,-18.3378,-16.7642,-20.4005,-22.4421,-17.3512
AI,E,Artistic_Intro_1920x1080_2997fps.y4m,v12.0.0,-16.6223,-20.3426,-22.3423,-17.1496,-13.8964,-14.1203,-19.9737,-18.7274,-15.9241,-17.7365,-16.5053,-20.2236,-22.3468,-17.1026
AI,E,Artistic_Intro_1920x1080_2997fps.y4m,v13.0.0,-16.9857,-21.124,-22.7826,-17.5385,-15.7173,-14.5694,-20.3667,-19.1003,-16.224,-18.1781,-16.8571,-21.0082,-22.79,-17.4999
AI,E,Artistic_Intro_1920x1080_2997fps.y4m,v14.0.0,-17.0081,-21.1435,-22.798,-17.5604,-15.7351,-14.5925,-20.3794,-19.1194,-16.2461,-18.1928,-16.879,-21.0274,-22.8037,-17.521
AI,E,Artistic_Intro_1920x1080_2997fps.y4m,v15.0.0,-17.0081,-21.1435,-22.798,-17.5604,-15.7351,-14.5925,-20.3794,-19.1194,-16.2461,-18.1928,-16.879,-21.0274,-22.8037,-17.521
AI,E,MixedCoding_NewsIntroAnchor_1280x720_2997fps.y4m,v02.0.0,-2.9287,-5.508,-8.1702,-3.3726,-2.308,-2.2775,-3.5797,-3.1825,-3.3229,-3.677,-2.8171,-5.5226,-8.0413,-3.4905
AI,E,MixedCoding_NewsIntroAnchor_1280x720_2997fps.y4m,v03.0.0,-4.922,-6.1452,-9.7179,-5.2624,-3.7884,-3.8127,-4.9118,-4.6212,-4.6889,-5.2132,-4.8387,-6.0213,-9.5061,-5.2951
AI,E,MixedCoding_NewsIntroAnchor_1280x720_2997fps.y4m,v04.0.0,-12.0127,-15.8941,-22.442,-12.8331,-10.0797,-10.0861,-11.8171,-11.2876,-11.7864,-13.6892,-11.6722,-16.0377,-22.4682,-12.9276
AI,E,MixedCoding_NewsIntroAnchor_1280x720_2997fps.y4m,v05.0.0,-15.0547,-19.9648,-24.6566,-15.892,-13.407,-13.2829,-15.8085,-15.4423,-15.0977,-17.1015,-14.6681,-20.0883,-24.6773,-16.0162
AI,E,MixedCoding_NewsIntroAnchor_1280x720_2997fps.y4m,v06.0.0,-17.124,-23.4179,-29.1293,-18.187,-15.2072,-15.1482,-18.8864,-18.6188,-17.4417,-19.5619,-16.6912,-23.5634,-29.2259,-18.3687
AI,E,MixedCoding_NewsIntroAnchor_1280x720_2997fps.y4m,v07.0.0,-18.9573,-25.0702,-31.1302,-20.0194,-17.0432,-17.0264,-21.307,-20.9202,-19.3755,-21.313,-18.4913,-25.207,-31.182,-20.1512
AI,E,MixedCoding_NewsIntroAnchor_1280x720_2997fps.y4m,v08.0.0,-22.9668,-27.8606,-33.7042,-23.8682,-20.9002,-20.924,-24.2095,-24.0069,-23.0929,-24.7128,-22.6422,-27.9996,-33.7793,-24.0377
AI,E,MixedCoding_NewsIntroAnchor_1280x720_2997fps.y4m,v09.0.0,-24.047,-28.1801,-33.5581,-24.83,-22.586,-22.2624,-25.8585,-25.5735,-24.33,-25.2698,-23.7631,-28.3167,-33.6308,-24.9474
AI,E,MixedCoding_NewsIntroAnchor_1280x720_2997fps.y4m,v10.0.0,-25.0267,-27.5059,-32.5216,-25.5977,-23.1244,-22.6313,-29.643,-27.7225,-24.7827,-25.184,-24.7976,-27.6583,-32.6247,-25.6688
AI,E,MixedCoding_NewsIntroAnchor_1280x720_2997fps.y4m,v11.0.0,-25.0495,-26.8613,-33.0667,-25.6084,-23.2281,-22.708,-29.0944,-27.5847,-24.7908,-25.093,-24.837,-26.9865,-33.1384,-25.6521
AI,E,MixedCoding_NewsIntroAnchor_1280x720_2997fps.y4m,v12.0.0,-25.3912,-26.9997,-33.1072,-25.9212,-23.4906,-23.0447,-28.952,-27.617,-25.06,-25.4108,-25.2139,-27.1173,-33.1871,-25.9776
AI,E,MixedCoding_NewsIntroAnchor_1280x720_2997fps.y4m,v13.0.0,-25.563,-28.1368,-34.2111,-26.2037,-25.9605,-23.1695,-29.4467,-28.0803,-25.3704,-25.7648,-25.4008,-28.2505,-34.2755,-26.332
AI,E,MixedCoding_NewsIntroAnchor_1280x720_2997fps.y4m,v14.0.0,-25.6449,-28.2229,-34.2927,-26.2859,-26.034,-23.2436,-29.5775,-28.2081,-25.4544,-25.848,-25.4826,-28.3365,-34.3572,-26.4146
AI,E,MixedCoding_NewsIntroAnchor_1280x720_2997fps.y4m,v15.0.0,-25.6449,-28.2229,-34.2927,-26.2859,-26.034,-23.2436,-29.5775,-28.2081,-25.4544,-25.848,-25.4826,-28.3365,-34.3572,-26.4146
AI,E,MixedCoding_NewsIntroOnly_1280x720_2997fps.y4m,v02.0.0,-8.4639,-8.6506,-11.2763,-8.638,-10.5733,-10.2401,-10.5448,-10.6031,-9.5625,-9.5291,-8.5548,-8.7305,-11.3982,-8.8304
AI,E,MixedCoding_NewsIntroOnly_1280x720_2997fps.y4m,v03.0.0,-11.6904,-8.9159,-10.2019,-11.4792,-13.7278,-13.3748,-13.9413,-13.8467,-12.3349,-11.6772,-11.8073,-9.0248,-10.3242,-11.6257
AI,E,MixedCoding_NewsIntroOnly_1280x720_2997fps.y4m,v04.0.0,-14.9207,-15.4852,-18.9394,-15.1653,-17.0036,-16.7511,-17.9503,-17.5019,-16.0341,-16.0709,-15.0466,-15.5924,-19.0571,-15.4244
AI,E,MixedCoding_NewsIntroOnly_1280x720_2997fps.y4m,v05.0.0,-17.0754,-17.3288,-20.2966,-17.2628,-18.608,-18.4988,-20.5589,-20.091,-17.953,-18.0377,-17.2115,-17.4476,-20.4376,-17.5513
AI,E,MixedCoding_NewsIntroOnly_1280x720_2997fps.y4m,v06.0.0,-19.0256,-20.7016,-24.4815,-19.3908,-21.2701,-21.0972,-22.6617,-22.2865,-20.2807,-20.5667,-19.1644,-20.8379,-24.5966,-19.6959
AI,E,MixedCoding_NewsIntroOnly_1280x720_2997fps.y4m,v07.0.0,-20.2554,-22.8865,-26.552,-20.7157,-22.565,-22.3895,-24.0913,-23.6461,-21.6603,-22.0371,-20.3997,-23.0123,-26.6768,-21.0285
AI,E,MixedCoding_NewsIntroOnly_1280x720_2997fps.y4m,v08.0.0,-20.8499,-23.5986,-27.1554,-21.3167,-22.974,-22.8576,-24.8846,-24.5184,-22.2491,-22.6023,-20.9971,-23.7401,-27.3007,-21.6291
AI,E,MixedCoding_NewsIntroOnly_1280x720_2997fps.y4m,v09.0.0,-21.7565,-23.6597,-26.7219,-22.106,-23.5876,-23.1556,-26.7381,-26.2711,-23.3271,-23.2679,-21.8948,-23.8147,-26.863,-22.3721
AI,E,MixedCoding_NewsIntroOnly_1280x720_2997fps.y4m,v10.0.0,-22.8133,-23.3735,-26.5016,-23.0305,-24.6102,-24.2216,-28.8247,-28.0453,-24.1313,-23.8548,-22.9078,-23.4889,-26.6264,-23.2344
AI,E,MixedCoding_NewsIntroOnly_1280x720_2997fps.y4m,v11.0.0,-22.8486,-23.0075,-26.1827,-23.0266,-24.5087,-24.1313,-28.7411,-27.9916,-24.0866,-23.7509,-22.9495,-23.1273,-26.3177,-23.2276
AI,E,MixedCoding_NewsIntroOnly_1280x720_2997fps.y4m,v12.0.0,-22.8924,-23.1428,-26.2541,-23.0767,-24.6046,-24.2275,-28.7635,-28.0432,-24.1503,-23.9249,-22.9911,-23.2603,-26.362,-23.2759
AI,E,MixedCoding_NewsIntroOnly_1280x720_2997fps.y4m,v13.0.0,-22.9473,-23.9571,-27.3184,-23.2304,-23.4563,-24.1663,-29.0336,-28.1698,-24.1877,-24.1135,-23.0507,-24.0578,-27.4029,-23.4308
AI,E,MixedCoding_NewsIntroOnly_1280x720_2997fps.y4m,v14.0.0,-22.9894,-24.0015,-27.3642,-23.2727,-23.4894,-24.2055,-29.1061,-28.2396,-24.2306,-24.1571,-23.0928,-24.1021,-27.4487,-23.4736
AI,E,MixedCoding_NewsIntroOnly_1280x720_2997fps.y4m,v15.0.0,-22.9894,-24.0015,-27.3642,-23.2727,-23.4894,-24.2055,-29.1061,-28.2396,-24.2306,-24.1571,-23.0928,-24.1021,-27.4487,-23.4736
AI,E,MountainBike_1920x1080_30fps_8bit.y4m,v02.0.0,-5.1224,-13.0597,-12.7174,-5.8508,-4.618,-5.2669,-4.4489,-4.748,-5.3914,-9.0584,-5.0476,-13.0775,-12.7456,-5.6774
AI,E,MountainBike_1920x1080_30fps_8bit.y4m,v03.0.0,-7.7209,-13.6495,-14.6429,-8.3225,-5.9606,-7.0653,-5.3156,-5.6777,-7.3889,-10.8169,-7.6572,-13.6595,-14.6771,-8.2117
AI,E,MountainBike_1920x1080_30fps_8bit.y4m,v04.0.0,-10.4731,-22.64,-20.8244,-11.5491,-7.9515,-9.3461,-8.5574,-8.6867,-9.9377,-14.8745,-10.3958,-22.6507,-20.8274,-11.3197
AI,E,MountainBike_1920x1080_30fps_8bit.y4m,v05.0.0,-11.3625,-23.5784,-22.0553,-12.4606,-8.5759,-10.0545,-10.1909,-10.3022,-10.8014,-15.8327,-11.279,-23.5847,-22.0626,-12.2491
AI,E,MountainBike_1920x1080_30fps_8bit.y4m,v06.0.0,-12.872,-26.2975,-24.855,-14.0997,-10.4447,-11.8385,-12.3003,-12.4165,-12.5739,-18.1768,-12.7749,-26.3026,-24.8771,-13.8521
AI,E,MountainBike_1920x1080_30fps_8bit.y4m,v07.0.0,-13.2437,-27.3219,-25.4758,-14.5184,-10.7484,-12.2045,-12.8217,-13.016,-12.9436,-18.98,-13.1447,-27.3449,-25.4939,-14.2656
AI,E,MountainBike_1920x1080_30fps_8bit.y4m,v08.0.0,-13.699,-28.3733,-25.8947,-15.0022,-11.2467,-12.6877,-13.4886,-13.674,-13.4521,-19.4602,-13.5866,-28.3832,-25.9141,-14.7236
AI,E,MountainBike_1920x1080_30fps_8bit.y4m,v09.0.0,-15.3987,-28.2172,-25.5497,-16.4999,-13.8033,-14.7093,-16.4948,-16.6043,-15.58,-20.5222,-15.3012,-28.2339,-25.5674,-16.256
AI,E,MountainBike_1920x1080_30fps_8bit.y4m,v10.0.0,-15.7272,-27.0556,-24.6681,-16.6923,-13.9113,-14.7276,-19.6725,-18.9088,-15.4938,-20.2682,-15.61,-27.0758,-24.6914,-16.475
AI,E,MountainBike_1920x1080_30fps_8bit.y4m,v11.0.0,-15.6265,-26.8228,-24.3951,-16.5772,-13.8946,-14.6759,-19.7563,-19.0113,-15.4295,-20.1745,-15.5063,-26.8426,-24.4239,-16.3703
AI,E,MountainBike_1920x1080_30fps_8bit.y4m,v12.0.0,-15.7735,-26.8886,-24.4427,-16.7151,-14.0103,-14.8209,-19.7062,-19.0599,-15.5922,-20.3574,-15.6562,-26.9148,-24.4668,-16.5143
AI,E,MountainBike_1920x1080_30fps_8bit.y4m,v13.0.0,-15.7915,-27.0993,-24.558,-16.7484,-16.6652,-14.8387,-20.2385,-19.4957,-15.6322,-20.2221,-15.677,-27.1265,-24.5761,-16.5524
AI,E,MountainBike_1920x1080_30fps_8bit.y4m,v14.0.0,-15.8007,-27.1186,-24.6004,-16.7597,-16.6732,-14.8605,-20.2642,-19.5219,-15.6477,-20.2307,-15.6859,-27.1443,-24.618,-16.564
AI,E,MountainBike_1920x1080_30fps_8bit.y4m,v15.0.0,-15.8007,-27.1186,-24.6004,-16.7597,-16.6732,-14.8605,-20.2642,-19.5219,-15.6477,-20.2307,-15.6859,-27.1443,-24.618,-16.564
AI,E,Noise_AnimationCrayon_1920x1080_2398fps.y4m,v02.0.0,-7.3369,-10.852,-18.844,-8.0926,-2.3202,-3.7278,-10.7864,-11.1416,-6.4278,-8.4024,-7.3202,-10.7986,-17.5911,-8.1319
AI,E,Noise_AnimationCrayon_1920x1080_2398fps.y4m,v03.0.0,-10.8248,-11.473,-20.3581,-11.3366,-4.3667,-5.325,-16.9987,-17.1535,-8.8371,-10.9096,-10.8129,-11.3867,-19.2139,-11.262
AI,E,Noise_AnimationCrayon_1920x1080_2398fps.y4m,v04.0.0,-14.544,-16.8144,-33.5197,-15.7396,-7.5987,-9.2242,-21.9218,-21.5496,-12.7926,-16.5077,-14.5473,-16.7275,-32.0846,-15.6026
AI,E,Noise_AnimationCrayon_1920x1080_2398fps.y4m,v05.0.0,-16.7469,-20.3159,-36.4447,-18.0754,-9.508,-10.8473,-25.5975,-25.2472,-15.1548,-19.1016,-16.7523,-20.2123,-35.1675,-17.9858
AI,E,Noise_AnimationCrayon_1920x1080_2398fps.y4m,v06.0.0,-18.3269,-22.7227,-42.0572,-19.809,-11.7739,-12.6744,-27.0548,-27.1214,-17.1742,-21.5048,-18.3392,-22.5481,-40.7716,-19.7109
AI,E,Noise_AnimationCrayon_1920x1080_2398fps.y4m,v07.0.0,-19.7105,-25.0916,-43.7877,-21.2757,-12.8563,-13.6033,-29.7311,-29.7736,-18.5929,-23.0899,-19.7268,-24.9341,-42.7209,-21.2212
AI,E,Noise_AnimationCrayon_1920x1080_2398fps.y4m,v08.0.0,-19.8245,-25.4431,-44.8923,-21.4543,-12.609,-13.386,-30.3727,-30.3728,-18.663,-23.3484,-19.841,-25.2472,-43.6464,-21.3882
AI,E,Noise_AnimationCrayon_1920x1080_2398fps.y4m,v09.0.0,-22.3623,-23.6736,-44.3774,-23.5674,-17.4057,-17.7605,-31.4821,-31.4697,-21.8448,-23.7418,-22.3771,-23.507,-43.173,-23.2067
AI,E,Noise_AnimationCrayon_1920x1080_2398fps.y4m,v10.0.0,-22.6838,-24.1389,-44.6376,-23.9286,-17.9214,-17.874,-34.4562,-33.6542,-22.2165,-24.6163,-22.6986,-23.9869,-43.4222,-23.5634
AI,E,Noise_AnimationCrayon_1920x1080_2398fps.y4m,v11.0.0,-22.5368,-23.4494,-43.9913,-23.7274,-17.7793,-17.5217,-33.5127,-33.0996,-21.9919,-24.0662,-22.5426,-23.2944,-42.7287,-23.3111
AI,E,Noise_AnimationCrayon_1920x1080_2398fps.y4m,v12.0.0,-22.6302,-23.6903,-43.9865,-23.8259,-17.6864,-17.4314,-33.4308,-33.1942,-22.0279,-24.1906,-22.6401,-23.5344,-42.8082,-23.4309
AI,E,Noise_AnimationCrayon_1920x1080_2398fps.y4m,v13.0.0,-22.9382,-23.962,-44.6215,-24.1583,-15.8205,-17.6259,-34.2577,-33.9016,-22.3075,-24.5942,-22.9555,-23.8191,-43.5397,-23.7817
AI,E,Noise_AnimationCrayon_1920x1080_2398fps.y4m,v14.0.0,-22.9849,-23.9896,-44.647,-24.203,-15.8236,-17.6634,-34.336,-33.9825,-22.3747,-24.6287,-23.0009,-23.8473,-43.5638,-23.8236
AI,E,Noise_AnimationCrayon_1920x1080_2398fps.y4m,v15.0.0,-22.9849,-23.9896,-44.647,-24.203,-15.8236,-17.6634,-34.336,-33.9825,-22.3747,-24.6287,-23.0009,-23.8473,-43.5638,-23.8236
AI,E,Noise_Animation_1280x720_2398fps.y4m,v02.0.0,-7.703,-13.829,-7.3147,-7.8008,-4.2413,-5.0552,-7.995,-8.0344,-6.5701,-10.2238,-6.1826,-13.8677,-7.3467,-6.5891
AI,E,Noise_Animation_1280x720_2398fps.y4m,v03.0.0,-8.2627,-8.1789,-2.9039,-7.576,-3.8833,-4.2503,-9.797,-9.8032,-6.5769,-8.9178,-6.9415,-8.2157,-2.8755,-6.5214
AI,E,Noise_Animation_1280x720_2398fps.y4m,v04.0.0,-12.5433,-22.8974,-16.466,-13.2989,-9.0566,-8.6045,-16.3279,-16.3454,-12.7817,-15.0094,-11.1861,-22.9241,-16.3996,-11.9172
AI,E,Noise_Animation_1280x720_2398fps.y4m,v05.0.0,-16.6209,-27.3756,-20.7763,-17.2724,-12.3844,-11.8753,-22.7772,-22.228,-16.6087,-18.703,-15.0383,-27.3836,-20.7285,-15.7673
AI,E,Noise_Animation_1280x720_2398fps.y4m,v06.0.0,-19.3184,-35.4025,-27.2714,-20.7131,-14.779,-14.2891,-25.5141,-25.3947,-19.854,-24.1435,-17.5209,-35.4151,-27.2007,-18.8878
AI,E,Noise_Animation_1280x720_2398fps.y4m,v07.0.0,-22.3129,-39.3868,-27.0507,-23.4591,-17.5712,-16.9729,-30.1109,-29.9378,-22.9547,-27.2208,-20.4661,-39.4158,-26.932,-21.5689
AI,E,Noise_Animation_1280x720_2398fps.y4m,v08.0.0,-22.9305,-40.2429,-27.6749,-24.1212,-18.0508,-17.5719,-31.4687,-30.9948,-23.6845,-27.8456,-21.0509,-40.2693,-27.6023,-22.1644
AI,E,Noise_Animation_1280x720_2398fps.y4m,v09.0.0,-20.4183,-44.3279,-31.7065,-22.7511,-21.0236,-16.7911,-32.9457,-33.0998,-25.9262,-26.6277,-21.0893,-44.3156,-31.5918,-22.3994
AI,E,Noise_Animation_1280x720_2398fps.y4m,v10.0.0,-22.0425,-44.8124,-33.4521,-24.3289,-21.5071,-17.7285,-37.9327,-36.558,-27.0168,-27.7826,-22.9263,-44.755,-33.3358,-24.1791
AI,E,Noise_Animation_1280x720_2398fps.y4m,v11.0.0,-22.0057,-43.3934,-29.3144,-23.8432,-21.561,-17.9196,-39.804,-36.9882,-26.4985,-27.1407,-22.8464,-43.3657,-29.1852,-23.6705
AI,E,Noise_Animation_1280x720_2398fps.y4m,v12.0.0,-22.1849,-43.7059,-29.4923,-24.0413,-21.7825,-18.0271,-39.6652,-37.1879,-26.7074,-27.3708,-23.0506,-43.6844,-29.3735,-23.8655
AI,E,Noise_Animation_1280x720_2398fps.y4m,v13.0.0,-22.8474,-45.2191,-34.0244,-25.0897,-5.5973,-18.65,-40.5815,-37.9592,-27.5257,-28.6193,-23.6048,-45.2099,-33.9455,-24.9845
AI,E,Noise_Animation_1280x720_2398fps.y4m,v14.0.0,-22.9697,-45.3268,-34.1553,-25.2127,-5.675,-18.7486,-40.7687,-38.1433,-27.6511,-28.7302,-23.7238,-45.3177,-34.0765,-25.1061
AI,E,Noise_Animation_1280x720_2398fps.y4m,v15.0.0,-22.9697,-45.3268,-34.1553,-25.2127,-5.675,-18.7486,-40.7687,-38.1433,-27.6511,-28.7302,-23.7238,-45.3177,-34.0765,-25.1061
AI,E,Noise_Ocean_1920x1080_60fps.y4m,v02.0.0,0.3731,-26.0914,-26.3745,-5.6186,0.9549,0.5153,-2.8636,-2.5414,-0.6388,-7.6054,0.852,-25.7975,-25.3865,0.0504
AI,E,Noise_Ocean_1920x1080_60fps.y4m,v03.0.0,0.7233,-32.9545,-30.172,-6.3426,-0.4313,0.5367,-3.7575,-3.4452,-1.365,-9.5133,1.2357,-32.6191,-29.3673,0.2258
AI,E,Noise_Ocean_1920x1080_60fps.y4m,v04.0.0,-1.8016,-32.8632,-34.1838,-9.1379,-2.4776,-2.1405,-7.1882,-6.8989,-3.8211,-11.2062,-1.3273,-32.5516,-33.429,-2.2834
AI,E,Noise_Ocean_1920x1080_60fps.y4m,v05.0.0,-3.6345,-40.1667,-37.9654,-11.9222,-4.2348,-3.4881,-8.5258,-8.8598,-5.7151,-15.0073,-3.0804,-39.9123,-37.2758,-4.0398
AI,E,Noise_Ocean_1920x1080_60fps.y4m,v06.0.0,-4.3188,-49.1127,-47.0773,-14.5588,-6.1388,-4.6437,-9.7809,-10.1803,-7.3243,-18.0822,-3.8084,-48.6498,-46.7081,-5.1199
AI,E,Noise_Ocean_1920x1080_60fps.y4m,v07.0.0,-4.8868,-52.0773,-48.1041,-15.6259,-6.5601,-5.0924,-10.8055,-11.2594,-7.8085,-20.6924,-4.3779,-51.7442,-47.921,-5.7415
AI,E,Noise_Ocean_1920x1080_60fps.y4m,v08.0.0,-4.7848,-50.6866,-46.168,-15.136,-6.409,-4.9736,-10.9227,-11.299,-7.5851,-20.0482,-4.289,-50.3189,-45.9003,-5.6526
AI,E,Noise_Ocean_1920x1080_60fps.y4m,v09.0.0,-7.495,-46.8102,-47.7593,-17.3663,-13.8491,-10.2737,-12.1546,-12.8567,-13.8103,-21.8317,-7.2886,-46.5228,-47.6536,-8.8789
AI,E,Noise_Ocean_1920x1080_60fps.y4m,v10.0.0,-6.9799,-40.8779,-41.6938,-15.0016,-14.3628,-10.2269,-11.4197,-12.255,-13.5412,-19.9082,-6.7805,-40.5,-41.655,-8.1107
AI,E,Noise_Ocean_1920x1080_60fps.y4m,v11.0.0,-6.8246,-43.1331,-45.7506,-15.2688,-14.2954,-10.2268,-10.7602,-11.6903,-13.5196,-19.3828,-6.602,-42.8832,-45.5368,-7.9291
AI,E,Noise_Ocean_1920x1080_60fps.y4m,v12.0.0,-7.1823,-44.3505,-46.016,-15.8129,-13.1431,-9.6996,-10.813,-11.5798,-12.9645,-19.5732,-7.0249,-44.0142,-45.8952,-8.35
AI,E,Noise_Ocean_1920x1080_60fps.y4m,v13.0.0,-7.4089,-41.8228,-44.0353,-15.4871,-3.7233,-9.7731,-10.9829,-11.9634,-13.0187,-19.9591,-7.2876,-41.5035,-44.1398,-8.5921
AI,E,Noise_Ocean_1920x1080_60fps.y4m,v14.0.0,-7.5766,-42.1635,-44.3236,-15.6833,-3.7489,-9.8432,-11.1861,-12.1866,-13.153,-20.182,-7.4494,-41.8456,-44.4289,-8.7625
AI,E,Noise_Ocean_1920x1080_60fps.y4m,v15.0.0,-7.5766,-42.1635,-44.3236,-15.6833,-3.7489,-9.8432,-11.1861,-12.1866,-13.153,-20.182,-7.4494,-41.8456,-44.4289,-8.7625
AI,E,Noise_Soccer_1920x1080_50fps.y4m,v02.0.0,-0.7018,-25.341,-7.2191,-2.6029,-1.4922,-0.9622,-5.9022,-5.3907,-4.1578,-3.7183,-0.7019,-25.3862,-7.2777,-1.4308
AI,E,Noise_Soccer_1920x1080_50fps.y4m,v03.0.0,-1.5611,-25.1101,-6.541,-3.2662,-3.1025,-1.6789,-8.5804,-7.714,-5.3863,-4.3589,-1.5612,-25.1567,-6.6045,-2.205
AI,E,Noise_Soccer_1920x1080_50fps.y4m,v04.0.0,-4.2045,-31.5548,-7.8553,-6.0569,-5.2645,-3.7672,-13.2402,-12.1158,-7.9216,-7.3215,-4.205,-31.5933,-7.9162,-4.9253
AI,E,Noise_Soccer_1920x1080_50fps.y4m,v05.0.0,-5.1064,-35.2751,-11.6048,-7.38,-5.8269,-4.3296,-16.5886,-15.4556,-9.2543,-8.5091,-5.1068,-35.321,-11.6633,-5.9737
AI,E,Noise_Soccer_1920x1080_50fps.y4m,v06.0.0,-5.7823,-41.1449,-13.8774,-8.5063,-7.2108,-5.234,-18.8715,-17.6149,-10.7425,-9.5368,-5.7828,-41.1869,-13.934,-6.7975
AI,E,Noise_Soccer_1920x1080_50fps.y4m,v07.0.0,-6.2707,-43.8242,-13.7044,-9.1199,-7.6392,-5.618,-19.6348,-18.5865,-11.3281,-10.1987,-6.2711,-43.8657,-13.7602,-7.3135
AI,E,Noise_Soccer_1920x1080_50fps.y4m,v08.0.0,-6.8747,-45.2576,-15.1996,-9.8619,-8.2117,-6.1382,-21.3273,-20.1383,-12.155,-10.9221,-6.875,-45.2972,-15.2551,-7.9711
AI,E,Noise_Soccer_1920x1080_50fps.y4m,v09.0.0,-10.0214,-43.4493,-11.6104,-12.1344,-10.436,-8.7063,-22.522,-21.5104,-14.5752,-13.7244,-10.0206,-43.4872,-11.6658,-10.8158
AI,E,Noise_Soccer_1920x1080_50fps.y4m,v10.0.0,-10.2718,-42.3491,-12.0196,-12.31,-10.4734,-8.8214,-25.0202,-23.2641,-14.4255,-13.791,-10.2715,-42.3851,-12.0793,-11.0247
AI,E,Noise_Soccer_1920x1080_50fps.y4m,v11.0.0,-10.1385,-42.6187,-11.805,-12.201,-10.645,-8.9746,-24.3694,-22.9551,-14.4911,-13.7153,-10.1384,-42.6593,-11.8634,-10.8936
AI,E,Noise_Soccer_1920x1080_50fps.y4m,v12.0.0,-10.2325,-42.3035,-11.8321,-12.2603,-10.7211,-9.0552,-24.1797,-22.8814,-14.5155,-13.7956,-10.2322,-42.3443,-11.8922,-10.9781
AI,E,Noise_Soccer_1920x1080_50fps.y4m,v13.0.0,-10.2975,-42.9386,-11.9697,-12.3774,-6.3947,-9.1092,-24.5788,-23.1736,-14.6483,-13.8516,-10.2973,-42.9771,-12.0249,-11.0682
AI,E,Noise_Soccer_1920x1080_50fps.y4m,v14.0.0,-10.3087,-42.9679,-11.9556,-12.3882,-6.3934,-9.0986,-24.6061,-23.2113,-14.6544,-13.8636,-10.3084,-43.0066,-12.0111,-11.0796
AI,E,Noise_Soccer_1920x1080_50fps.y4m,v15.0.0,-10.3087,-42.9679,-11.9556,-12.3882,-6.3934,-9.0986,-24.6061,-23.2113,-14.6544,-13.8636,-10.3084,-43.0066,-12.0111,-11.0796
AI,E,Shaky_Baseball_3840x2160_5994fps.y4m,v02.0.0,-1.4213,-4.9255,-4.6589,-1.889,-1.8475,-2.2855,-1.3822,-1.4747,-2.064,-3.4912,-1.0714,-4.7691,-4.6726,-2.2481
AI,E,Shaky_Baseball_3840x2160_5994fps.y4m,v03.0.0,-3.2219,-5.5087,-5.5922,-3.5436,-2.8347,-3.9472,-1.3054,-1.8403,-3.7038,-4.5412,-2.9074,-5.4353,-5.7646,-3.7818
AI,E,Shaky_Baseball_3840x2160_5994fps.y4m,v04.0.0,-7.2258,-13.1554,-12.1855,-7.988,-7.2821,-8.5162,-4.2929,-5.0745,-8.2119,-10.4159,-6.7489,-13.1391,-12.4232,-8.664
AI,E,Shaky_Baseball_3840x2160_5994fps.y4m,v05.0.0,-9.5148,-14.7671,-13.7157,-10.1774,-9.001,-10.7918,-5.0263,-6.198,-10.2348,-12.3217,-8.9975,-14.7469,-13.9402,-10.6898
AI,E,Shaky_Baseball_3840x2160_5994fps.y4m,v06.0.0,-10.4053,-16.2937,-15.3458,-11.1651,-9.6925,-11.6381,-6.3123,-7.6346,-11.3345,-13.8896,-9.9448,-16.1696,-15.5563,-11.8192
AI,E,Shaky_Baseball_3840x2160_5994fps.y4m,v07.0.0,-10.8757,-16.0709,-14.5882,-11.5001,-10.2589,-12.2399,-6.9431,-8.2985,-11.5826,-14.2596,-10.426,-15.9486,-14.8725,-12.0115
AI,E,Shaky_Baseball_3840x2160_5994fps.y4m,v08.0.0,-10.9597,-16.1059,-14.6004,-11.5759,-10.2759,-12.3322,-6.5667,-7.9321,-11.6588,-14.1849,-10.5037,-16.0161,-14.9221,-12.0873
AI,E,Shaky_Baseball_3840x2160_5994fps.y4m,v09.0.0,-14.2616,-16.4589,-14.3554,-14.427,-13.1607,-15.0033,-9.7184,-11.0797,-14.2908,-15.4199,-13.9684,-16.349,-14.6725,-14.465
AI,E,Shaky_Baseball_3840x2160_5994fps.y4m,v10.0.0,-15.0435,-16.5393,-14.9065,-15.1436,-13.6931,-15.5187,-11.5579,-12.6364,-14.9854,-15.4622,-14.8085,-16.5219,-15.2016,-15.1525
AI,E,Shaky_Baseball_3840x2160_5994fps.y4m,v11.0.0,-14.6968,-17.2845,-16.0192,-14.9786,-13.4101,-15.1897,-11.4579,-12.5237,-14.9636,-16.2764,-14.4733,-16.7536,-16.1827,-15.1435
AI,E,Shaky_Baseball_3840x2160_5994fps.y4m,v12.0.0,-14.5569,-17.5008,-15.9619,-14.868,-13.0115,-14.9169,-11.3986,-12.5853,-14.8609,-16.3025,-14.3144,-16.9579,-16.1305,-15.057
AI,E,Shaky_Baseball_3840x2160_5994fps.y4m,v13.0.0,-14.7852,-19.3757,-16.9563,-15.2754,-20.3454,-15.1981,-11.5719,-12.739,-15.3887,-17.3065,-14.5422,-18.6807,-16.9984,-15.6349
AI,E,Shaky_Baseball_3840x2160_5994fps.y4m,v14.0.0,-14.8305,-19.4056,-16.994,-15.319,-20.3965,-15.2328,-11.6275,-12.7953,-15.4224,-17.3463,-14.585,-18.712,-17.0353,-15.6752
AI,E,Shaky_Baseball_3840x2160_5994fps.y4m,v15.0.0,-14.8305,-19.4056,-16.994,-15.319,-20.3965,-15.2328,-11.6275,-12.7953,-15.4224,-17.3463,-14.585,-18.712,-17.0353,-15.6752
AI,E,Shaky_Fireworks_3840x2160_2997fps.y4m,v02.0.0,-4.6086,-3.1627,-2.2309,-4.3419,-2.6459,-4.6772,-6.89,-6.708,-4.1857,-3.0603,-5.0782,-2.0677,-1.9033,-4.3403
AI,E,Shaky_Fireworks_3840x2160_2997fps.y4m,v03.0.0,-8.8379,-7.6139,-6.7106,-8.6188,-5.5991,-8.1896,-10.6852,-10.9799,-8.3482,-8.1172,-8.973,-5.5115,-5.9987,-8.2192
AI,E,Shaky_Fireworks_3840x2160_2997fps.y4m,v04.0.0,-15.5113,-15.6704,-16.8411,-15.6248,-6.6354,-12.9952,-12.4312,-12.9985,-13.7184,-14.1316,-16.4193,-16.314,-19.442,-16.7825
AI,E,Shaky_Fireworks_3840x2160_2997fps.y4m,v05.0.0,-18.2298,-18.1885,-19.1076,-18.2914,-8.6494,-15.3607,-14.8564,-15.3789,-16.4061,-16.7031,-19.0419,-18.8058,-21.6269,-19.3275
AI,E,Shaky_Fireworks_3840x2160_2997fps.y4m,v06.0.0,-19.0093,-20.969,-22.0957,-19.4182,-9.5346,-16.1791,-17.226,-17.5905,-17.5723,-18.3851,-19.8654,-21.3217,-23.7916,-20.5556
AI,E,Shaky_Fireworks_3840x2160_2997fps.y4m,v07.0.0,-19.9793,-21.582,-22.5,-20.3143,-10.2699,-17.1107,-18.0506,-18.5819,-18.6491,-19.2581,-20.8304,-21.9492,-24.4285,-21.4406
AI,E,Shaky_Fireworks_3840x2160_2997fps.y4m,v08.0.0,-20.6769,-22.7212,-23.2819,-21.0573,-10.7102,-17.5826,-19.5636,-19.7553,-19.3378,-19.8546,-21.5617,-23.326,-25.3655,-22.2828
AI,E,Shaky_Fireworks_3840x2160_2997fps.y4m,v09.0.0,-22.4568,-22.9613,-24.0063,-22.6467,-12.8801,-19.107,-21.6417,-22.0989,-20.7269,-21.0222,-23.461,-23.6253,-25.8083,-23.8228
AI,E,Shaky_Fireworks_3840x2160_2997fps.y4m,v10.0.0,-23.2451,-23.1024,-23.5654,-23.3234,-13.9559,-19.8929,-25.3586,-25.157,-21.3202,-20.9313,-24.3449,-23.785,-25.4608,-24.4931
AI,E,Shaky_Fireworks_3840x2160_2997fps.y4m,v11.0.0,-22.7937,-25.1548,-25.4981,-23.3236,-13.6865,-19.3518,-26.1663,-25.4156,-21.2231,-21.8422,-23.9155,-25.3504,-26.6557,-24.5528
AI,E,Shaky_Fireworks_3840x2160_2997fps.y4m,v12.0.0,-22.7979,-24.9173,-25.2884,-23.3014,-13.5123,-19.3504,-26.2891,-25.3436,-21.219,-21.6718,-23.9117,-25.0318,-26.3931,-24.4852
AI,E,Shaky_Fireworks_3840x2160_2997fps.y4m,v13.0.0,-23.037,-24.8971,-25.4813,-23.5013,-39.9303,-19.5569,-26.8752,-25.9985,-21.4704,-21.784,-24.1639,-25.3977,-26.9113,-24.7805
AI,E,Shaky_Fireworks_3840x2160_2997fps.y4m,v14.0.0,-23.097,-24.9407,-25.5526,-23.5606,-39.9712,-19.5994,-26.9457,-26.0695,-21.5245,-21.8362,-24.2253,-25.4361,-26.9834,-24.8405
AI,E,Shaky_Fireworks_3840x2160_2997fps.y4m,v15.0.0,-23.097,-24.9407,-25.5526,-23.5606,-39.9712,-19.5994,-26.9457,-26.0695,-21.5245,-21.8362,-24.2253,-25.4361,-26.9834,-24.8405
AI,E,Shaky_Quad_1920x1080_30fps.y4m,v02.0.0,-1.1991,-48.3423,-44.7394,-6.8361,-2.9291,-2.5375,-4.5908,-3.9985,-3.8553,-16.4502,-1.2069,-48.3593,-44.5349,-2.415
AI,E,Shaky_Quad_1920x1080_30fps.y4m,v03.0.0,-2.0682,-49.3635,-47.5754,-7.8226,-3.6129,-3.3694,-6.6761,-5.901,-4.7299,-17.7129,-2.0807,-49.3049,-47.3587,-3.3069
AI,E,Shaky_Quad_1920x1080_30fps.y4m,v04.0.0,-4.2371,-49.9149,-50.0614,-9.9619,-6.432,-6.1476,-9.8359,-8.8692,-6.9802,-19.6884,-4.25,-49.9381,-49.8249,-5.4731
AI,E,Shaky_Quad_1920x1080_30fps.y4m,v05.0.0,-5.256,-50.7353,-50.8201,-10.9658,-7.2195,-7.0161,-11.5856,-10.5718,-8.0021,-20.7292,-5.2711,-50.7077,-50.6514,-6.4922
AI,E,Shaky_Quad_1920x1080_30fps.y4m,v06.0.0,-6.205,-58.7809,-56.9492,-12.8571,-8.5047,-8.3001,-13.1297,-12.1328,-9.1996,-24.4208,-6.22,-58.8593,-56.6843,-7.5324
AI,E,Shaky_Quad_1920x1080_30fps.y4m,v07.0.0,-6.7425,-52.536,-50.9756,-12.4148,-9.1723,-8.9571,-13.9615,-12.945,-9.6803,-23.1822,-6.7592,-52.6526,-50.747,-7.9742
AI,E,Shaky_Quad_1920x1080_30fps.y4m,v08.0.0,-6.7881,-54.9108,-51.8988,-12.6633,-9.2063,-8.9546,-14.1054,-13.1732,-9.7402,-23.6395,-6.8029,-55.0222,-51.631,-8.0379
AI,E,Shaky_Quad_1920x1080_30fps.y4m,v09.0.0,-7.8474,-54.8719,-51.6258,-13.5712,-10.02,-9.6063,-16.1215,-15.311,-11.1976,-24.3145,-7.8722,-54.9743,-51.3785,-9.0663
AI,E,Shaky_Quad_1920x1080_30fps.y4m,v10.0.0,-8.6716,-52.1005,-49.2782,-13.9574,-10.5,-10.1139,-17.3392,-16.3191,-11.5321,-24.1225,-8.6927,-52.1697,-49.0988,-9.8253
AI,E,Shaky_Quad_1920x1080_30fps.y4m,v11.0.0,-8.7417,-55.2716,-50.3028,-14.1006,-10.5282,-10.1778,-16.9371,-16.0842,-11.6895,-24.5515,-8.7636,-55.3756,-50.0506,-9.9129
AI,E,Shaky_Quad_1920x1080_30fps.y4m,v12.0.0,-8.719,-55.2431,-50.565,-14.098,-10.4794,-10.1551,-16.8479,-16.0281,-11.6627,-24.6116,-8.7427,-55.3282,-50.2854,-9.8941
AI,E,Shaky_Quad_1920x1080_30fps.y4m,v13.0.0,-8.8371,-53.4249,-48.1902,-13.9249,-9.6947,-10.2037,-16.8975,-16.1125,-11.6598,-24.0301,-8.8569,-53.5395,-47.9806,-9.9766
AI,E,Shaky_Quad_1920x1080_30fps.y4m,v14.0.0,-8.8621,-53.4525,-48.1791,-13.9475,-9.7157,-10.2163,-16.9285,-16.1407,-11.6984,-24.0546,-8.8818,-53.5666,-47.9736,-10.0011
AI,E,Shaky_Quad_1920x1080_30fps.y4m,v15.0.0,-8.8621,-53.4525,-48.1791,-13.9475,-9.7157,-10.2163,-16.9285,-16.1407,-11.6984,-24.0546,-8.8818,-53.5666,-47.9736,-10.0011
AI,E,Shaky_Walk_1920x1080_25fps.y4m,v02.0.0,-3.221,-35.3472,-39.9742,-7.3839,-3.3524,-3.3419,-4.7183,-4.4634,-4.6194,-13.8348,-3.1066,-35.7785,-40.2537,-4.1934
AI,E,Shaky_Walk_1920x1080_25fps.y4m,v03.0.0,-4.6514,-37.2854,-43.6132,-9.0101,-4.614,-4.7207,-5.9687,-5.6391,-6.1267,-15.2855,-4.5681,-37.6795,-43.7377,-5.6899
AI,E,Shaky_Walk_1920x1080_25fps.y4m,v04.0.0,-6.7462,-38.4113,-45.5561,-11.0637,-6.6307,-6.8443,-8.3169,-7.8979,-8.0053,-17.2403,-6.7155,-38.7668,-45.6744,-7.8335
AI,E,Shaky_Walk_1920x1080_25fps.y4m,v05.0.0,-7.5874,-39.5521,-46.2403,-11.9184,-7.1965,-7.4734,-9.412,-8.9779,-8.7756,-18.1161,-7.5451,-39.9177,-46.3446,-8.6674
AI,E,Shaky_Walk_1920x1080_25fps.y4m,v06.0.0,-8.8556,-41.2611,-47.6387,-13.2231,-8.6105,-8.8548,-11.4323,-11.0635,-10.2285,-19.6547,-8.7253,-41.5393,-47.7024,-9.8591
AI,E,Shaky_Walk_1920x1080_25fps.y4m,v07.0.0,-9.1704,-39.8717,-44.1187,-13.1482,-8.8878,-9.2238,-11.7577,-11.4589,-10.4633,-19.1692,-9.0305,-40.16,-44.1733,-10.1029
AI,E,Shaky_Walk_1920x1080_25fps.y4m,v08.0.0,-9.3079,-39.3841,-43.3095,-13.1856,-8.925,-9.2614,-11.7629,-11.4353,-10.4998,-19.1423,-9.1381,-39.6718,-43.383,-10.1933
AI,E,Shaky_Walk_1920x1080_25fps.y4m,v09.0.0,-10.9846,-39.6736,-43.1856,-14.6397,-11.266,-11.0518,-15.5057,-15.2202,-12.9369,-20.476,-10.8157,-39.9491,-43.3423,-11.8145
AI,E,Shaky_Walk_1920x1080_25fps.y4m,v10.0.0,-11.2637,-37.5466,-41.4367,-14.6247,-11.198,-10.9962,-17.264,-16.6937,-12.9044,-19.9387,-11.0896,-37.8825,-41.52,-12.0277
AI,E,Shaky_Walk_1920x1080_25fps.y4m,v11.0.0,-11.2054,-37.9963,-41.6202,-14.6229,-11.263,-11.0245,-17.3408,-16.8518,-12.9277,-20.1838,-11.043,-38.2969,-41.752,-11.9975
AI,E,Shaky_Walk_1920x1080_25fps.y4m,v12.0.0,-11.2237,-37.9789,-42.079,-14.6657,-11.202,-10.975,-17.2472,-16.7449,-12.9359,-20.2676,-11.06,-38.2871,-42.1348,-12.017
AI,E,Shaky_Walk_1920x1080_25fps.y4m,v13.0.0,-11.2925,-37.4334,-40.2837,-14.5859,-11.0694,-11.0787,-17.3257,-16.7835,-12.9662,-19.9886,-11.1367,-37.7288,-40.3686,-12.0716
AI,E,Shaky_Walk_1920x1080_25fps.y4m,v14.0.0,-11.3064,-37.4438,-40.279,-14.5978,-11.0749,-11.0904,-17.3587,-16.8163,-12.9807,-19.9904,-11.1507,-37.739,-40.3642,-12.0849
AI,E,Shaky_Walk_1920x1080_25fps.y4m,v15.0.0,-11.3064,-37.4438,-40.279,-14.5978,-11.0749,-11.0904,-17.3587,-16.8163,-12.9807,-19.9904,-11.1507,-37.739,-40.3642,-12.0849
AI,E,Vertical_Carnaby_1080x1920_5994.y4m,v02.0.0,-4.6348,-4.4147,-4.5422,-4.6193,-3.8607,-4.262,-6.3108,-6.2653,-4.3594,-4.5033,-4.6546,-4.4322,-4.5494,-4.6443
AI,E,Vertical_Carnaby_1080x1920_5994.y4m,v03.0.0,-6.9336,-6.4542,-6.5997,-6.8902,-6.1835,-6.683,-8.2041,-8.1999,-6.7057,-6.4025,-6.9396,-6.4542,-6.602,-6.8842
AI,E,Vertical_Carnaby_1080x1920_5994.y4m,v04.0.0,-9.6935,-12.252,-11.9627,-9.9907,-8.7518,-9.3513,-10.875,-10.9654,-9.738,-10.2351,-9.6986,-12.2571,-11.9764,-10.2479
AI,E,Vertical_Carnaby_1080x1920_5994.y4m,v05.0.0,-11.672,-13.67,-13.1711,-11.8947,-10.7203,-11.4071,-12.9717,-13.0052,-11.6845,-12.1584,-11.672,-13.6767,-13.1738,-12.0966
AI,E,Vertical_Carnaby_1080x1920_5994.y4m,v06.0.0,-13.2023,-16.5921,-16.2249,-13.5887,-12.0123,-12.7336,-15.0877,-15.2601,-13.3336,-14.6014,-13.2132,-16.5898,-16.2208,-13.906
AI,E,Vertical_Carnaby_1080x1920_5994.y4m,v07.0.0,-14.2508,-18.8622,-17.9968,-14.7423,-12.8826,-13.6353,-16.4852,-16.6248,-14.3699,-16.1957,-14.2501,-18.866,-17.9886,-15.1004
AI,E,Vertical_Carnaby_1080x1920_5994.y4m,v08.0.0,-14.5952,-19.3631,-18.7075,-15.1174,-13.0859,-13.8332,-16.9367,-17.066,-14.7211,-16.664,-14.6098,-19.373,-18.6896,-15.5005
AI,E,Vertical_Carnaby_1080x1920_5994.y4m,v09.0.0,-17.2293,-19.4078,-18.4784,-17.4294,-16.06,-16.6137,-18.7914,-19.0773,-17.1153,-18.0938,-17.2415,-19.4141,-18.4796,-17.5857
AI,E,Vertical_Carnaby_1080x1920_5994.y4m,v10.0.0,-17.9491,-18.7379,-18.3747,-18.0231,-16.7298,-17.2803,-21.1236,-21.0059,-17.6699,-18.1077,-17.9659,-18.7399,-18.3745,-18.0944
AI,E,Vertical_Carnaby_1080x1920_5994.y4m,v11.0.0,-17.7195,-17.7585,-17.5563,-17.7131,-16.4885,-16.945,-22.7605,-22.0621,-17.3495,-17.4498,-17.7457,-17.7644,-17.5507,-17.7247
AI,E,Vertical_Carnaby_1080x1920_5994.y4m,v12.0.0,-17.7545,-17.9095,-17.566,-17.753,-16.465,-16.9931,-22.6308,-22.0715,-17.424,-17.4212,-17.7592,-17.921,-17.5653,-17.7504
AI,E,Vertical_Carnaby_1080x1920_5994.y4m,v13.0.0,-17.8532,-18.5394,-18.5241,-17.9321,-19.4274,-17.0398,-23.3122,-22.4551,-17.5443,-18.0229,-17.868,-18.5449,-18.5126,-17.9967
AI,E,Vertical_Carnaby_1080x1920_5994.y4m,v14.0.0,-17.9078,-18.5882,-18.5791,-17.9864,-19.4734,-17.0872,-23.3844,-22.5252,-17.5955,-18.0835,-17.9224,-18.5936,-18.5676,-18.0506
AI,E,Vertical_Carnaby_1080x1920_5994.y4m,v15.0.0,-17.9078,-18.5882,-18.5791,-17.9864,-19.4734,-17.0872,-23.3844,-22.5252,-17.5955,-18.0835,-17.9224,-18.5936,-18.5676,-18.0506
AI,E,WalkingInStreet_1920x1080_30fps.y4m,v02.0.0,-3.9815,-5.1615,-15.3967,-4.4967,-4.2841,-4.2915,-5.8644,-5.6712,-4.2614,-6.6636,-3.9804,-5.158,-15.3711,-4.3333
AI,E,WalkingInStreet_1920x1080_30fps.y4m,v03.0.0,-6.2359,-7.0437,-16.2803,-6.676,-5.9437,-6.2238,-8.2743,-7.9342,-6.2025,-8.4516,-6.2342,-7.0485,-16.2552,-6.5443
AI,E,WalkingInStreet_1920x1080_30fps.y4m,v04.0.0,-8.2371,-10.7064,-20.9243,-8.8814,-7.8777,-8.4263,-10.5004,-9.8826,-8.0131,-11.4388,-8.2354,-10.7003,-20.9049,-8.7057
AI,E,WalkingInStreet_1920x1080_30fps.y4m,v05.0.0,-9.4608,-14.9699,-21.9607,-10.2756,-8.7963,-9.4632,-12.2173,-11.6132,-9.3124,-13.4814,-9.4579,-14.963,-21.9401,-10.1818
AI,E,WalkingInStreet_1920x1080_30fps.y4m,v06.0.0,-10.7462,-17.5312,-24.7683,-11.7044,-10.4457,-10.9687,-14.1997,-13.5637,-10.883,-15.5348,-10.7433,-17.5214,-24.7364,-11.6141
AI,E,WalkingInStreet_1920x1080_30fps.y4m,v07.0.0,-11.098,-18.1236,-26.8452,-12.156,-10.6023,-11.2059,-14.6198,-14.0205,-11.1169,-16.4378,-11.0953,-18.1075,-26.8277,-12.0321
AI,E,WalkingInStreet_1920x1080_30fps.y4m,v08.0.0,-11.6157,-19.2716,-27.3047,-12.711,-11.0394,-11.6893,-15.3404,-14.7456,-11.6711,-17.1691,-11.614,-19.2562,-27.2703,-12.5927
AI,E,WalkingInStreet_1920x1080_30fps.y4m,v09.0.0,-13.9355,-19.4007,-26.9752,-14.7899,-13.9897,-14.0915,-19.0852,-18.5025,-14.3288,-18.6078,-13.9323,-19.3854,-26.9476,-14.6348
AI,E,WalkingInStreet_1920x1080_30fps.y4m,v10.0.0,-14.1416,-18.714,-25.6703,-14.8845,-14.161,-14.1654,-20.0272,-19.3019,-14.2749,-18.3741,-14.1387,-18.6941,-25.6348,-14.7558
AI,E,WalkingInStreet_1920x1080_30fps.y4m,v11.0.0,-13.9637,-18.309,-25.3882,-14.6897,-13.8407,-13.887,-19.4787,-18.7813,-14.0154,-18.3089,-13.9619,-18.294,-25.3605,-14.5669
AI,E,WalkingInStreet_1920x1080_30fps.y4m,v12.0.0,-13.9425,-17.9133,-24.4047,-14.608,-13.8573,-13.8537,-19.6254,-18.9995,-13.9826,-18.0509,-13.9399,-17.9026,-24.3819,-14.4988
AI,E,WalkingInStreet_1920x1080_30fps.y4m,v13.0.0,-13.9162,-17.951,-24.4812,-14.5908,-13.8512,-13.8883,-19.6387,-18.9718,-13.966,-18.0847,-13.9136,-17.9369,-24.4446,-14.4831
AI,E,WalkingInStreet_1920x1080_30fps.y4m,v14.0.0,-13.9275,-17.9601,-24.4803,-14.6017,-13.8434,-13.8895,-19.6701,-19.0008,-13.9749,-18.1005,-13.9251,-17.9466,-24.4425,-14.4939
AI,E,WalkingInStreet_1920x1080_30fps.y4m,v15.0.0,-13.9275,-17.9601,-24.4803,-14.6017,-13.8434,-13.8895,-19.6701,-19.0008,-13.9749,-18.1005,-13.9251,-17.9466,-24.4425,-14.4939
AI,E,WorldCup_far_1920x1080_30p.y4m,v02.0.0,-4.8278,-7.0891,-7.3843,-5.0822,-5.0546,-5.3559,-4.2225,-4.516,-4.9516,-6.5834,-4.8274,-7.0795,-7.3708,-5.1544
AI,E,WorldCup_far_1920x1080_30p.y4m,v03.0.0,-6.97,-9.9759,-8.1688,-7.194,-6.2156,-6.9367,-5.3492,-5.6079,-6.608,-9.0157,-6.9725,-9.9645,-8.1653,-7.2788
AI,E,WorldCup_far_1920x1080_30p.y4m,v04.0.0,-10.5546,-15.3428,-14.3981,-11.0137,-9.5607,-10.5311,-8.7346,-8.8652,-9.9158,-13.3413,-10.561,-15.3068,-14.3804,-11.1197
AI,E,WorldCup_far_1920x1080_30p.y4m,v05.0.0,-12.3741,-17.9515,-17.4698,-12.9438,-10.9192,-12.1463,-11.0387,-11.0762,-11.6321,-15.5071,-12.3812,-17.9165,-17.4591,-13.0978
AI,E,WorldCup_far_1920x1080_30p.y4m,v06.0.0,-13.8161,-19.8455,-19.3079,-14.4324,-12.2952,-13.6872,-12.0362,-12.187,-13.0893,-17.6105,-13.8232,-19.808,-19.2964,-14.6177
AI,E,WorldCup_far_1920x1080_30p.y4m,v07.0.0,-14.6967,-22.9078,-20.778,-15.4738,-13.1346,-14.6473,-13.3674,-13.4063,-13.9804,-19.51,-14.7034,-22.8631,-20.7644,-15.6948
AI,E,WorldCup_far_1920x1080_30p.y4m,v08.0.0,-15.5871,-23.6117,-21.5917,-16.3501,-13.9673,-15.5941,-14.4043,-14.4315,-14.7968,-20.4442,-15.5928,-23.5656,-21.5765,-16.5666
AI,E,WorldCup_far_1920x1080_30p.y4m,v09.0.0,-17.438,-23.8058,-21.5777,-18.0043,-16.1075,-17.3447,-17.6144,-17.4527,-16.8399,-21.6431,-17.4394,-23.7682,-21.5591,-18.1457
AI,E,WorldCup_far_1920x1080_30p.y4m,v10.0.0,-17.9216,-23.2212,-20.7377,-18.3591,-16.1519,-17.4351,-19.0045,-18.4675,-16.8241,-21.6228,-17.9254,-23.1845,-20.727,-18.483
AI,E,WorldCup_far_1920x1080_30p.y4m,v11.0.0,-17.8469,-22.9734,-20.3088,-18.2565,-16.0589,-17.3233,-18.5728,-18.2062,-16.7032,-21.4738,-17.8495,-22.9429,-20.2995,-18.3776
AI,E,WorldCup_far_1920x1080_30p.y4m,v12.0.0,-17.976,-23.1011,-20.5466,-18.3914,-16.1651,-17.446,-18.8724,-18.4698,-16.8174,-21.5999,-17.9792,-23.0654,-20.5342,-18.5106
AI,E,WorldCup_far_1920x1080_30p.y4m,v13.0.0,-17.8234,-23.4846,-20.3038,-18.2657,-19.4492,-17.2527,-18.6655,-18.3148,-16.6893,-21.5559,-17.8272,-23.4514,-20.292,-18.399
AI,E,WorldCup_far_1920x1080_30p.y4m,v14.0.0,-17.8419,-23.4894,-20.3438,-18.2846,-19.456,-17.2645,-18.6977,-18.348,-16.7113,-21.5706,-17.8455,-23.4559,-20.3293,-18.4171
AI,E,WorldCup_far_1920x1080_30p.y4m,v15.0.0,-17.8419,-23.4894,-20.3438,-18.2846,-19.456,-17.2645,-18.6977,-18.348,-16.7113,-21.5706,-17.8455,-23.4559,-20.3293,-18.4171
AI,G1,MeridianRoad_3840x2160_5994_hdr10.y4m,v02.0.0,-4.299,-26.5481,-47.7804,-9.7889,-3.0149,-4.3789,-5.3971,-5.4994,-4.748,-15.0973,-4.2996,-26.5733,-47.7581,-6.472
AI,G1,MeridianRoad_3840x2160_5994_hdr10.y4m,v03.0.0,-6.8664,-31.8582,-50.9014,-12.2238,-4.2092,-6.2802,-6.1411,-6.477,-7.0058,-19.668,-6.8663,-31.8266,-50.9505,-9.0252
AI,G1,MeridianRoad_3840x2160_5994_hdr10.y4m,v04.0.0,-8.7422,-33.5656,-54.217,-14.0325,-4.9121,-8.022,-8.9795,-8.9294,-8.7551,-21.3507,-8.7431,-33.5282,-53.916,-10.8721
AI,G1,MeridianRoad_3840x2160_5994_hdr10.y4m,v05.0.0,-10.2617,-35.9426,-52.7428,-15.716,-5.7701,-8.9814,-10.6393,-10.5409,-9.9439,-23.3631,-10.2627,-35.9463,-52.6225,-12.4975
AI,G1,MeridianRoad_3840x2160_5994_hdr10.y4m,v06.0.0,-11.5929,-39.8626,-60.7573,-17.7756,-7.5623,-10.4626,-12.1234,-12.0922,-11.4919,-25.5595,-11.5941,-39.8706,-60.7284,-14.0164
AI,G1,MeridianRoad_3840x2160_5994_hdr10.y4m,v07.0.0,-12.045,-38.1971,-56.6444,-17.2679,-7.8892,-10.8903,-13.1886,-13.0597,-11.8058,-24.962,-12.046,-38.1945,-56.5889,-14.2263
AI,G1,MeridianRoad_3840x2160_5994_hdr10.y4m,v08.0.0,-11.8775,-38.7956,-55.9981,-17.0721,-7.3316,-10.5388,-13.1075,-13.0103,-11.599,-25.0326,-11.8787,-38.8127,-55.9259,-14.0807
AI,G1,MeridianRoad_3840x2160_5994_hdr10.y4m,v09.0.0,-14.6105,-38.6182,0.0,-19.8886,-12.6516,-13.7024,-17.7368,-17.5205,-14.9856,-26.9008,-14.6117,-38.6336,0.0,-16.8607
AI,G1,MeridianRoad_3840x2160_5994_hdr10.y4m,v10.0.0,-14.7559,-34.5562,0.0,-19.6985,-12.7857,-13.8666,-19.184,-18.5624,-15.1195,-25.7107,-14.7559,-34.5547,0.0,-16.7998
AI,G1,MeridianRoad_3840x2160_5994_hdr10.y4m,v11.0.0,-14.6056,-43.6221,-61.699,-20.8313,-12.6602,-13.7362,-19.1905,-18.5946,-15.2425,-29.6538,-14.606,-43.6383,-61.7057,-17.2745
AI,G1,MeridianRoad_3840x2160_5994_hdr10.y4m,v12.0.0,-14.6489,-43.0444,-60.3158,-20.767,-12.697,-13.6771,-19.2526,-18.6628,-15.2585,-29.375,-14.6496,-43.056,-60.4344,-17.2936
AI,G1,MeridianRoad_3840x2160_5994_hdr10.y4m,v13.0.0,-14.6593,-43.8867,-55.78,-20.4735,-15.8645,-13.7823,-19.1303,-18.4915,-15.2605,-29.2121,-14.6596,-43.905,-56.2913,-17.2445
AI,G1,MeridianRoad_3840x2160_5994_hdr10.y4m,v14.0.0,-14.6186,-43.8466,-55.7476,-20.4341,-15.8397,-13.7535,-19.0917,-18.4518,-15.2329,-29.1708,-14.6189,-43.8648,-56.2581,-17.2037
AI,G1,MeridianRoad_3840x2160_5994_hdr10.y4m,v15.0.0,-14.6186,-43.8466,-55.7476,-20.4341,-15.8397,-13.7535,-19.0917,-18.4518,-15.2329,-29.1708,-14.6189,-43.8648,-56.2581,-17.2037
AI,G1,NocturneDance_3840x2160_60fps_hdr10.y4m,v02.0.0,-1.5026,-39.1281,-70.4702,-8.3623,-1.6895,-1.7249,-1.1616,-1.3272,-3.4988,-18.0597,-1.5011,-39.1301,-70.4061,-5.6557
AI,G1,NocturneDance_3840x2160_60fps_hdr10.y4m,v03.0.0,-4.6908,-42.4876,-69.4933,-11.1251,-3.5971,-4.4458,-7.9977,-7.7975,-6.2981,-21.9901,-4.69,-42.493,-69.5008,-8.754
AI,G1,NocturneDance_3840x2160_60fps_hdr10.y4m,v04.0.0,-8.7893,-47.4346,-72.0594,-15.2605,-6.6181,-8.3723,-12.1811,-11.6094,-10.0892,-25.8856,-8.7879,-47.4405,-72.0406,-13.159
AI,G1,NocturneDance_3840x2160_60fps_hdr10.y4m,v05.0.0,-10.1335,-63.2122,-68.9749,-17.0894,-7.9197,-9.4811,-13.8043,-13.2991,-11.9713,-32.4183,-10.1307,-63.1857,-68.9645,-16.1632
AI,G1,NocturneDance_3840x2160_60fps_hdr10.y4m,v06.0.0,-12.5708,-63.8782,-69.0739,-19.1844,-10.1902,-11.8203,-15.989,-15.5855,-14.3765,-33.851,-12.5719,-63.8693,-69.0707,-18.3194
AI,G1,NocturneDance_3840x2160_60fps_hdr10.y4m,v07.0.0,-13.3323,-63.7288,-64.8496,-19.436,-11.044,-12.6407,-17.157,-16.7181,-15.083,-34.335,-13.3316,-63.727,-64.8207,-19.0395
AI,G1,NocturneDance_3840x2160_60fps_hdr10.y4m,v08.0.0,-13.1919,-63.2594,-63.0098,-19.1295,-10.7825,-12.4178,-16.7881,-16.336,-14.9283,-34.1016,-13.1922,-63.258,-62.9042,-18.8484
AI,G1,NocturneDance_3840x2160_60fps_hdr10.y4m,v09.0.0,-15.4735,-62.1966,-71.0798,-21.9317,-13.075,-14.5087,-20.7607,-20.33,-17.149,-34.8347,-15.4721,-62.1986,-71.0849,-21.0086
AI,G1,NocturneDance_3840x2160_60fps_hdr10.y4m,v10.0.0,-15.6482,-62.0787,-69.8638,-21.9597,-12.8469,-14.5866,-23.7108,-22.8694,-17.1703,-34.6081,-15.6491,-62.0814,-69.8235,-21.1168
AI,G1,NocturneDance_3840x2160_60fps_hdr10.y4m,v11.0.0,-16.0324,-64.3177,-69.4909,-22.8682,-13.2677,-15.0736,-23.1296,-22.4772,-17.6784,-36.1736,-16.0324,-64.3285,-69.4753,-21.6541
AI,G1,NocturneDance_3840x2160_60fps_hdr10.y4m,v12.0.0,-15.9032,-64.3681,-69.5488,-22.7951,-13.1875,-14.8223,-23.1865,-22.4976,-17.5034,-36.1841,-15.9048,-64.373,-69.522,-21.5551
AI,G1,NocturneDance_3840x2160_60fps_hdr10.y4m,v13.0.0,-15.7242,-64.4318,-65.5072,-22.2165,-18.1925,-14.7846,-23.3127,-22.5497,-17.3171,-36.0056,-15.7243,-64.4392,-65.3577,-21.3419
AI,G1,NocturneDance_3840x2160_60fps_hdr10.y4m,v14.0.0,-15.6993,-64.4186,-65.4928,-22.1928,-18.177,-14.764,-23.2746,-22.5119,-17.2967,-35.9824,-15.6994,-64.426,-65.3433,-21.317
AI,G1,NocturneDance_3840x2160_60fps_hdr10.y4m,v15.0.0,-15.6993,-64.4186,-65.4928,-22.1928,-18.177,-14.764,-23.2746,-22.5119,-17.2967,-35.9824,-15.6994,-64.426,-65.3433,-21.317
AI,G1,NocturneRoom_3840x2160_60fps_hdr10.y4m,v02.0.0,-0.9274,-6.0012,-35.3794,-3.189,-2.148,-1.7465,-1.3962,-1.7365,-2.2582,-20.2823,-0.9318,-6.0636,-35.7208,-2.8756
AI,G1,NocturneRoom_3840x2160_60fps_hdr10.y4m,v03.0.0,-6.0123,-5.5224,-35.392,-7.6754,-3.9771,-4.3842,-3.3056,-3.9343,-5.5739,-16.2278,-6.0196,-5.5833,-35.5066,-7.1794
AI,G1,NocturneRoom_3840x2160_60fps_hdr10.y4m,v04.0.0,-9.0806,-7.709,-37.8502,-10.6457,-6.9625,-7.8596,-7.4309,-7.8289,-8.5647,-19.3388,-9.0863,-7.698,-38.0285,-10.1594
AI,G1,NocturneRoom_3840x2160_60fps_hdr10.y4m,v05.0.0,-10.8891,-11.4771,-40.3509,-12.605,-8.6244,-9.209,-10.3109,-10.6943,-10.3149,-24.6766,-10.894,-11.5478,-40.5893,-12.2504
AI,G1,NocturneRoom_3840x2160_60fps_hdr10.y4m,v06.0.0,-14.2261,-14.5662,-38.1907,-15.7245,-10.3435,-12.2964,-15.2126,-14.5525,-12.6685,-30.8261,-14.231,-14.6274,-38.3445,-15.3062
AI,G1,NocturneRoom_3840x2160_60fps_hdr10.y4m,v07.0.0,-15.6401,-18.4421,-43.148,-17.2709,-12.4339,-13.801,-17.5831,-16.9507,-14.3679,-34.1239,-15.6436,-18.4873,-43.3749,-16.9599
AI,G1,NocturneRoom_3840x2160_60fps_hdr10.y4m,v08.0.0,-15.7416,-18.0168,-43.3803,-17.4213,-12.222,-13.9256,-16.8742,-16.2702,-14.5018,-33.829,-15.7448,-18.0656,-43.5575,-17.0675
AI,G1,NocturneRoom_3840x2160_60fps_hdr10.y4m,v09.0.0,-17.3618,-15.6826,-45.0158,-18.8136,-14.3331,-15.3677,-18.9352,-18.6586,-16.0849,-36.4838,-17.3699,-15.745,-45.3069,-18.1879
AI,G1,NocturneRoom_3840x2160_60fps_hdr10.y4m,v10.0.0,-16.5881,-16.486,-43.6949,-18.1742,-14.6618,-14.7153,-18.8797,-18.9463,-15.7378,-36.645,-16.5957,-16.5263,-43.8443,-17.6417
AI,G1,NocturneRoom_3840x2160_60fps_hdr10.y4m,v11.0.0,-17.1137,-17.1772,-50.5439,-19.1843,-14.9107,-15.8347,-17.216,-17.2425,-16.589,-39.4624,-17.1213,-17.2376,-50.6361,-18.3132
AI,G1,NocturneRoom_3840x2160_60fps_hdr10.y4m,v12.0.0,-17.2597,-18.5645,-51.2634,-19.4002,-15.192,-15.9615,-18.4288,-18.2912,-16.7834,-42.1615,-17.2685,-18.6186,-51.3978,-18.6115
AI,G1,NocturneRoom_3840x2160_60fps_hdr10.y4m,v13.0.0,-18.0912,-23.4868,-50.7785,-20.3338,-16.4463,-16.6051,-19.4947,-19.3968,-17.6732,-40.1196,-18.1008,-23.5298,-50.9305,-19.8467
AI,G1,NocturneRoom_3840x2160_60fps_hdr10.y4m,v14.0.0,-18.0187,-23.3788,-50.6461,-20.2572,-16.4311,-16.5582,-19.3638,-19.2691,-17.6129,-40.0218,-18.0282,-23.4212,-50.798,-19.7675
AI,G1,NocturneRoom_3840x2160_60fps_hdr10.y4m,v15.0.0,-18.0187,-23.3788,-50.6461,-20.2572,-16.4311,-16.5582,-19.3638,-19.2691,-17.6129,-40.0218,-18.0282,-23.4212,-50.798,-19.7675
AI,G1,SparksWelding_4096x2160_5994_hdr10.y4m,v02.0.0,-12.2237,-30.3306,-31.1516,-13.9607,-9.2044,-10.9285,-11.9623,-11.9526,-11.5593,-17.868,-12.261,-30.7051,-31.2672,-13.6987
AI,G1,SparksWelding_4096x2160_5994_hdr10.y4m,v03.0.0,-16.826,-38.385,-38.1453,-18.8267,-11.2197,-14.3813,-16.04,-15.9183,-15.1304,-23.7474,-16.8619,-38.8541,-38.2114,-18.6368
AI,G1,SparksWelding_4096x2160_5994_hdr10.y4m,v04.0.0,-19.907,-45.5224,-43.665,-22.2324,-13.2802,-17.4765,-19.411,-18.9995,-18.1952,-27.8567,-19.927,-45.9595,-43.7087,-22.113
AI,G1,SparksWelding_4096x2160_5994_hdr10.y4m,v05.0.0,-21.7308,-46.7271,-45.7913,-24.0322,-14.7593,-18.8591,-21.5932,-21.1374,-19.868,-29.9102,-21.751,-47.1407,-45.8403,-23.9866
AI,G1,SparksWelding_4096x2160_5994_hdr10.y4m,v06.0.0,-23.8025,-47.7715,-46.9559,-26.0143,-16.7886,-20.956,-23.5469,-23.0418,-21.8604,-31.6418,-23.8074,-48.1944,-46.9543,-25.9758
AI,G1,SparksWelding_4096x2160_5994_hdr10.y4m,v07.0.0,-24.7108,-51.4854,-47.0513,-27.0404,-17.4058,-21.7649,-24.6941,-24.1747,-22.7781,-33.4218,-24.716,-51.9096,-47.1868,-27.0131
AI,G1,SparksWelding_4096x2160_5994_hdr10.y4m,v08.0.0,-25.1282,-52.9663,-48.8631,-27.5941,-17.5331,-22.0023,-24.6383,-24.2568,-23.1821,-34.1077,-25.1369,-53.3941,-48.9776,-27.5558
AI,G1,SparksWelding_4096x2160_5994_hdr10.y4m,v09.0.0,-26.7323,-53.153,-49.184,-29.0824,-19.9898,-23.3959,-27.2617,-26.9683,-24.8114,-34.5695,-26.766,-53.5814,-49.2913,-28.9864
AI,G1,SparksWelding_4096x2160_5994_hdr10.y4m,v10.0.0,-27.2775,-52.2626,-48.8225,-29.5104,-20.0538,-23.6963,-28.4218,-27.9856,-25.0725,-34.3924,-27.3193,-52.6714,-48.9127,-29.4457
AI,G1,SparksWelding_4096x2160_5994_hdr10.y4m,v11.0.0,-27.2736,-53.2664,-49.8471,-29.6358,-20.017,-23.6361,-27.2988,-27.2776,-25.1262,-35.3152,-27.3123,-53.6805,-49.8944,-29.5053
AI,G1,SparksWelding_4096x2160_5994_hdr10.y4m,v12.0.0,-27.217,-52.6588,-48.7487,-29.497,-19.9382,-23.401,-27.3229,-27.2829,-24.923,-35.0965,-27.2591,-53.0826,-48.8002,-29.3664
AI,G1,SparksWelding_4096x2160_5994_hdr10.y4m,v13.0.0,-27.2574,-53.2699,-48.7036,-29.5798,-28.2402,-23.4396,-27.3739,-27.2757,-24.9495,-35.4375,-27.2982,-53.6923,-48.7668,-29.4317
AI,G1,SparksWelding_4096x2160_5994_hdr10.y4m,v14.0.0,-27.2492,-53.2642,-48.695,-29.5716,-28.2316,-23.4295,-27.3611,-27.2627,-24.9436,-35.4305,-27.2901,-53.6867,-48.7582,-29.4233
AI,G1,SparksWelding_4096x2160_5994_hdr10.y4m,v15.0.0,-27.2492,-53.2642,-48.695,-29.5716,-28.2316,-23.4295,-27.3611,-27.2627,-24.9436,-35.4305,-27.2901,-53.6867,-48.7582,-29.4233
AI,G2,CosmosCaterpillar_2048x858p24_hdr10.y4m,v02.0.0,-5.8327,-6.5272,-6.1572,-5.9065,-4.63,-4.9664,-6.8991,-6.8888,-5.0167,-5.7405,-5.8324,-6.5276,-6.1578,-5.9563
AI,G2,CosmosCaterpillar_2048x858p24_hdr10.y4m,v03.0.0,-8.2553,-8.0211,-8.1025,-8.2341,-6.7667,-6.9705,-8.0358,-8.1235,-7.181,-7.624,-8.2547,-8.0214,-8.1047,-8.225
AI,G2,CosmosCaterpillar_2048x858p24_hdr10.y4m,v04.0.0,-10.8572,-14.5373,-13.6586,-11.3274,-9.11,-9.3702,-11.0461,-10.967,-10.1373,-11.5258,-10.8572,-14.5356,-13.655,-11.6253
AI,G2,CosmosCaterpillar_2048x858p24_hdr10.y4m,v05.0.0,-12.1053,-15.8983,-15.087,-12.599,-10.1964,-10.4595,-12.3775,-12.2704,-11.3373,-12.8554,-12.105,-15.8982,-15.0848,-12.9062
AI,G2,CosmosCaterpillar_2048x858p24_hdr10.y4m,v06.0.0,-13.8177,-17.5374,-17.1239,-14.3197,-11.885,-12.1144,-14.003,-13.8068,-13.0332,-14.9007,-13.817,-17.532,-17.1209,-14.6345
AI,G2,CosmosCaterpillar_2048x858p24_hdr10.y4m,v07.0.0,-14.8095,-19.5712,-18.6714,-15.4185,-12.6852,-12.9993,-15.2982,-15.156,-14.0057,-16.3308,-14.8087,-19.5696,-18.6697,-15.8116
AI,G2,CosmosCaterpillar_2048x858p24_hdr10.y4m,v08.0.0,-15.1731,-19.7249,-18.7858,-15.7479,-12.9775,-13.2733,-15.6744,-15.4661,-14.319,-16.6419,-15.1731,-19.7247,-18.7806,-16.1209
AI,G2,CosmosCaterpillar_2048x858p24_hdr10.y4m,v09.0.0,-17.8363,-19.3084,-17.9384,-17.9459,-16.0298,-16.1711,-18.3559,-18.2526,-16.7115,-17.8211,-17.8359,-19.303,-17.9308,-17.9928
AI,G2,CosmosCaterpillar_2048x858p24_hdr10.y4m,v10.0.0,-18.5228,-18.8798,-17.9699,-18.516,-16.6733,-16.7888,-20.0654,-19.5578,-17.1621,-17.9447,-18.5225,-18.8781,-17.968,-18.4836
AI,G2,CosmosCaterpillar_2048x858p24_hdr10.y4m,v11.0.0,-18.4967,-18.9468,-17.6834,-18.4724,-16.6041,-16.72,-19.9958,-19.7198,-17.0266,-17.7059,-18.4967,-18.9477,-17.6809,-18.414
AI,G2,CosmosCaterpillar_2048x858p24_hdr10.y4m,v12.0.0,-18.4019,-18.7921,-17.6612,-18.3782,-16.4411,-16.5167,-19.7575,-19.4483,-16.9683,-17.6818,-18.4008,-18.7905,-17.6595,-18.3201
AI,G2,CosmosCaterpillar_2048x858p24_hdr10.y4m,v13.0.0,-18.6751,-19.4483,-18.8553,-18.7467,-21.6306,-16.7347,-19.9588,-19.7109,-17.2343,-18.2687,-18.6744,-19.4435,-18.8517,-18.7592
AI,G2,CosmosCaterpillar_2048x858p24_hdr10.y4m,v14.0.0,-18.6208,-19.4055,-18.8106,-18.6938,-21.5827,-16.6864,-19.8931,-19.6461,-17.1908,-18.2186,-18.6201,-19.4008,-18.807,-18.707
AI,G2,CosmosCaterpillar_2048x858p24_hdr10.y4m,v15.0.0,-18.6208,-19.4055,-18.8106,-18.6938,-21.5827,-16.6864,-19.8931,-19.6461,-17.1908,-18.2186,-18.6201,-19.4008,-18.807,-18.707
AI,G2,CosmosTreeTrunk_2048x858p24_hdr10.y4m,v02.0.0,-3.4563,-17.4315,-32.1848,-5.3967,-2.3315,-2.5875,-4.5083,-4.1435,-3.3014,-9.9908,-3.4344,-17.5637,-32.2337,-4.6321
AI,G2,CosmosTreeTrunk_2048x858p24_hdr10.y4m,v03.0.0,-7.2202,-25.8052,-48.0354,-10.0393,-4.5472,-5.2264,-7.0482,-5.7084,-5.2651,-16.6973,-7.2141,-25.9312,-48.0815,-8.7987
AI,G2,CosmosTreeTrunk_2048x858p24_hdr10.y4m,v04.0.0,-9.2999,-35.6474,-53.9597,-12.894,-6.363,-7.1597,-8.5206,-7.2055,-7.5251,-22.052,-9.2939,-35.7704,-54.0072,-11.5549
AI,G2,CosmosTreeTrunk_2048x858p24_hdr10.y4m,v05.0.0,-10.2626,-37.2927,-53.8766,-13.8765,-7.2647,-8.0544,-9.5976,-8.2537,-8.5664,-23.3375,-10.2532,-37.4337,-53.9019,-12.591
AI,G2,CosmosTreeTrunk_2048x858p24_hdr10.y4m,v06.0.0,-13.5633,-41.4933,-56.743,-17.2279,-10.7502,-11.4971,-13.4585,-12.5291,-12.072,-28.0446,-13.5557,-41.6112,-56.822,-15.8963
AI,G2,CosmosTreeTrunk_2048x858p24_hdr10.y4m,v07.0.0,-14.3898,-46.015,-57.1362,-18.2811,-11.4374,-12.1914,-14.4788,-13.4807,-12.9456,-29.8683,-14.3849,-46.1164,-57.1798,-16.8712
AI,G2,CosmosTreeTrunk_2048x858p24_hdr10.y4m,v08.0.0,-14.8493,-47.9337,-59.8834,-19.0462,-12.0086,-12.7036,-14.6476,-13.7708,-13.6133,-31.4417,-14.8428,-48.0303,-59.9431,-17.5061
AI,G2,CosmosTreeTrunk_2048x858p24_hdr10.y4m,v09.0.0,-16.6889,-48.4565,-60.5459,-20.7692,-14.9844,-15.3132,-18.2879,-17.8242,-16.6762,-32.8858,-16.6787,-48.546,-60.5945,-19.2344
AI,G2,CosmosTreeTrunk_2048x858p24_hdr10.y4m,v10.0.0,-16.6163,-47.1454,-57.5572,-20.3974,-14.7461,-15.0477,-19.6494,-18.516,-16.2135,-31.9899,-16.5988,-47.2466,-57.5883,-19.0167
AI,G2,CosmosTreeTrunk_2048x858p24_hdr10.y4m,v11.0.0,-16.4455,-47.916,-59.353,-20.4316,-14.3305,-14.6879,-18.1373,-17.4909,-15.9543,-32.4282,-16.4422,-48.0183,-59.414,-18.9316
AI,G2,CosmosTreeTrunk_2048x858p24_hdr10.y4m,v12.0.0,-16.4744,-47.6725,-59.4656,-20.446,-14.314,-14.6233,-18.1013,-17.4265,-16.0111,-32.3902,-16.4649,-47.7849,-59.5232,-18.9389
AI,G2,CosmosTreeTrunk_2048x858p24_hdr10.y4m,v13.0.0,-16.7948,-48.7923,-58.3119,-20.7522,-17.7226,-14.9348,-18.4748,-17.7808,-16.2342,-32.931,-16.7878,-48.9021,-58.3485,-19.2795
AI,G2,CosmosTreeTrunk_2048x858p24_hdr10.y4m,v14.0.0,-16.7661,-48.7684,-58.2913,-20.7241,-17.7005,-14.904,-18.4331,-17.7404,-16.2084,-32.9014,-16.7592,-48.8783,-58.3279,-19.2508
AI,G2,CosmosTreeTrunk_2048x858p24_hdr10.y4m,v15.0.0,-16.7661,-48.7684,-58.2913,-20.7241,-17.7005,-14.904,-18.4331,-17.7404,-16.2084,-32.9014,-16.7592,-48.8783,-58.3279,-19.2508
AI,G2,MeridianShore_1920x1080_5994_hdr10.y4m,v02.0.0,-3.1003,-55.9966,-62.4522,-9.349,-3.4985,-3.6095,-4.3074,-4.1261,-4.4016,-26.7421,-3.1,-56.0398,-62.5587,-4.59
AI,G2,MeridianShore_1920x1080_5994_hdr10.y4m,v03.0.0,-4.5372,-55.7392,-63.6709,-10.5743,-4.3422,-4.5874,-4.3543,-4.1602,-5.4584,-27.3744,-4.5369,-55.547,-63.6978,-6.0056
AI,G2,MeridianShore_1920x1080_5994_hdr10.y4m,v04.0.0,-7.2319,-58.4894,-63.4241,-13.1736,-6.9262,-7.3032,-8.5997,-8.0299,-7.9673,-28.9752,-7.2319,-58.4293,-63.3972,-8.7252
AI,G2,MeridianShore_1920x1080_5994_hdr10.y4m,v05.0.0,-8.4722,-62.7161,-64.8002,-14.7536,-7.8888,-8.3606,-9.7562,-9.3166,-9.1922,-31.1505,-8.472,-62.681,-64.6258,-10.0597
AI,G2,MeridianShore_1920x1080_5994_hdr10.y4m,v06.0.0,-10.4478,-66.2039,-72.0889,-17.3844,-9.9485,-10.4121,-12.3882,-11.9656,-11.2293,-33.0089,-10.4474,-66.2138,-71.9905,-12.1133
AI,G2,MeridianShore_1920x1080_5994_hdr10.y4m,v07.0.0,-11.0879,-61.7094,-60.0324,-16.5953,-10.4322,-11.0115,-13.4117,-13.0518,-11.6113,-31.8515,-11.0877,-61.6181,-59.9341,-12.5665
AI,G2,MeridianShore_1920x1080_5994_hdr10.y4m,v08.0.0,-11.355,-61.0865,-59.0901,-16.6635,-10.3642,-11.0244,-13.1496,-12.9248,-11.7173,-30.9032,-11.3546,-60.977,-58.8214,-12.8124
AI,G2,MeridianShore_1920x1080_5994_hdr10.y4m,v09.0.0,-13.4337,-65.5639,-65.0285,-19.8311,-12.7513,-13.1054,-15.7227,-15.4627,-14.2812,-35.6922,-13.4333,-65.5603,-65.1039,-14.9918
AI,G2,MeridianShore_1920x1080_5994_hdr10.y4m,v10.0.0,-13.5554,-64.4485,-64.0168,-19.7676,-12.5481,-12.809,-17.6791,-16.8038,-14.1735,-35.9582,-13.5552,-64.452,-64.0207,-15.0682
AI,G2,MeridianShore_1920x1080_5994_hdr10.y4m,v11.0.0,-13.4551,-65.1497,-65.5056,-19.8574,-12.4869,-12.7403,-17.0424,-16.3951,-14.1106,-34.7564,-13.4549,-65.1204,-65.4348,-15.0026
AI,G2,MeridianShore_1920x1080_5994_hdr10.y4m,v12.0.0,-13.4477,-65.3501,-63.5397,-19.7331,-12.3891,-12.6355,-17.0235,-16.4001,-14.1376,-34.5115,-13.4476,-65.3096,-63.42,-14.9788
AI,G2,MeridianShore_1920x1080_5994_hdr10.y4m,v13.0.0,-13.6243,-64.6274,0.0,-19.5954,-14.4648,-12.935,-17.2054,-16.44,-14.2794,-34.9734,-13.624,-64.5978,0.0,-15.1165
AI,G2,MeridianShore_1920x1080_5994_hdr10.y4m,v14.0.0,-13.5675,-64.602,0.0,-19.5432,-14.4265,-12.8797,-17.1111,-16.3481,-14.2272,-34.9238,-13.5672,-64.5725,0.0,-15.0601
AI,G2,MeridianShore_1920x1080_5994_hdr10.y4m,v15.0.0,-13.5675,-64.602,0.0,-19.5432,-14.4265,-12.8797,-17.1111,-16.3481,-14.2272,-34.9238,-13.5672,-64.5725,0.0,-15.0601
AI,G2,MeridianTalk_1920x1080_5994_hdr10.y4m,v02.0.0,-7.4078,-33.8331,-41.012,-12.1243,-7.07,-7.1176,-7.9006,-7.8105,-8.7571,-21.3007,-7.409,-33.879,-40.9179,-9.3794
AI,G2,MeridianTalk_1920x1080_5994_hdr10.y4m,v03.0.0,-11.4625,-39.8126,-47.4401,-16.7837,-10.0031,-10.4599,-12.0753,-12.033,-12.6289,-26.7999,-11.4631,-39.708,-47.3882,-13.6103
AI,G2,MeridianTalk_1920x1080_5994_hdr10.y4m,v04.0.0,-14.6631,-41.6668,-46.8032,-19.5239,-12.6717,-13.2916,-15.4862,-15.079,-15.5912,-29.2061,-14.6637,-41.6266,-46.6654,-16.6735
AI,G2,MeridianTalk_1920x1080_5994_hdr10.y4m,v05.0.0,-18.2017,-43.9378,-49.5191,-22.8268,-15.8049,-16.5619,-19.5529,-19.0173,-18.8923,-32.4238,-18.201,-43.8656,-49.3073,-20.117
AI,G2,MeridianTalk_1920x1080_5994_hdr10.y4m,v06.0.0,-19.7964,-47.9356,-54.8325,-24.8751,-17.5878,-18.304,-21.291,-20.6331,-20.5902,-34.8881,-19.7962,-47.9545,-54.7497,-21.8037
AI,G2,MeridianTalk_1920x1080_5994_hdr10.y4m,v07.0.0,-20.6485,-46.8395,-40.8992,-24.1605,-18.2452,-19.077,-21.2859,-20.7138,-21.2336,-33.8659,-20.648,-46.7883,-40.8187,-22.2959
AI,G2,MeridianTalk_1920x1080_5994_hdr10.y4m,v08.0.0,-21.6902,-46.9521,-42.9405,-25.2278,-19.1326,-20.0188,-23.4957,-22.738,-22.15,-34.7183,-21.6891,-46.9218,-42.8237,-23.3235
AI,G2,MeridianTalk_1920x1080_5994_hdr10.y4m,v09.0.0,-23.4624,-49.9508,-48.0451,-27.7605,-21.2141,-21.7827,-24.9409,-24.5223,-24.2409,-37.3567,-23.4616,-49.9325,-47.8131,-25.3391
AI,G2,MeridianTalk_1920x1080_5994_hdr10.y4m,v10.0.0,-23.8242,-45.7608,-47.4545,-27.995,-21.3549,-21.9998,-26.7708,-25.8525,-24.5629,-36.2319,-23.8235,-45.7159,-46.9291,-25.6117
AI,G2,MeridianTalk_1920x1080_5994_hdr10.y4m,v11.0.0,-23.8183,-50.5932,-47.9606,-28.6655,-21.2998,-21.9788,-26.3259,-25.5515,-24.6659,-39.2664,-23.8178,-50.5733,-48.0134,-25.8168
AI,G2,MeridianTalk_1920x1080_5994_hdr10.y4m,v12.0.0,-24.2553,-50.959,-48.6391,-29.0409,-21.7665,-22.4273,-26.7122,-25.9403,-25.142,-39.574,-24.2537,-50.9282,-48.5851,-26.2341
AI,G2,MeridianTalk_1920x1080_5994_hdr10.y4m,v13.0.0,-24.4943,-50.3747,-48.9087,-28.6917,-27.8824,-22.6622,-27.2029,-26.3546,-25.2296,-39.3235,-24.4929,-50.3362,-48.904,-26.3085
AI,G2,MeridianTalk_1920x1080_5994_hdr10.y4m,v14.0.0,-24.3707,-50.2597,-48.8279,-28.5743,-27.7876,-22.5541,-27.0525,-26.207,-25.1248,-39.2072,-24.3693,-50.2209,-48.8208,-26.187
AI,G2,MeridianTalk_1920x1080_5994_hdr10.y4m,v15.0.0,-24.3707,-50.2597,-48.8279,-28.5743,-27.7876,-22.5541,-27.0525,-26.207,-25.1248,-39.2072,-24.3693,-50.2209,-48.8208,-26.187
AI,G2,SolLevanteDragons_1920x1080p24_hdr10.y4m,v02.0.0,-3.3419,-7.5441,-8.7926,-4.0595,-3.7559,-3.7583,-7.6336,-7.3009,-4.3298,-4.3594,-3.5373,-7.659,-8.7611,-4.4943
AI,G2,SolLevanteDragons_1920x1080p24_hdr10.y4m,v03.0.0,-6.6708,-12.0689,-16.6197,-7.8534,-6.9255,-7.0552,-8.7727,-8.5475,-8.0504,-8.9591,-6.8778,-12.1784,-16.6363,-8.4959
AI,G2,SolLevanteDragons_1920x1080p24_hdr10.y4m,v04.0.0,-10.7537,-20.227,-24.4689,-12.5727,-11.9045,-11.694,-13.1605,-12.9708,-13.1387,-13.9961,-10.9518,-20.4348,-24.6196,-13.4298
AI,G2,SolLevanteDragons_1920x1080p24_hdr10.y4m,v05.0.0,-14.3098,-23.0139,-26.9223,-15.9849,-14.8071,-14.7979,-17.2725,-17.0653,-16.2666,-17.2551,-14.483,-23.2222,-27.1221,-16.7749
AI,G2,SolLevanteDragons_1920x1080p24_hdr10.y4m,v06.0.0,-15.9139,-26.6118,-31.3575,-17.9604,-16.7214,-16.6395,-18.9329,-18.7428,-18.2589,-20.436,-16.0899,-26.8114,-31.4908,-18.9558
AI,G2,SolLevanteDragons_1920x1080p24_hdr10.y4m,v07.0.0,-16.4755,-30.1577,-33.6169,-18.8941,-16.9816,-17.0417,-19.7431,-19.5261,-19.0335,-22.3805,-16.6857,-30.3899,-33.8699,-20.1054
AI,G2,SolLevanteDragons_1920x1080p24_hdr10.y4m,v08.0.0,-16.6813,-30.5047,-35.2331,-19.243,-17.0988,-17.2055,-20.0131,-19.7954,-19.3283,-22.883,-16.9005,-30.7009,-35.5753,-20.4702
AI,G2,SolLevanteDragons_1920x1080p24_hdr10.y4m,v09.0.0,-18.897,-28.4578,-32.5372,-20.7111,-19.8341,-19.6008,-20.4704,-20.3361,-21.034,-23.5982,-19.0864,-28.6632,-32.842,-21.6686
AI,G2,SolLevanteDragons_1920x1080p24_hdr10.y4m,v10.0.0,-19.4894,-26.3742,-30.5171,-20.8813,-20.3739,-20.1592,-21.3713,-21.3288,-21.1462,-22.7746,-19.6948,-26.59,-30.9191,-21.6585
AI,G2,SolLevanteDragons_1920x1080p24_hdr10.y4m,v11.0.0,-18.8855,-28.6042,-34.1414,-20.8732,-19.9645,-19.6774,-20.4956,-20.4381,-21.1721,-23.8115,-19.0881,-28.8032,-34.4831,-21.9188
AI,G2,SolLevanteDragons_1920x1080p24_hdr10.y4m,v12.0.0,-18.8797,-29.2281,-34.1291,-20.9094,-19.9382,-19.6455,-20.5796,-20.5554,-21.2513,-23.9212,-19.1171,-29.4402,-34.438,-22.0132
AI,G2,SolLevanteDragons_1920x1080p24_hdr10.y4m,v13.0.0,-22.5339,-39.6705,-50.0426,-26.2807,-27.9734,-22.8678,-24.4563,-24.4108,-25.9179,-31.4878,-22.7465,-39.7821,-49.8543,-27.6762
AI,G2,SolLevanteDragons_1920x1080p24_hdr10.y4m,v14.0.0,-22.4008,-39.5668,-49.9614,-26.1545,-27.8763,-22.7592,-24.3223,-24.2791,-25.8126,-31.3666,-22.6128,-39.6784,-49.7726,-27.5515
AI,G2,SolLevanteDragons_1920x1080p24_hdr10.y4m,v15.0.0,-22.4008,-39.5668,-49.9614,-26.1545,-27.8763,-22.7592,-24.3223,-24.2791,-25.8126,-31.3666,-22.6128,-39.6784,-49.7726,-27.5515
AI,G2,SolLevanteFace_1920x1080p24_hdr10.y4m,v02.0.0,-16.8042,-55.2455,-56.3648,-22.018,-17.9346,-17.7071,-15.5217,-15.1047,-18.5322,-31.7542,-16.8091,-55.26,-56.2477,-19.0586
AI,G2,SolLevanteFace_1920x1080p24_hdr10.y4m,v03.0.0,-22.4224,-48.7726,-58.1349,-26.6607,-20.9976,-21.9433,-19.9309,-19.157,-22.1993,-37.4458,-22.428,-47.8025,-58.0878,-24.2776
AI,G2,SolLevanteFace_1920x1080p24_hdr10.y4m,v04.0.0,-25.6345,-52.8585,-60.0895,-29.9187,-23.3119,-24.572,-22.0605,-21.2911,-24.7588,-40.6472,-25.6413,-51.8206,-59.9893,-27.4793
AI,G2,SolLevanteFace_1920x1080p24_hdr10.y4m,v05.0.0,-29.1431,-51.23,-61.4026,-32.9187,-25.6897,-27.3185,-24.6986,-24.05,-27.5551,-43.1581,-29.1492,-50.4759,-61.3565,-30.7662
AI,G2,SolLevanteFace_1920x1080p24_hdr10.y4m,v06.0.0,-31.2765,-60.1631,-71.2566,-35.9412,-27.7741,-29.4785,-26.1365,-25.4363,-29.9355,-46.7356,-31.2799,-60.1061,-71.1605,-33.2213
AI,G2,SolLevanteFace_1920x1080p24_hdr10.y4m,v07.0.0,-32.6926,-56.4621,-70.9073,-37.0568,-28.7425,-30.7337,-28.5054,-27.7342,-31.1007,-48.5334,-32.6951,-56.2184,-70.7459,-34.5804
AI,G2,SolLevanteFace_1920x1080p24_hdr10.y4m,v08.0.0,-32.8807,-56.0969,-70.4752,-37.1726,-28.7127,-30.77,-27.6634,-27.1127,-31.1871,-48.5597,-32.8839,-56.0182,-70.3262,-34.7489
AI,G2,SolLevanteFace_1920x1080p24_hdr10.y4m,v09.0.0,-33.4821,-54.8573,-68.9445,-37.8125,-29.8085,-31.5096,-29.1962,-28.8018,-32.1288,-48.5846,-33.4867,-54.816,-68.8178,-35.4527
AI,G2,SolLevanteFace_1920x1080p24_hdr10.y4m,v10.0.0,-33.6707,-40.7411,-64.5434,-37.0934,-30.1682,-31.6254,-28.8969,-28.509,-32.118,-46.1148,-33.6759,-40.4161,-64.0934,-35.3695
AI,G2,SolLevanteFace_1920x1080p24_hdr10.y4m,v11.0.0,-34.5388,-64.5236,-71.4638,-39.3901,-30.6902,-32.5103,-27.3199,-27.1721,-33.0575,-50.437,-34.5434,-64.3026,-71.2662,-36.6138
AI,G2,SolLevanteFace_1920x1080p24_hdr10.y4m,v12.0.0,-34.4889,-64.7553,-72.9118,-39.4826,-30.6158,-32.4357,-27.4401,-27.3024,-33.024,-50.5228,-34.4924,-64.5621,-72.6542,-36.5998
AI,G2,SolLevanteFace_1920x1080p24_hdr10.y4m,v13.0.0,-34.9484,-60.8311,-71.8551,-39.6263,-40.2613,-32.9105,-27.9673,-27.8121,-33.4132,-50.5375,-34.9527,-60.4887,-71.5665,-36.9754
AI,G2,SolLevanteFace_1920x1080p24_hdr10.y4m,v14.0.0,-34.8624,-60.7114,-71.7627,-39.5376,-40.2259,-32.8308,-27.8032,-27.6496,-33.3324,-50.4393,-34.8667,-60.3668,-71.473,-36.8882
AI,G2,SolLevanteFace_1920x1080p24_hdr10.y4m,v15.0.0,-34.8624,-60.7114,-71.7627,-39.5376,-40.2259,-32.8308,-27.8032,-27.6496,-33.3324,-50.4393,-34.8667,-60.3668,-71.473,-36.8882
AI,G2,SparksTruck_2048x1080_5994_hdr10.y4m,v02.0.0,-3.2608,-50.5238,-42.7808,-7.1259,-2.6345,-2.742,-5.2207,-5.3473,-3.8485,-18.5372,-3.2604,-50.5558,-42.8222,-4.5805
AI,G2,SparksTruck_2048x1080_5994_hdr10.y4m,v03.0.0,-5.355,-51.8442,-50.9421,-9.3359,-3.6326,-4.1558,-6.3704,-6.4341,-5.4423,-21.0612,-5.3551,-51.8599,-50.8405,-6.7307
AI,G2,SparksTruck_2048x1080_5994_hdr10.y4m,v04.0.0,-8.2118,-53.9337,-53.9942,-12.2083,-5.8902,-6.6713,-10.0981,-9.9346,-8.0033,-23.7052,-8.2119,-53.8532,-53.7714,-9.6666
AI,G2,SparksTruck_2048x1080_5994_hdr10.y4m,v05.0.0,-9.906,-55.9105,-53.943,-14.0896,-7.4483,-8.1388,-12.8544,-12.5685,-9.6499,-26.0517,-9.9058,-55.8158,-53.911,-11.5437
AI,G2,SparksTruck_2048x1080_5994_hdr10.y4m,v06.0.0,-11.4378,-60.4273,-65.4754,-16.0905,-9.1028,-9.7715,-14.5127,-14.1785,-11.3049,-29.3762,-11.4375,-60.3857,-65.3307,-13.1712
AI,G2,SparksTruck_2048x1080_5994_hdr10.y4m,v07.0.0,-12.3227,-59.4753,-58.3007,-16.532,-9.6477,-10.4419,-15.9472,-15.5364,-12.0484,-28.8579,-12.3226,-59.463,-58.0648,-14.0026
AI,G2,SparksTruck_2048x1080_5994_hdr10.y4m,v08.0.0,-12.6344,-59.2909,-58.5986,-16.8236,-9.9894,-10.8077,-16.1926,-15.7876,-12.2909,-28.7042,-12.6344,-59.2803,-58.4023,-14.3092
AI,G2,SparksTruck_2048x1080_5994_hdr10.y4m,v09.0.0,-14.6505,-61.3715,-66.2934,-19.3298,-12.515,-13.008,-18.8559,-18.4688,-14.6522,-31.4663,-14.6502,-61.37,-66.2039,-16.3607
AI,G2,SparksTruck_2048x1080_5994_hdr10.y4m,v10.0.0,-14.9485,-57.2063,-62.7762,-19.1832,-12.5101,-12.9496,-20.8666,-19.6796,-14.7442,-30.0881,-14.9484,-57.2235,-62.6385,-16.5494
AI,G2,SparksTruck_2048x1080_5994_hdr10.y4m,v11.0.0,-14.7644,-60.0247,-62.7595,-19.1775,-12.3171,-12.7136,-19.8314,-19.0708,-14.5598,-31.5164,-14.7644,-60.0427,-62.7131,-16.4216
AI,G2,SparksTruck_2048x1080_5994_hdr10.y4m,v12.0.0,-14.8454,-59.9601,-60.1922,-19.1571,-12.3922,-12.7831,-20.3564,-19.4677,-14.6715,-31.6841,-14.8452,-59.9554,-59.9021,-16.4828
AI,G2,SparksTruck_2048x1080_5994_hdr10.y4m,v13.0.0,-15.0517,-59.1249,-62.816,-19.2112,-14.4112,-13.0236,-20.7494,-19.7789,-14.8427,-31.9689,-15.0517,-59.1236,-62.4955,-16.6615
AI,G2,SparksTruck_2048x1080_5994_hdr10.y4m,v14.0.0,-15.0066,-59.0837,-62.7802,-19.1661,-14.3849,-12.9845,-20.6731,-19.7019,-14.8044,-31.9187,-15.0067,-59.0822,-62.4592,-16.6155
AI,G2,SparksTruck_2048x1080_5994_hdr10.y4m,v15.0.0,-15.0066,-59.0837,-62.7802,-19.1661,-14.3849,-12.9845,-20.6731,-19.7019,-14.8044,-31.9187,-15.0067,-59.0822,-62.4592,-16.6155
AS,A1,BoxingPractice,v02.0.0,-2.0683,-8.634,-10.7548,-3.18,-1.8327,-2.4182,-1.8993,-1.5512,-2.4365,-6.4932,-2.1011,-8.6148,-10.815,-2.9829
AS,A1,BoxingPractice,v03.0.0,-12.7948,-14.1418,-19.1759,-13.4548,-9.5296,-11.8217,-17.3383,-15.5463,-11.8633,-14.8235,-12.8613,-14.0937,-19.209,-13.3836
AS,A1,BoxingPractice,v04.0.0,-19.7242,-25.9643,-30.0654,-20.8256,-16.1441,-19.0368,-24.6822,-22.7465,-18.7992,-23.8424,-19.7917,-25.9412,-30.0883,-20.7156
AS,A1,BoxingPractice,v05.0.0,-22.7847,-30.7189,-37.4289,-24.1818,-18.8516,-21.8282,-29.0571,-26.9407,-21.8142,-27.9269,-22.8506,-30.6911,-37.4083,-24.0726
AS,A1,BoxingPractice,v06.0.0,-25.3572,-31.8601,-40.8735,-26.7914,-21.2896,-24.389,-31.1087,-29.3193,-24.3839,-30.9235,-25.4359,-31.8348,-40.881,-26.688
AS,A1,BoxingPractice,v07.0.0,-26.5673,-34.369,-42.3895,-28.1231,-22.3544,-25.5809,-31.6955,-29.9571,-25.5942,-32.745,-26.6479,-34.3683,-42.4051,-28.0028
AS,A1,BoxingPractice,v08.0.0,-27.3293,-35.775,-43.6961,-28.9956,-23.3805,-26.4637,-32.8792,-30.9818,-26.446,-34.1184,-27.4083,-35.7796,-43.7118,-28.8547
AS,A1,BoxingPractice,v09.0.0,-28.8925,-34.9877,-42.9474,-30.2039,-24.4724,-26.972,-33.6131,-31.9286,-27.8753,-33.8923,-29.045,-35.0101,-43.0001,-30.1782
AS,A1,BoxingPractice,v10.0.0,-30.0379,-34.9241,-42.6331,-31.2304,-24.9667,-27.9582,-36.0709,-34.3627,-28.7508,-34.5449,-30.186,-34.9656,-42.6983,-31.2224
AS,A1,BoxingPractice,v11.0.0,-30.4892,-35.2949,-43.6995,-31.6782,-25.1357,-27.8581,-35.7228,-33.9056,-29.3077,-34.547,-30.6892,-35.4041,-43.8156,-31.7567
AS,A1,BoxingPractice,v12.0.0,-30.8414,-35.2656,-42.9711,-31.9497,-25.382,-28.0636,-35.7766,-34.1695,-29.5966,-34.6038,-31.0374,-35.3766,-43.0917,-32.0356
AS,A1,BoxingPractice,v13.0.0,-30.8812,-35.0209,-42.7854,-31.9659,-30.9038,-28.1913,-36.1783,-34.4587,-29.5654,-34.6674,-31.0732,-35.1132,-42.9039,-32.0589
AS,A1,BoxingPractice,v14.0.0,-30.4939,-34.7333,-42.6048,-31.5947,-30.6041,-27.8284,-35.7256,-34.0143,-29.2397,-34.296,-30.6864,-34.8247,-42.728,-31.6875
AS,A1,BoxingPractice,v15.0.0,-30.4833,-34.7564,-42.6151,-31.587,-30.5785,-27.8048,-35.6825,-33.9785,-29.2242,-34.3053,-30.6768,-34.8476,-42.738,-31.6799
AS,A1,Crosswalk,v02.0.0,-3.0964,-5.8395,-6.0932,-3.4141,-2.748,-3.405,-1.7693,-3.3644,-3.431,-3.7831,-3.1452,-5.7341,-6.0578,-3.2993
AS,A1,Crosswalk,v03.0.0,-14.7415,-14.0345,-15.3612,-14.7059,-12.4739,-14.7591,-17.4275,-16.9684,-14.4271,-13.9101,-14.8113,-13.9605,-15.1902,-14.7762
AS,A1,Crosswalk,v04.0.0,-21.1362,-26.2189,-26.5613,-21.7861,-18.4963,-21.7456,-27.8251,-26.6782,-20.9401,-22.1955,-21.234,-26.2603,-26.3881,-21.6073
AS,A1,Crosswalk,v05.0.0,-23.0138,-29.7291,-29.4309,-23.8049,-20.0693,-23.2552,-29.5497,-28.3122,-22.6925,-24.9755,-23.0825,-29.7198,-29.2447,-23.573
AS,A1,Crosswalk,v06.0.0,-25.3045,-32.2609,-32.9973,-26.1727,-22.3123,-25.4889,-31.5465,-30.2665,-24.8858,-27.5622,-25.3813,-32.2449,-32.9064,-25.9098
AS,A1,Crosswalk,v07.0.0,-26.6646,-34.6739,-35.1596,-27.7087,-23.5167,-26.7522,-31.6834,-30.6297,-26.2018,-29.1293,-26.7539,-34.6734,-35.1156,-27.4043
AS,A1,Crosswalk,v08.0.0,-27.0749,-36.0552,-36.2167,-28.1996,-24.2378,-27.403,-32.1749,-31.0626,-26.6282,-30.0009,-27.1581,-36.0418,-36.1326,-27.8379
AS,A1,Crosswalk,v09.0.0,-29.8558,-35.5993,-35.9881,-30.615,-26.4126,-29.1988,-31.126,-30.3538,-29.1411,-31.6233,-30.036,-35.673,-35.9528,-30.5011
AS,A1,Crosswalk,v10.0.0,-31.3262,-36.7588,-36.4517,-31.9603,-27.2215,-30.3715,-34.6421,-33.9538,-30.4596,-32.8007,-31.4622,-36.8465,-36.5023,-31.8787
AS,A1,Crosswalk,v11.0.0,-32.2279,-36.6357,-37.1515,-32.8029,-28.7673,-31.316,-36.2318,-35.3645,-31.5856,-33.3938,-32.4299,-36.8131,-37.2693,-32.8158
AS,A1,Crosswalk,v12.0.0,-32.4635,-37.7246,-37.3836,-33.1137,-28.8815,-31.455,-36.08,-35.3075,-31.7463,-33.5672,-32.7371,-37.9434,-37.4478,-33.1433
AS,A1,Crosswalk,v13.0.0,-32.7808,-37.5662,-38.0704,-33.4077,-34.8618,-31.7163,-36.4942,-35.7925,-32.024,-34.0332,-33.0025,-37.7372,-38.1961,-33.4047
AS,A1,Crosswalk,v14.0.0,-32.2622,-37.0734,-37.6031,-32.8941,-34.4524,-31.3358,-36.1379,-35.438,-31.5942,-33.4859,-32.4864,-37.2454,-37.7234,-32.8908
AS,A1,Crosswalk,v15.0.0,-32.2566,-37.0665,-37.5569,-32.8872,-34.4536,-31.3387,-36.1625,-35.4546,-31.5817,-33.4761,-32.4808,-37.2398,-37.6731,-32.8847
AS,A1,FoodMarket2,v02.0.0,-2.8429,-11.2842,-6.8722,-3.4911,-1.9479,-2.7707,-4.0509,-4.2205,-2.9231,-5.3871,-2.7869,-11.5011,-6.997,-3.4062
AS,A1,FoodMarket2,v03.0.0,-13.4776,-16.8665,-13.1722,-13.6379,-10.189,-12.8629,-19.6894,-19.059,-12.6353,-14.2806,-13.3747,-17.0108,-13.0688,-13.5766
AS,A1,FoodMarket2,v04.0.0,-22.0456,-29.5159,-25.1226,-22.6271,-17.7175,-21.7269,-31.4225,-30.4033,-21.0189,-24.315,-21.8499,-29.6548,-24.9864,-22.4389
AS,A1,FoodMarket2,v05.0.0,-24.5522,-36.399,-30.2452,-25.5201,-19.8633,-23.7873,-34.1094,-33.0937,-23.4468,-28.2132,-24.3766,-36.511,-30.1305,-25.3091
AS,A1,FoodMarket2,v06.0.0,-26.9884,-39.0674,-32.2701,-27.9899,-22.2339,-26.2901,-36.2433,-35.3909,-25.7699,-30.8669,-26.7754,-39.1632,-32.2011,-27.7195
AS,A1,FoodMarket2,v07.0.0,-27.9491,-41.1501,-33.5801,-29.0229,-23.261,-27.161,-36.9759,-36.1145,-26.6201,-32.2341,-27.7081,-41.1539,-33.4267,-28.7147
AS,A1,FoodMarket2,v08.0.0,-28.6546,-41.2822,-34.5246,-29.7176,-24.1287,-27.9334,-37.8241,-37.0065,-27.344,-32.9519,-28.4188,-41.3486,-34.379,-29.4143
AS,A1,FoodMarket2,v09.0.0,-30.6278,-40.7716,-33.9157,-31.3864,-26.7407,-29.463,-39.44,-38.5128,-29.3387,-33.8124,-30.2934,-40.7646,-33.6625,-31.0163
AS,A1,FoodMarket2,v10.0.0,-31.7702,-40.7389,-33.9557,-32.3689,-27.451,-30.3756,-41.2359,-40.2884,-30.239,-34.3925,-31.453,-40.715,-33.8228,-32.0659
AS,A1,FoodMarket2,v11.0.0,-32.4746,-41.0262,-33.8048,-33.0466,-28.1891,-30.6896,-41.2956,-40.4246,-30.9387,-34.7635,-32.2536,-41.1114,-33.7211,-32.8582
AS,A1,FoodMarket2,v12.0.0,-32.5801,-41.2089,-33.5738,-33.1309,-28.2623,-30.6639,-41.6206,-40.7298,-30.9839,-34.8568,-32.3638,-41.3319,-33.5388,-32.9546
AS,A1,FoodMarket2,v13.0.0,-32.7685,-41.4349,-33.4516,-33.2981,-32.5257,-30.8662,-41.6632,-40.8001,-31.1315,-35.0539,-32.5536,-41.5375,-33.3301,-33.1273
AS,A1,FoodMarket2,v14.0.0,-32.484,-41.2335,-33.1864,-33.019,-32.3357,-30.6392,-41.4484,-40.5777,-30.909,-34.7808,-32.2669,-41.3446,-33.0662,-32.8494
AS,A1,FoodMarket2,v15.0.0,-32.4827,-41.2047,-33.1996,-33.0162,-32.3464,-30.6403,-41.454,-40.5783,-30.9133,-34.7693,-32.2683,-41.3086,-33.0748,-32.8454
AS,A1,Neon1224,v02.0.0,-3.249,-3.175,-2.9073,-3.2236,-3.9046,-3.2651,-0.7972,-0.9257,-3.5488,-3.0747,-3.3101,-3.1516,-2.8648,-3.2338
AS,A1,Neon1224,v03.0.0,-9.559,-4.8426,-5.2029,-8.9381,-7.9501,-8.8366,-8.8363,-8.81,-8.8837,-6.893,-9.5028,-4.6915,-5.1449,-8.6008
AS,A1,Neon1224,v04.0.0,-14.1614,-13.5273,-14.4734,-14.0828,-11.6553,-13.5247,-16.5432,-16.1952,-13.7247,-13.665,-14.13,-13.4372,-14.5248,-14.0199
AS,A1,Neon1224,v05.0.0,-15.8978,-15.5697,-15.4339,-15.7822,-13.3773,-15.3712,-18.4552,-18.103,-15.4495,-15.5235,-15.8793,-15.469,-15.4405,-15.7007
AS,A1,Neon1224,v06.0.0,-18.7929,-15.9469,-16.8029,-18.4037,-16.64,-18.9567,-21.76,-22.0735,-17.8205,-16.8399,-18.7795,-15.8995,-16.8534,-18.2165
AS,A1,Neon1224,v07.0.0,-19.9957,-16.9598,-17.9157,-19.6787,-17.3125,-19.8439,-22.8595,-22.4393,-18.9059,-18.203,-20.002,-16.9459,-17.9568,-19.5321
AS,A1,Neon1224,v08.0.0,-20.5027,-18.1343,-18.8921,-20.2515,-18.0014,-20.6073,-22.7463,-22.4031,-19.6652,-18.7467,-20.5165,-18.1527,-18.9506,-20.1209
AS,A1,Neon1224,v09.0.0,-22.8558,-20.1122,-21.1883,-22.5931,-19.8328,-22.1123,-25.3836,-25.0548,-21.8404,-20.7855,-23.2065,-20.5202,-21.6124,-22.8253
AS,A1,Neon1224,v10.0.0,-24.7858,-21.2977,-23.1692,-24.4812,-20.7024,-23.9264,-30.4411,-29.7686,-23.5767,-22.6399,-25.1668,-21.7188,-23.6208,-24.7322
AS,A1,Neon1224,v11.0.0,-24.642,-21.3611,-22.4797,-24.3478,-20.1339,-24.056,-29.3398,-28.6505,-23.4079,-22.5775,-24.7288,-21.563,-22.6374,-24.3191
AS,A1,Neon1224,v12.0.0,-24.7413,-21.2271,-22.4773,-24.4395,-20.8482,-24.0316,-29.815,-29.1866,-23.5713,-22.7343,-24.832,-21.4281,-22.6484,-24.4059
AS,A1,Neon1224,v13.0.0,-24.65,-21.5076,-22.2678,-24.3593,-28.6217,-23.9481,-29.5289,-28.896,-23.4648,-22.5952,-24.7416,-21.6768,-22.4396,-24.3116
AS,A1,Neon1224,v14.0.0,-24.5729,-21.4073,-22.137,-24.2721,-28.5826,-23.8839,-29.4662,-28.8446,-23.4002,-22.5251,-24.6631,-21.5815,-22.3071,-24.221
AS,A1,Neon1224,v15.0.0,-24.5735,-21.4265,-22.1043,-24.2715,-28.5718,-23.8809,-29.3188,-28.7522,-23.3935,-22.5688,-24.6686,-21.6053,-22.2502,-24.2228
AS,A1,NocturneDance,v02.0.0,-1.8259,-11.3276,-13.4667,-2.5367,-2.2122,-1.7875,-2.743,-2.797,-2.3672,-4.8353,-1.8486,-11.4404,-13.5648,-2.9595
AS,A1,NocturneDance,v03.0.0,-10.3282,-19.0542,-24.6301,-11.1796,-9.9097,-8.9785,-14.1514,-13.7732,-10.2537,-14.9396,-10.3799,-19.1976,-24.6903,-11.8404
AS,A1,NocturneDance,v04.0.0,-15.0365,-30.1505,-36.5286,-16.7468,-13.4767,-13.8253,-20.7672,-19.9509,-15.346,-22.3961,-14.9494,-30.2565,-36.6233,-17.8932
AS,A1,NocturneDance,v05.0.0,-17.2443,-40.1068,-42.6028,-19.6936,-15.5605,-15.9386,-23.9129,-23.0995,-18.0271,-26.8775,-17.1346,-40.1651,-42.6808,-21.4429
AS,A1,NocturneDance,v06.0.0,-19.5129,-43.0667,-43.5513,-21.876,-17.4118,-17.9562,-26.6262,-25.7909,-20.0896,-29.5255,-19.3955,-43.1383,-43.6322,-23.6955
AS,A1,NocturneDance,v07.0.0,-20.4923,-44.3614,-44.7727,-22.8447,-18.6386,-18.9492,-26.8294,-26.0215,-21.0709,-30.8333,-20.393,-44.4587,-44.8919,-24.6121
AS,A1,NocturneDance,v08.0.0,-21.1577,-45.1303,-45.4342,-23.4915,-19.3436,-19.7284,-26.6628,-25.9052,-21.7697,-31.4768,-21.0616,-45.2242,-45.5288,-25.256
AS,A1,NocturneDance,v09.0.0,-24.2573,-45.1448,-44.8619,-26.338,-21.6154,-21.7848,-28.3376,-27.647,-24.5586,-32.5292,-24.3881,-45.3367,-44.991,-28.2224
AS,A1,NocturneDance,v10.0.0,-25.7161,-46.3821,-45.3087,-27.7827,-21.8419,-22.86,-32.7892,-32.1993,-25.8159,-34.6463,-25.8226,-46.5517,-45.4273,-29.7096
AS,A1,NocturneDance,v11.0.0,-25.5443,-47.1874,-47.2087,-27.7753,-21.4595,-22.3687,-32.2978,-31.7162,-26.043,-34.8897,-25.5663,-47.3906,-47.3755,-29.6436
AS,A1,NocturneDance,v12.0.0,-25.8343,-47.676,-48.308,-28.0276,-21.7577,-22.2537,-32.9622,-32.444,-25.8837,-35.256,-25.8367,-47.8709,-48.5051,-29.9532
AS,A1,NocturneDance,v13.0.0,-25.9151,-47.6978,-47.7502,-28.0822,-22.1222,-22.2879,-32.7754,-32.2705,-25.9567,-35.0203,-25.9184,-47.9085,-47.9286,-30.0137
AS,A1,NocturneDance,v14.0.0,-25.4057,-47.1435,-46.8622,-27.5562,-21.9519,-22.0007,-32.6095,-32.1022,-25.5239,-34.3267,-25.41,-47.3439,-47.0411,-29.483
AS,A1,NocturneDance,v15.0.0,-25.3745,-47.1894,-46.8192,-27.5471,-21.9553,-22.0198,-32.5798,-32.1073,-25.5143,-34.3371,-25.3999,-47.3908,-46.9986,-29.4785
AS,A1,PierSeaSide,v02.0.0,-0.7816,-7.1358,-13.9835,-1.684,0.2101,-0.9002,0.4299,0.352,-1.008,-5.3223,-0.7777,-7.329,-14.5047,-2.0313
AS,A1,PierSeaSide,v03.0.0,-11.8341,-16.0419,-23.5305,-12.5944,-8.4718,-10.9194,-12.9786,-12.8169,-10.3804,-16.5783,-11.8981,-16.2585,-24.02,-13.1144
AS,A1,PierSeaSide,v04.0.0,-17.7295,-29.0834,-38.4342,-19.1904,-13.0655,-16.3088,-20.8934,-20.0658,-16.3705,-25.5275,-17.7036,-29.2354,-38.9141,-19.9348
AS,A1,PierSeaSide,v05.0.0,-20.0696,-32.0053,-41.5979,-21.5838,-15.1559,-18.267,-23.3133,-22.4274,-18.6564,-28.6133,-19.9867,-32.1573,-42.137,-22.3739
AS,A1,PierSeaSide,v06.0.0,-24.8394,-36.7955,-44.9313,-26.3321,-19.0042,-22.5642,-29.0068,-28.3384,-22.9455,-33.2616,-24.6807,-36.9549,-45.3633,-27.0796
AS,A1,PierSeaSide,v07.0.0,-26.0762,-39.2037,-45.1157,-27.6153,-19.5177,-23.5206,-30.4887,-29.7302,-24.1399,-35.2643,-25.9266,-39.4661,-45.544,-28.3594
AS,A1,PierSeaSide,v08.0.0,-27.0987,-39.5685,-46.073,-28.6058,-20.6576,-24.5647,-31.0318,-30.5841,-25.2434,-36.0265,-26.9418,-39.8308,-46.5013,-29.4059
AS,A1,PierSeaSide,v09.0.0,-29.1908,-39.0861,-45.5811,-30.4765,-23.9836,-27.0701,-33.2615,-32.6089,-27.3452,-36.7715,-29.2177,-39.4151,-46.1134,-31.3003
AS,A1,PierSeaSide,v10.0.0,-30.1327,-39.4313,-46.2477,-31.3346,-24.9879,-27.5612,-33.9383,-33.7885,-27.9875,-37.5529,-30.1653,-39.79,-46.7255,-32.1907
AS,A1,PierSeaSide,v11.0.0,-30.7329,-39.6398,-46.5513,-31.9273,-26.9442,-28.5914,-33.2957,-33.5332,-28.6669,-38.6587,-30.8305,-40.0046,-46.9908,-32.8123
AS,A1,PierSeaSide,v12.0.0,-31.1278,-39.8624,-46.4246,-32.3299,-27.3214,-28.956,-34.1201,-34.0946,-28.9859,-38.8531,-31.2029,-40.2282,-46.8473,-33.19
AS,A1,PierSeaSide,v13.0.0,-31.1504,-41.0247,-46.4868,-32.3558,-29.2419,-29.027,-33.7666,-33.8214,-29.0438,-39.8046,-31.2287,-41.3119,-46.8917,-33.2404
AS,A1,PierSeaSide,v14.0.0,-30.171,-40.0615,-45.7176,-31.3979,-28.5336,-28.1402,-32.627,-32.7456,-28.2094,-38.7864,-30.274,-40.3966,-46.1287,-32.2714
AS,A1,PierSeaSide,v15.0.0,-30.1689,-40.0819,-45.7097,-31.3971,-28.537,-28.1425,-32.6265,-32.746,-28.2116,-38.7892,-30.2708,-40.4183,-46.1194,-32.27
AS,A1,Tango,v02.0.0,-2.8441,-8.5553,-4.2945,-3.3087,-2.8685,-2.8513,-2.4539,-2.088,-3.1519,-4.1924,-2.8667,-8.4716,-4.2895,-3.1054
AS,A1,Tango,v03.0.0,-14.9166,-13.3132,-11.1754,-14.5473,-12.8485,-14.1504,-19.1604,-18.094,-14.1724,-14.5194,-15.048,-13.0507,-11.1251,-14.7403
AS,A1,Tango,v04.0.0,-21.5454,-26.7625,-22.3582,-21.9035,-19.3015,-21.5161,-28.1515,-26.4307,-21.099,-23.5928,-21.6754,-26.629,-22.3506,-21.8358
AS,A1,Tango,v05.0.0,-24.4549,-29.5907,-24.8097,-24.7955,-21.6393,-24.1405,-32.2471,-30.4518,-23.6733,-26.4592,-24.6099,-29.4832,-24.7824,-24.7417
AS,A1,Tango,v06.0.0,-26.1517,-34.2368,-27.9824,-26.7617,-23.542,-25.8979,-34.1344,-32.3996,-25.424,-28.8094,-26.2941,-34.155,-27.9647,-26.5836
AS,A1,Tango,v07.0.0,-27.9143,-37.7791,-30.0245,-28.6676,-24.9114,-27.4294,-34.4577,-32.7367,-26.975,-30.8027,-28.0717,-37.7155,-30.0472,-28.4196
AS,A1,Tango,v08.0.0,-28.7063,-39.0379,-31.7739,-29.6026,-25.8552,-28.3384,-36.1761,-34.5025,-27.8536,-32.2379,-28.8695,-39.0181,-31.7747,-29.3075
AS,A1,Tango,v09.0.0,-31.1893,-39.9201,-31.8607,-31.7935,-27.5537,-29.6795,-36.2764,-34.7894,-30.1503,-33.4231,-31.4301,-39.8972,-31.9531,-31.6559
AS,A1,Tango,v10.0.0,-32.9518,-40.877,-33.9412,-33.5321,-28.7018,-31.3364,-40.4643,-38.9343,-31.7635,-35.1252,-33.1834,-40.9178,-34.0455,-33.4301
AS,A1,Tango,v11.0.0,-33.7673,-42.0879,-35.4218,-34.4177,-30.0986,-32.3835,-40.8402,-39.2691,-32.8103,-36.2507,-34.0619,-42.1945,-35.6073,-34.3551
AS,A1,Tango,v12.0.0,-34.1537,-42.5773,-36.1631,-34.8623,-30.2636,-32.7424,-42.1575,-40.6554,-33.1787,-36.771,-34.4477,-42.6834,-36.3903,-34.7599
AS,A1,Tango,v13.0.0,-34.2937,-41.706,-35.394,-34.8685,-36.5964,-32.9738,-41.1856,-39.6306,-33.2505,-36.5179,-34.5918,-41.8158,-35.6365,-34.8383
AS,A1,Tango,v14.0.0,-33.9593,-41.1728,-35.1063,-34.527,-36.3593,-32.7277,-40.9999,-39.4584,-32.9897,-36.1212,-34.2601,-41.2869,-35.3292,-34.505
AS,A1,Tango,v15.0.0,-33.9593,-41.271,-35.1044,-34.5313,-36.3613,-32.7318,-41.0038,-39.4619,-32.9935,-36.146,-34.2598,-41.3878,-35.3451,-34.4905
AS,A1,TimeLapse,v02.0.0,-0.4987,-13.5492,-13.6432,-2.9009,-0.4604,-0.5389,2.195,2.1071,-1.5049,-8.4581,-0.5098,-13.5271,-14.4591,-2.1169
AS,A1,TimeLapse,v03.0.0,-5.9625,-18.9629,-20.6793,-8.3297,-4.4241,-4.0356,-6.6333,-6.7313,-6.2325,-13.6923,-5.9512,-18.9769,-21.7611,-7.5607
AS,A1,TimeLapse,v04.0.0,-16.762,-31.1467,-34.8442,-19.2887,-12.1066,-13.7043,-16.1566,-16.9744,-15.6399,-25.5011,-16.4765,-31.218,-35.6517,-18.218
AS,A1,TimeLapse,v05.0.0,-18.4424,-37.7143,-38.3382,-21.3601,-13.2224,-14.9898,-19.471,-20.0524,-17.5115,-28.9713,-18.166,-37.7613,-39.1555,-20.2219
AS,A1,TimeLapse,v06.0.0,-22.5934,-40.7308,-40.2292,-25.552,-16.6606,-18.7505,-23.9342,-24.5528,-21.2265,-33.1129,-22.3036,-40.7271,-41.0545,-24.3492
AS,A1,TimeLapse,v07.0.0,-23.4147,-43.2181,-41.1715,-26.42,-17.5017,-19.4462,-25.1114,-25.7687,-21.9555,-35.0911,-23.1223,-43.1735,-42.0403,-25.2086
AS,A1,TimeLapse,v08.0.0,-25.0401,-44.3921,-40.9656,-27.833,-18.4536,-20.6959,-26.9099,-27.5639,-23.2864,-36.4157,-24.7487,-44.343,-41.8309,-26.7181
AS,A1,TimeLapse,v09.0.0,-26.4702,-43.7838,-42.0256,-29.0889,-20.9211,-22.2912,-28.9509,-29.5297,-25.0696,-36.9486,-26.1657,-43.766,-43.0216,-27.9994
AS,A1,TimeLapse,v10.0.0,-27.3324,-43.3114,-40.3895,-29.7109,-20.8364,-22.83,-31.6213,-31.89,-25.6808,-36.9925,-27.0329,-43.2908,-41.443,-28.7308
AS,A1,TimeLapse,v11.0.0,-27.5155,-44.8699,-43.574,-30.3271,-22.7965,-23.0832,-31.5235,-31.6324,-25.9591,-38.1889,-27.1787,-44.9138,-44.5568,-29.1124
AS,A1,TimeLapse,v12.0.0,-27.979,-45.6408,-43.5197,-30.8205,-22.7949,-23.5129,-31.5977,-31.881,-26.46,-38.7852,-27.6357,-45.6552,-44.4492,-29.5684
AS,A1,TimeLapse,v13.0.0,-28.2789,-45.3284,-43.4693,-31.0805,-25.8118,-23.815,-32.0093,-32.0888,-26.7189,-38.8971,-27.9392,-45.3614,-44.4075,-29.8548
AS,A1,TimeLapse,v14.0.0,-27.6374,-44.8608,-42.8269,-30.4623,-25.3912,-23.3155,-31.2951,-31.3701,-26.1873,-38.3538,-27.2955,-44.8938,-43.7847,-29.2157
AS,A1,TimeLapse,v15.0.0,-27.633,-44.8606,-42.8228,-30.4548,-25.3768,-23.3086,-31.2725,-31.3673,-26.1935,-38.3453,-27.2906,-44.8938,-43.7683,-29.2093
LD,A2,Aerial3200_1920x1080_5994_10bit_420.y4m,v02.0.0,-2.0141,-13.4047,-21.9694,-3.2722,-2.0688,-1.9386,-1.3545,-1.665,-2.3106,-5.4703,-2.0418,-13.7799,-22.2943,-3.248
LD,A2,Aerial3200_1920x1080_5994_10bit_420.y4m,v03.0.0,-3.2895,-18.5366,-25.5853,-4.8098,-2.7307,-2.6241,-1.8936,-2.5231,-3.4885,-8.3517,-3.1955,-18.9891,-25.8923,-4.6461
LD,A2,Aerial3200_1920x1080_5994_10bit_420.y4m,v04.0.0,-12.117,-25.3753,-33.6014,-13.5283,-9.6469,-10.4248,-8.3366,-9.3505,-11.2737,-16.247,-12.286,-25.8429,-33.8863,-13.6065
LD,A2,Aerial3200_1920x1080_5994_10bit_420.y4m,v05.0.0,-13.782,-28.6336,-40.4583,-15.5221,-10.9207,-11.7351,-9.5076,-10.8217,-12.8601,-18.9354,-14.0116,-29.0897,-40.7532,-15.656
LD,A2,Aerial3200_1920x1080_5994_10bit_420.y4m,v06.0.0,-17.4188,-31.5021,-43.463,-19.0972,-14.5501,-15.2583,-14.9642,-15.8476,-16.1443,-22.592,-17.4573,-31.9538,-43.7841,-19.1112
LD,A2,Aerial3200_1920x1080_5994_10bit_420.y4m,v07.0.0,-18.0265,-32.7096,-46.1799,-19.8138,-15.1233,-15.6876,-15.731,-16.8115,-16.8436,-23.4421,-18.1223,-33.1319,-46.4626,-19.8323
LD,A2,Aerial3200_1920x1080_5994_10bit_420.y4m,v08.0.0,-18.764,-33.1247,-45.5868,-20.4752,-15.8074,-16.4377,-16.0284,-17.1016,-17.4334,-23.9117,-18.8995,-33.5322,-45.8725,-20.5385
LD,A2,Aerial3200_1920x1080_5994_10bit_420.y4m,v09.0.0,-21.0557,-33.3133,-46.2171,-22.5987,-17.9334,-18.3134,-18.6029,-19.6704,-19.7331,-24.8879,-21.2218,-33.7698,-46.5135,-22.5829
LD,A2,Aerial3200_1920x1080_5994_10bit_420.y4m,v10.0.0,-18.1956,-29.9398,-43.9856,-19.7479,-14.6219,-14.9485,-16.1374,-17.5699,-16.63,-22.2768,-18.2586,-30.4434,-44.3203,-19.716
LD,A2,Aerial3200_1920x1080_5994_10bit_420.y4m,v11.0.0,-21.6658,-32.3435,-45.4009,-23.0744,-17.7158,-18.2794,-18.8755,-20.2649,-19.8389,-25.3081,-21.9541,-32.8437,-45.6981,-23.2177
LD,A2,Aerial3200_1920x1080_5994_10bit_420.y4m,v12.0.0,-21.8759,-30.7862,-45.4137,-23.1959,-17.7947,-18.3811,-18.7004,-20.148,-19.9609,-25.2106,-22.1064,-31.2552,-45.6896,-23.3128
LD,A2,Aerial3200_1920x1080_5994_10bit_420.y4m,v13.0.0,-21.4229,-33.5611,-46.2318,-22.9361,-20.3571,-18.8539,-17.1667,-18.6496,-19.5523,-26.3203,-21.5241,-33.9157,-46.4898,-22.9113
LD,A2,Aerial3200_1920x1080_5994_10bit_420.y4m,v14.0.0,-21.1115,-33.3759,-45.9696,-22.6312,-20.1388,-18.6748,-17.2415,-18.6496,-19.2971,-25.9835,-21.1971,-33.7507,-46.232,-22.5867
LD,A2,Aerial3200_1920x1080_5994_10bit_420.y4m,v15.0.0,-21.1147,-33.3922,-45.9685,-22.6348,-20.1423,-18.6713,-17.231,-18.6457,-19.3018,-25.9863,-21.2047,-33.7755,-46.2354,-22.5949
LD,A2,Boat_1920x1080_5994_10bit_420.y4m,v02.0.0,-0.8548,-27.9989,-19.364,-2.8598,-0.9669,-0.9775,0.0342,-0.0648,-1.2614,-8.3571,-0.9809,-28.5564,-19.4384,-2.4771
LD,A2,Boat_1920x1080_5994_10bit_420.y4m,v03.0.0,-3.3799,-28.8348,-18.756,-5.1734,-1.6522,-2.0938,-2.7909,-2.5158,-2.4779,-10.8268,-3.4826,-29.4332,-18.8369,-4.9261
LD,A2,Boat_1920x1080_5994_10bit_420.y4m,v04.0.0,-6.6616,-49.6944,-30.5337,-9.8799,-4.6033,-5.1689,-6.4555,-5.9697,-5.6389,-19.2208,-6.7273,-50.3302,-30.542,-8.981
LD,A2,Boat_1920x1080_5994_10bit_420.y4m,v05.0.0,-8.5566,-54.8637,-38.4371,-12.4041,-6.1831,-6.7024,-7.3125,-7.0283,-7.6762,-22.4342,-8.5983,-55.4516,-38.3868,-11.2303
LD,A2,Boat_1920x1080_5994_10bit_420.y4m,v06.0.0,-9.0754,-54.6092,-38.1326,-12.8224,-6.5858,-7.3225,-7.8766,-7.464,-7.9887,-22.7786,-9.1287,-55.1895,-38.066,-11.7168
LD,A2,Boat_1920x1080_5994_10bit_420.y4m,v07.0.0,-10.1358,-55.3669,-41.1844,-14.0134,-8.0742,-8.4551,-9.9879,-9.4949,-9.2905,-23.8502,-10.2154,-55.9455,-41.1578,-12.8878
LD,A2,Boat_1920x1080_5994_10bit_420.y4m,v08.0.0,-11.6566,-55.0187,-42.7858,-15.4093,-9.571,-9.8801,-10.3284,-9.7742,-10.6924,-24.7202,-11.7858,-55.4907,-42.6409,-14.3476
LD,A2,Boat_1920x1080_5994_10bit_420.y4m,v09.0.0,-13.5498,-55.3411,-40.3183,-16.9657,-11.702,-11.0962,-13.4751,-13.079,-13.2576,-25.1888,-13.9925,-55.9494,-40.2547,-16.3471
LD,A2,Boat_1920x1080_5994_10bit_420.y4m,v10.0.0,-14.0125,-54.8165,-40.7982,-17.363,-11.7382,-11.0667,-14.0321,-13.5998,-13.3234,-25.3211,-14.4143,-55.4623,-40.7796,-16.6987
LD,A2,Boat_1920x1080_5994_10bit_420.y4m,v11.0.0,-13.8417,-52.2091,-38.0397,-16.9052,-11.6027,-10.7028,-13.8722,-13.5464,-13.1949,-24.3507,-14.3061,-52.7902,-37.9446,-16.4524
LD,A2,Boat_1920x1080_5994_10bit_420.y4m,v12.0.0,-14.0866,-52.4114,-37.0083,-17.0632,-11.4373,-10.7371,-13.8296,-13.4659,-13.2591,-24.4028,-14.55,-52.9872,-36.9141,-16.6395
LD,A2,Boat_1920x1080_5994_10bit_420.y4m,v13.0.0,-14.571,-55.8571,-41.2862,-17.9138,-13.1374,-12.1654,-14.1516,-13.8084,-13.4324,-26.434,-14.8699,-56.4278,-41.131,-17.1265
LD,A2,Boat_1920x1080_5994_10bit_420.y4m,v14.0.0,-14.4948,-55.2808,-41.4908,-17.8246,-13.0642,-12.0434,-13.9843,-13.6593,-13.3738,-26.2916,-14.7876,-55.8374,-41.3643,-17.0398
LD,A2,Boat_1920x1080_5994_10bit_420.y4m,v15.0.0,-14.4971,-55.2798,-41.492,-17.8274,-13.065,-12.0427,-13.9847,-13.6607,-13.3754,-26.2936,-14.7898,-55.8363,-41.3652,-17.0424
LD,A2,CrowdRun_1920x1080p50.y4m,v02.0.0,-1.0677,-5.4606,-7.1578,-1.5012,-1.0191,-1.1284,-2.1479,-1.9397,-0.5734,-2.467,-1.2617,-5.7057,-7.3771,-1.6968
LD,A2,CrowdRun_1920x1080p50.y4m,v03.0.0,-3.8823,-10.1578,-8.8463,-4.3447,-3.327,-3.3769,-5.6911,-4.9435,-2.5958,-6.9103,-4.0693,-10.4033,-9.0473,-4.5815
LD,A2,CrowdRun_1920x1080p50.y4m,v04.0.0,-7.68,-19.1525,-17.4988,-8.58,-6.5271,-6.5907,-10.4994,-9.4374,-6.2268,-12.3799,-7.9121,-19.5018,-17.7213,-8.9139
LD,A2,CrowdRun_1920x1080p50.y4m,v05.0.0,-9.2078,-23.0373,-21.8855,-10.3497,-7.5793,-7.8246,-11.4081,-10.3784,-7.6207,-14.8535,-9.4527,-23.361,-22.0215,-10.7119
LD,A2,CrowdRun_1920x1080p50.y4m,v06.0.0,-9.2937,-23.1071,-21.8914,-10.4329,-7.6581,-7.8353,-11.6958,-10.5936,-8.3029,-15.7301,-9.5314,-23.405,-22.0094,-10.8044
LD,A2,CrowdRun_1920x1080p50.y4m,v07.0.0,-10.1404,-23.7467,-22.4311,-11.2588,-8.9697,-8.9435,-13.0868,-11.9577,-9.2886,-16.5882,-10.3907,-24.0302,-22.49,-11.6526
LD,A2,CrowdRun_1920x1080p50.y4m,v08.0.0,-10.9943,-23.8877,-22.1018,-12.0275,-9.935,-10.0065,-13.7459,-12.7024,-10.1441,-17.0683,-11.2609,-24.1103,-22.108,-12.4095
LD,A2,CrowdRun_1920x1080p50.y4m,v09.0.0,-13.1301,-20.7184,-19.4279,-13.7117,-11.1192,-10.9229,-16.6807,-15.759,-12.3713,-17.2843,-13.7894,-21.2496,-19.7748,-14.5455
LD,A2,CrowdRun_1920x1080p50.y4m,v10.0.0,-14.0136,-20.8617,-19.0397,-14.5086,-10.3827,-10.2882,-18.3857,-17.1736,-12.5829,-17.9126,-14.6311,-21.339,-19.3296,-15.2852
LD,A2,CrowdRun_1920x1080p50.y4m,v11.0.0,-14.6909,-19.84,-18.1534,-15.0424,-10.7212,-10.5972,-18.8164,-17.6175,-13.1878,-18.0939,-15.3851,-20.3391,-18.4602,-15.8199
LD,A2,CrowdRun_1920x1080p50.y4m,v12.0.0,-15.1093,-20.5581,-19.152,-15.4984,-10.8199,-10.8727,-19.0014,-17.8232,-13.582,-18.553,-15.8086,-21.089,-19.4856,-16.2846
LD,A2,CrowdRun_1920x1080p50.y4m,v13.0.0,-14.8275,-21.8327,-20.0349,-15.3327,-12.5432,-11.605,-18.6043,-17.4293,-13.3193,-19.161,-15.4057,-22.2476,-20.2735,-15.9856
LD,A2,CrowdRun_1920x1080p50.y4m,v14.0.0,-14.8294,-21.8146,-20.0595,-15.3352,-12.4793,-11.5575,-18.6898,-17.5308,-13.3082,-19.1023,-15.4091,-22.2367,-20.296,-15.9921
LD,A2,CrowdRun_1920x1080p50.y4m,v15.0.0,-14.844,-21.8232,-20.045,-15.3482,-12.5144,-11.599,-18.701,-17.5395,-13.3308,-19.1183,-15.4233,-22.2465,-20.2811,-16.0036
LD,A2,DinnerSceneCropped_1920x1080_2997fps_10bit_420.y4m,v02.0.0,-1.1963,-4.5039,-11.279,-1.937,0.008,-0.8769,0.0014,-0.4223,-0.9095,-2.918,-1.1524,-4.7571,-11.4996,-2.0803
LD,A2,DinnerSceneCropped_1920x1080_2997fps_10bit_420.y4m,v03.0.0,-8.0845,-8.8731,-15.1691,-8.5364,-6.0121,-6.6913,-10.8495,-9.8099,-7.0814,-9.7499,-8.2963,-9.1493,-15.5685,-8.9343
LD,A2,DinnerSceneCropped_1920x1080_2997fps_10bit_420.y4m,v04.0.0,-11.9968,-15.826,-21.07,-12.712,-10.4335,-10.8936,-20.0438,-17.3626,-11.1302,-13.539,-12.3283,-16.0979,-21.4353,-13.2432
LD,A2,DinnerSceneCropped_1920x1080_2997fps_10bit_420.y4m,v05.0.0,-14.1961,-17.8126,-24.274,-14.9252,-12.6405,-13.0216,-22.8761,-20.0719,-13.176,-15.5964,-14.6172,-17.9973,-24.727,-15.5174
LD,A2,DinnerSceneCropped_1920x1080_2997fps_10bit_420.y4m,v06.0.0,-17.7268,-20.9146,-27.5908,-18.4355,-16.3089,-16.411,-25.6083,-22.1933,-16.455,-19.8872,-18.2514,-21.1173,-28.0917,-19.1205
LD,A2,DinnerSceneCropped_1920x1080_2997fps_10bit_420.y4m,v07.0.0,-18.7191,-22.8494,-27.3758,-19.4026,-17.7271,-17.3486,-28.5135,-24.8136,-17.7678,-20.6661,-19.3543,-23.1131,-27.7908,-20.2193
LD,A2,DinnerSceneCropped_1920x1080_2997fps_10bit_420.y4m,v08.0.0,-18.9019,-22.8426,-27.8575,-19.5939,-17.6628,-17.5335,-28.9663,-25.2924,-17.7543,-19.588,-19.4908,-23.1809,-28.4591,-20.3652
LD,A2,DinnerSceneCropped_1920x1080_2997fps_10bit_420.y4m,v09.0.0,-23.6455,-27.3388,-28.6958,-24.1048,-23.3099,-22.4885,-31.1205,-28.4437,-23.4741,-24.9515,-24.5597,-28.5936,-29.3258,-25.2897
LD,A2,DinnerSceneCropped_1920x1080_2997fps_10bit_420.y4m,v10.0.0,-24.667,-29.1836,-29.2648,-25.1204,-24.183,-23.213,-34.1643,-31.5834,-24.5226,-25.5739,-25.5898,-30.3788,-29.9362,-26.3291
LD,A2,DinnerSceneCropped_1920x1080_2997fps_10bit_420.y4m,v11.0.0,-26.655,-29.3775,-30.2518,-27.0403,-26.4157,-25.5347,-33.33,-31.5223,-26.5998,-26.5703,-27.6626,-30.7719,-31.0416,-28.3077
LD,A2,DinnerSceneCropped_1920x1080_2997fps_10bit_420.y4m,v12.0.0,-27.6495,-29.6356,-33.9526,-28.1408,-26.4969,-25.8328,-33.8619,-32.1702,-27.2697,-27.6627,-28.6996,-30.9955,-34.7254,-29.3558
LD,A2,DinnerSceneCropped_1920x1080_2997fps_10bit_420.y4m,v13.0.0,-26.5222,-31.0144,-30.5713,-26.9878,-21.9062,-24.847,-33.2929,-31.3292,-25.8471,-26.8172,-27.3668,-32.2466,-31.1871,-28.1426
LD,A2,DinnerSceneCropped_1920x1080_2997fps_10bit_420.y4m,v14.0.0,-25.7643,-30.2923,-30.3562,-26.2543,-21.5637,-24.3612,-32.1059,-30.1334,-25.2806,-25.7319,-26.6005,-31.4667,-31.0163,-27.3829
LD,A2,DinnerSceneCropped_1920x1080_2997fps_10bit_420.y4m,v15.0.0,-25.7747,-30.3105,-30.2679,-26.2602,-21.5901,-24.365,-32.076,-30.1265,-25.2838,-25.6846,-26.6113,-31.4755,-30.933,-27.3912
LD,A2,FoodMarket_1920x1080_5994_10bit_420.y4m,v02.0.0,-1.4233,-11.1627,-8.5623,-2.1928,-1.2125,-1.2326,-1.2782,-1.5456,-1.6316,-4.3971,-1.5505,-11.2942,-8.5247,-2.1851
LD,A2,FoodMarket_1920x1080_5994_10bit_420.y4m,v03.0.0,-5.1789,-17.2103,-14.8068,-6.1946,-4.012,-4.1666,-4.4456,-4.4273,-4.7929,-8.2866,-5.3331,-17.4488,-14.7777,-6.2011
LD,A2,FoodMarket_1920x1080_5994_10bit_420.y4m,v04.0.0,-12.3165,-25.4404,-22.1634,-13.4252,-10.4951,-10.7936,-13.5968,-12.9591,-11.5163,-15.7367,-12.5243,-25.5712,-22.1831,-13.4862
LD,A2,FoodMarket_1920x1080_5994_10bit_420.y4m,v05.0.0,-13.2913,-31.3924,-25.095,-14.7597,-11.2096,-11.458,-14.3575,-13.7823,-12.5732,-18.0542,-13.5027,-31.339,-25.1378,-14.7473
LD,A2,FoodMarket_1920x1080_5994_10bit_420.y4m,v06.0.0,-15.2391,-34.5601,-25.839,-16.6941,-13.2176,-13.5244,-16.5859,-15.6486,-14.297,-20.9272,-15.4749,-34.7271,-25.8334,-16.7272
LD,A2,FoodMarket_1920x1080_5994_10bit_420.y4m,v07.0.0,-16.9031,-38.6788,-27.87,-18.4832,-15.104,-15.2378,-19.0769,-18.3317,-16.04,-23.4937,-17.1898,-38.7749,-27.8691,-18.5047
LD,A2,FoodMarket_1920x1080_5994_10bit_420.y4m,v08.0.0,-17.3824,-37.4032,-27.9889,-18.8566,-15.4824,-15.6897,-19.3558,-18.5699,-16.465,-23.4119,-17.6585,-37.366,-28.0081,-18.8914
LD,A2,FoodMarket_1920x1080_5994_10bit_420.y4m,v09.0.0,-20.0433,-36.1951,-25.459,-21.0704,-17.5001,-17.4289,-21.7643,-20.9598,-19.241,-23.8962,-20.4974,-36.3124,-25.6367,-21.3768
LD,A2,FoodMarket_1920x1080_5994_10bit_420.y4m,v10.0.0,-20.3328,-36.1819,-27.239,-21.4059,-16.8949,-17.0365,-21.7519,-21.3019,-19.1456,-24.7407,-20.7864,-36.4347,-27.3494,-21.6686
LD,A2,FoodMarket_1920x1080_5994_10bit_420.y4m,v11.0.0,-21.0867,-36.5262,-27.1633,-22.0846,-17.8956,-17.8712,-22.6009,-22.3141,-20.052,-24.9363,-21.5782,-36.7505,-27.2672,-22.3817
LD,A2,FoodMarket_1920x1080_5994_10bit_420.y4m,v12.0.0,-21.1067,-36.7118,-26.8728,-22.104,-17.4464,-17.5915,-22.5152,-22.2329,-19.9042,-24.687,-21.5875,-37.0168,-26.989,-22.4037
LD,A2,FoodMarket_1920x1080_5994_10bit_420.y4m,v13.0.0,-20.547,-37.5671,-27.8365,-21.6818,-18.635,-17.3185,-22.1689,-21.7699,-19.3245,-24.9986,-20.913,-37.7169,-27.9155,-21.8244
LD,A2,FoodMarket_1920x1080_5994_10bit_420.y4m,v14.0.0,-20.4438,-36.0239,-27.1764,-21.4865,-18.5885,-17.2954,-22.5002,-21.8716,-19.2206,-24.4151,-20.8116,-36.023,-27.2443,-21.6609
LD,A2,FoodMarket_1920x1080_5994_10bit_420.y4m,v15.0.0,-20.4384,-36.0906,-27.2289,-21.4885,-18.5781,-17.2961,-22.5036,-21.8855,-19.2168,-24.4525,-20.8081,-36.0943,-27.3006,-21.6651
LD,A2,GregoryScarf_1080x1920p30_yuv420p10le_130frames.y4m,v02.0.0,-1.6212,-6.7726,-5.0012,-2.0905,-1.001,-1.2788,-2.5007,-2.1526,-1.4219,-3.6919,-1.6054,-7.2106,-4.8778,-1.9426
LD,A2,GregoryScarf_1080x1920p30_yuv420p10le_130frames.y4m,v03.0.0,-5.743,-16.501,-6.7845,-6.4208,-3.9562,-4.4526,-9.0203,-8.474,-4.9875,-10.7382,-5.6315,-17.1205,-6.7568,-6.1259
LD,A2,GregoryScarf_1080x1920p30_yuv420p10le_130frames.y4m,v04.0.0,-12.1814,-25.5659,-16.2482,-13.1939,-9.7594,-10.5929,-16.1235,-15.9004,-11.1076,-18.546,-12.0322,-25.6917,-16.0371,-12.7237
LD,A2,GregoryScarf_1080x1920p30_yuv420p10le_130frames.y4m,v05.0.0,-13.4484,-27.6705,-18.2013,-14.5656,-10.5359,-11.5467,-17.078,-16.9163,-12.1991,-20.2748,-13.2829,-27.6573,-17.9328,-14.0431
LD,A2,GregoryScarf_1080x1920p30_yuv420p10le_130frames.y4m,v06.0.0,-14.5588,-32.2544,-21.1235,-16.0088,-11.7463,-12.813,-18.6524,-18.4664,-13.34,-23.3025,-14.3703,-32.3138,-20.6182,-15.3234
LD,A2,GregoryScarf_1080x1920p30_yuv420p10le_130frames.y4m,v07.0.0,-15.6984,-36.0395,-24.8501,-17.4743,-13.281,-14.1746,-20.5491,-20.2702,-14.756,-25.4688,-15.4979,-36.0159,-24.4565,-16.6424
LD,A2,GregoryScarf_1080x1920p30_yuv420p10le_130frames.y4m,v08.0.0,-16.1456,-35.9291,-25.5389,-17.8934,-13.5764,-14.5753,-20.3866,-20.0917,-15.1426,-25.8492,-15.9453,-35.6946,-25.0358,-17.0536
LD,A2,GregoryScarf_1080x1920p30_yuv420p10le_130frames.y4m,v09.0.0,-18.5453,-39.0827,-27.051,-20.2963,-16.2549,-16.9605,-23.5605,-23.2314,-17.6718,-28.2524,-18.7262,-39.249,-26.9373,-19.8336
LD,A2,GregoryScarf_1080x1920p30_yuv420p10le_130frames.y4m,v10.0.0,-20.0485,-38.7056,-26.9359,-21.5805,-17.0662,-17.9529,-26.7253,-26.1551,-18.7195,-28.9611,-20.1494,-38.9063,-26.751,-21.1329
LD,A2,GregoryScarf_1080x1920p30_yuv420p10le_130frames.y4m,v11.0.0,-21.2304,-39.2817,-27.6601,-22.6855,-18.8384,-19.5117,-27.6781,-27.0869,-20.2372,-30.2356,-21.4341,-39.5137,-27.5397,-22.3481
LD,A2,GregoryScarf_1080x1920p30_yuv420p10le_130frames.y4m,v12.0.0,-20.8658,-39.2769,-26.7152,-22.3128,-18.071,-18.7113,-27.0839,-26.5849,-19.8108,-29.6896,-21.0523,-39.5743,-26.5678,-21.9636
LD,A2,GregoryScarf_1080x1920p30_yuv420p10le_130frames.y4m,v13.0.0,-20.7018,-39.3089,-26.9299,-22.1857,-20.4782,-18.6967,-26.8799,-26.3588,-19.7444,-29.717,-20.7901,-39.495,-26.8791,-21.7297
LD,A2,GregoryScarf_1080x1920p30_yuv420p10le_130frames.y4m,v14.0.0,-20.6585,-39.2212,-27.4493,-22.1684,-20.5047,-18.6769,-26.7878,-26.2756,-19.732,-29.7536,-20.7448,-39.3343,-27.243,-21.6893
LD,A2,GregoryScarf_1080x1920p30_yuv420p10le_130frames.y4m,v15.0.0,-20.6489,-39.1893,-27.4488,-22.1576,-20.4846,-18.6509,-26.788,-26.2752,-19.7203,-29.73,-20.7382,-39.3085,-27.2498,-21.6823
LD,A2,MeridianTalk_sdr_1920x1080p_5994_10bit.y4m,v02.0.0,-0.8718,-15.8509,-15.2514,-2.6364,-0.7906,-0.9248,-1.7098,-1.3807,-1.6377,-7.0042,-0.8402,-15.8876,-15.2925,-1.9419
LD,A2,MeridianTalk_sdr_1920x1080p_5994_10bit.y4m,v03.0.0,-7.0526,-21.8724,-25.8712,-9.2024,-5.5816,-6.4794,-10.0874,-8.6081,-6.9754,-14.297,-7.078,-21.9094,-25.9407,-8.372
LD,A2,MeridianTalk_sdr_1920x1080p_5994_10bit.y4m,v04.0.0,-11.874,-31.9393,-33.1943,-14.5405,-9.9129,-10.9678,-15.289,-13.3411,-11.7719,-20.6067,-11.8981,-31.9612,-33.2166,-13.5362
LD,A2,MeridianTalk_sdr_1920x1080p_5994_10bit.y4m,v05.0.0,-14.4438,-35.095,-36.4048,-17.2274,-11.9836,-13.2318,-17.9105,-16.1127,-14.0829,-23.7335,-14.4858,-35.1256,-36.4654,-16.192
LD,A2,MeridianTalk_sdr_1920x1080p_5994_10bit.y4m,v06.0.0,-17.1565,-38.1073,-35.6141,-19.6333,-14.2975,-15.6448,-20.123,-18.478,-16.4253,-26.8296,-17.2695,-38.148,-35.7096,-18.8477
LD,A2,MeridianTalk_sdr_1920x1080p_5994_10bit.y4m,v07.0.0,-19.0341,-43.7636,-42.1485,-22.1043,-16.3147,-17.5627,-22.3965,-20.5958,-18.6961,-30.8012,-19.1855,-43.7123,-42.1785,-21.0481
LD,A2,MeridianTalk_sdr_1920x1080p_5994_10bit.y4m,v08.0.0,-19.5585,-44.2196,-42.7361,-22.6029,-16.8387,-18.1424,-21.7592,-20.5308,-19.2124,-31.1161,-19.6906,-44.1894,-42.7986,-21.5474
LD,A2,MeridianTalk_sdr_1920x1080p_5994_10bit.y4m,v09.0.0,-22.4627,-39.9104,-39.8104,-24.667,-19.9768,-20.6061,-25.9778,-24.0471,-22.3612,-30.3347,-22.7562,-39.8793,-39.832,-24.1024
LD,A2,MeridianTalk_sdr_1920x1080p_5994_10bit.y4m,v10.0.0,-23.5081,-41.3612,-41.7114,-25.7828,-20.6468,-21.4967,-24.6813,-23.6497,-23.2533,-32.2324,-23.7713,-41.3678,-41.7961,-25.1362
LD,A2,MeridianTalk_sdr_1920x1080p_5994_10bit.y4m,v11.0.0,-24.3004,-43.3284,-39.4282,-26.3966,-21.446,-22.2098,-25.3927,-24.5828,-23.9913,-32.7624,-24.5957,-43.3241,-39.4759,-25.905
LD,A2,MeridianTalk_sdr_1920x1080p_5994_10bit.y4m,v12.0.0,-25.5065,-43.5138,-40.7874,-27.557,-22.0425,-23.1015,-26.6977,-25.9799,-24.7973,-33.735,-25.8037,-43.4724,-40.8677,-27.0896
LD,A2,MeridianTalk_sdr_1920x1080p_5994_10bit.y4m,v13.0.0,-25.409,-47.7224,-45.5696,-28.0691,-27.4254,-23.1116,-29.3324,-27.7018,-24.5697,-36.5491,-25.629,-47.6902,-45.5695,-27.2441
LD,A2,MeridianTalk_sdr_1920x1080p_5994_10bit.y4m,v14.0.0,-24.6159,-47.0024,-44.7206,-27.2779,-26.6503,-22.3541,-28.2896,-26.6823,-23.9806,-35.7163,-24.846,-46.9747,-44.6924,-26.4549
LD,A2,MeridianTalk_sdr_1920x1080p_5994_10bit.y4m,v15.0.0,-24.5984,-47.0301,-44.7916,-27.2695,-26.6357,-22.3235,-28.3281,-26.6891,-23.9589,-35.7344,-24.8288,-47.0041,-44.7723,-26.443
LD,A2,Motorcycle_1920x1080_30fps_8bit.y4m,v02.0.0,-1.1122,-3.407,-2.9013,-1.2903,-2.2461,-2.2936,-2.6249,-2.349,-1.1285,-0.7526,-1.2253,-3.4833,-2.951,-1.3801
LD,A2,Motorcycle_1920x1080_30fps_8bit.y4m,v03.0.0,-4.479,-8.9114,-5.0746,-4.7086,-5.5518,-5.6842,-6.9554,-6.3002,-3.991,-5.4005,-4.6061,-9.121,-5.1601,-4.8425
LD,A2,Motorcycle_1920x1080_30fps_8bit.y4m,v04.0.0,-7.4646,-17.3313,-16.2932,-8.3057,-8.9808,-9.1546,-12.1721,-11.5037,-7.4207,-10.7958,-7.6438,-17.5862,-16.4265,-8.3314
LD,A2,Motorcycle_1920x1080_30fps_8bit.y4m,v05.0.0,-8.4939,-16.9015,-14.84,-9.1564,-9.3913,-9.8395,-12.3478,-11.8084,-8.0005,-11.3364,-8.6806,-17.0717,-14.887,-9.276
LD,A2,Motorcycle_1920x1080_30fps_8bit.y4m,v06.0.0,-9.1031,-19.8333,-18.7531,-10.0232,-9.8823,-10.2571,-13.1673,-12.5536,-9.0588,-14.2047,-9.2565,-20.0065,-18.9083,-10.0106
LD,A2,Motorcycle_1920x1080_30fps_8bit.y4m,v07.0.0,-9.9504,-24.1677,-25.0717,-11.3042,-11.163,-11.3992,-14.906,-14.2672,-10.3634,-16.462,-10.1252,-24.3873,-25.2122,-11.1541
LD,A2,Motorcycle_1920x1080_30fps_8bit.y4m,v08.0.0,-10.7473,-24.359,-25.5416,-12.0556,-12.0346,-12.3348,-15.363,-14.7893,-11.3069,-17.0986,-10.9303,-24.5442,-25.7607,-11.9364
LD,A2,Motorcycle_1920x1080_30fps_8bit.y4m,v09.0.0,-12.0908,-25.2511,-25.9056,-13.328,-13.8028,-13.8426,-18.0117,-17.3021,-12.77,-18.0037,-12.7458,-25.9201,-26.5224,-13.7015
LD,A2,Motorcycle_1920x1080_30fps_8bit.y4m,v10.0.0,-13.5659,-25.1294,-26.32,-14.6702,-14.3693,-14.6698,-21.0968,-19.8925,-13.7,-19.3098,-14.2436,-25.8112,-26.9543,-15.088
LD,A2,Motorcycle_1920x1080_30fps_8bit.y4m,v11.0.0,-14.3057,-24.3381,-25.6101,-15.279,-15.2736,-15.3791,-21.9582,-20.8435,-14.5985,-19.5836,-15.0647,-25.0394,-26.2812,-15.7531
LD,A2,Motorcycle_1920x1080_30fps_8bit.y4m,v12.0.0,-14.3506,-24.0741,-24.8378,-15.2736,-14.9382,-15.1999,-21.7685,-20.6277,-14.5456,-19.4883,-15.1139,-24.7897,-25.5212,-15.7772
LD,A2,Motorcycle_1920x1080_30fps_8bit.y4m,v13.0.0,-14.1854,-24.1263,-24.9026,-15.129,-16.335,-15.1293,-21.5784,-20.4664,-14.4599,-19.4021,-14.8125,-24.7804,-25.5439,-15.5013
LD,A2,Motorcycle_1920x1080_30fps_8bit.y4m,v14.0.0,-14.1751,-24.0545,-24.9249,-15.1167,-16.3135,-15.1274,-21.6173,-20.478,-14.4492,-19.4158,-14.8032,-24.6981,-25.5663,-15.4884
LD,A2,Motorcycle_1920x1080_30fps_8bit.y4m,v15.0.0,-14.1757,-24.0482,-24.9116,-15.1163,-16.3146,-15.1141,-21.6173,-20.478,-14.4343,-19.4189,-14.8023,-24.69,-25.5502,-15.4863
LD,A2,OldTownCross_1920x1080p50.y4m,v02.0.0,-2.0075,-28.228,-20.969,-3.7032,-2.7372,-3.2488,-4.5212,-4.2374,-0.4754,-10.3246,-2.4199,-29.5162,-21.1746,-3.9901
LD,A2,OldTownCross_1920x1080p50.y4m,v03.0.0,-3.8811,-30.9328,-21.8897,-5.5845,-3.3609,-3.6155,-2.731,-3.4893,-2.013,-12.6972,-4.3462,-32.3709,-22.1185,-5.9287
LD,A2,OldTownCross_1920x1080p50.y4m,v04.0.0,-13.1399,-39.8117,-31.8412,-14.8582,-11.8519,-11.9612,-12.069,-13.1412,-10.9363,-22.1762,-13.8402,-41.4042,-32.1101,-15.5063
LD,A2,OldTownCross_1920x1080p50.y4m,v05.0.0,-14.894,-45.8937,-39.9718,-17.0956,-13.6542,-13.6298,-13.4105,-14.5225,-12.9295,-26.918,-15.6291,-47.4588,-40.2269,-17.8114
LD,A2,OldTownCross_1920x1080p50.y4m,v06.0.0,-16.9717,-48.9883,-41.5018,-19.1975,-15.7159,-15.1814,-16.2782,-17.0553,-16.3578,-32.6593,-17.6818,-50.4921,-41.7228,-19.9308
LD,A2,OldTownCross_1920x1080p50.y4m,v07.0.0,-18.0472,-50.1697,-43.3818,-20.3345,-17.0022,-16.4167,-17.5241,-18.3262,-17.7144,-33.642,-18.8294,-51.6763,-43.5881,-21.1272
LD,A2,OldTownCross_1920x1080p50.y4m,v08.0.0,-19.3845,-50.7786,-43.7738,-21.5918,-18.0655,-17.7137,-18.0661,-18.9836,-19.0921,-35.1416,-20.1585,-52.3235,-43.9791,-22.3712
LD,A2,OldTownCross_1920x1080p50.y4m,v09.0.0,-22.4439,-49.7818,-40.4469,-24.1699,-21.5692,-20.5277,-21.2487,-21.9554,-22.3123,-35.6834,-23.2441,-51.4761,-40.7066,-24.8981
LD,A2,OldTownCross_1920x1080p50.y4m,v10.0.0,-24.4257,-50.4409,-41.1717,-26.0386,-22.2814,-21.7733,-19.2939,-21.7116,-23.2483,-37.5165,-25.23,-52.0627,-41.3975,-26.7347
LD,A2,OldTownCross_1920x1080p50.y4m,v11.0.0,-25.1134,-49.8402,-41.7579,-26.6883,-22.8025,-22.3623,-19.859,-22.5099,-23.9999,-37.661,-25.9116,-51.5146,-41.9897,-27.3535
LD,A2,OldTownCross_1920x1080p50.y4m,v12.0.0,-25.5723,-50.1197,-41.2686,-27.0929,-23.4476,-22.8711,-20.4474,-23.1045,-24.4598,-38.0175,-26.3768,-51.7848,-41.5103,-27.7844
LD,A2,OldTownCross_1920x1080p50.y4m,v13.0.0,-24.7829,-51.9112,-43.8606,-26.5601,-22.1461,-22.3643,-19.5448,-22.2258,-23.7425,-38.2067,-25.4607,-53.5341,-44.0502,-27.1252
LD,A2,OldTownCross_1920x1080p50.y4m,v14.0.0,-24.3909,-51.767,-43.3135,-26.1654,-21.7636,-21.9805,-18.88,-21.53,-23.3836,-37.9434,-25.0462,-53.3693,-43.4924,-26.7028
LD,A2,OldTownCross_1920x1080p50.y4m,v15.0.0,-24.3417,-51.6093,-43.2917,-26.1145,-21.7041,-21.9453,-18.8332,-21.5036,-23.3309,-37.8818,-24.9991,-53.226,-43.4731,-26.6529
LD,A2,PedestrianArea_1920x1080p25.y4m,v02.0.0,-0.5815,-5.7826,-1.8347,-0.9181,-0.7861,-0.977,-2.249,-2.0016,0.2179,-0.2646,-0.6305,-5.9975,-2.0132,-0.9793
LD,A2,PedestrianArea_1920x1080p25.y4m,v03.0.0,-7.1184,-12.2959,-8.0114,-7.4405,-6.2886,-7.0918,-7.036,-6.8141,-5.4709,-5.6891,-7.2114,-12.4437,-8.213,-7.5622
LD,A2,PedestrianArea_1920x1080p25.y4m,v04.0.0,-11.9481,-22.3361,-17.5514,-12.819,-11.3423,-12.2367,-12.5527,-12.0881,-10.5341,-12.7962,-12.0656,-22.4626,-17.7225,-12.947
LD,A2,PedestrianArea_1920x1080p25.y4m,v05.0.0,-13.0552,-25.7376,-18.5441,-14.0356,-12.4194,-13.3854,-14.0591,-13.5423,-11.6508,-14.9798,-13.1758,-25.7865,-18.6788,-14.1575
LD,A2,PedestrianArea_1920x1080p25.y4m,v06.0.0,-14.9599,-28.6142,-23.1286,-16.1729,-13.8717,-14.6987,-16.155,-15.4274,-14.3558,-20.8106,-15.0575,-28.6713,-23.2125,-16.2681
LD,A2,PedestrianArea_1920x1080p25.y4m,v07.0.0,-16.2242,-31.1953,-24.9417,-17.5434,-14.9028,-15.8172,-17.6166,-16.9644,-15.5705,-22.1953,-16.3291,-31.2416,-24.9492,-17.626
LD,A2,PedestrianArea_1920x1080p25.y4m,v08.0.0,-16.7937,-31.7916,-25.0847,-18.0857,-15.3946,-16.3685,-17.3633,-16.8388,-16.1027,-22.5515,-16.8969,-31.8011,-25.126,-18.1664
LD,A2,PedestrianArea_1920x1080p25.y4m,v09.0.0,-17.2867,-30.4538,-24.2713,-18.4103,-16.2302,-16.731,-18.5386,-17.7932,-16.9813,-22.0142,-17.4617,-30.6749,-24.54,-18.6071
LD,A2,PedestrianArea_1920x1080p25.y4m,v10.0.0,-18.2624,-28.786,-24.0005,-19.1527,-17.1911,-17.7429,-20.5052,-19.7546,-17.722,-22.5089,-18.4389,-28.9936,-24.2473,-19.3642
LD,A2,PedestrianArea_1920x1080p25.y4m,v11.0.0,-18.4808,-29.8224,-24.0828,-19.4033,-17.1724,-17.7061,-20.7459,-20.0702,-17.9802,-22.8006,-18.6626,-30.0639,-24.3713,-19.6179
LD,A2,PedestrianArea_1920x1080p25.y4m,v12.0.0,-18.4978,-30.2136,-24.7373,-19.4769,-16.8761,-17.5188,-21.1237,-20.5391,-17.8693,-23.0586,-18.674,-30.4449,-25.0295,-19.6731
LD,A2,PedestrianArea_1920x1080p25.y4m,v13.0.0,-18.1787,-29.7012,-24.4932,-19.1526,-20.055,-17.0917,-20.6412,-20.0136,-17.5198,-22.977,-18.3045,-29.8917,-24.7326,-19.3022
LD,A2,PedestrianArea_1920x1080p25.y4m,v14.0.0,-18.0572,-29.87,-24.6276,-19.0616,-19.9302,-17.1061,-20.9435,-20.0002,-17.4376,-22.9623,-18.1852,-30.0335,-24.8505,-19.2066
LD,A2,PedestrianArea_1920x1080p25.y4m,v15.0.0,-18.0792,-29.8758,-24.5053,-19.0739,-19.9325,-17.0946,-20.9267,-20.0047,-17.4449,-22.9865,-18.209,-30.0363,-24.7288,-19.2213
LD,A2,RitualDance_1920x1080_5994_10bit_420.y4m,v02.0.0,-1.5981,-12.5785,-8.2251,-2.4223,-1.1785,-1.2975,-2.0035,-1.9362,-1.7709,-4.4484,-1.6251,-12.8625,-8.6428,-2.4648
LD,A2,RitualDance_1920x1080_5994_10bit_420.y4m,v03.0.0,-7.1716,-16.6928,-13.8564,-7.9362,-6.8493,-7.0481,-7.3447,-7.3528,-6.7291,-10.7643,-7.2136,-16.9973,-14.3296,-8.0626
LD,A2,RitualDance_1920x1080_5994_10bit_420.y4m,v04.0.0,-14.9556,-26.4424,-22.1112,-15.849,-15.85,-15.8375,-16.0002,-15.9086,-14.6609,-18.0034,-14.9993,-26.8155,-22.3767,-16.0061
LD,A2,RitualDance_1920x1080_5994_10bit_420.y4m,v05.0.0,-16.0244,-30.1683,-23.6933,-17.0849,-16.6462,-16.7114,-17.4717,-17.3345,-15.7647,-19.5389,-16.0807,-30.3694,-23.9687,-17.2678
LD,A2,RitualDance_1920x1080_5994_10bit_420.y4m,v06.0.0,-17.9319,-32.147,-26.2092,-19.0352,-18.5958,-18.6302,-20.1223,-19.9011,-17.6333,-22.0605,-17.9654,-32.4636,-26.5005,-19.1699
LD,A2,RitualDance_1920x1080_5994_10bit_420.y4m,v07.0.0,-19.3888,-34.5965,-28.139,-20.5748,-20.1195,-20.0848,-21.8629,-21.6049,-19.1205,-23.8205,-19.4415,-34.8889,-28.4228,-20.7159
LD,A2,RitualDance_1920x1080_5994_10bit_420.y4m,v08.0.0,-19.9988,-36.295,-30.4257,-21.334,-20.6666,-20.6829,-21.7218,-21.5671,-19.8872,-24.4598,-20.0527,-36.6424,-30.738,-21.4618
LD,A2,RitualDance_1920x1080_5994_10bit_420.y4m,v09.0.0,-21.4776,-34.301,-29.5772,-22.5068,-21.9553,-21.8443,-24.3464,-23.997,-21.2973,-23.7827,-21.8089,-34.9055,-30.2647,-22.968
LD,A2,RitualDance_1920x1080_5994_10bit_420.y4m,v10.0.0,-22.7504,-34.6198,-30.4195,-23.702,-22.4818,-22.5019,-26.4081,-25.7887,-22.1838,-25.6376,-23.0289,-35.1826,-31.0271,-24.079
LD,A2,RitualDance_1920x1080_5994_10bit_420.y4m,v11.0.0,-22.9756,-34.8716,-31.1736,-23.9563,-22.5864,-22.6154,-26.5258,-26.1178,-22.4005,-26.2715,-23.2858,-35.4689,-31.8037,-24.3449
LD,A2,RitualDance_1920x1080_5994_10bit_420.y4m,v12.0.0,-23.1005,-34.8593,-30.7967,-24.0528,-22.4942,-22.606,-26.5035,-26.1689,-22.4504,-26.1774,-23.4023,-35.4171,-31.4447,-24.422
LD,A2,RitualDance_1920x1080_5994_10bit_420.y4m,v13.0.0,-23.1597,-34.9647,-30.2817,-24.082,-25.1377,-22.8148,-26.5828,-26.1864,-22.4775,-26.3803,-23.4142,-35.4934,-30.838,-24.4077
LD,A2,RitualDance_1920x1080_5994_10bit_420.y4m,v14.0.0,-23.0447,-34.8099,-30.2335,-23.9694,-25.0612,-22.6799,-26.4065,-26.0291,-22.3702,-26.4089,-23.299,-35.3463,-30.7839,-24.2948
LD,A2,RitualDance_1920x1080_5994_10bit_420.y4m,v15.0.0,-23.068,-34.6491,-30.2807,-23.9845,-25.1171,-22.729,-26.4115,-26.0347,-22.4056,-26.3792,-23.3224,-35.1944,-30.84,-24.3074
LD,A2,Riverbed_1920x1080p25.y4m,v02.0.0,-2.4008,-0.4578,-17.2541,-2.7146,-1.9225,-2.4537,-3.7262,-3.5769,-1.6227,-0.8769,-2.4449,-0.4576,-17.8382,-2.7642
LD,A2,Riverbed_1920x1080p25.y4m,v03.0.0,-5.2829,-10.0102,-11.2331,-5.5899,-3.5608,-4.5027,-4.1383,-4.1117,-4.2653,-6.8478,-5.3552,-10.1937,-11.4667,-5.8635
LD,A2,Riverbed_1920x1080p25.y4m,v04.0.0,-7.3796,-21.2699,-30.8132,-8.5654,-5.5073,-6.7844,-6.2666,-6.0343,-6.5582,-11.5146,-7.4915,-21.5597,-31.3174,-8.7483
LD,A2,Riverbed_1920x1080p25.y4m,v05.0.0,-7.675,-22.5015,-36.2785,-9.0614,-5.6772,-7.0181,-6.6183,-6.3856,-6.8231,-12.4362,-7.7831,-22.8084,-36.8735,-9.1762
LD,A2,Riverbed_1920x1080p25.y4m,v06.0.0,-9.6716,-29.3899,-43.675,-11.46,-7.2947,-8.598,-9.3408,-9.1169,-9.2966,-16.2407,-9.7622,-29.8016,-44.3089,-11.3525
LD,A2,Riverbed_1920x1080p25.y4m,v07.0.0,-10.1827,-35.6588,-54.3123,-12.6967,-7.7037,-9.0396,-10.6525,-10.4111,-10.0737,-18.6306,-10.2913,-36.2174,-55.0262,-12.3795
LD,A2,Riverbed_1920x1080p25.y4m,v08.0.0,-10.6536,-36.3048,-54.5774,-13.1738,-8.0567,-9.4374,-10.7331,-10.5399,-10.5595,-19.0475,-10.7424,-36.8476,-55.2454,-12.8312
LD,A2,Riverbed_1920x1080p25.y4m,v09.0.0,-14.2687,-37.7969,-56.7798,-16.6641,-11.7553,-12.9998,-14.106,-13.9342,-13.9696,-21.4476,-14.6882,-38.6491,-57.6979,-16.6223
LD,A2,Riverbed_1920x1080p25.y4m,v10.0.0,-14.776,-36.2635,-57.2698,-17.0601,-12.2385,-13.4576,-16.3462,-15.8531,-14.3845,-21.2597,-15.2069,-37.1064,-58.2657,-17.0158
LD,A2,Riverbed_1920x1080p25.y4m,v11.0.0,-16.188,-37.9527,-54.9331,-18.3255,-13.9851,-14.8851,-18.3106,-18.2201,-15.8313,-22.6472,-16.7181,-38.8442,-55.9256,-18.4023
LD,A2,Riverbed_1920x1080p25.y4m,v12.0.0,-15.9875,-37.1471,-52.983,-18.0462,-13.6364,-14.5688,-17.8953,-17.8682,-15.624,-22.2491,-16.5142,-38.035,-53.885,-18.1741
LD,A2,Riverbed_1920x1080p25.y4m,v13.0.0,-15.8892,-37.6745,-53.8528,-18.0175,-16.7991,-14.5549,-18.0144,-17.8468,-15.5349,-22.3096,-16.3107,-38.5106,-54.7659,-18.0038
LD,A2,Riverbed_1920x1080p25.y4m,v14.0.0,-15.8773,-37.2978,-53.0623,-17.9687,-16.815,-14.569,-18.1825,-18.0095,-15.5226,-22.3979,-16.2979,-38.1321,-53.9398,-17.9818
LD,A2,Riverbed_1920x1080p25.y4m,v15.0.0,-15.8757,-37.2936,-53.0735,-17.9675,-16.8229,-14.5761,-18.1911,-18.0213,-15.521,-22.39,-16.2955,-38.1289,-53.9517,-17.9798
LD,A2,RushFieldCuts_1920x1080_2997.y4m,v02.0.0,-0.4155,-6.8021,-8.6194,-1.0351,-1.3876,-1.3367,-0.8064,-0.7834,0.0952,-1.8558,-0.6457,-7.1597,-8.9053,-0.98
LD,A2,RushFieldCuts_1920x1080_2997.y4m,v03.0.0,-3.2729,-11.1038,-11.3195,-3.9519,-3.8887,-3.9785,-4.2681,-3.6666,-2.2628,-5.8672,-3.477,-11.564,-11.6902,-3.9021
LD,A2,RushFieldCuts_1920x1080_2997.y4m,v04.0.0,-5.5625,-18.6251,-16.8953,-6.6265,-6.4543,-6.3031,-6.4101,-5.8158,-4.545,-9.7546,-5.8609,-19.1354,-17.3083,-6.5358
LD,A2,RushFieldCuts_1920x1080_2997.y4m,v05.0.0,-6.4618,-23.455,-19.5783,-7.807,-7.227,-7.0952,-6.5476,-6.0981,-5.4434,-12.2969,-6.7646,-23.7642,-19.8429,-7.5918
LD,A2,RushFieldCuts_1920x1080_2997.y4m,v06.0.0,-6.6378,-23.7153,-20.8225,-8.0418,-7.4179,-7.2149,-6.4296,-5.89,-6.5128,-14.8995,-6.9076,-24.0189,-21.0443,-7.8192
LD,A2,RushFieldCuts_1920x1080_2997.y4m,v07.0.0,-7.4731,-24.7449,-20.617,-8.8216,-8.4146,-8.0704,-7.5472,-7.065,-7.4548,-16.0598,-7.763,-25.0327,-20.8169,-8.6637
LD,A2,RushFieldCuts_1920x1080_2997.y4m,v08.0.0,-8.5146,-24.4415,-20.2652,-9.7452,-9.3979,-8.997,-8.0018,-7.5431,-8.411,-16.4941,-8.8397,-24.686,-20.4064,-9.6514
LD,A2,RushFieldCuts_1920x1080_2997.y4m,v09.0.0,-10.9471,-21.6605,-16.0029,-11.641,-11.6255,-11.0385,-11.2411,-10.8577,-10.8937,-16.8645,-11.7594,-22.1268,-16.3386,-12.2374
LD,A2,RushFieldCuts_1920x1080_2997.y4m,v10.0.0,-11.3018,-21.2511,-14.5946,-11.8844,-11.3484,-10.8045,-11.7636,-11.4074,-10.7418,-16.6615,-12.0843,-21.711,-14.9044,-12.4781
LD,A2,RushFieldCuts_1920x1080_2997.y4m,v11.0.0,-11.8009,-21.2385,-15.7867,-12.3882,-11.7587,-11.1741,-12.6838,-12.3386,-11.3029,-16.8239,-12.6447,-21.7329,-16.1857,-12.9907
LD,A2,RushFieldCuts_1920x1080_2997.y4m,v12.0.0,-12.1143,-21.5655,-15.8259,-12.6989,-11.6664,-11.1915,-12.4617,-12.1272,-11.5102,-17.1492,-12.9521,-22.073,-16.2165,-13.2978
LD,A2,RushFieldCuts_1920x1080_2997.y4m,v13.0.0,-11.9524,-22.7279,-17.9568,-12.6932,-11.3014,-11.5399,-12.0607,-11.8183,-11.4219,-17.8213,-12.6457,-23.1023,-18.2327,-13.081
LD,A2,RushFieldCuts_1920x1080_2997.y4m,v14.0.0,-11.9204,-23.2082,-17.67,-12.6737,-11.2202,-11.4581,-12.3618,-12.0685,-11.4022,-17.8381,-12.6114,-23.6056,-17.9297,-13.0603
LD,A2,RushFieldCuts_1920x1080_2997.y4m,v15.0.0,-11.9125,-23.2048,-17.6335,-12.6649,-11.2164,-11.4551,-12.373,-12.0704,-11.3953,-17.8087,-12.6044,-23.6003,-17.8938,-13.0524
LD,A2,Skater227_1920x1080_30fps.y4m,v02.0.0,-1.3661,-5.3143,-6.104,-1.9018,-0.4839,-0.7542,-2.0085,-1.9218,-1.5072,-4.3335,-1.5007,-5.5918,-5.833,-1.8883
LD,A2,Skater227_1920x1080_30fps.y4m,v03.0.0,-11.5611,-10.4235,-10.8351,-11.4507,-11.6819,-12.0417,-10.9177,-11.1045,-11.1588,-10.615,-11.5061,-10.82,-10.2011,-11.4205
LD,A2,Skater227_1920x1080_30fps.y4m,v04.0.0,-18.6133,-20.8559,-20.9209,-18.9143,-19.0064,-19.2349,-18.1035,-18.251,-18.5034,-17.8723,-18.4488,-21.1446,-20.4677,-18.6923
LD,A2,Skater227_1920x1080_30fps.y4m,v05.0.0,-19.6101,-21.8024,-22.4216,-19.926,-20.0465,-20.2962,-18.7431,-19.1124,-19.5414,-19.3119,-19.4157,-22.0785,-22.0412,-19.6701
LD,A2,Skater227_1920x1080_30fps.y4m,v06.0.0,-23.5069,-27.6263,-27.5962,-24.0152,-23.6059,-24.005,-22.5541,-22.9229,-23.2662,-25.8267,-23.2911,-27.7836,-27.6402,-23.7092
LD,A2,Skater227_1920x1080_30fps.y4m,v07.0.0,-24.7363,-31.3159,-32.2983,-25.6242,-24.8441,-25.1629,-24.325,-24.5699,-24.7791,-27.7452,-24.53,-31.8501,-32.4491,-25.2464
LD,A2,Skater227_1920x1080_30fps.y4m,v08.0.0,-24.7733,-31.0684,-32.6403,-25.6611,-24.9634,-25.2727,-22.9088,-23.5756,-24.8239,-27.4512,-24.5778,-31.557,-32.4649,-25.2746
LD,A2,Skater227_1920x1080_30fps.y4m,v09.0.0,-27.164,-31.3714,-31.1324,-27.6705,-27.0956,-27.4296,-27.4126,-27.7764,-27.0493,-29.1263,-27.167,-32.242,-31.6481,-27.6221
LD,A2,Skater227_1920x1080_30fps.y4m,v10.0.0,-28.2125,-32.7595,-31.9515,-28.7265,-28.414,-28.628,-29.7832,-29.9875,-28.2472,-30.4112,-28.2307,-33.5761,-32.5797,-28.691
LD,A2,Skater227_1920x1080_30fps.y4m,v11.0.0,-29.0984,-35.2681,-34.413,-29.8326,-29.1408,-29.3316,-30.7778,-30.6042,-29.2513,-32.1243,-29.0946,-36.0113,-35.1254,-29.712
LD,A2,Skater227_1920x1080_30fps.y4m,v12.0.0,-29.1596,-34.9516,-35.1367,-29.8965,-28.9899,-29.208,-31.3415,-31.3092,-29.2446,-32.1611,-29.167,-35.8659,-35.8154,-29.7901
LD,A2,Skater227_1920x1080_30fps.y4m,v13.0.0,-28.9866,-35.0618,-34.3773,-29.7046,-36.3127,-29.212,-30.5073,-30.5474,-29.0588,-31.7156,-28.954,-35.7639,-34.93,-29.5536
LD,A2,Skater227_1920x1080_30fps.y4m,v14.0.0,-28.6873,-34.7502,-34.3894,-29.4306,-36.1306,-28.9147,-30.1761,-30.2373,-28.8146,-31.2205,-28.6282,-35.3053,-35.0029,-29.2399
LD,A2,Skater227_1920x1080_30fps.y4m,v15.0.0,-28.7447,-35.3106,-34.4026,-29.5169,-36.2269,-28.8939,-30.1644,-30.28,-28.8532,-31.499,-28.7016,-36.0025,-35.0818,-29.3427
LD,A2,ToddlerFountainCropped_1080x1080p2997_yuv420p10le_130frames.y4m,v02.0.0,-1.1082,-15.0371,-33.1848,-2.5379,-1.413,-1.3959,-2.0,-2.0838,-1.1606,-6.0154,-1.1711,-14.896,-33.7211,-1.8841
LD,A2,ToddlerFountainCropped_1080x1080p2997_yuv420p10le_130frames.y4m,v03.0.0,-3.8111,-14.4982,-36.9981,-5.1605,-2.3942,-2.7267,-5.0144,-4.9232,-3.01,-11.4646,-3.8924,-14.0765,-37.349,-4.6747
LD,A2,ToddlerFountainCropped_1080x1080p2997_yuv420p10le_130frames.y4m,v04.0.0,-5.8866,-26.3819,-48.0456,-7.9451,-4.6463,-5.2082,-7.851,-7.3427,-5.0548,-15.5218,-5.9973,-25.9869,-48.584,-7.0943
LD,A2,ToddlerFountainCropped_1080x1080p2997_yuv420p10le_130frames.y4m,v05.0.0,-6.5285,-32.9806,-58.7337,-9.4577,-4.9669,-5.894,-7.841,-7.4452,-5.7797,-18.2152,-6.6538,-32.698,-58.9097,-8.2823
LD,A2,ToddlerFountainCropped_1080x1080p2997_yuv420p10le_130frames.y4m,v06.0.0,-7.8624,-44.0734,-66.9041,-11.6454,-5.9705,-6.8654,-9.5022,-9.0488,-7.2614,-22.4648,-7.9864,-44.0477,-67.2355,-9.9092
LD,A2,ToddlerFountainCropped_1080x1080p2997_yuv420p10le_130frames.y4m,v07.0.0,-8.4936,-48.9466,-70.3919,-12.8229,-6.6218,-7.4782,-10.4078,-9.9003,-8.0264,-23.9871,-8.6352,-48.9657,-70.6193,-10.8301
LD,A2,ToddlerFountainCropped_1080x1080p2997_yuv420p10le_130frames.y4m,v08.0.0,-9.0315,-54.1693,-73.1277,-13.7865,-7.4012,-8.3196,-10.6559,-10.2929,-8.754,-25.6374,-9.179,-54.1753,-73.339,-11.4922
LD,A2,ToddlerFountainCropped_1080x1080p2997_yuv420p10le_130frames.y4m,v09.0.0,-11.2492,-47.9035,-68.9852,-15.2169,-9.4739,-10.0324,-14.3166,-13.8789,-11.0194,-24.8875,-11.8514,-47.7308,-69.2395,-13.951
LD,A2,ToddlerFountainCropped_1080x1080p2997_yuv420p10le_130frames.y4m,v10.0.0,-12.0861,-45.9281,-68.1426,-15.7872,-9.7782,-10.5132,-18.0525,-16.9947,-11.4682,-25.0947,-12.7021,-45.8283,-68.4313,-14.7056
LD,A2,ToddlerFountainCropped_1080x1080p2997_yuv420p10le_130frames.y4m,v11.0.0,-12.9643,-45.3009,-67.188,-16.5513,-10.6464,-11.2638,-19.0308,-18.5203,-12.7008,-25.887,-13.6777,-45.2594,-67.4139,-15.6136
LD,A2,ToddlerFountainCropped_1080x1080p2997_yuv420p10le_130frames.y4m,v12.0.0,-13.0484,-43.4589,-68.4572,-16.5673,-10.6731,-11.294,-19.2583,-18.6031,-12.7988,-25.9807,-13.7666,-43.3904,-68.7226,-15.7059
LD,A2,ToddlerFountainCropped_1080x1080p2997_yuv420p10le_130frames.y4m,v13.0.0,-12.6274,-46.8291,-68.7698,-16.3438,-12.1249,-10.9731,-19.0641,-18.2826,-12.4119,-26.1327,-13.2037,-46.773,-69.0313,-15.1782
LD,A2,ToddlerFountainCropped_1080x1080p2997_yuv420p10le_130frames.y4m,v14.0.0,-12.5814,-48.3395,-69.3306,-16.41,-12.0517,-10.9699,-18.8773,-18.0663,-12.4248,-26.6484,-13.155,-48.2596,-69.5906,-15.1667
LD,A2,ToddlerFountainCropped_1080x1080p2997_yuv420p10le_130frames.y4m,v15.0.0,-12.5799,-48.2703,-69.3388,-16.4063,-12.0492,-10.9787,-18.8715,-18.0725,-12.4318,-26.6145,-13.1537,-48.1897,-69.5981,-15.165
LD,A2,TreesAndGrass_1920_1080_30fps_8bit.y4m,v02.0.0,0.5132,-8.2107,-13.3916,-0.4093,0.5753,0.5054,-1.4685,-1.4203,0.7568,-0.1259,0.2638,-8.1591,-13.0474,-0.0553
LD,A2,TreesAndGrass_1920_1080_30fps_8bit.y4m,v03.0.0,-1.6757,-18.6099,-16.8645,-3.0498,-1.5419,-1.3009,-4.7082,-5.1213,-1.577,-3.1276,-1.9123,-18.8909,-16.7675,-2.495
LD,A2,TreesAndGrass_1920_1080_30fps_8bit.y4m,v04.0.0,-7.725,-26.4809,-28.9799,-9.4683,-7.4425,-7.2107,-13.2242,-13.7392,-7.5612,-10.1623,-7.9447,-26.7457,-29.123,-8.6824
LD,A2,TreesAndGrass_1920_1080_30fps_8bit.y4m,v05.0.0,-9.2062,-28.8214,-27.8749,-10.871,-8.7465,-8.6162,-15.2493,-15.6871,-8.9112,-11.7896,-9.4509,-29.0793,-27.6589,-10.2177
LD,A2,TreesAndGrass_1920_1080_30fps_8bit.y4m,v06.0.0,-9.589,-32.3459,-33.7513,-11.6806,-9.6441,-9.1336,-16.7519,-17.0653,-10.3602,-13.3291,-9.7905,-32.6825,-33.7443,-10.6976
LD,A2,TreesAndGrass_1920_1080_30fps_8bit.y4m,v07.0.0,-10.3187,-37.5944,-39.3468,-12.9004,-10.4227,-9.8751,-17.4894,-17.9778,-11.3438,-14.8558,-10.5468,-38.0548,-39.6481,-11.6092
LD,A2,TreesAndGrass_1920_1080_30fps_8bit.y4m,v08.0.0,-11.3728,-36.3951,-38.4395,-13.7542,-11.4069,-10.9697,-18.4723,-18.7853,-12.141,-15.5611,-11.6196,-36.9133,-38.7153,-12.5989
LD,A2,TreesAndGrass_1920_1080_30fps_8bit.y4m,v09.0.0,-14.9537,-38.6358,-41.6407,-17.2652,-15.6419,-14.6456,-24.2702,-24.5163,-16.3305,-18.8271,-15.6099,-39.47,-42.3087,-16.536
LD,A2,TreesAndGrass_1920_1080_30fps_8bit.y4m,v10.0.0,-15.2486,-37.7188,-41.0092,-17.4405,-15.2918,-14.5003,-24.9423,-25.1037,-16.1343,-18.9592,-15.8877,-38.4722,-41.6618,-16.7435
LD,A2,TreesAndGrass_1920_1080_30fps_8bit.y4m,v11.0.0,-16.9187,-37.8922,-42.6033,-19.08,-17.4275,-16.1262,-25.3642,-25.5763,-18.2796,-20.5739,-17.692,-38.7506,-43.3664,-18.4637
LD,A2,TreesAndGrass_1920_1080_30fps_8bit.y4m,v12.0.0,-16.8512,-37.5123,-41.8579,-18.9623,-16.8977,-15.636,-25.3621,-25.5276,-17.997,-20.3519,-17.6123,-38.4082,-42.5752,-18.3752
LD,A2,TreesAndGrass_1920_1080_30fps_8bit.y4m,v13.0.0,-16.6416,-38.6746,-41.6105,-18.79,-14.8314,-15.8109,-24.4665,-24.7511,-17.8643,-20.3447,-17.2348,-39.4649,-42.2221,-18.0351
LD,A2,TreesAndGrass_1920_1080_30fps_8bit.y4m,v14.0.0,-16.5539,-38.4427,-42.3739,-18.751,-14.7116,-15.6889,-24.2558,-24.515,-17.8259,-20.345,-17.1519,-39.2406,-42.9717,-17.9584
LD,A2,TreesAndGrass_1920_1080_30fps_8bit.y4m,v15.0.0,-16.5599,-38.4144,-42.4306,-18.7577,-14.7251,-15.6971,-24.2556,-24.5089,-17.8202,-20.3368,-17.1587,-39.2281,-43.022,-17.9653
LD,A2,TunnelFlag_1920x1080_5994_10bit_420.y4m,v02.0.0,-2.9234,-37.343,-54.008,-7.4525,-2.4311,-2.6214,-4.2614,-3.6604,-3.9091,-13.8095,-2.9997,-38.1851,-54.8374,-5.4313
LD,A2,TunnelFlag_1920x1080_5994_10bit_420.y4m,v03.0.0,-10.893,-43.6133,-58.2141,-15.1103,-9.0799,-9.9545,-16.379,-14.4048,-10.3454,-21.9077,-11.0785,-44.4223,-59.0205,-13.4163
LD,A2,TunnelFlag_1920x1080_5994_10bit_420.y4m,v04.0.0,-24.8681,-55.3244,-79.6128,-29.9656,-22.0457,-24.0803,-31.6154,-29.0494,-23.7895,-35.3836,-25.0682,-55.9987,-79.9833,-27.5995
LD,A2,TunnelFlag_1920x1080_5994_10bit_420.y4m,v05.0.0,-27.6594,-68.9157,-81.7123,-33.7347,-24.8886,-26.967,-34.5086,-32.1122,-26.7449,-43.066,-27.8754,-69.3083,-81.9769,-31.038
LD,A2,TunnelFlag_1920x1080_5994_10bit_420.y4m,v06.0.0,-26.678,-70.8889,-82.958,-33.1805,-23.976,-25.865,-33.6584,-31.5481,-25.8914,-43.8351,-26.9328,-71.3462,-83.2683,-30.2794
LD,A2,TunnelFlag_1920x1080_5994_10bit_420.y4m,v07.0.0,-29.1163,-74.3654,-83.6272,-35.7131,-26.6917,-28.3637,-36.9026,-34.7596,-28.511,-47.0274,-29.3792,-74.7253,-83.9429,-32.823
LD,A2,TunnelFlag_1920x1080_5994_10bit_420.y4m,v08.0.0,-29.9026,-74.6462,-83.2459,-36.3665,-27.4609,-29.1645,-37.5312,-35.3471,-29.3406,-47.721,-30.1735,-74.9702,-83.4917,-33.5702
LD,A2,TunnelFlag_1920x1080_5994_10bit_420.y4m,v09.0.0,-31.3695,-74.8993,-85.3413,-37.8096,-28.6949,-30.3563,-38.3946,-36.6931,-31.0026,-48.1397,-31.8604,-75.3221,-85.7065,-35.1396
LD,A2,TunnelFlag_1920x1080_5994_10bit_420.y4m,v10.0.0,-33.5246,-73.8994,-85.1026,-39.5184,-30.8058,-32.5377,-40.4938,-38.1711,-32.417,-48.9708,-33.9964,-74.2579,-85.484,-37.0614
LD,A2,TunnelFlag_1920x1080_5994_10bit_420.y4m,v11.0.0,-33.5175,-74.1201,-83.1863,-39.3127,-30.2979,-32.1293,-40.349,-38.0882,-32.4075,-49.3561,-34.0169,-74.5195,-83.5307,-37.0273
LD,A2,TunnelFlag_1920x1080_5994_10bit_420.y4m,v12.0.0,-33.6581,-73.3847,-83.1668,-39.3246,-29.9582,-31.5798,-40.7902,-38.4778,-32.3806,-48.8233,-34.1582,-73.7914,-83.4958,-37.0913
LD,A2,TunnelFlag_1920x1080_5994_10bit_420.y4m,v13.0.0,-33.4169,-73.9725,-83.6742,-39.2174,-34.0259,-31.4225,-40.3431,-37.9808,-32.1185,-48.9747,-33.8517,-74.3435,-84.0078,-36.8293
LD,A2,TunnelFlag_1920x1080_5994_10bit_420.y4m,v14.0.0,-33.3768,-74.0301,-83.7946,-39.1991,-34.052,-31.454,-40.356,-37.9733,-32.0832,-48.9156,-33.8094,-74.4037,-84.1328,-36.7941
LD,A2,TunnelFlag_1920x1080_5994_10bit_420.y4m,v15.0.0,-33.3804,-74.0541,-83.7965,-39.2087,-34.01,-31.4216,-40.3559,-37.9731,-32.0909,-48.9114,-33.8142,-74.4263,-84.1344,-36.8028
LD,A2,Vertical_bees_1080x1920_2997.y4m,v02.0.0,-0.7081,-3.1633,-0.8238,-0.8534,-0.2817,-0.8124,-0.9213,-1.0287,0.5814,1.3042,-0.8005,-3.403,-0.8899,-0.9591
LD,A2,Vertical_bees_1080x1920_2997.y4m,v03.0.0,-6.1947,-8.2067,-2.6282,-6.1193,-6.6365,-7.3847,-7.0157,-6.5923,-4.6083,-3.6773,-6.328,-8.4814,-2.5473,-6.2928
LD,A2,Vertical_bees_1080x1920_2997.y4m,v04.0.0,-11.0857,-13.2255,-11.3874,-11.2298,-11.5932,-12.1436,-11.8861,-11.4849,-9.2594,-9.1727,-11.2821,-13.532,-11.4456,-11.435
LD,A2,Vertical_bees_1080x1920_2997.y4m,v05.0.0,-12.4784,-15.4237,-13.3092,-12.6954,-13.1434,-13.6317,-13.542,-13.0986,-10.6829,-10.548,-12.6609,-15.7226,-13.3892,-12.898
LD,A2,Vertical_bees_1080x1920_2997.y4m,v06.0.0,-14.5409,-18.5976,-17.6436,-14.9414,-14.6636,-14.9622,-15.8724,-15.1344,-13.8568,-15.8408,-14.6966,-18.8801,-17.7419,-15.154
LD,A2,Vertical_bees_1080x1920_2997.y4m,v07.0.0,-15.7645,-19.9983,-20.3257,-16.2572,-16.1044,-16.2326,-17.6267,-16.6278,-15.2195,-17.486,-15.943,-20.2775,-20.4236,-16.4714
LD,A2,Vertical_bees_1080x1920_2997.y4m,v08.0.0,-16.6936,-19.8216,-20.4586,-17.0768,-16.5004,-16.7432,-18.4623,-17.5876,-15.9118,-18.0155,-16.8786,-20.0891,-20.5233,-17.278
LD,A2,Vertical_bees_1080x1920_2997.y4m,v09.0.0,-17.5287,-17.4165,-18.0668,-17.5544,-17.6468,-17.3866,-19.537,-18.6926,-16.9868,-17.0837,-17.8957,-17.7951,-18.3862,-17.897
LD,A2,Vertical_bees_1080x1920_2997.y4m,v10.0.0,-18.1939,-16.4599,-18.9264,-18.1405,-17.8185,-17.7332,-18.0908,-17.9026,-16.9204,-17.247,-18.5261,-16.8081,-19.2295,-18.4212
LD,A2,Vertical_bees_1080x1920_2997.y4m,v11.0.0,-18.2568,-15.7207,-17.8899,-18.1016,-17.6376,-17.7635,-17.8488,-17.5768,-16.9685,-17.2439,-18.6074,-16.0649,-18.0883,-18.386
LD,A2,Vertical_bees_1080x1920_2997.y4m,v12.0.0,-18.5558,-16.1374,-18.8351,-18.441,-17.7415,-17.9454,-18.0644,-17.8739,-17.1801,-17.4701,-18.8995,-16.4772,-19.1023,-18.7218
LD,A2,Vertical_bees_1080x1920_2997.y4m,v13.0.0,-18.5138,-18.7112,-18.5288,-18.5294,-19.4894,-18.145,-18.6953,-18.3909,-17.2123,-18.5965,-18.7511,-18.9895,-18.6113,-18.7422
LD,A2,Vertical_bees_1080x1920_2997.y4m,v14.0.0,-18.3389,-18.5381,-18.3673,-18.355,-19.2423,-17.8824,-18.5833,-18.2252,-17.0428,-18.5104,-18.5794,-18.8095,-18.4342,-18.5693
LD,A2,Vertical_bees_1080x1920_2997.y4m,v15.0.0,-18.3264,-18.487,-18.217,-18.3327,-19.1896,-17.8526,-18.5851,-18.2245,-17.0162,-18.4209,-18.5683,-18.7579,-18.2764,-18.5462
LD,A2,WorldCup_1920x1080_30p.y4m,v02.0.0,-0.6299,1.4947,0.3673,-0.4731,-1.2246,-1.346,-1.2918,-1.3042,0.0409,4.0108,-0.7338,1.341,0.3919,-0.5373
LD,A2,WorldCup_1920x1080_30p.y4m,v03.0.0,-7.2298,-6.7442,-5.2488,-7.1068,-7.453,-7.8021,-8.2856,-7.8095,-5.947,-3.5634,-7.3712,-6.9445,-5.3951,-7.2382
LD,A2,WorldCup_1920x1080_30p.y4m,v04.0.0,-13.9041,-15.2253,-14.5428,-14.0029,-13.2751,-13.7153,-16.5236,-15.2825,-12.5776,-10.8524,-14.0882,-15.4151,-14.5958,-14.1425
LD,A2,WorldCup_1920x1080_30p.y4m,v05.0.0,-15.5087,-16.4367,-15.7424,-15.5695,-14.6034,-15.1067,-17.6384,-16.7175,-14.1085,-12.2855,-15.719,-16.6915,-15.8263,-15.748
LD,A2,WorldCup_1920x1080_30p.y4m,v06.0.0,-16.9336,-23.4857,-20.9996,-17.4545,-15.6351,-16.0494,-18.1409,-17.2158,-16.2619,-19.458,-17.0921,-23.6151,-21.0941,-17.4886
LD,A2,WorldCup_1920x1080_30p.y4m,v07.0.0,-18.4893,-25.2942,-23.5357,-19.0719,-17.2119,-17.5831,-20.204,-19.1382,-17.9069,-21.376,-18.6605,-25.397,-23.5845,-19.1019
LD,A2,WorldCup_1920x1080_30p.y4m,v08.0.0,-19.1315,-26.4873,-23.9247,-19.7284,-17.6786,-18.1358,-20.458,-19.4485,-18.5406,-21.9191,-19.3053,-26.6234,-23.9992,-19.7416
LD,A2,WorldCup_1920x1080_30p.y4m,v09.0.0,-20.3449,-24.3496,-23.2734,-20.6841,-18.2189,-18.5429,-22.3367,-21.1703,-19.4103,-21.132,-20.792,-24.7057,-23.6816,-21.0568
LD,A2,WorldCup_1920x1080_30p.y4m,v10.0.0,-22.1394,-25.231,-23.9896,-22.3786,-18.8866,-19.4951,-23.9911,-22.6576,-20.6595,-22.1698,-22.5378,-25.5619,-24.3195,-22.7115
LD,A2,WorldCup_1920x1080_30p.y4m,v11.0.0,-22.3697,-26.2064,-23.6146,-22.6173,-19.1361,-19.7403,-24.3836,-22.9496,-20.9,-22.9953,-22.7856,-26.5414,-23.9707,-22.9585
LD,A2,WorldCup_1920x1080_30p.y4m,v12.0.0,-22.5913,-25.5627,-24.3245,-22.8194,-19.0211,-19.6815,-24.7624,-23.2893,-21.032,-22.935,-23.0074,-25.9115,-24.7047,-23.1697
LD,A2,WorldCup_1920x1080_30p.y4m,v13.0.0,-22.2422,-26.0648,-23.9488,-22.5124,-23.5883,-19.5673,-24.4263,-23.0208,-20.7477,-22.7652,-22.5984,-26.3305,-24.2061,-22.7889
LD,A2,WorldCup_1920x1080_30p.y4m,v14.0.0,-22.152,-25.8039,-23.2946,-22.3857,-23.5291,-19.4797,-24.2843,-22.8074,-20.6419,-22.6215,-22.5107,-26.0206,-23.5561,-22.6765
LD,A2,WorldCup_1920x1080_30p.y4m,v15.0.0,-22.1172,-26.486,-23.8997,-22.4177,-23.457,-19.3979,-24.4982,-23.0501,-20.6178,-22.9269,-22.4779,-26.7307,-24.1134,-22.6831
LD,A3,ControlledBurn_1280x720p30_420.y4m,v02.0.0,-0.7224,-8.7677,-7.0081,-1.5335,-0.9039,-0.8043,-0.9026,-0.9182,-1.2113,-3.1705,-0.7514,-7.8668,-5.1057,-1.1522
LD,A3,ControlledBurn_1280x720p30_420.y4m,v03.0.0,-4.031,-11.8164,-10.6647,-4.8477,-4.8032,-4.4765,-3.1841,-3.0556,-4.2551,-6.3047,-3.7776,-10.8595,-8.5334,-4.2026
LD,A3,ControlledBurn_1280x720p30_420.y4m,v04.0.0,-9.5432,-25.3876,-20.6159,-11.1108,-9.9696,-9.73,-8.7449,-8.8324,-9.6987,-13.5041,-9.0756,-24.7041,-19.0645,-10.0086
LD,A3,ControlledBurn_1280x720p30_420.y4m,v05.0.0,-10.7016,-24.5581,-22.7945,-12.2109,-10.8932,-10.6226,-10.3966,-10.5979,-10.7552,-14.3367,-10.4042,-23.7865,-20.6389,-11.2846
LD,A3,ControlledBurn_1280x720p30_420.y4m,v06.0.0,-12.113,-32.5289,-27.3351,-14.2455,-12.4723,-12.2038,-11.9107,-12.1874,-12.5628,-18.2342,-11.814,-32.3738,-26.0373,-13.096
LD,A3,ControlledBurn_1280x720p30_420.y4m,v07.0.0,-13.4726,-37.8699,-32.9516,-16.1699,-13.9081,-13.6512,-13.7597,-14.0267,-14.3453,-20.9063,-13.1052,-38.2123,-32.2725,-14.7573
LD,A3,ControlledBurn_1280x720p30_420.y4m,v08.0.0,-13.7848,-37.8788,-32.5896,-16.4242,-14.2088,-13.9836,-14.0426,-14.336,-14.6115,-21.1655,-13.4481,-38.2004,-32.1872,-15.0689
LD,A3,ControlledBurn_1280x720p30_420.y4m,v09.0.0,-15.6602,-39.4152,-33.8947,-18.2297,-16.1465,-15.8506,-16.0942,-16.4026,-16.6368,-22.8022,-14.6525,-40.0776,-34.0981,-16.3051
LD,A3,ControlledBurn_1280x720p30_420.y4m,v10.0.0,-16.6484,-39.2482,-33.1314,-19.0332,-17.1043,-16.7638,-18.8053,-18.6436,-17.3008,-23.4335,-15.6582,-39.8537,-33.5407,-17.2069
LD,A3,ControlledBurn_1280x720p30_420.y4m,v11.0.0,-17.4989,-40.3052,-34.3221,-19.9485,-17.9027,-17.5549,-19.9603,-19.9518,-18.3106,-24.2417,-16.2831,-40.9887,-34.8145,-17.8757
LD,A3,ControlledBurn_1280x720p30_420.y4m,v12.0.0,-17.5157,-40.5845,-34.3942,-19.9858,-17.7485,-17.4732,-20.4321,-20.307,-18.2922,-24.1966,-16.3187,-41.3076,-34.9526,-17.9237
LD,A3,ControlledBurn_1280x720p30_420.y4m,v13.0.0,-18.3082,-41.149,-34.5237,-20.6951,-19.6075,-18.2379,-20.236,-19.9958,-18.7589,-25.2646,-17.7103,-41.7435,-34.5518,-19.203
LD,A3,ControlledBurn_1280x720p30_420.y4m,v14.0.0,-18.1605,-41.367,-34.5425,-20.581,-19.4913,-18.0982,-20.0839,-19.8246,-18.6155,-25.2014,-17.5782,-41.9574,-34.5676,-19.0864
LD,A3,ControlledBurn_1280x720p30_420.y4m,v15.0.0,-18.1619,-41.3102,-34.5611,-20.5795,-19.491,-18.1099,-20.0407,-19.8116,-18.6229,-25.2079,-17.5783,-41.9001,-34.5869,-19.0853
LD,A3,DrivingPOV_1280x720p_5994_10bit_420.y4m,v02.0.0,-0.7934,-9.738,-21.111,-1.977,-0.8535,-0.8155,-0.0487,-0.4134,-1.301,-4.6319,-0.9319,-9.7439,-20.9999,-1.5739
LD,A3,DrivingPOV_1280x720p_5994_10bit_420.y4m,v03.0.0,-2.7858,-16.0137,-24.7509,-4.2505,-2.7378,-2.5978,-2.1737,-2.5952,-3.1011,-8.5658,-2.928,-16.2598,-24.5794,-3.7736
LD,A3,DrivingPOV_1280x720p_5994_10bit_420.y4m,v04.0.0,-11.7105,-25.9905,-38.38,-13.431,-11.7246,-11.6284,-11.8569,-12.3685,-11.7875,-18.5365,-11.9177,-26.0998,-38.2431,-12.9464
LD,A3,DrivingPOV_1280x720p_5994_10bit_420.y4m,v05.0.0,-14.2379,-30.2919,-42.0612,-16.1115,-14.1081,-13.9741,-13.8295,-14.5822,-14.1359,-21.8392,-14.4609,-30.5924,-41.7915,-15.6151
LD,A3,DrivingPOV_1280x720p_5994_10bit_420.y4m,v06.0.0,-15.468,-30.7415,-42.3483,-17.2576,-15.3025,-15.0369,-16.4076,-16.7039,-15.4366,-22.9777,-15.7306,-30.9552,-42.0447,-16.8466
LD,A3,DrivingPOV_1280x720p_5994_10bit_420.y4m,v07.0.0,-17.2322,-31.6942,-42.7299,-18.9286,-17.3076,-16.975,-18.7098,-18.921,-17.2861,-24.64,-17.5202,-31.916,-42.4872,-18.5922
LD,A3,DrivingPOV_1280x720p_5994_10bit_420.y4m,v08.0.0,-18.0668,-30.6955,-43.205,-19.6586,-18.032,-17.7278,-19.3686,-19.5486,-18.0993,-24.8358,-18.3719,-30.9065,-42.9752,-19.367
LD,A3,DrivingPOV_1280x720p_5994_10bit_420.y4m,v09.0.0,-18.9331,-28.5001,-40.625,-20.2218,-18.1191,-17.7631,-20.6209,-20.5722,-19.2141,-24.0424,-19.4682,-28.6541,-40.4034,-20.2211
LD,A3,DrivingPOV_1280x720p_5994_10bit_420.y4m,v10.0.0,-19.7552,-28.7601,-40.6977,-20.9911,-18.6036,-18.4,-19.614,-20.8973,-19.5773,-25.3308,-20.2851,-28.9988,-40.5048,-21.0192
LD,A3,DrivingPOV_1280x720p_5994_10bit_420.y4m,v11.0.0,-19.5496,-28.1339,-41.8497,-20.831,-17.9737,-17.819,-19.3287,-20.6437,-19.4387,-24.9641,-20.112,-28.3481,-41.6859,-20.8359
LD,A3,DrivingPOV_1280x720p_5994_10bit_420.y4m,v12.0.0,-20.1468,-28.6552,-41.5052,-21.382,-18.6238,-18.4402,-20.433,-21.6618,-19.9785,-25.4928,-20.6954,-28.9431,-41.2565,-21.4029
LD,A3,DrivingPOV_1280x720p_5994_10bit_420.y4m,v13.0.0,-20.4336,-29.9879,-42.4168,-21.7418,-19.2291,-19.2297,-20.2056,-21.5373,-20.2086,-26.2493,-20.782,-29.9453,-41.954,-21.5375
LD,A3,DrivingPOV_1280x720p_5994_10bit_420.y4m,v14.0.0,-20.3662,-30.5147,-42.3173,-21.7044,-19.1811,-19.1836,-20.3408,-21.6456,-20.1325,-26.2887,-20.7107,-30.504,-41.8766,-21.481
LD,A3,DrivingPOV_1280x720p_5994_10bit_420.y4m,v15.0.0,-20.3839,-30.6495,-42.3773,-21.7296,-19.2114,-19.2261,-20.3371,-21.6537,-20.1884,-26.3404,-20.7284,-30.6469,-41.9402,-21.5057
LD,A3,Johnny_1280x720_60.y4m,v02.0.0,-0.6795,-9.5508,-9.8789,-1.7097,-0.3077,-0.4802,0.3946,0.1952,-0.8767,-5.1144,-0.6977,-9.5437,-9.8596,-1.4525
LD,A3,Johnny_1280x720_60.y4m,v03.0.0,-5.1908,-11.8771,-11.8603,-5.9618,-4.8717,-4.639,-7.4296,-6.35,-5.0775,-7.4786,-5.2099,-11.8926,-11.8591,-5.7844
LD,A3,Johnny_1280x720_60.y4m,v04.0.0,-13.1986,-20.8086,-19.7894,-14.015,-12.3153,-12.7474,-14.6541,-13.4546,-12.2523,-16.2418,-13.2705,-20.8207,-19.7733,-13.883
LD,A3,Johnny_1280x720_60.y4m,v05.0.0,-16.2621,-24.2672,-24.8663,-17.2257,-15.2244,-15.6342,-18.0014,-16.6382,-15.3527,-21.1507,-16.3269,-24.2796,-24.8488,-17.0427
LD,A3,Johnny_1280x720_60.y4m,v06.0.0,-17.6761,-25.7711,-26.8143,-18.6758,-15.8769,-16.3401,-19.3522,-17.9075,-16.4632,-21.4376,-17.7862,-25.7669,-26.7934,-18.5339
LD,A3,Johnny_1280x720_60.y4m,v07.0.0,-19.1713,-25.8476,-26.8675,-20.0004,-17.3265,-17.7085,-20.7797,-19.936,-17.838,-22.1528,-19.2922,-25.8445,-26.8722,-19.9249
LD,A3,Johnny_1280x720_60.y4m,v08.0.0,-19.9988,-29.0101,-29.6364,-21.0733,-18.511,-19.0232,-21.9637,-20.6757,-18.6942,-24.2457,-20.1203,-29.0032,-29.6357,-20.9238
LD,A3,Johnny_1280x720_60.y4m,v09.0.0,-23.2632,-29.4951,-28.0058,-23.8995,-21.9637,-22.42,-24.8088,-24.0786,-22.3056,-26.0502,-23.4123,-29.5128,-28.03,-23.9003
LD,A3,Johnny_1280x720_60.y4m,v10.0.0,-23.8014,-29.9568,-28.2742,-24.4093,-22.0954,-22.3246,-25.1921,-24.0231,-22.1651,-26.8897,-23.921,-29.9652,-28.271,-24.3798
LD,A3,Johnny_1280x720_60.y4m,v11.0.0,-25.0541,-30.2553,-30.1297,-25.6475,-23.827,-23.9736,-27.3451,-25.7275,-23.6731,-27.2818,-25.1716,-30.2506,-30.1098,-25.6153
LD,A3,Johnny_1280x720_60.y4m,v12.0.0,-26.0257,-30.0289,-32.5869,-26.6296,-24.4607,-24.7098,-27.8009,-26.9263,-24.5249,-27.9092,-26.1491,-30.0239,-32.573,-26.592
LD,A3,Johnny_1280x720_60.y4m,v13.0.0,-25.9844,-34.2573,-32.8364,-26.8456,-26.3493,-24.9146,-29.0366,-27.6342,-24.2541,-28.4846,-26.0693,-34.2365,-32.819,-26.7098
LD,A3,Johnny_1280x720_60.y4m,v14.0.0,-25.0815,-33.84,-32.1187,-25.9802,-25.7464,-24.0055,-27.2618,-26.0559,-23.4656,-27.7795,-25.1655,-33.8203,-32.1049,-25.8304
LD,A3,Johnny_1280x720_60.y4m,v15.0.0,-25.0831,-33.8501,-32.1156,-25.9821,-25.7494,-24.0071,-27.2694,-26.0547,-23.4702,-27.7894,-25.1674,-33.8302,-32.102,-25.8325
LD,A3,KristenAndSara_1280x720_60.y4m,v02.0.0,-1.1451,-10.0264,-10.3976,-2.125,-1.0656,-1.0821,-0.1516,-0.9591,-1.7436,-4.9984,-1.1641,-9.9814,-10.3559,-1.9245
LD,A3,KristenAndSara_1280x720_60.y4m,v03.0.0,-4.9656,-15.0198,-14.3541,-6.0174,-4.715,-4.6132,-4.4373,-4.5079,-5.25,-8.6582,-4.9936,-14.9968,-14.3827,-5.8218
LD,A3,KristenAndSara_1280x720_60.y4m,v04.0.0,-11.7792,-23.5961,-22.5776,-13.0124,-11.0982,-11.2105,-12.4635,-11.7312,-11.6398,-16.8237,-11.8533,-23.5679,-22.5738,-12.8403
LD,A3,KristenAndSara_1280x720_60.y4m,v05.0.0,-13.9255,-25.2032,-24.878,-15.1423,-12.5635,-12.5423,-14.4016,-13.8847,-13.5789,-18.2048,-14.0026,-25.1747,-24.8805,-14.9742
LD,A3,KristenAndSara_1280x720_60.y4m,v06.0.0,-15.1793,-28.3267,-27.8542,-16.604,-14.0317,-14.0233,-15.8497,-15.2565,-15.0018,-20.2354,-15.2896,-28.3085,-27.8653,-16.4522
LD,A3,KristenAndSara_1280x720_60.y4m,v07.0.0,-17.1405,-31.1535,-27.3985,-18.4804,-16.379,-16.5091,-17.9069,-17.518,-16.9173,-22.6565,-17.2542,-31.1255,-27.3848,-18.3807
LD,A3,KristenAndSara_1280x720_60.y4m,v08.0.0,-17.6748,-31.9909,-29.0565,-19.0909,-16.7817,-16.8252,-18.3403,-17.9629,-17.5167,-23.3737,-17.7887,-31.9691,-29.0289,-18.9586
LD,A3,KristenAndSara_1280x720_60.y4m,v09.0.0,-19.9564,-31.5786,-27.4703,-20.9988,-19.3122,-19.1995,-21.398,-20.8637,-20.0053,-23.947,-20.1113,-31.5863,-27.4691,-20.9697
LD,A3,KristenAndSara_1280x720_60.y4m,v10.0.0,-21.9057,-32.6268,-30.4393,-22.9669,-20.6554,-20.7722,-23.3478,-22.5259,-21.4792,-25.5294,-22.0284,-32.6431,-30.4628,-22.8958
LD,A3,KristenAndSara_1280x720_60.y4m,v11.0.0,-22.1671,-31.9858,-30.2411,-23.1443,-20.9761,-21.0226,-24.1365,-23.4543,-21.6164,-25.9813,-22.2934,-32.0001,-30.2325,-23.0882
LD,A3,KristenAndSara_1280x720_60.y4m,v12.0.0,-23.4207,-33.1212,-29.9964,-24.3055,-22.1729,-22.2761,-25.8825,-25.0842,-22.7592,-27.4065,-23.5466,-33.1249,-30.005,-24.2831
LD,A3,KristenAndSara_1280x720_60.y4m,v13.0.0,-22.8756,-33.1698,-32.4126,-23.9637,-23.2972,-20.9493,-25.7652,-24.6767,-21.7144,-26.9284,-22.9423,-33.0981,-32.385,-23.8393
LD,A3,KristenAndSara_1280x720_60.y4m,v14.0.0,-22.4738,-33.5177,-31.9996,-23.6018,-23.0993,-20.6044,-25.7264,-24.4141,-21.3018,-26.9068,-22.5251,-33.4541,-31.9659,-23.4546
LD,A3,KristenAndSara_1280x720_60.y4m,v15.0.0,-22.477,-33.5248,-31.9793,-23.6039,-23.1011,-20.6307,-25.7303,-24.4213,-21.318,-26.9321,-22.5284,-33.4636,-31.9449,-23.457
LD,A3,RollerCoaster_1280x720p_5994_10bit_420.y4m,v02.0.0,-1.3028,-2.5483,-4.0994,-1.4944,-1.2686,-1.3011,-1.9121,-1.7301,-1.2987,-2.9078,-1.3305,-2.695,-4.0458,-1.6413
LD,A3,RollerCoaster_1280x720p_5994_10bit_420.y4m,v03.0.0,-4.0631,-4.2824,-6.6494,-4.19,-3.7698,-3.7736,-5.4537,-5.2091,-3.5686,-5.5337,-4.073,-4.4064,-6.5027,-4.3042
LD,A3,RollerCoaster_1280x720p_5994_10bit_420.y4m,v04.0.0,-14.0533,-17.2204,-25.2666,-14.7451,-13.5186,-13.5129,-15.794,-15.4537,-13.3613,-16.1691,-14.1394,-17.3625,-25.2085,-15.0121
LD,A3,RollerCoaster_1280x720p_5994_10bit_420.y4m,v05.0.0,-16.3074,-19.1482,-26.9541,-16.9586,-15.3129,-15.4266,-17.0406,-16.8084,-15.3683,-18.7535,-16.3932,-19.2979,-26.818,-17.2345
LD,A3,RollerCoaster_1280x720p_5994_10bit_420.y4m,v06.0.0,-18.8103,-21.1242,-28.9331,-19.4099,-17.9027,-18.0034,-19.5924,-19.2627,-17.8728,-21.7834,-18.9496,-21.3159,-28.7475,-19.7322
LD,A3,RollerCoaster_1280x720p_5994_10bit_420.y4m,v07.0.0,-20.3852,-21.9805,-29.8614,-20.9124,-19.5652,-19.6042,-21.5974,-21.2006,-19.4222,-23.5379,-20.5381,-22.1617,-29.6182,-21.2168
LD,A3,RollerCoaster_1280x720p_5994_10bit_420.y4m,v08.0.0,-20.935,-22.6236,-30.9174,-21.4926,-20.0314,-20.1404,-21.5452,-21.1629,-19.9476,-23.8181,-21.0762,-22.785,-30.7473,-21.7804
LD,A3,RollerCoaster_1280x720p_5994_10bit_420.y4m,v09.0.0,-21.7959,-20.2464,-29.1493,-22.0504,-20.1843,-20.1957,-22.7301,-22.2818,-20.922,-22.6755,-22.1148,-20.6317,-29.0838,-22.398
LD,A3,RollerCoaster_1280x720p_5994_10bit_420.y4m,v10.0.0,-22.06,-20.063,-28.2225,-22.2369,-19.7209,-19.8152,-22.4953,-22.3442,-20.6937,-22.8442,-22.3419,-20.4245,-28.2013,-22.5408
LD,A3,RollerCoaster_1280x720p_5994_10bit_420.y4m,v11.0.0,-22.4107,-20.417,-28.2771,-22.5689,-20.1115,-20.2148,-22.9261,-22.7536,-21.0525,-23.1209,-22.7039,-20.7526,-28.2012,-22.8559
LD,A3,RollerCoaster_1280x720p_5994_10bit_420.y4m,v12.0.0,-22.6079,-21.021,-29.1438,-22.8203,-20.1438,-20.2454,-23.2741,-23.1478,-21.278,-23.7804,-22.8895,-21.3757,-29.0576,-23.1118
LD,A3,RollerCoaster_1280x720p_5994_10bit_420.y4m,v13.0.0,-22.885,-21.8716,-29.0579,-23.1105,-21.904,-20.9859,-23.7857,-23.4776,-21.5826,-24.3208,-23.0621,-22.056,-28.7773,-23.3212
LD,A3,RollerCoaster_1280x720p_5994_10bit_420.y4m,v14.0.0,-22.4029,-21.0135,-28.825,-22.6211,-21.4927,-20.549,-23.2226,-22.8414,-21.1656,-23.9308,-22.5785,-21.1691,-28.5355,-22.814
LD,A3,RollerCoaster_1280x720p_5994_10bit_420.y4m,v15.0.0,-22.4437,-21.1005,-28.9006,-22.6657,-21.5473,-20.5852,-23.2638,-22.9076,-21.2051,-23.8653,-22.6172,-21.2506,-28.6498,-22.8564
LD,A3,Vidyo3_1280x720p_60fps.y4m,v02.0.0,-0.4003,-17.7092,-17.7395,-1.8784,-1.0988,-1.0844,-0.9235,-0.4319,-1.0695,-5.8815,-0.4275,-17.6809,-17.7431,-1.1775
LD,A3,Vidyo3_1280x720p_60fps.y4m,v03.0.0,-4.7,-17.6195,-21.4618,-5.9915,-4.4663,-4.7147,-7.221,-6.2145,-4.7242,-10.5025,-4.7354,-17.5744,-21.4798,-5.4549
LD,A3,Vidyo3_1280x720p_60fps.y4m,v04.0.0,-12.3808,-26.7063,-27.7165,-13.7042,-11.4098,-11.6361,-16.3066,-14.4348,-11.7295,-17.8426,-12.482,-26.6114,-27.717,-13.2403
LD,A3,Vidyo3_1280x720p_60fps.y4m,v05.0.0,-15.2611,-31.7289,-30.5221,-16.64,-14.1574,-14.5277,-19.2742,-17.3271,-14.5204,-20.7039,-15.3639,-31.6034,-30.5148,-16.1487
LD,A3,Vidyo3_1280x720p_60fps.y4m,v06.0.0,-17.7115,-35.8655,-36.7627,-19.3899,-16.8055,-17.1598,-22.7016,-20.5957,-16.7685,-24.9463,-17.8217,-35.7867,-36.7624,-18.8181
LD,A3,Vidyo3_1280x720p_60fps.y4m,v07.0.0,-19.0144,-39.0235,-38.2777,-20.8091,-17.4641,-18.0068,-22.7853,-20.8922,-18.1021,-27.362,-19.1438,-38.9048,-38.2791,-20.1916
LD,A3,Vidyo3_1280x720p_60fps.y4m,v08.0.0,-20.0056,-39.0345,-39.6876,-21.767,-18.7577,-19.2805,-24.5722,-22.5616,-19.1521,-27.4979,-20.1323,-38.9782,-39.6925,-21.1561
LD,A3,Vidyo3_1280x720p_60fps.y4m,v09.0.0,-20.7255,-38.4111,-38.584,-22.3503,-18.684,-19.1994,-24.507,-22.7583,-20.255,-27.4643,-20.8939,-38.342,-38.61,-21.8361
LD,A3,Vidyo3_1280x720p_60fps.y4m,v10.0.0,-22.4429,-37.9505,-38.8816,-23.8664,-19.8781,-20.5493,-26.2188,-24.4373,-21.2819,-28.9433,-22.6062,-37.8163,-38.8902,-23.442
LD,A3,Vidyo3_1280x720p_60fps.y4m,v11.0.0,-22.8289,-39.503,-38.2554,-24.3052,-19.6622,-20.2838,-27.0211,-25.0296,-21.5608,-28.9423,-23.0063,-39.4474,-38.2721,-23.8354
LD,A3,Vidyo3_1280x720p_60fps.y4m,v12.0.0,-23.7214,-39.367,-38.4637,-25.0945,-20.8216,-21.5425,-27.9127,-26.1812,-22.4016,-29.7365,-23.9135,-39.3171,-38.4752,-24.7062
LD,A3,Vidyo3_1280x720p_60fps.y4m,v13.0.0,-23.2885,-42.04,-40.1359,-24.8666,-24.6835,-22.635,-28.1997,-26.273,-22.0961,-30.1931,-23.4278,-41.9381,-40.1156,-24.3296
LD,A3,Vidyo3_1280x720p_60fps.y4m,v14.0.0,-22.7368,-41.5049,-39.7779,-24.3202,-24.2094,-22.1323,-27.2217,-25.3544,-21.5429,-29.6519,-22.8805,-41.3979,-39.7632,-23.7828
LD,A3,Vidyo3_1280x720p_60fps.y4m,v15.0.0,-22.7356,-41.5047,-39.7725,-24.3181,-24.199,-22.1252,-27.2221,-25.353,-21.541,-29.6487,-22.8792,-41.3978,-39.758,-23.7807
LD,A3,Vidyo4_1280x720p_60fps.y4m,v02.0.0,-1.0963,-10.3027,-11.1998,-2.093,-0.7034,-0.7249,0.0863,-0.2036,-1.4697,-4.1535,-1.1462,-10.062,-10.8889,-1.6736
LD,A3,Vidyo4_1280x720p_60fps.y4m,v03.0.0,-5.4533,-12.9409,-16.1949,-6.3979,-5.0604,-5.1454,-5.9364,-5.682,-5.6661,-7.8178,-5.4962,-12.9493,-16.055,-6.0192
LD,A3,Vidyo4_1280x720p_60fps.y4m,v04.0.0,-12.1892,-22.4697,-23.4287,-13.3091,-11.0398,-11.0976,-13.2258,-12.4913,-12.0215,-15.1138,-12.3114,-22.4338,-23.2586,-12.9476
LD,A3,Vidyo4_1280x720p_60fps.y4m,v05.0.0,-13.8214,-23.2841,-24.5608,-14.88,-12.6757,-12.7545,-12.8807,-13.1284,-13.5495,-16.7105,-13.9093,-23.2165,-24.3024,-14.5262
LD,A3,Vidyo4_1280x720p_60fps.y4m,v06.0.0,-15.1365,-26.5288,-26.7931,-16.3468,-13.5163,-13.6642,-16.0801,-15.3095,-14.7119,-19.2356,-15.238,-26.5592,-26.4967,-15.9523
LD,A3,Vidyo4_1280x720p_60fps.y4m,v07.0.0,-16.7314,-29.8029,-27.9283,-18.0057,-14.9165,-15.0942,-18.215,-17.1911,-16.4051,-21.4558,-16.8376,-29.8207,-27.7525,-17.5953
LD,A3,Vidyo4_1280x720p_60fps.y4m,v08.0.0,-17.171,-30.7493,-26.5147,-18.3589,-15.443,-15.4798,-17.2207,-16.8447,-16.6984,-21.7649,-17.2744,-30.7966,-26.2413,-17.9697
LD,A3,Vidyo4_1280x720p_60fps.y4m,v09.0.0,-20.1729,-30.0469,-29.7065,-21.1808,-18.1032,-18.1873,-21.0824,-20.2858,-19.8406,-23.6167,-20.3208,-30.0571,-29.384,-20.8981
LD,A3,Vidyo4_1280x720p_60fps.y4m,v10.0.0,-21.3714,-30.1808,-30.001,-22.2702,-19.4391,-19.5225,-21.5278,-21.1751,-20.6074,-24.7369,-21.5114,-30.2392,-29.7732,-22.0308
LD,A3,Vidyo4_1280x720p_60fps.y4m,v11.0.0,-22.1026,-31.2456,-29.7764,-22.9637,-20.0166,-20.1722,-22.8541,-22.1476,-21.2625,-24.628,-22.2631,-31.2866,-29.5123,-22.7477
LD,A3,Vidyo4_1280x720p_60fps.y4m,v12.0.0,-22.7086,-30.3847,-31.0686,-23.5351,-19.8989,-20.1504,-24.0952,-23.1271,-21.6704,-25.1949,-22.8163,-30.2651,-30.8187,-23.2891
LD,A3,Vidyo4_1280x720p_60fps.y4m,v13.0.0,-22.431,-32.642,-31.7792,-23.4416,-21.5276,-20.3645,-25.2743,-24.0327,-21.3475,-26.1772,-22.4206,-32.5705,-31.3312,-22.9977
LD,A3,Vidyo4_1280x720p_60fps.y4m,v14.0.0,-22.109,-32.7848,-32.1396,-23.1817,-21.2933,-20.064,-24.766,-23.4508,-21.0741,-26.0539,-22.1018,-32.7462,-31.7505,-22.7183
LD,A3,Vidyo4_1280x720p_60fps.y4m,v15.0.0,-22.0644,-32.6826,-32.2069,-23.1405,-21.2494,-20.021,-24.629,-23.3595,-21.0151,-25.9719,-22.0542,-32.6393,-31.8175,-22.6729
LD,A3,WestWindEasy_1280x720p30_420.y4m,v02.0.0,-1.691,-6.7413,-0.2192,-1.8953,-1.4352,-1.639,-1.2418,-0.7927,-1.4333,-4.4293,-1.7553,-6.4707,0.1041,-1.8275
LD,A3,WestWindEasy_1280x720p30_420.y4m,v03.0.0,-5.2135,-20.2426,-6.6207,-6.0202,-3.7427,-4.0038,-3.588,-3.0711,-4.3358,-9.2833,-5.2397,-19.9767,-6.2679,-5.5595
LD,A3,WestWindEasy_1280x720p30_420.y4m,v04.0.0,-9.3061,-38.9184,-24.9628,-11.5403,-6.7422,-7.1302,-7.1889,-6.9398,-7.9331,-18.4605,-9.3401,-38.7251,-24.79,-10.115
LD,A3,WestWindEasy_1280x720p30_420.y4m,v05.0.0,-10.069,-38.9365,-23.8666,-12.1549,-7.1445,-7.5623,-6.9462,-7.4261,-8.3528,-18.2376,-10.1032,-38.8004,-23.7581,-10.8416
LD,A3,WestWindEasy_1280x720p30_420.y4m,v06.0.0,-11.8937,-57.4522,-44.1487,-15.9847,-8.6966,-9.0821,-8.7431,-10.0901,-10.3503,-23.8314,-11.8884,-57.5613,-44.2366,-13.1392
LD,A3,WestWindEasy_1280x720p30_420.y4m,v07.0.0,-13.1401,-66.5069,-56.4166,-18.58,-9.7497,-10.2421,-10.4355,-11.8083,-11.7994,-25.8967,-13.157,-66.446,-56.3575,-14.7359
LD,A3,WestWindEasy_1280x720p30_420.y4m,v08.0.0,-13.5758,-66.611,-56.7836,-18.9858,-10.2838,-10.8757,-10.8086,-11.9715,-12.2593,-27.1808,-13.5994,-66.5298,-56.6928,-15.141
LD,A3,WestWindEasy_1280x720p30_420.y4m,v09.0.0,-15.3735,-68.9959,-58.3121,-20.8206,-12.7032,-13.2401,-13.6648,-13.9144,-14.4966,-28.7025,-15.4805,-69.038,-58.2918,-17.0143
LD,A3,WestWindEasy_1280x720p30_420.y4m,v10.0.0,-16.288,-66.6352,-56.6655,-21.3349,-13.5156,-14.0294,-14.2864,-14.4657,-15.0465,-28.9154,-16.427,-66.6578,-56.7095,-17.8522
LD,A3,WestWindEasy_1280x720p30_420.y4m,v11.0.0,-17.3029,-65.2651,-54.1113,-22.0194,-14.9256,-15.3533,-15.4146,-15.5233,-16.4001,-29.4247,-17.528,-65.3845,-54.2763,-18.8677
LD,A3,WestWindEasy_1280x720p30_420.y4m,v12.0.0,-17.4945,-67.062,-54.2371,-22.3206,-14.9846,-15.4922,-14.5865,-15.007,-16.6763,-29.5698,-17.7048,-67.1746,-54.2614,-19.0663
LD,A3,WestWindEasy_1280x720p30_420.y4m,v13.0.0,-17.9176,-67.2631,-55.2838,-22.7015,-17.4432,-15.3026,-17.3082,-17.3325,-16.5783,-30.3481,-18.0091,-67.3242,-55.2478,-19.3856
LD,A3,WestWindEasy_1280x720p30_420.y4m,v14.0.0,-17.8205,-67.1383,-54.1622,-22.5576,-17.4103,-15.2204,-16.9704,-17.0508,-16.4998,-30.2375,-17.9107,-67.1252,-54.2255,-19.2811
LD,A3,WestWindEasy_1280x720p30_420.y4m,v15.0.0,-17.8137,-67.1004,-54.1858,-22.5488,-17.4182,-15.2341,-16.9707,-17.05,-16.5193,-30.2198,-17.9039,-67.088,-54.2397,-19.2729
LD,A4,BlueSky_360p25_v2.y4m,v02.0.0,-3.6917,-15.4321,-32.3662,-5.4063,-4.7742,-3.7904,0.7257,-0.5598,-2.3353,-8.4814,-3.8758,-17.0957,-33.5491,-5.6448
LD,A4,BlueSky_360p25_v2.y4m,v03.0.0,-4.838,-26.6813,-39.052,-7.3311,-6.9102,-4.9891,1.7607,-0.7134,-2.6836,-12.6465,-4.987,-28.5635,-40.4797,-7.8107
LD,A4,BlueSky_360p25_v2.y4m,v04.0.0,-21.2173,-41.259,-61.2302,-24.1017,-23.1481,-20.1456,-12.2417,-15.0526,-17.2859,-30.9494,-21.4467,-43.0622,-62.7136,-24.3953
LD,A4,BlueSky_360p25_v2.y4m,v05.0.0,-24.5318,-47.4035,-65.2026,-27.6848,-26.3728,-23.7923,-17.2119,-19.9152,-20.191,-35.3126,-24.7599,-49.4729,-66.3902,-28.1613
LD,A4,BlueSky_360p25_v2.y4m,v06.0.0,-25.7861,-47.6223,-65.7478,-28.8675,-27.0665,-24.0674,-17.5386,-20.2961,-22.715,-36.9057,-26.0365,-49.6116,-66.9316,-29.2928
LD,A4,BlueSky_360p25_v2.y4m,v07.0.0,-27.2095,-49.7391,-68.1634,-30.4283,-28.4922,-25.674,-19.2428,-22.0833,-24.3079,-38.838,-27.5061,-51.6529,-69.0503,-30.8574
LD,A4,BlueSky_360p25_v2.y4m,v08.0.0,-28.6262,-51.9712,-69.1325,-31.8864,-29.8913,-27.5434,-20.6348,-23.679,-26.3363,-40.682,-28.9302,-53.6491,-70.0641,-32.2981
LD,A4,BlueSky_360p25_v2.y4m,v09.0.0,-30.9352,-51.9869,-70.8974,-33.9837,-30.2094,-27.8304,-23.3528,-26.2686,-28.7148,-40.8855,-31.3683,-53.7061,-71.895,-34.3651
LD,A4,BlueSky_360p25_v2.y4m,v10.0.0,-31.5334,-51.823,-70.7785,-34.4877,-30.6014,-28.3426,-22.0424,-25.6829,-28.9732,-41.952,-31.9557,-53.7218,-71.9077,-34.8689
LD,A4,BlueSky_360p25_v2.y4m,v11.0.0,-31.5528,-51.177,-68.6632,-34.3505,-29.9358,-27.4175,-23.5357,-27.0177,-28.7356,-41.5769,-32.0529,-52.9238,-69.6077,-34.8694
LD,A4,BlueSky_360p25_v2.y4m,v12.0.0,-32.2773,-51.8486,-68.6821,-35.0314,-30.5041,-28.0432,-25.1777,-28.2369,-29.3587,-42.4709,-32.783,-53.7554,-69.7366,-35.5739
LD,A4,BlueSky_360p25_v2.y4m,v13.0.0,-32.9643,-51.6684,-68.1756,-35.5925,-31.7372,-29.3899,-26.2278,-29.4034,-30.0538,-42.9927,-33.1248,-53.0965,-69.0919,-35.8734
LD,A4,BlueSky_360p25_v2.y4m,v14.0.0,-32.3935,-51.9561,-68.2685,-35.1064,-31.4015,-28.9803,-24.5856,-28.084,-29.5085,-42.8663,-32.5654,-53.4691,-69.1625,-35.3909
LD,A4,BlueSky_360p25_v2.y4m,v15.0.0,-32.3914,-51.9549,-68.2676,-35.1045,-31.3995,-28.9779,-24.5816,-28.0803,-29.5063,-42.8644,-32.5634,-53.468,-69.1617,-35.3889
LD,A4,RedKayak_360_2997.y4m,v02.0.0,-2.3368,-0.0906,-8.0969,-2.4588,-5.2123,-4.6882,-3.7767,-3.5714,-3.1055,-0.2755,-2.5536,-0.2618,-2.6345,-2.5753
LD,A4,RedKayak_360_2997.y4m,v03.0.0,-5.5904,-14.9465,-4.276,-5.8967,-8.7352,-7.7964,-5.8717,-5.4339,-5.9268,-7.2653,-5.8239,-14.7902,-2.1441,-6.0339
LD,A4,RedKayak_360_2997.y4m,v04.0.0,-7.69,-18.6289,-27.5381,-8.8389,-11.1047,-10.0145,-7.3997,-6.9811,-8.1117,-10.7062,-7.9544,-18.2804,-24.3681,-8.3194
LD,A4,RedKayak_360_2997.y4m,v05.0.0,-7.9908,-27.2572,-28.4595,-9.59,-11.3117,-9.9434,-8.2863,-7.8639,-8.3531,-13.299,-8.2473,-26.7969,-26.6006,-8.918
LD,A4,RedKayak_360_2997.y4m,v06.0.0,-9.9218,-40.3416,-36.1882,-12.3695,-13.4454,-12.0258,-10.8538,-10.365,-11.1941,-19.9386,-10.1677,-40.4219,-31.4724,-11.1526
LD,A4,RedKayak_360_2997.y4m,v07.0.0,-10.5497,-49.2757,-48.704,-14.1083,-13.8208,-12.6727,-11.5252,-11.1163,-12.3101,-23.4085,-10.788,-49.4908,-44.6525,-12.0956
LD,A4,RedKayak_360_2997.y4m,v08.0.0,-10.6749,-50.3431,-44.0838,-14.1459,-14.0413,-12.8548,-11.0683,-10.6973,-12.6551,-23.6828,-10.8965,-50.5638,-41.4157,-12.2388
LD,A4,RedKayak_360_2997.y4m,v09.0.0,-13.3526,-52.8676,-41.0593,-16.5399,-15.8662,-15.9104,-16.2151,-15.7158,-15.8034,-26.4835,-14.164,-53.5635,-39.2198,-15.4529
LD,A4,RedKayak_360_2997.y4m,v10.0.0,-14.2848,-49.013,-47.343,-17.3448,-16.9157,-16.5549,-18.1816,-17.429,-16.3031,-26.6924,-15.0611,-49.8347,-44.351,-16.2293
LD,A4,RedKayak_360_2997.y4m,v11.0.0,-14.7695,-52.0758,-46.7423,-17.8796,-17.0882,-17.2518,-20.6326,-19.6898,-17.2536,-27.569,-15.6333,-52.8878,-44.3522,-16.8258
LD,A4,RedKayak_360_2997.y4m,v12.0.0,-14.9116,-51.1252,-42.8787,-17.7715,-17.1495,-17.3626,-20.6423,-19.6443,-17.3427,-27.2726,-15.7745,-51.8465,-41.4394,-16.9315
LD,A4,RedKayak_360_2997.y4m,v13.0.0,-14.9189,-48.5574,-37.4571,-17.4728,-17.0969,-17.335,-20.1994,-19.3722,-17.2812,-26.8548,-15.6257,-49.2775,-35.8088,-16.7312
LD,A4,RedKayak_360_2997.y4m,v14.0.0,-14.724,-48.749,-38.6522,-17.3168,-16.9796,-17.0128,-19.7587,-18.8975,-17.0573,-26.4562,-15.4259,-49.4075,-36.194,-16.528
LD,A4,RedKayak_360_2997.y4m,v15.0.0,-14.7234,-48.7484,-38.6512,-17.3162,-16.9793,-17.0122,-19.7579,-18.8966,-17.0566,-26.4555,-15.4253,-49.4069,-36.193,-16.5274
LD,A4,SnowMountain_640x360_2997.y4m,v02.0.0,-1.0073,-23.8585,-35.2099,-3.4201,-2.5217,-2.9725,-2.8414,-3.4355,0.9326,-2.5323,-1.0815,-24.0895,-35.4428,-1.7169
LD,A4,SnowMountain_640x360_2997.y4m,v03.0.0,-4.9062,-25.6191,-39.1022,-7.3416,-6.0171,-5.6529,-6.8224,-6.8406,-2.598,-6.7249,-4.9945,-25.6909,-39.3189,-5.695
LD,A4,SnowMountain_640x360_2997.y4m,v04.0.0,-7.1949,-37.3672,-49.6829,-10.4603,-8.2109,-8.275,-9.3529,-9.2558,-5.0951,-11.7238,-7.2918,-37.46,-49.7443,-8.2753
LD,A4,SnowMountain_640x360_2997.y4m,v05.0.0,-10.5487,-48.7808,-59.7664,-14.5605,-10.9171,-10.911,-11.7967,-11.3642,-7.9458,-16.5415,-10.6592,-48.9008,-59.8795,-11.8274
LD,A4,SnowMountain_640x360_2997.y4m,v06.0.0,-12.9027,-53.8557,-63.799,-17.3708,-12.7468,-12.6315,-14.7526,-14.4387,-14.1283,-22.1919,-12.9922,-53.8872,-63.9185,-14.393
LD,A4,SnowMountain_640x360_2997.y4m,v07.0.0,-13.593,-53.3816,-61.1714,-17.7923,-13.5824,-13.8743,-16.0734,-16.1667,-14.997,-22.538,-13.6913,-53.4387,-61.2792,-15.0882
LD,A4,SnowMountain_640x360_2997.y4m,v08.0.0,-13.9188,-55.012,-63.2828,-18.3066,-13.7726,-13.7808,-16.713,-16.0516,-15.0476,-23.2177,-14.0159,-55.0494,-63.3253,-15.4219
LD,A4,SnowMountain_640x360_2997.y4m,v09.0.0,-19.1071,-55.0802,-65.9653,-23.0533,-17.8839,-19.2872,-23.6181,-23.4784,-21.2028,-26.8237,-19.3079,-55.1714,-66.045,-20.5833
LD,A4,SnowMountain_640x360_2997.y4m,v10.0.0,-18.9924,-54.0171,-64.6827,-22.8304,-17.7395,-18.9332,-24.4385,-24.3803,-21.1424,-26.4953,-19.1785,-54.1247,-64.8297,-20.419
LD,A4,SnowMountain_640x360_2997.y4m,v11.0.0,-19.365,-58.9474,-64.8142,-23.4277,-17.9478,-19.2444,-26.441,-25.8528,-21.8164,-27.8246,-19.5559,-59.042,-64.874,-20.8276
LD,A4,SnowMountain_640x360_2997.y4m,v12.0.0,-20.9138,-53.4972,-66.2727,-24.6418,-19.4014,-20.6568,-28.4406,-28.0175,-22.8942,-28.4261,-21.1139,-53.5582,-66.332,-22.3245
LD,A4,SnowMountain_640x360_2997.y4m,v13.0.0,-20.7384,-57.631,-65.9642,-24.726,-20.341,-20.7171,-27.4571,-26.8373,-22.4933,-28.9927,-20.9209,-57.6991,-66.1018,-22.2442
LD,A4,SnowMountain_640x360_2997.y4m,v14.0.0,-19.39,-56.8549,-65.3265,-23.4382,-19.2322,-19.3581,-25.3362,-24.7883,-21.1903,-27.7133,-19.5625,-56.9242,-65.4672,-20.8991
LD,A4,SnowMountain_640x360_2997.y4m,v15.0.0,-19.3851,-56.8524,-65.324,-23.4336,-19.228,-19.3534,-25.3288,-24.7808,-21.1854,-27.7087,-19.5576,-56.9217,-65.4648,-20.8943
LD,A4,SpeedBag_640x360_2997.y4m,v02.0.0,0.7021,-2.2497,-2.9696,0.3651,-0.961,0.4274,-0.8467,-0.8091,2.4044,2.3465,0.4984,-2.6033,-2.7847,0.2241
LD,A4,SpeedBag_640x360_2997.y4m,v03.0.0,-4.856,-7.6311,-7.84,-5.1879,-7.3559,-4.482,-7.7286,-7.3415,-2.6101,-3.7743,-5.1996,-8.0895,-8.0705,-5.4821
LD,A4,SpeedBag_640x360_2997.y4m,v04.0.0,-15.1932,-17.7701,-21.5455,-15.6723,-18.1458,-15.3598,-17.2071,-16.987,-13.1556,-14.0587,-15.6992,-18.2543,-22.3994,-16.1179
LD,A4,SpeedBag_640x360_2997.y4m,v05.0.0,-17.5132,-19.6113,-21.4457,-17.8661,-19.9011,-17.3818,-20.2645,-19.8127,-15.1818,-15.9463,-17.9768,-20.0389,-22.4587,-18.3075
LD,A4,SpeedBag_640x360_2997.y4m,v06.0.0,-20.6111,-25.0937,-31.5649,-21.4445,-21.467,-18.4219,-20.0465,-19.9602,-19.9513,-23.3805,-20.9452,-25.6652,-30.8527,-21.6794
LD,A4,SpeedBag_640x360_2997.y4m,v07.0.0,-22.2148,-28.705,-31.5729,-23.0492,-23.2294,-20.7307,-22.3054,-22.1994,-21.4917,-24.8687,-22.5876,-29.3566,-31.5419,-23.3828
LD,A4,SpeedBag_640x360_2997.y4m,v08.0.0,-22.5214,-28.4894,-31.974,-23.3466,-23.1536,-20.4801,-21.9459,-21.9887,-21.8954,-25.2363,-22.8783,-28.8779,-31.6407,-23.6378
LD,A4,SpeedBag_640x360_2997.y4m,v09.0.0,-23.971,-28.5496,-31.5313,-24.6137,-23.673,-21.3144,-24.9925,-24.7549,-23.402,-26.0743,-24.8278,-29.488,-31.8674,-25.4275
LD,A4,SpeedBag_640x360_2997.y4m,v10.0.0,-23.8339,-27.9462,-32.3606,-24.4937,-24.9827,-21.8423,-24.3599,-24.2684,-23.2312,-25.9946,-24.7043,-28.7534,-32.2361,-25.2486
LD,A4,SpeedBag_640x360_2997.y4m,v11.0.0,-27.2405,-31.076,-33.9757,-27.811,-28.3236,-24.9117,-29.5875,-28.803,-26.1915,-29.1865,-28.0086,-32.0574,-34.3996,-28.5298
LD,A4,SpeedBag_640x360_2997.y4m,v12.0.0,-28.8688,-32.7193,-37.7186,-29.5365,-29.339,-25.4854,-30.6308,-30.4862,-27.6162,-30.8089,-29.6426,-33.6811,-37.8605,-30.2187
LD,A4,SpeedBag_640x360_2997.y4m,v13.0.0,-30.1037,-35.389,-38.3206,-30.8177,-31.5279,-27.6903,-33.1515,-32.4015,-28.8284,-32.0569,-30.7552,-36.1382,-37.8103,-31.3922
LD,A4,SpeedBag_640x360_2997.y4m,v14.0.0,-28.5773,-33.5709,-37.0111,-29.2867,-29.9848,-26.1711,-31.1087,-30.395,-27.3504,-30.5656,-29.245,-34.2722,-36.8656,-29.8742
LD,A4,SpeedBag_640x360_2997.y4m,v15.0.0,-28.572,-33.5662,-37.0062,-29.2815,-29.9797,-26.166,-31.102,-30.3884,-27.3455,-30.5602,-29.2398,-34.2675,-36.8607,-29.8691
LD,A4,Stockholm_640x360_5994.y4m,v02.0.0,5.1389,-15.8851,-10.7837,3.2314,3.6437,3.9143,7.0803,6.849,7.4401,0.2698,5.0588,-16.0714,-11.0142,3.8527
LD,A4,Stockholm_640x360_5994.y4m,v03.0.0,4.1103,-18.3032,-11.789,2.1457,3.1329,3.3904,6.0244,5.3136,5.8684,-0.9494,4.0185,-18.441,-12.0249,2.7575
LD,A4,Stockholm_640x360_5994.y4m,v04.0.0,-8.6986,-34.4576,-29.1121,-11.143,-9.1537,-8.6419,-6.5508,-7.4666,-7.6469,-15.1062,-8.9347,-34.6618,-29.3575,-10.5249
LD,A4,Stockholm_640x360_5994.y4m,v05.0.0,-14.8488,-41.4678,-34.3851,-17.3151,-15.1078,-14.2677,-13.5521,-14.3166,-13.3253,-21.7627,-15.0966,-41.5634,-34.6327,-16.7311
LD,A4,Stockholm_640x360_5994.y4m,v06.0.0,-17.3798,-46.3091,-37.8538,-20.0698,-16.7156,-15.8138,-14.6619,-15.5255,-18.2159,-25.4582,-17.633,-46.3203,-38.0406,-19.4305
LD,A4,Stockholm_640x360_5994.y4m,v07.0.0,-18.7583,-47.1854,-38.5876,-21.3873,-18.3798,-17.597,-17.2586,-17.8013,-19.7958,-26.8905,-19.0231,-47.1715,-38.8076,-20.7979
LD,A4,Stockholm_640x360_5994.y4m,v08.0.0,-19.4243,-48.0103,-40.0149,-22.102,-19.1528,-18.3866,-17.3711,-18.1788,-20.5046,-27.8937,-19.6878,-48.0336,-40.2236,-21.4756
LD,A4,Stockholm_640x360_5994.y4m,v09.0.0,-21.4874,-47.8402,-39.3649,-23.8644,-19.981,-19.3623,-19.9715,-20.7565,-22.0036,-28.4251,-21.8143,-47.8494,-39.5793,-23.3629
LD,A4,Stockholm_640x360_5994.y4m,v10.0.0,-22.1534,-47.4239,-37.3162,-24.3162,-20.1581,-19.8509,-18.4694,-20.6041,-22.5854,-28.9861,-22.4141,-47.5651,-37.5502,-23.8231
LD,A4,Stockholm_640x360_5994.y4m,v11.0.0,-22.9269,-45.8278,-36.2968,-24.855,-20.8095,-20.6738,-20.5193,-22.4858,-23.3322,-29.2316,-23.2123,-45.8377,-36.4847,-24.4711
LD,A4,Stockholm_640x360_5994.y4m,v12.0.0,-24.3353,-46.6434,-39.0624,-26.3075,-21.7828,-21.8466,-23.1262,-24.4371,-24.3495,-30.9636,-24.6197,-46.6629,-39.2317,-25.8986
LD,A4,Stockholm_640x360_5994.y4m,v13.0.0,-25.2068,-49.3938,-39.8013,-27.3027,-23.8215,-23.6429,-24.1461,-25.9141,-25.1274,-32.5368,-25.3981,-49.3114,-39.9053,-26.7777
LD,A4,Stockholm_640x360_5994.y4m,v14.0.0,-24.1213,-48.5508,-39.0252,-26.2511,-22.6846,-22.3298,-22.4747,-24.2341,-24.0536,-31.486,-24.3127,-48.4812,-39.1484,-25.7111
LD,A4,Stockholm_640x360_5994.y4m,v15.0.0,-24.1169,-48.5483,-39.0222,-26.2469,-22.6802,-22.3248,-22.4672,-24.2269,-24.0493,-31.4818,-24.3083,-48.4787,-39.1455,-25.7067
LD,A4,TouchdownPass_640x360_2997.y4m,v02.0.0,-2.1019,-12.1551,-7.5067,-2.7963,-3.4154,-2.3458,-1.4762,-1.8471,0.0103,-2.4332,-2.2702,-12.355,-7.5218,-2.4826
LD,A4,TouchdownPass_640x360_2997.y4m,v03.0.0,-4.784,-18.6497,-11.1909,-5.6859,-5.0886,-4.0315,-3.3377,-4.2513,-2.6348,-6.8225,-4.9894,-18.8337,-11.2816,-5.3101
LD,A4,TouchdownPass_640x360_2997.y4m,v04.0.0,-11.5997,-23.3349,-18.7841,-12.4607,-11.8745,-10.4894,-8.8659,-10.2672,-8.8341,-12.5502,-11.8,-23.4627,-18.7829,-12.1038
LD,A4,TouchdownPass_640x360_2997.y4m,v05.0.0,-12.9448,-25.7096,-21.1457,-13.8864,-12.9166,-11.7673,-11.1728,-12.3264,-10.1648,-14.2932,-13.1448,-25.8878,-21.0604,-13.5045
LD,A4,TouchdownPass_640x360_2997.y4m,v06.0.0,-14.8397,-31.1794,-22.3616,-15.9257,-14.0292,-12.8165,-12.4209,-13.7522,-13.6211,-18.1493,-15.0315,-31.3017,-22.3349,-15.4635
LD,A4,TouchdownPass_640x360_2997.y4m,v07.0.0,-16.1836,-32.4275,-22.7944,-17.265,-15.382,-13.9706,-14.4067,-15.3198,-14.8773,-19.6687,-16.3999,-32.5584,-22.7624,-16.8075
LD,A4,TouchdownPass_640x360_2997.y4m,v08.0.0,-16.5889,-31.8714,-22.4438,-17.5855,-15.8168,-14.4164,-14.2524,-15.2526,-15.3938,-20.5066,-16.8128,-31.9842,-22.4061,-17.1851
LD,A4,TouchdownPass_640x360_2997.y4m,v09.0.0,-18.0021,-27.9079,-20.9613,-18.7039,-14.5668,-13.7305,-17.3498,-18.1711,-16.382,-19.4901,-18.4689,-28.1432,-21.1235,-18.6774
LD,A4,TouchdownPass_640x360_2997.y4m,v10.0.0,-19.5251,-30.8576,-20.7317,-20.1993,-16.019,-14.6605,-16.6458,-18.244,-17.3762,-21.6931,-19.9702,-31.0572,-20.8336,-20.1644
LD,A4,TouchdownPass_640x360_2997.y4m,v11.0.0,-20.1374,-30.0272,-21.1395,-20.7105,-15.9821,-14.9389,-18.2567,-19.7512,-18.0397,-21.5496,-20.5723,-30.2234,-21.2435,-20.7201
LD,A4,TouchdownPass_640x360_2997.y4m,v12.0.0,-21.3457,-31.0316,-22.7934,-21.9466,-16.9169,-16.1024,-19.1609,-20.7932,-19.2963,-23.0316,-21.8214,-31.2438,-22.9026,-21.999
LD,A4,TouchdownPass_640x360_2997.y4m,v13.0.0,-21.845,-31.6769,-22.7475,-22.4106,-20.0577,-18.9928,-18.7642,-20.3894,-20.021,-24.161,-22.2394,-31.7658,-22.8564,-22.3764
LD,A4,TouchdownPass_640x360_2997.y4m,v14.0.0,-20.8426,-30.9982,-21.407,-21.4083,-19.4161,-18.1198,-17.5128,-19.0466,-19.0302,-23.6749,-21.2468,-31.1091,-21.4669,-21.3787
LD,A4,TouchdownPass_640x360_2997.y4m,v15.0.0,-20.8397,-30.9954,-21.4042,-21.4054,-19.4144,-18.1176,-17.5079,-19.0419,-19.0274,-23.6722,-21.2439,-31.1062,-21.4641,-21.3758
LD,A5,FourPeople_480x270_60.y4m,v02.0.0,0.1255,-4.2777,-5.7694,-0.3665,-0.6426,-0.623,-0.6368,0.2059,-0.9884,-3.0283,-0.0088,-4.29,-5.8626,-0.2949
LD,A5,FourPeople_480x270_60.y4m,v03.0.0,-2.3385,-5.7803,-6.8744,-2.7175,-3.2173,-3.1173,-2.6578,-2.268,-2.9666,-5.1934,-2.4247,-5.7647,-6.9135,-2.6739
LD,A5,FourPeople_480x270_60.y4m,v04.0.0,-7.4956,-13.7158,-16.62,-8.2297,-7.7136,-7.9425,-9.8229,-8.5556,-8.8589,-11.4919,-7.6577,-13.7299,-16.6621,-8.1766
LD,A5,FourPeople_480x270_60.y4m,v05.0.0,-10.4155,-18.9792,-18.6879,-11.2238,-10.6413,-10.2026,-10.6307,-9.7461,-11.5097,-14.1577,-10.5705,-18.9562,-18.7679,-11.1405
LD,A5,FourPeople_480x270_60.y4m,v06.0.0,-11.658,-19.6883,-21.5556,-12.5219,-12.3204,-12.0499,-12.4988,-12.0854,-13.099,-16.5097,-11.883,-19.6817,-21.5873,-12.5231
LD,A5,FourPeople_480x270_60.y4m,v07.0.0,-12.4507,-22.7817,-21.971,-13.4128,-13.1579,-13.1205,-13.0882,-12.529,-14.0723,-17.6522,-12.6878,-22.7739,-22.0559,-13.4113
LD,A5,FourPeople_480x270_60.y4m,v08.0.0,-13.184,-23.2899,-21.3354,-14.0619,-13.7622,-13.7775,-14.7849,-14.3785,-14.7424,-18.3881,-13.434,-23.2762,-21.3515,-14.0648
LD,A5,FourPeople_480x270_60.y4m,v09.0.0,-16.4952,-22.5762,-23.0177,-17.0961,-16.8611,-17.3117,-19.4231,-18.7189,-18.2909,-19.8509,-16.7818,-22.5752,-23.0685,-17.223
LD,A5,FourPeople_480x270_60.y4m,v10.0.0,-17.8494,-23.1978,-23.5767,-18.3719,-17.8446,-18.6827,-24.3505,-22.416,-19.218,-22.2478,-18.0461,-23.1874,-23.6385,-18.4833
LD,A5,FourPeople_480x270_60.y4m,v11.0.0,-18.9763,-24.3638,-23.9849,-19.4716,-18.9053,-19.4373,-23.6788,-22.3422,-20.0466,-22.6916,-19.189,-24.3527,-23.9799,-19.5896
LD,A5,FourPeople_480x270_60.y4m,v12.0.0,-21.281,-25.6984,-25.9058,-21.7035,-21.1373,-21.7469,-28.1032,-26.5831,-22.273,-25.0066,-21.4819,-25.6602,-25.9232,-21.8588
LD,A5,FourPeople_480x270_60.y4m,v13.0.0,-21.5095,-28.8331,-27.8088,-22.1614,-21.8118,-21.5263,-27.3682,-25.9323,-21.4944,-26.0237,-21.5907,-28.7637,-27.7933,-22.1289
LD,A5,FourPeople_480x270_60.y4m,v14.0.0,-20.2842,-27.8103,-26.4193,-20.9375,-20.5611,-20.2173,-25.9635,-24.2786,-20.2888,-24.8528,-20.3603,-27.7495,-26.4296,-20.888
LD,A5,FourPeople_480x270_60.y4m,v15.0.0,-20.2842,-27.8103,-26.4193,-20.9375,-20.5611,-20.2173,-25.9635,-24.2786,-20.2888,-24.8528,-20.3603,-27.7495,-26.4296,-20.888
LD,A5,ParkJoy_480x270_50.y4m,v02.0.0,-0.0148,-12.8373,-4.7899,-0.7174,-0.4231,-0.2842,-0.0973,-0.1042,-0.869,-1.3147,-0.5039,-13.801,-5.4523,-1.0785
LD,A5,ParkJoy_480x270_50.y4m,v03.0.0,-1.2662,-16.8984,-0.2449,-1.9062,-1.4271,-1.6561,-3.098,-2.9902,-2.2184,-3.9111,-1.6121,-18.1726,0.0624,-2.2637
LD,A5,ParkJoy_480x270_50.y4m,v04.0.0,-5.059,-27.2907,-12.3105,-6.2654,-5.1164,-5.9352,-9.6281,-9.1173,-6.51,-9.5745,-5.5195,-28.1203,-11.5526,-6.4998
LD,A5,ParkJoy_480x270_50.y4m,v05.0.0,-6.3427,-29.2922,-13.1092,-7.579,-6.5186,-6.9674,-10.1228,-9.9449,-7.5473,-11.2288,-6.8053,-30.1894,-12.9377,-7.8666
LD,A5,ParkJoy_480x270_50.y4m,v06.0.0,-7.494,-33.1701,-28.7674,-9.3008,-7.1526,-7.727,-11.848,-11.3563,-8.8072,-12.9944,-8.0767,-34.051,-29.3855,-9.3401
LD,A5,ParkJoy_480x270_50.y4m,v07.0.0,-8.8375,-33.653,-26.4089,-10.4914,-8.5512,-9.2122,-14.659,-14.0123,-10.2039,-14.5068,-9.423,-34.4976,-26.9522,-10.6514
LD,A5,ParkJoy_480x270_50.y4m,v08.0.0,-9.4223,-33.1287,-28.9195,-11.0902,-9.4338,-10.0989,-14.7016,-14.172,-10.8411,-15.0526,-10.0337,-33.9521,-29.3225,-11.2252
LD,A5,ParkJoy_480x270_50.y4m,v09.0.0,-11.0782,-33.2994,-28.2613,-12.588,-10.4222,-11.1222,-16.8516,-16.074,-12.4403,-15.8134,-11.6244,-34.1855,-28.8901,-12.6904
LD,A5,ParkJoy_480x270_50.y4m,v10.0.0,-11.3201,-30.7387,-31.1973,-12.7989,-9.4454,-10.5954,-17.8496,-17.706,-12.2601,-16.2319,-11.7632,-31.5889,-31.8207,-12.766
LD,A5,ParkJoy_480x270_50.y4m,v11.0.0,-12.2904,-29.7767,-30.0039,-13.6029,-9.9584,-11.1121,-17.1856,-17.1406,-12.9773,-16.6019,-12.7723,-30.499,-30.449,-13.594
LD,A5,ParkJoy_480x270_50.y4m,v12.0.0,-13.2023,-30.9116,-25.8893,-14.3619,-10.8487,-12.3803,-19.8429,-19.5012,-13.8947,-17.3061,-13.626,-31.7363,-26.2154,-14.4319
LD,A5,ParkJoy_480x270_50.y4m,v13.0.0,-13.0596,-30.976,-28.4256,-14.3145,-11.0103,-12.5743,-19.5955,-19.3119,-14.0403,-17.0078,-13.3112,-31.6202,-28.766,-14.1615
LD,A5,ParkJoy_480x270_50.y4m,v14.0.0,-12.6462,-30.0403,-27.5336,-13.8704,-10.6286,-12.0602,-18.4932,-18.2499,-13.5647,-16.4734,-12.8935,-30.6403,-27.7223,-13.7128
LD,A5,ParkJoy_480x270_50.y4m,v15.0.0,-12.6593,-30.1023,-27.7462,-13.892,-10.6039,-12.0307,-18.4514,-18.2434,-13.6577,-16.5002,-12.9063,-30.7006,-27.974,-13.7339
LD,A5,SparksElevator_480x270p_5994_10bit.y4m,v02.0.0,0.286,-12.9408,-0.2051,-0.3077,0.5671,0.6461,0.115,-0.1358,-0.2419,-1.707,0.0897,-12.784,-0.2146,-0.055
LD,A5,SparksElevator_480x270p_5994_10bit.y4m,v03.0.0,-1.1055,-16.3166,-2.2921,-1.8404,-0.4299,-0.1918,-3.8523,-3.8095,-1.2047,-4.0625,-1.2482,-16.2302,-2.5175,-1.4698
LD,A5,SparksElevator_480x270p_5994_10bit.y4m,v04.0.0,-9.016,-37.642,-16.5174,-10.7647,-8.8009,-8.342,-10.4867,-10.3129,-9.3536,-14.1567,-9.2121,-37.5433,-16.6911,-9.735
LD,A5,SparksElevator_480x270p_5994_10bit.y4m,v05.0.0,-12.3364,-36.7884,-16.5941,-13.7532,-11.7858,-10.5897,-13.2342,-12.9941,-11.765,-16.5123,-12.5554,-36.7453,-16.5805,-12.9734
LD,A5,SparksElevator_480x270p_5994_10bit.y4m,v06.0.0,-14.6845,-38.9637,-18.7573,-16.0331,-14.1783,-13.642,-17.3343,-16.8882,-14.4735,-18.2828,-15.0158,-39.0783,-18.9906,-15.4253
LD,A5,SparksElevator_480x270p_5994_10bit.y4m,v07.0.0,-16.0216,-42.9655,-18.3228,-17.4578,-15.77,-15.3764,-19.1361,-18.723,-16.3472,-21.4832,-16.3513,-42.8949,-18.5971,-16.7665
LD,A5,SparksElevator_480x270p_5994_10bit.y4m,v08.0.0,-18.3392,-38.54,-20.4116,-19.3818,-17.8515,-16.9255,-20.5684,-20.1084,-18.2466,-22.1107,-18.6981,-38.3543,-20.6214,-19.0091
LD,A5,SparksElevator_480x270p_5994_10bit.y4m,v09.0.0,-19.8732,-39.6809,-12.7517,-20.4485,-17.9346,-18.2494,-21.82,-21.269,-19.6802,-22.2346,-20.5123,-39.6269,-13.1031,-20.6074
LD,A5,SparksElevator_480x270p_5994_10bit.y4m,v10.0.0,-20.7027,-35.6512,-15.5918,-21.1767,-18.5428,-19.3103,-23.5362,-23.5059,-20.3805,-22.3938,-21.3392,-35.5231,-15.8876,-21.437
LD,A5,SparksElevator_480x270p_5994_10bit.y4m,v11.0.0,-21.8486,-32.0979,-16.5509,-22.0617,-19.5365,-20.0304,-24.3423,-24.2513,-21.1711,-22.7437,-22.5147,-32.006,-16.8304,-22.5527
LD,A5,SparksElevator_480x270p_5994_10bit.y4m,v12.0.0,-23.2233,-35.8982,-14.707,-23.4034,-20.3094,-20.9691,-26.8339,-26.5816,-22.2114,-24.579,-23.8823,-35.7533,-14.8613,-23.8707
LD,A5,SparksElevator_480x270p_5994_10bit.y4m,v13.0.0,-24.1124,-40.7761,-23.8063,-24.8465,-23.3405,-22.8966,-27.4527,-26.9543,-23.4384,-26.9255,-24.504,-40.7001,-23.9185,-24.6864
LD,A5,SparksElevator_480x270p_5994_10bit.y4m,v14.0.0,-23.3352,-39.4226,-22.2092,-24.0027,-22.7641,-22.2892,-25.5923,-25.1752,-22.6052,-26.0869,-23.7575,-39.3252,-22.2743,-23.9183
LD,A5,SparksElevator_480x270p_5994_10bit.y4m,v15.0.0,-23.3352,-39.4226,-22.2092,-24.0027,-22.7641,-22.2892,-25.5923,-25.1752,-22.6052,-26.0869,-23.7575,-39.3252,-22.2743,-23.9183
LD,A5,Vertical_Bayshore_270x480_2997.y4m,v02.0.0,-1.3003,-20.2658,-10.0295,-2.7334,-1.5073,-1.3256,-0.4185,-0.3797,-1.667,-4.6055,-1.4276,-19.1701,-8.7353,-1.7818
LD,A5,Vertical_Bayshore_270x480_2997.y4m,v03.0.0,-5.0483,-27.231,-19.4681,-6.907,-3.7312,-4.1648,-9.3023,-8.0824,-4.9453,-8.6209,-5.2517,-24.699,-18.182,-5.7047
LD,A5,Vertical_Bayshore_270x480_2997.y4m,v04.0.0,-13.7158,-35.7932,-25.5273,-15.5041,-12.6544,-13.2739,-19.6995,-18.0646,-13.7124,-16.9189,-13.9408,-33.1972,-24.5569,-14.4058
LD,A5,Vertical_Bayshore_270x480_2997.y4m,v05.0.0,-16.2365,-40.8053,-27.3927,-18.1154,-15.4311,-15.8177,-21.2918,-20.0402,-16.2913,-19.6935,-16.4,-39.2771,-26.2333,-16.8944
LD,A5,Vertical_Bayshore_270x480_2997.y4m,v06.0.0,-18.3834,-46.2826,-36.7207,-20.8425,-16.9601,-17.8741,-27.1276,-25.19,-18.5517,-23.0411,-18.5948,-46.4641,-36.888,-19.2919
LD,A5,Vertical_Bayshore_270x480_2997.y4m,v07.0.0,-20.5274,-47.802,-40.4602,-23.0012,-18.7979,-19.6793,-29.3064,-27.5092,-20.6042,-26.5788,-20.7579,-48.5156,-41.1464,-21.472
LD,A5,Vertical_Bayshore_270x480_2997.y4m,v08.0.0,-20.966,-49.9121,-39.7241,-23.5062,-19.4097,-20.1555,-29.6522,-27.732,-20.9905,-27.2715,-21.2498,-50.2741,-40.2692,-21.9766
LD,A5,Vertical_Bayshore_270x480_2997.y4m,v09.0.0,-25.8997,-50.9667,-41.4876,-28.0441,-24.2637,-25.1677,-33.9162,-32.2542,-26.1437,-30.7609,-26.253,-49.5788,-41.7658,-26.8509
LD,A5,Vertical_Bayshore_270x480_2997.y4m,v10.0.0,-25.4414,-52.133,-42.0541,-27.7695,-23.8771,-24.4368,-33.7964,-32.2397,-25.2671,-31.0483,-25.6781,-52.4855,-42.2509,-26.3353
LD,A5,Vertical_Bayshore_270x480_2997.y4m,v11.0.0,-27.1269,-49.7743,-38.718,-28.9186,-24.6499,-25.7069,-35.7132,-33.7955,-26.6478,-31.8756,-27.4358,-49.7304,-39.1531,-27.9416
LD,A5,Vertical_Bayshore_270x480_2997.y4m,v12.0.0,-28.7608,-52.9401,-40.7927,-30.6698,-25.8954,-27.2646,-37.7796,-35.9928,-28.4058,-33.988,-29.0999,-52.564,-41.1048,-29.6357
LD,A5,Vertical_Bayshore_270x480_2997.y4m,v13.0.0,-27.9996,-48.6941,-39.0078,-29.6617,-25.4865,-26.5709,-37.1402,-35.1881,-27.494,-31.7068,-28.2039,-48.3211,-39.0211,-28.6751
LD,A5,Vertical_Bayshore_270x480_2997.y4m,v14.0.0,-27.1211,-47.4524,-37.5238,-28.7265,-24.8938,-25.6401,-33.7806,-31.5986,-26.5218,-30.2728,-27.336,-46.3788,-37.0565,-27.7809
LD,A5,Vertical_Bayshore_270x480_2997.y4m,v15.0.0,-27.1198,-47.4398,-37.5135,-28.7232,-24.8943,-25.6411,-33.7859,-31.6031,-26.5184,-30.2659,-27.335,-46.3639,-37.0448,-27.7785
LD,B1,CosmosTreeTrunk_sdr_2048x858_25_8bit.y4m,v02.0.0,-0.5611,-15.7484,-13.1142,-1.8346,1.1544,-0.927,-2.5221,-2.4239,0.2201,-0.3891,-0.7108,-16.4442,-13.6742,-1.4684
LD,B1,CosmosTreeTrunk_sdr_2048x858_25_8bit.y4m,v03.0.0,-3.0491,-23.4886,-22.0251,-4.8721,-1.9479,-3.3661,-5.5175,-5.1754,-2.0473,-4.1488,-3.2114,-24.0602,-22.6745,-4.2902
LD,B1,CosmosTreeTrunk_sdr_2048x858_25_8bit.y4m,v04.0.0,-6.2218,-36.8516,-34.5,-9.1087,-5.9608,-7.1408,-12.1973,-11.3697,-5.4575,-10.3532,-6.4236,-37.2921,-34.8845,-8.0758
LD,B1,CosmosTreeTrunk_sdr_2048x858_25_8bit.y4m,v05.0.0,-7.1774,-43.4971,-37.388,-10.5339,-6.6756,-7.9076,-12.345,-11.5335,-6.4568,-13.4369,-7.3721,-43.9879,-37.6981,-9.2999
LD,B1,CosmosTreeTrunk_sdr_2048x858_25_8bit.y4m,v06.0.0,-8.5282,-48.74,-42.2346,-12.3766,-9.7157,-9.3705,-13.4071,-12.5577,-8.6115,-19.5678,-8.6639,-49.2168,-42.4801,-10.8596
LD,B1,CosmosTreeTrunk_sdr_2048x858_25_8bit.y4m,v07.0.0,-9.7619,-51.499,-45.6427,-13.8474,-10.9771,-10.7098,-15.8193,-14.8724,-9.958,-21.4247,-9.9225,-51.9623,-45.9094,-12.1908
LD,B1,CosmosTreeTrunk_sdr_2048x858_25_8bit.y4m,v08.0.0,-10.6738,-51.254,-47.5372,-14.7425,-12.1981,-11.901,-16.3716,-15.4321,-10.8467,-22.3157,-10.8487,-51.6659,-47.6369,-13.0837
LD,B1,CosmosTreeTrunk_sdr_2048x858_25_8bit.y4m,v09.0.0,-13.049,-50.8161,-44.1123,-16.627,-12.9714,-12.888,-19.3915,-18.4551,-13.1344,-22.1887,-13.653,-51.5717,-44.6874,-15.6689
LD,B1,CosmosTreeTrunk_sdr_2048x858_25_8bit.y4m,v10.0.0,-13.6602,-50.667,-43.2009,-17.0993,-11.9728,-12.0474,-20.8992,-19.8687,-13.2461,-22.6636,-14.2298,-51.433,-43.7383,-16.1728
LD,B1,CosmosTreeTrunk_sdr_2048x858_25_8bit.y4m,v11.0.0,-14.6301,-50.4281,-41.7905,-17.8422,-12.8678,-12.9419,-21.4397,-20.615,-14.5887,-23.9833,-15.2888,-51.1307,-42.313,-17.0539
LD,B1,CosmosTreeTrunk_sdr_2048x858_25_8bit.y4m,v12.0.0,-14.8292,-51.153,-41.9753,-18.0909,-12.5785,-12.7296,-21.3926,-20.5461,-14.5461,-24.1884,-15.4842,-51.9043,-42.7267,-17.2688
LD,B1,CosmosTreeTrunk_sdr_2048x858_25_8bit.y4m,v13.0.0,-14.531,-50.6866,-42.0083,-17.794,-14.2723,-13.035,-21.2088,-20.277,-14.3708,-23.6493,-15.063,-51.3412,-42.6904,-16.8688
LD,B1,CosmosTreeTrunk_sdr_2048x858_25_8bit.y4m,v14.0.0,-14.3042,-50.7737,-43.0797,-17.6493,-14.0729,-12.6616,-20.8836,-20.0195,-14.1771,-23.2942,-14.8421,-51.4389,-43.7442,-16.6695
LD,B1,CosmosTreeTrunk_sdr_2048x858_25_8bit.y4m,v15.0.0,-14.306,-50.7832,-42.9549,-17.6439,-14.0811,-12.656,-20.9038,-20.0173,-14.1711,-23.2745,-14.844,-51.4364,-43.6277,-16.667
LD,B1,EuroTruckSimulator2_1920x1080p60_v2.y4m,v02.0.0,-0.2394,-18.461,-8.6325,-1.5382,-0.1095,-0.2005,-1.6472,-1.4477,0.6284,-1.3345,-0.4414,-18.9495,-8.5137,-1.0561
LD,B1,EuroTruckSimulator2_1920x1080p60_v2.y4m,v03.0.0,-2.0091,-22.4999,-12.1896,-3.5124,-1.7355,-1.6361,-3.3948,-2.9432,-0.7008,-4.0319,-2.2092,-23.0244,-12.0855,-2.9444
LD,B1,EuroTruckSimulator2_1920x1080p60_v2.y4m,v04.0.0,-8.228,-31.6507,-23.577,-10.1601,-8.8541,-9.0849,-12.9577,-11.6916,-7.0104,-11.395,-8.5716,-32.2003,-23.5136,-9.4851
LD,B1,EuroTruckSimulator2_1920x1080p60_v2.y4m,v05.0.0,-10.0702,-40.155,-25.1009,-12.414,-10.4961,-10.7387,-14.8626,-13.6552,-8.9049,-15.0502,-10.4718,-40.8141,-25.0596,-11.6317
LD,B1,EuroTruckSimulator2_1920x1080p60_v2.y4m,v06.0.0,-10.1364,-46.5881,-29.348,-13.2199,-10.6276,-10.6894,-14.7814,-13.6645,-10.196,-18.1285,-10.4997,-47.1708,-29.2796,-12.043
LD,B1,EuroTruckSimulator2_1920x1080p60_v2.y4m,v07.0.0,-11.6425,-48.0531,-31.6012,-14.758,-12.3971,-12.3384,-17.3774,-16.1338,-11.7836,-19.7933,-12.0217,-48.6176,-31.4982,-13.5743
LD,B1,EuroTruckSimulator2_1920x1080p60_v2.y4m,v08.0.0,-12.4574,-48.8406,-32.8196,-15.5575,-13.5961,-13.7354,-17.1924,-16.2145,-12.7384,-20.7812,-12.8585,-49.3988,-32.7305,-14.3819
LD,B1,EuroTruckSimulator2_1920x1080p60_v2.y4m,v09.0.0,-14.8029,-48.1906,-28.3844,-17.3629,-15.3332,-15.0722,-21.0271,-19.6839,-14.9459,-21.5298,-15.642,-48.9227,-28.3893,-16.9354
LD,B1,EuroTruckSimulator2_1920x1080p60_v2.y4m,v10.0.0,-15.7719,-45.546,-28.953,-18.0646,-15.9355,-16.1361,-19.1155,-19.4326,-15.4844,-21.6225,-16.6273,-46.2247,-29.049,-17.7899
LD,B1,EuroTruckSimulator2_1920x1080p60_v2.y4m,v11.0.0,-16.6292,-43.3271,-26.1843,-18.5204,-17.2125,-17.1469,-20.3629,-20.3388,-16.7543,-22.0899,-17.5473,-43.9771,-26.237,-18.5084
LD,B1,EuroTruckSimulator2_1920x1080p60_v2.y4m,v12.0.0,-16.3958,-43.4368,-27.1289,-18.3549,-16.3398,-16.1372,-20.1131,-20.21,-16.4182,-21.5103,-17.3002,-44.0938,-27.0522,-18.2712
LD,B1,EuroTruckSimulator2_1920x1080p60_v2.y4m,v13.0.0,-16.3961,-44.1852,-29.676,-18.5285,-16.2681,-17.0358,-19.821,-19.8166,-16.5447,-22.1338,-17.1247,-44.6704,-29.4543,-18.1591
LD,B1,EuroTruckSimulator2_1920x1080p60_v2.y4m,v14.0.0,-16.2974,-44.2447,-29.2776,-18.4235,-16.1926,-16.8408,-19.1586,-19.3058,-16.4054,-22.0575,-17.0219,-44.7406,-29.0013,-18.0562
LD,B1,EuroTruckSimulator2_1920x1080p60_v2.y4m,v15.0.0,-16.2981,-44.3184,-29.1979,-18.4253,-16.1829,-16.8322,-19.1168,-19.2822,-16.3916,-22.0711,-17.0255,-44.8168,-28.9189,-18.0612
LD,B1,GlassHalf_1920x1080p_24p_8bit_420.y4m,v02.0.0,-2.8685,-5.7847,-3.9237,-3.0949,-3.2974,-3.8,-2.9852,-3.146,-1.6411,-4.3246,-2.7159,-5.295,-2.81,-3.0414
LD,B1,GlassHalf_1920x1080p_24p_8bit_420.y4m,v03.0.0,-7.8376,-8.1199,-7.2865,-7.8226,-6.2715,-7.4003,-6.0042,-6.1005,-4.8814,-9.5887,-7.5088,-8.2614,-5.8466,-7.3895
LD,B1,GlassHalf_1920x1080p_24p_8bit_420.y4m,v04.0.0,-15.0229,-20.6329,-19.5527,-15.6118,-14.6778,-15.1566,-14.114,-14.1425,-12.8629,-18.8483,-14.2484,-19.6688,-16.7024,-15.3905
LD,B1,GlassHalf_1920x1080p_24p_8bit_420.y4m,v05.0.0,-17.9113,-24.3386,-22.717,-18.565,-17.5248,-18.105,-17.3063,-17.2814,-15.8794,-22.4956,-17.0375,-23.0094,-20.2754,-18.3389
LD,B1,GlassHalf_1920x1080p_24p_8bit_420.y4m,v06.0.0,-20.9319,-27.6732,-27.4099,-21.708,-24.1485,-23.6206,-21.7537,-21.776,-22.813,-35.9131,-19.8587,-26.0609,-23.5999,-21.2515
LD,B1,GlassHalf_1920x1080p_24p_8bit_420.y4m,v07.0.0,-22.5116,-29.4302,-29.216,-23.3116,-25.3472,-24.9144,-23.6933,-23.7326,-24.348,-37.6463,-21.3092,-27.3909,-24.8713,-22.6596
LD,B1,GlassHalf_1920x1080p_24p_8bit_420.y4m,v08.0.0,-23.7842,-30.5378,-30.7014,-24.5877,-26.1799,-25.9715,-23.9709,-24.0348,-25.3007,-39.234,-22.4502,-28.3695,-26.0913,-23.786
LD,B1,GlassHalf_1920x1080p_24p_8bit_420.y4m,v09.0.0,-23.1274,-31.508,-31.6265,-24.1283,-24.796,-24.2789,-24.5972,-24.8323,-25.5494,-37.447,-22.4527,-29.5268,-27.5663,-24.148
LD,B1,GlassHalf_1920x1080p_24p_8bit_420.y4m,v10.0.0,-26.0611,-33.0213,-33.1993,-26.8922,-25.847,-25.8569,-27.6161,-26.7144,-26.8127,-38.8286,-25.3891,-31.0835,-29.3263,-26.7202
LD,B1,GlassHalf_1920x1080p_24p_8bit_420.y4m,v11.0.0,-25.5228,-32.1139,-32.4265,-26.3176,-25.5025,-25.3901,-27.4304,-26.3792,-26.3303,-38.4042,-24.9028,-30.309,-28.6431,-26.1644
LD,B1,GlassHalf_1920x1080p_24p_8bit_420.y4m,v12.0.0,-25.9808,-32.5268,-32.5445,-26.7507,-25.7275,-25.6609,-28.1094,-27.0677,-26.6953,-38.6223,-25.2986,-30.6583,-28.7347,-26.5092
LD,B1,GlassHalf_1920x1080p_24p_8bit_420.y4m,v13.0.0,-27.3244,-32.5569,-32.685,-27.943,-29.541,-27.5345,-29.4066,-28.0696,-27.4763,-40.0228,-26.2392,-30.4029,-28.6019,-27.1433
LD,B1,GlassHalf_1920x1080p_24p_8bit_420.y4m,v14.0.0,-27.3068,-32.574,-32.6133,-27.9245,-29.5859,-27.5655,-29.1598,-27.8993,-27.4685,-40.504,-26.226,-30.465,-28.5108,-27.1276
LD,B1,GlassHalf_1920x1080p_24p_8bit_420.y4m,v15.0.0,-27.2525,-32.4433,-32.5785,-27.8673,-29.4583,-27.5255,-28.9929,-27.7769,-27.4173,-40.4633,-26.1402,-30.3222,-28.4815,-27.0423
LD,B1,Life_1080p30_v2.y4m,v02.0.0,0.7373,-4.237,0.4889,0.4343,0.5579,0.6251,0.1382,0.0566,2.5527,1.8064,0.6589,-4.0978,0.5163,0.4573
LD,B1,Life_1080p30_v2.y4m,v03.0.0,-2.9994,-6.9821,-3.8584,-3.2773,-2.3169,-2.0997,-3.5237,-3.1404,-0.8379,-2.7789,-3.1118,-6.8902,-3.9057,-3.3252
LD,B1,Life_1080p30_v2.y4m,v04.0.0,-9.1137,-19.7345,-14.2682,-10.0407,-8.4513,-7.9004,-11.0889,-10.7679,-7.4584,-10.8806,-9.3041,-19.6289,-14.2701,-10.0276
LD,B1,Life_1080p30_v2.y4m,v05.0.0,-11.0629,-22.9132,-16.7472,-12.101,-9.8979,-9.5163,-11.7878,-11.6681,-9.2706,-13.0274,-11.2472,-22.8033,-16.7312,-12.054
LD,B1,Life_1080p30_v2.y4m,v06.0.0,-12.2963,-25.2262,-19.5513,-13.512,-11.0706,-10.3038,-12.631,-12.6883,-12.4704,-18.1024,-12.478,-25.0956,-19.4473,-13.4292
LD,B1,Life_1080p30_v2.y4m,v07.0.0,-13.767,-27.2542,-21.6624,-15.0571,-12.3523,-11.463,-14.4818,-14.6699,-13.9977,-19.8812,-13.9685,-27.1103,-21.6012,-14.9782
LD,B1,Life_1080p30_v2.y4m,v08.0.0,-14.7486,-27.5524,-22.4386,-15.983,-13.1078,-12.456,-14.6739,-15.0422,-15.0027,-20.6756,-14.9469,-27.3752,-22.4092,-15.913
LD,B1,Life_1080p30_v2.y4m,v09.0.0,-15.9272,-26.7041,-21.3455,-16.8904,-13.0711,-12.07,-16.6976,-17.0117,-16.2691,-19.2798,-16.3678,-26.7075,-21.5852,-17.1183
LD,B1,Life_1080p30_v2.y4m,v10.0.0,-17.192,-27.0346,-21.5081,-18.0353,-13.5667,-12.6715,-16.7335,-17.6289,-16.8594,-19.9027,-17.6339,-27.0511,-21.7742,-18.2979
LD,B1,Life_1080p30_v2.y4m,v11.0.0,-17.2797,-25.3596,-21.2768,-17.9887,-13.6297,-12.8095,-17.1663,-17.8959,-16.959,-19.798,-17.7457,-25.3388,-21.4821,-18.2975
LD,B1,Life_1080p30_v2.y4m,v12.0.0,-17.5023,-26.0081,-21.4369,-18.2326,-13.6166,-12.7184,-17.6514,-18.2254,-17.026,-19.8671,-17.9653,-25.9848,-21.6408,-18.5305
LD,B1,Life_1080p30_v2.y4m,v13.0.0,-18.3423,-26.4343,-21.8036,-19.0192,-15.2839,-15.3521,-17.6768,-18.304,-17.4935,-21.2486,-18.6778,-26.2383,-21.8432,-19.1983
LD,B1,Life_1080p30_v2.y4m,v14.0.0,-18.2584,-26.1834,-21.8598,-18.933,-15.207,-15.1985,-17.5905,-18.2185,-17.3759,-21.2436,-18.5962,-25.9689,-21.8972,-19.1145
LD,B1,Life_1080p30_v2.y4m,v15.0.0,-18.2471,-26.1791,-21.8328,-18.921,-15.1756,-15.1832,-17.5792,-18.2203,-17.3765,-21.2151,-18.5839,-25.9639,-21.8651,-19.1012
LD,B1,MINECRAFT_1080p_60_8bit.y4m,v02.0.0,-0.5612,-13.8793,-4.9269,-1.3435,-0.566,-0.697,-1.1286,-1.2188,-0.0118,-3.1925,-0.6146,-14.6286,-5.5624,-1.2385
LD,B1,MINECRAFT_1080p_60_8bit.y4m,v03.0.0,-2.5485,-17.0429,-7.5949,-3.4023,-2.4591,-2.4067,-3.2328,-3.3134,-1.7192,-4.8513,-2.5639,-17.6278,-8.2916,-3.2178
LD,B1,MINECRAFT_1080p_60_8bit.y4m,v04.0.0,-10.1661,-39.1631,-23.1206,-12.1378,-9.8414,-9.9678,-13.3625,-13.1688,-9.6201,-15.9997,-10.2729,-39.8586,-23.3671,-11.6834
LD,B1,MINECRAFT_1080p_60_8bit.y4m,v05.0.0,-12.017,-49.2139,-27.9517,-14.7544,-11.5121,-11.6845,-15.0409,-14.9134,-11.8609,-21.0263,-12.1405,-50.2038,-28.2658,-14.1146
LD,B1,MINECRAFT_1080p_60_8bit.y4m,v06.0.0,-12.0722,-54.6457,-30.6924,-15.399,-11.6022,-11.6533,-15.8107,-15.5556,-12.8854,-25.0396,-12.099,-55.5555,-30.9723,-14.4921
LD,B1,MINECRAFT_1080p_60_8bit.y4m,v07.0.0,-13.2748,-59.0799,-34.4661,-16.9392,-12.7259,-12.8948,-17.4927,-17.1672,-14.0465,-28.4964,-13.2029,-59.8178,-34.6777,-15.7826
LD,B1,MINECRAFT_1080p_60_8bit.y4m,v08.0.0,-14.6347,-58.3484,-35.4864,-18.1354,-14.5986,-14.6928,-18.3423,-18.0669,-15.8713,-29.0666,-14.5337,-59.1171,-35.7209,-17.0043
LD,B1,MINECRAFT_1080p_60_8bit.y4m,v09.0.0,-16.4844,-59.7242,-33.2844,-19.7712,-15.7671,-15.6265,-21.8184,-21.4605,-17.2523,-29.7798,-16.7404,-60.71,-33.6563,-19.0749
LD,B1,MINECRAFT_1080p_60_8bit.y4m,v10.0.0,-16.9562,-58.3412,-34.0115,-20.0789,-15.0526,-15.2705,-21.9372,-21.2671,-17.1191,-30.0138,-17.1922,-59.3152,-34.3853,-19.4227
LD,B1,MINECRAFT_1080p_60_8bit.y4m,v11.0.0,-17.0931,-57.1435,-31.8586,-19.944,-15.8156,-15.8139,-22.9831,-21.9907,-17.6694,-29.4202,-17.4286,-58.0942,-32.1567,-19.461
LD,B1,MINECRAFT_1080p_60_8bit.y4m,v12.0.0,-17.6123,-57.0965,-32.5168,-20.4117,-15.9188,-15.9352,-23.2561,-22.3495,-18.0609,-29.4325,-17.9223,-58.0961,-32.8672,-19.886
LD,B1,MINECRAFT_1080p_60_8bit.y4m,v13.0.0,-17.5837,-56.8554,-32.764,-20.3821,-15.92,-16.3782,-23.1677,-22.1195,-18.2019,-29.5942,-17.8137,-57.7238,-32.9887,-19.7818
LD,B1,MINECRAFT_1080p_60_8bit.y4m,v14.0.0,-17.5286,-56.349,-31.9495,-20.2618,-15.9271,-16.3351,-23.0284,-21.9827,-18.1135,-29.3655,-17.758,-57.2541,-32.103,-19.6915
LD,B1,MINECRAFT_1080p_60_8bit.y4m,v15.0.0,-17.5036,-56.7883,-33.2982,-20.3346,-15.9381,-16.3116,-23.3001,-22.2435,-18.1271,-29.5299,-17.7369,-57.682,-33.4696,-19.719
LD,B1,STARCRAFT_1080p60.y4m,v02.0.0,-1.5304,-7.9696,-11.2965,-2.4785,-3.4167,-4.2171,-2.111,-2.1878,-0.1956,-0.4198,-1.6412,-8.0665,-11.3284,-2.1142
LD,B1,STARCRAFT_1080p60.y4m,v03.0.0,-5.0198,-13.0622,-14.4189,-6.0327,-6.6651,-7.6897,-3.8579,-3.7417,-3.4222,-5.6011,-5.1268,-13.1533,-14.4523,-5.6648
LD,B1,STARCRAFT_1080p60.y4m,v04.0.0,-11.7407,-23.988,-27.11,-13.37,-14.0603,-15.3168,-10.5758,-10.6575,-10.1352,-14.2076,-11.9671,-24.0913,-27.1422,-12.8653
LD,B1,STARCRAFT_1080p60.y4m,v05.0.0,-13.9636,-25.4305,-29.6008,-15.563,-15.5902,-16.9816,-13.5349,-12.9559,-12.4187,-16.2811,-14.2313,-25.5334,-29.632,-15.1128
LD,B1,STARCRAFT_1080p60.y4m,v06.0.0,-15.7484,-30.4964,-34.2779,-17.7434,-17.2907,-18.4367,-14.2861,-14.4558,-16.6112,-31.5046,-15.9795,-30.5872,-34.2839,-17.1139
LD,B1,STARCRAFT_1080p60.y4m,v07.0.0,-16.6841,-30.775,-34.3487,-18.5864,-18.8697,-19.9563,-15.5364,-15.6053,-17.7607,-31.8311,-16.907,-30.8554,-34.3436,-18.003
LD,B1,STARCRAFT_1080p60.y4m,v08.0.0,-19.1109,-32.8923,-36.6086,-20.9839,-20.8654,-22.1751,-18.2206,-18.4858,-20.136,-34.6709,-19.3629,-32.9861,-36.6175,-20.4345
LD,B1,STARCRAFT_1080p60.y4m,v09.0.0,-18.0711,-30.8033,-35.2932,-19.861,-19.1743,-19.8679,-17.9087,-17.7103,-19.4721,-32.285,-18.6664,-31.0131,-35.3732,-19.6581
LD,B1,STARCRAFT_1080p60.y4m,v10.0.0,-18.9364,-30.5773,-34.6505,-20.5627,-19.643,-20.7168,-17.6178,-17.3981,-19.6324,-32.4765,-19.5287,-30.7889,-34.7268,-20.4442
LD,B1,STARCRAFT_1080p60.y4m,v11.0.0,-18.8788,-30.2825,-34.1269,-20.4646,-19.3539,-20.5673,-16.5695,-16.8389,-19.6723,-33.5532,-19.4805,-30.4987,-34.1995,-20.3677
LD,B1,STARCRAFT_1080p60.y4m,v12.0.0,-19.7885,-29.9777,-34.0392,-21.2346,-20.2155,-21.3622,-18.45,-18.386,-20.6636,-33.7251,-20.3926,-30.1859,-34.1152,-21.2052
LD,B1,STARCRAFT_1080p60.y4m,v13.0.0,-20.4458,-32.5002,-36.0716,-22.0885,-23.9498,-22.667,-20.0758,-19.9014,-21.141,-36.1293,-21.0093,-32.7099,-36.1344,-21.9397
LD,B1,STARCRAFT_1080p60.y4m,v14.0.0,-20.19,-32.505,-35.9273,-21.8586,-23.717,-22.4965,-19.4829,-19.3353,-21.0017,-35.9972,-20.7637,-32.7168,-35.9896,-21.7077
LD,B1,STARCRAFT_1080p60.y4m,v15.0.0,-20.1759,-32.4196,-35.878,-21.8372,-23.7257,-22.5103,-19.4649,-19.3252,-20.9857,-35.9961,-20.7499,-32.6337,-35.9417,-21.6889
LD,B1,Sniper_1920x1080P_30fps_8bit.y4m,v02.0.0,-0.9209,-5.7552,-5.5124,-1.2851,-1.8469,-2.0935,-2.0306,-2.1024,-0.9929,0.7801,-1.0141,-5.7568,-6.1651,-1.1305
LD,B1,Sniper_1920x1080P_30fps_8bit.y4m,v03.0.0,-3.832,-13.7281,-12.0523,-4.5495,-4.7079,-4.9863,-4.8066,-4.4549,-4.0048,-3.8883,-3.8858,-13.791,-12.401,-4.1253
LD,B1,Sniper_1920x1080P_30fps_8bit.y4m,v04.0.0,-8.594,-27.2858,-23.9523,-10.0002,-9.4398,-9.7862,-12.6641,-12.2904,-9.1131,-11.29,-8.4429,-27.4668,-24.1151,-8.9047
LD,B1,Sniper_1920x1080P_30fps_8bit.y4m,v05.0.0,-10.0299,-25.463,-24.1642,-11.2434,-10.2733,-10.7011,-14.3491,-13.9801,-10.5689,-12.1802,-9.8755,-25.7547,-24.4303,-10.3085
LD,B1,Sniper_1920x1080P_30fps_8bit.y4m,v06.0.0,-10.0416,-31.9246,-30.7821,-11.8349,-11.009,-11.2707,-14.9158,-14.5433,-11.7278,-15.9518,-9.6977,-31.8926,-31.0761,-10.2942
LD,B1,Sniper_1920x1080P_30fps_8bit.y4m,v07.0.0,-10.6898,-39.5633,-38.6624,-13.1707,-12.2777,-12.3456,-16.3216,-15.9472,-12.7631,-18.3609,-10.2576,-39.5906,-38.7231,-11.0304
LD,B1,Sniper_1920x1080P_30fps_8bit.y4m,v08.0.0,-11.4491,-41.1199,-40.6463,-14.0317,-13.261,-13.3944,-17.2998,-16.8852,-13.8182,-19.3769,-10.9659,-41.0018,-40.9216,-11.768
LD,B1,Sniper_1920x1080P_30fps_8bit.y4m,v09.0.0,-12.4201,-40.8846,-39.3646,-14.8451,-13.9169,-13.7274,-19.5019,-19.1333,-14.734,-19.7098,-12.6619,-41.2378,-39.7966,-13.4181
LD,B1,Sniper_1920x1080P_30fps_8bit.y4m,v10.0.0,-13.3922,-39.6294,-38.2383,-15.6177,-13.9779,-14.0773,-21.6081,-20.9414,-15.164,-20.3574,-13.6267,-39.854,-38.8256,-14.3355
LD,B1,Sniper_1920x1080P_30fps_8bit.y4m,v11.0.0,-13.6438,-38.6829,-38.2693,-15.7775,-15.1621,-14.9712,-22.5848,-21.7972,-15.8975,-20.3967,-14.0656,-38.9132,-38.8231,-14.7007
LD,B1,Sniper_1920x1080P_30fps_8bit.y4m,v12.0.0,-13.8324,-39.1766,-38.5463,-15.9891,-14.9275,-14.865,-22.0846,-21.4794,-16.0579,-20.7379,-14.2426,-39.7678,-39.031,-14.8969
LD,B1,Sniper_1920x1080P_30fps_8bit.y4m,v13.0.0,-14.2265,-39.3783,-40.1719,-16.43,-14.1776,-15.5572,-22.7807,-22.1064,-16.5447,-21.151,-14.2037,-39.0397,-40.4872,-14.8643
LD,B1,Sniper_1920x1080P_30fps_8bit.y4m,v14.0.0,-14.2063,-39.8898,-39.4098,-16.4004,-14.1963,-15.5543,-22.7265,-22.0684,-16.5324,-21.1795,-14.1926,-39.6797,-39.6385,-14.8566
LD,B1,Sniper_1920x1080P_30fps_8bit.y4m,v15.0.0,-14.2066,-39.7503,-39.445,-16.3955,-14.1959,-15.5397,-22.7108,-22.0647,-16.5093,-21.1485,-14.192,-39.5046,-39.679,-14.8522
LD,B1,SolLevanteDragons_sdr_1920x1080_24_10bit.y4m,v02.0.0,-1.6808,-3.0461,-2.9171,-1.8798,-2.0099,-2.1264,-3.9021,-3.5806,-1.8968,-1.9206,-1.8637,-3.1983,-3.1158,-2.1952
LD,B1,SolLevanteDragons_sdr_1920x1080_24_10bit.y4m,v03.0.0,-7.9099,-8.1572,-6.0344,-7.7806,-8.0903,-8.5777,-5.1273,-5.0269,-7.2036,-7.7559,-8.0838,-8.1818,-6.4488,-7.8158
LD,B1,SolLevanteDragons_sdr_1920x1080_24_10bit.y4m,v04.0.0,-13.3328,-20.8298,-17.5082,-14.2824,-14.2261,-14.5152,-11.119,-11.1593,-14.3069,-15.7213,-13.7766,-20.9023,-17.7533,-15.3024
LD,B1,SolLevanteDragons_sdr_1920x1080_24_10bit.y4m,v05.0.0,-15.1489,-22.4796,-19.0229,-16.0576,-15.7778,-16.1813,-12.1759,-12.2752,-15.8949,-17.4711,-15.4148,-22.6547,-19.2734,-16.9558
LD,B1,SolLevanteDragons_sdr_1920x1080_24_10bit.y4m,v06.0.0,-16.3553,-25.7908,-22.0529,-17.592,-17.3557,-17.5952,-13.2502,-13.4474,-17.6671,-20.2248,-16.6331,-26.0483,-22.2934,-18.861
LD,B1,SolLevanteDragons_sdr_1920x1080_24_10bit.y4m,v07.0.0,-20.0285,-37.9149,-31.287,-22.5013,-20.6015,-21.1374,-18.7839,-18.738,-22.5095,-26.7081,-20.2019,-37.9036,-30.3753,-24.3889
LD,B1,SolLevanteDragons_sdr_1920x1080_24_10bit.y4m,v08.0.0,-20.7319,-39.4221,-33.6814,-23.4288,-21.5136,-21.9922,-18.1152,-18.1748,-23.5475,-27.7725,-20.9414,-39.4816,-32.9609,-25.5154
LD,B1,SolLevanteDragons_sdr_1920x1080_24_10bit.y4m,v09.0.0,-24.2766,-42.089,-36.2579,-26.8234,-25.1476,-25.5019,-21.2605,-21.2779,-26.9981,-30.8136,-24.5971,-42.4427,-35.8003,-28.9438
LD,B1,SolLevanteDragons_sdr_1920x1080_24_10bit.y4m,v10.0.0,-25.218,-42.3191,-37.0278,-27.6793,-26.2412,-26.5566,-23.1816,-23.1215,-27.832,-31.5466,-25.5583,-42.6433,-36.5162,-29.7521
LD,B1,SolLevanteDragons_sdr_1920x1080_24_10bit.y4m,v11.0.0,-27.0732,-45.0435,-39.7983,-29.7427,-27.5564,-27.9158,-25.3398,-25.1884,-29.7291,-34.2283,-27.3771,-45.253,-38.7682,-31.856
LD,B1,SolLevanteDragons_sdr_1920x1080_24_10bit.y4m,v12.0.0,-26.8991,-44.8404,-39.5654,-29.5563,-27.3489,-27.7378,-24.9969,-24.8488,-29.4906,-34.0085,-27.1773,-45.0695,-38.5165,-31.6503
LD,B1,SolLevanteDragons_sdr_1920x1080_24_10bit.y4m,v13.0.0,-26.8532,-44.5197,-39.3539,-29.4763,-32.0028,-27.6671,-24.7093,-24.5835,-29.3852,-33.9824,-27.0582,-44.6512,-38.167,-31.4696
LD,B1,SolLevanteDragons_sdr_1920x1080_24_10bit.y4m,v14.0.0,-26.7689,-44.4968,-39.3057,-29.3926,-31.9219,-27.5775,-24.6534,-24.5423,-29.3143,-33.885,-26.9713,-44.6354,-38.1117,-31.3817
LD,B1,SolLevanteDragons_sdr_1920x1080_24_10bit.y4m,v15.0.0,-26.7692,-44.4566,-39.2953,-29.3883,-31.9118,-27.5874,-24.6473,-24.5349,-29.3187,-33.8726,-26.9672,-44.5897,-38.1013,-31.3723
LD,B1,SolLevanteFace_sdr_1920x1080_24_10bit.y4m,v02.0.0,-5.24,-15.6834,-17.5724,-6.1514,-6.2235,-6.1376,-6.428,-6.2084,-5.4858,-10.0333,-4.0446,-15.9055,-11.959,-5.1978
LD,B1,SolLevanteFace_sdr_1920x1080_24_10bit.y4m,v03.0.0,-12.032,-8.4272,-21.4548,-12.3299,-12.6693,-12.6877,-13.3639,-12.3389,-11.3284,-15.9639,-10.6477,-20.8746,-18.1794,-11.6926
LD,B1,SolLevanteFace_sdr_1920x1080_24_10bit.y4m,v04.0.0,-17.5883,-28.2719,-32.1571,-18.6601,-17.6903,-17.9053,-18.5328,-17.6401,-16.7895,-25.0383,-15.8506,-42.0508,-28.8201,-18.2264
LD,B1,SolLevanteFace_sdr_1920x1080_24_10bit.y4m,v05.0.0,-19.7109,-31.7238,-34.0109,-20.8358,-18.9687,-19.621,-19.6336,-18.7875,-18.3981,-26.6337,-17.8088,-44.8773,-31.0176,-20.305
LD,B1,SolLevanteFace_sdr_1920x1080_24_10bit.y4m,v06.0.0,-21.461,-36.2864,-40.3043,-22.8808,-20.8956,-21.4113,-20.6895,-19.9238,-20.3944,-30.6309,-19.4487,-50.1668,-35.063,-22.2178
LD,B1,SolLevanteFace_sdr_1920x1080_24_10bit.y4m,v07.0.0,-23.0691,-44.6178,-44.5827,-24.904,-22.7185,-23.1073,-22.7184,-21.8124,-22.193,-33.677,-20.8577,-53.5254,-38.4797,-23.8531
LD,B1,SolLevanteFace_sdr_1920x1080_24_10bit.y4m,v08.0.0,-23.315,-44.3711,-44.903,-25.1413,-22.8453,-23.2891,-23.1103,-22.154,-22.4431,-33.5644,-21.1008,-54.0897,-39.1347,-24.1592
LD,B1,SolLevanteFace_sdr_1920x1080_24_10bit.y4m,v09.0.0,-24.9322,-44.9841,-45.0586,-26.6512,-24.3191,-24.7143,-25.2966,-24.4786,-23.9665,-35.2418,-23.7945,-57.137,-41.9646,-26.8863
LD,B1,SolLevanteFace_sdr_1920x1080_24_10bit.y4m,v10.0.0,-27.2322,-44.5704,-44.8566,-28.7109,-26.2342,-26.8042,-28.0074,-27.2109,-25.8129,-36.8553,-26.1809,-56.7605,-42.0015,-28.9082
LD,B1,SolLevanteFace_sdr_1920x1080_24_10bit.y4m,v11.0.0,-26.7108,-45.0267,-46.0332,-28.295,-25.6928,-26.2394,-27.8604,-27.1477,-25.4586,-36.7528,-26.0844,-57.1259,-42.4662,-28.8075
LD,B1,SolLevanteFace_sdr_1920x1080_24_10bit.y4m,v12.0.0,-26.9844,-45.0014,-44.8517,-28.4844,-25.6905,-26.348,-28.1643,-27.4015,-25.5457,-36.5285,-26.3727,-56.7747,-40.8638,-28.9165
LD,B1,SolLevanteFace_sdr_1920x1080_24_10bit.y4m,v13.0.0,-26.7847,-44.972,-45.7601,-28.3403,-30.326,-26.2093,-27.1511,-26.4301,-25.4524,-36.7304,-26.0122,-56.4156,-41.0802,-28.5886
LD,B1,SolLevanteFace_sdr_1920x1080_24_10bit.y4m,v14.0.0,-26.748,-44.0365,-45.9067,-28.2811,-30.2977,-26.1878,-27.9352,-27.2237,-25.425,-36.7646,-25.9428,-56.1257,-41.1178,-28.5148
LD,B1,SolLevanteFace_sdr_1920x1080_24_10bit.y4m,v15.0.0,-26.7862,-44.014,-45.8697,-28.3121,-30.3163,-26.2003,-27.9412,-27.2096,-25.4448,-36.7809,-25.9678,-56.1682,-41.1363,-28.5395
LD,B1,WITCHER3_1920x1080_60_8bit_420.y4m,v02.0.0,-0.4348,2.2063,-15.9282,-1.1601,-1.739,-2.0127,-1.3122,-1.3869,-0.2569,-2.6712,-0.577,1.5039,-16.6217,-1.089
LD,B1,WITCHER3_1920x1080_60_8bit_420.y4m,v03.0.0,-4.817,0.8275,-22.1935,-5.5394,-4.7758,-5.1109,-4.8511,-4.8021,-4.0472,-7.4982,-4.8155,0.1768,-23.2362,-5.3898
LD,B1,WITCHER3_1920x1080_60_8bit_420.y4m,v04.0.0,-12.2449,-13.8412,-31.6773,-13.4152,-12.4047,-12.9818,-12.1303,-11.343,-11.66,-16.4052,-12.2064,-14.629,-32.6762,-13.0226
LD,B1,WITCHER3_1920x1080_60_8bit_420.y4m,v05.0.0,-13.2688,-17.1058,-32.8078,-14.5616,-12.9403,-13.5982,-12.8372,-12.4363,-12.5012,-18.0256,-13.3045,-17.8563,-33.6118,-14.1788
LD,B1,WITCHER3_1920x1080_60_8bit_420.y4m,v06.0.0,-17.1078,-30.7831,-46.6141,-19.6175,-16.5314,-17.0618,-16.3801,-15.9197,-17.494,-29.5343,-16.8364,-30.9435,-47.8268,-18.404
LD,B1,WITCHER3_1920x1080_60_8bit_420.y4m,v07.0.0,-18.449,-33.9135,-50.6017,-21.2718,-18.2537,-18.6348,-18.4317,-17.5858,-19.1862,-32.4098,-18.1355,-34.0809,-51.6834,-19.871
LD,B1,WITCHER3_1920x1080_60_8bit_420.y4m,v08.0.0,-19.2366,-35.1274,-50.3628,-22.0238,-18.891,-19.4116,-18.549,-18.063,-19.8896,-32.9976,-18.9304,-35.3758,-51.4639,-20.6339
LD,B1,WITCHER3_1920x1080_60_8bit_420.y4m,v09.0.0,-22.8772,-35.737,-53.2912,-25.455,-22.7176,-23.0383,-24.7864,-23.5599,-23.7583,-35.6665,-22.8223,-35.9337,-55.0037,-24.4415
LD,B1,WITCHER3_1920x1080_60_8bit_420.y4m,v10.0.0,-23.6704,-34.5074,-53.4785,-26.0879,-23.1725,-23.5953,-25.2014,-24.4863,-24.4304,-35.815,-23.6364,-34.9791,-55.2275,-25.1823
LD,B1,WITCHER3_1920x1080_60_8bit_420.y4m,v11.0.0,-24.9621,-37.6067,-53.2607,-27.3307,-24.7407,-24.9913,-26.7343,-25.8576,-25.8974,-37.399,-24.9014,-38.1338,-55.0878,-26.3956
LD,B1,WITCHER3_1920x1080_60_8bit_420.y4m,v12.0.0,-25.0681,-35.0693,-54.2751,-27.3854,-24.6507,-25.056,-27.4134,-26.3089,-25.9835,-37.7574,-24.9992,-35.6693,-56.1549,-26.4956
LD,B1,WITCHER3_1920x1080_60_8bit_420.y4m,v13.0.0,-25.1848,-38.3613,-54.2422,-27.6546,-25.005,-24.8706,-27.3692,-26.4695,-25.8307,-37.9846,-25.098,-38.7665,-55.9079,-26.6402
LD,B1,WITCHER3_1920x1080_60_8bit_420.y4m,v14.0.0,-25.1053,-37.5463,-53.7756,-27.5164,-24.9815,-24.81,-27.4114,-26.5035,-25.7099,-37.5834,-25.0228,-37.9544,-55.4486,-26.5407
LD,B1,WITCHER3_1920x1080_60_8bit_420.y4m,v15.0.0,-25.1096,-37.4801,-53.7103,-27.5096,-24.9854,-24.8315,-27.4919,-26.5349,-25.7117,-37.5563,-25.0196,-37.9199,-55.3911,-26.5328
LD,B2,BigBuckBunnyStudio1_1920x1080_60fps_10bit_420_020_0149.y4m,v02.0.0,-1.1402,-4.257,-4.0349,-1.4654,-1.3561,-1.4414,-1.0326,-1.1568,-1.6466,-5.1764,-1.1725,-4.1728,-3.9212,-1.5489
LD,B2,BigBuckBunnyStudio1_1920x1080_60fps_10bit_420_020_0149.y4m,v03.0.0,-8.7088,-9.4763,-10.2846,-8.8363,-8.7328,-9.3695,-9.2365,-9.0723,-8.9567,-10.1473,-8.9195,-9.7951,-10.591,-9.1008
LD,B2,BigBuckBunnyStudio1_1920x1080_60fps_10bit_420_020_0149.y4m,v04.0.0,-14.4834,-19.0278,-19.6982,-15.0159,-14.6006,-15.3498,-15.5563,-15.2787,-15.0935,-19.2906,-14.6551,-19.263,-19.9175,-15.3904
LD,B2,BigBuckBunnyStudio1_1920x1080_60fps_10bit_420_020_0149.y4m,v05.0.0,-16.0577,-20.7687,-21.082,-16.5896,-16.0634,-16.8389,-17.8032,-17.0957,-16.7121,-20.8013,-16.2206,-21.0129,-21.3273,-16.955
LD,B2,BigBuckBunnyStudio1_1920x1080_60fps_10bit_420_020_0149.y4m,v06.0.0,-18.4042,-22.6691,-22.3584,-18.8512,-18.4565,-19.2547,-20.2498,-19.9897,-18.9703,-22.8875,-18.5785,-22.9163,-22.5465,-19.197
LD,B2,BigBuckBunnyStudio1_1920x1080_60fps_10bit_420_020_0149.y4m,v07.0.0,-19.6709,-23.6526,-24.2131,-20.1362,-19.8204,-20.706,-21.4741,-21.2511,-20.2932,-23.2943,-19.8611,-23.9096,-24.5019,-20.498
LD,B2,BigBuckBunnyStudio1_1920x1080_60fps_10bit_420_020_0149.y4m,v08.0.0,-21.4998,-25.3883,-25.5622,-21.9328,-21.3619,-22.309,-21.902,-22.1709,-21.9788,-25.8405,-21.6588,-25.6324,-25.8343,-22.2491
LD,B2,BigBuckBunnyStudio1_1920x1080_60fps_10bit_420_020_0149.y4m,v09.0.0,-23.0697,-25.1486,-25.9174,-23.3357,-24.6753,-25.3253,-24.8429,-24.3877,-24.5744,-25.7518,-23.3535,-25.5233,-26.39,-23.7249
LD,B2,BigBuckBunnyStudio1_1920x1080_60fps_10bit_420_020_0149.y4m,v10.0.0,-23.6041,-26.3843,-26.8124,-23.9283,-24.3674,-25.261,-26.5092,-25.4688,-24.5985,-29.1364,-23.8096,-26.6483,-27.0975,-24.2446
LD,B2,BigBuckBunnyStudio1_1920x1080_60fps_10bit_420_020_0149.y4m,v11.0.0,-24.3322,-26.7491,-27.5086,-24.6366,-25.295,-26.1756,-27.5152,-25.9453,-25.4427,-28.8292,-24.5509,-27.0203,-27.8354,-24.951
LD,B2,BigBuckBunnyStudio1_1920x1080_60fps_10bit_420_020_0149.y4m,v12.0.0,-24.6503,-27.4431,-27.757,-24.9717,-25.522,-26.3017,-27.3477,-26.6668,-25.6938,-29.3721,-24.866,-27.732,-28.0815,-25.2859
LD,B2,BigBuckBunnyStudio1_1920x1080_60fps_10bit_420_020_0149.y4m,v13.0.0,-25.1922,-27.5451,-27.7576,-25.4582,-28.5271,-25.8893,-26.4934,-25.993,-25.1941,-29.3499,-25.295,-27.6722,-27.9238,-25.6597
LD,B2,BigBuckBunnyStudio1_1920x1080_60fps_10bit_420_020_0149.y4m,v14.0.0,-25.0005,-27.5697,-27.5566,-25.2781,-28.2136,-25.566,-26.3671,-25.7735,-25.0166,-29.3807,-25.0891,-27.709,-27.7072,-25.461
LD,B2,BigBuckBunnyStudio1_1920x1080_60fps_10bit_420_020_0149.y4m,v15.0.0,-24.9535,-27.4692,-27.4255,-25.2236,-28.2449,-25.5773,-26.3684,-25.7232,-25.0035,-29.2192,-25.0416,-27.6067,-27.5748,-25.4029
LD,B2,Debugging_1920x1080_30fps_8bit_420.y4m,v02.0.0,1.2779,-1.5072,0.1416,1.0949,-0.2034,0.2627,1.3526,1.1734,-0.346,-2.4722,1.1282,-1.5571,0.1111,0.858
LD,B2,Debugging_1920x1080_30fps_8bit_420.y4m,v03.0.0,-9.9559,-12.1777,-10.5721,-10.0907,-11.1734,-10.4101,-11.3674,-9.7614,-10.7065,-13.8151,-10.1928,-12.2817,-10.6091,-10.4065
LD,B2,Debugging_1920x1080_30fps_8bit_420.y4m,v04.0.0,-26.1613,-36.5297,-32.5592,-26.9755,-27.0898,-26.8366,-26.0433,-24.1697,-26.761,-31.9113,-26.4035,-36.2969,-32.3847,-27.7383
LD,B2,Debugging_1920x1080_30fps_8bit_420.y4m,v05.0.0,-28.765,-39.3227,-35.3562,-29.5995,-29.4602,-29.2349,-28.1822,-26.2193,-29.172,-33.5506,-29.0152,-39.1536,-35.2357,-30.435
LD,B2,Debugging_1920x1080_30fps_8bit_420.y4m,v06.0.0,-35.1118,-46.0484,-40.8009,-35.9226,-36.0074,-35.6546,-34.7607,-33.1544,-35.9988,-41.9738,-35.4869,-45.9804,-40.7875,-36.8452
LD,B2,Debugging_1920x1080_30fps_8bit_420.y4m,v07.0.0,-38.0161,-47.9229,-43.1177,-38.7477,-38.6893,-38.5024,-37.1098,-35.2454,-38.6377,-44.1669,-38.355,-47.897,-43.1104,-39.5956
LD,B2,Debugging_1920x1080_30fps_8bit_420.y4m,v08.0.0,-42.4755,-52.5293,-47.9804,-43.2323,-43.663,-43.297,-40.2903,-38.7772,-43.3628,-48.0687,-42.8089,-52.4614,-47.9613,-43.9422
LD,B2,Debugging_1920x1080_30fps_8bit_420.y4m,v09.0.0,-42.8993,-53.096,-48.2251,-43.6547,-44.1177,-43.7203,-39.5161,-38.3085,-43.9286,-48.8867,-43.3177,-53.0701,-48.2368,-44.4578
LD,B2,Debugging_1920x1080_30fps_8bit_420.y4m,v10.0.0,-42.5542,-53.0062,-48.1395,-43.336,-43.3939,-43.0407,-40.0417,-38.7655,-43.4493,-48.9788,-42.9444,-52.9747,-48.1505,-44.1519
LD,B2,Debugging_1920x1080_30fps_8bit_420.y4m,v11.0.0,-42.9316,-51.2141,-47.0329,-43.5265,-43.8399,-43.3089,-41.9724,-40.4748,-43.6049,-49.6894,-43.3061,-51.0588,-46.9883,-44.1916
LD,B2,Debugging_1920x1080_30fps_8bit_420.y4m,v12.0.0,-43.7228,-52.0906,-47.0929,-44.284,-44.2851,-43.9161,-42.9246,-41.7226,-44.3691,-50.158,-44.0934,-51.9617,-47.0571,-44.9196
LD,B2,Debugging_1920x1080_30fps_8bit_420.y4m,v13.0.0,-45.0317,-52.5262,-48.2412,-45.5429,-46.247,-45.2678,-44.6829,-42.9217,-45.1218,-51.2909,-45.2759,-52.2884,-48.1372,-46.0268
LD,B2,Debugging_1920x1080_30fps_8bit_420.y4m,v14.0.0,-44.5231,-52.2948,-48.1718,-45.0695,-45.7451,-44.7606,-44.1552,-42.2309,-44.6531,-50.9925,-44.7497,-52.0614,-48.0754,-45.5814
LD,B2,Debugging_1920x1080_30fps_8bit_420.y4m,v15.0.0,-44.7793,-52.4269,-48.4107,-45.3188,-46.028,-45.0337,-44.2563,-42.3175,-44.9741,-51.1676,-45.0194,-52.195,-48.3106,-45.8223
LD,B2,MissionControlClip1_1920x1080_60fps_10bit_420_0450_0579.y4m,v02.0.0,0.5039,-5.2812,-4.6858,-0.0647,-0.2112,-0.2109,0.3454,0.5096,-0.4672,-3.8786,0.445,-5.5598,-4.883,-0.0142
LD,B2,MissionControlClip1_1920x1080_60fps_10bit_420_0450_0579.y4m,v03.0.0,-6.242,-10.9046,-9.7518,-6.6697,-5.9312,-6.0953,-8.6404,-7.195,-6.5156,-9.556,-6.4043,-11.1596,-9.8912,-6.7648
LD,B2,MissionControlClip1_1920x1080_60fps_10bit_420_0450_0579.y4m,v04.0.0,-23.9971,-32.3045,-30.707,-24.7859,-21.7173,-22.2431,-30.9204,-29.0651,-23.8449,-29.6812,-24.7038,-32.645,-30.9162,-25.4368
LD,B2,MissionControlClip1_1920x1080_60fps_10bit_420_0450_0579.y4m,v05.0.0,-25.7513,-34.889,-33.7123,-26.6587,-23.3291,-23.9286,-31.8434,-30.3752,-25.3665,-32.1269,-26.4479,-35.3215,-33.976,-27.2886
LD,B2,MissionControlClip1_1920x1080_60fps_10bit_420_0450_0579.y4m,v06.0.0,-27.2018,-35.771,-35.0533,-28.0691,-25.1893,-25.6608,-34.1845,-32.7798,-27.2959,-33.7662,-27.8038,-36.3079,-35.3755,-28.6245
LD,B2,MissionControlClip1_1920x1080_60fps_10bit_420_0450_0579.y4m,v07.0.0,-28.2319,-36.8206,-36.3116,-29.1116,-26.8609,-27.2404,-35.3166,-33.8734,-28.6203,-35.3815,-28.8707,-37.357,-36.6467,-29.7009
LD,B2,MissionControlClip1_1920x1080_60fps_10bit_420_0450_0579.y4m,v08.0.0,-32.1225,-39.639,-39.5903,-32.9074,-30.1739,-30.6919,-39.0348,-37.7485,-32.355,-38.4245,-32.8014,-40.1213,-39.936,-33.5386
LD,B2,MissionControlClip1_1920x1080_60fps_10bit_420_0450_0579.y4m,v09.0.0,-31.792,-38.8432,-38.4386,-32.5065,-30.2696,-30.61,-40.2306,-38.5488,-32.6514,-37.5442,-32.8662,-39.5494,-38.9183,-33.4988
LD,B2,MissionControlClip1_1920x1080_60fps_10bit_420_0450_0579.y4m,v10.0.0,-26.6971,-36.322,-36.135,-27.7058,-26.6546,-26.5258,-28.5054,-27.4343,-27.7384,-34.7874,-27.3887,-37.0196,-36.5999,-28.1715
LD,B2,MissionControlClip1_1920x1080_60fps_10bit_420_0450_0579.y4m,v11.0.0,-33.2971,-41.3746,-40.0811,-34.0747,-31.6187,-31.8542,-40.8462,-38.9855,-33.7593,-41.0339,-34.2978,-42.0914,-40.5842,-34.9809
LD,B2,MissionControlClip1_1920x1080_60fps_10bit_420_0450_0579.y4m,v12.0.0,-33.3092,-41.4236,-40.9123,-34.142,-31.9962,-32.1591,-40.8919,-39.3084,-33.9762,-40.8507,-34.2823,-42.15,-41.4115,-34.9789
LD,B2,MissionControlClip1_1920x1080_60fps_10bit_420_0450_0579.y4m,v13.0.0,-34.1564,-42.1709,-41.919,-34.9835,-33.4097,-32.3458,-41.549,-40.0463,-34.2499,-41.1923,-34.8264,-42.8964,-42.4079,-35.5883
LD,B2,MissionControlClip1_1920x1080_60fps_10bit_420_0450_0579.y4m,v14.0.0,-33.0182,-41.9712,-41.5777,-33.9438,-32.6654,-31.4711,-39.6051,-38.0775,-33.2471,-40.7985,-33.6256,-42.6668,-42.0548,-34.4407
LD,B2,MissionControlClip1_1920x1080_60fps_10bit_420_0450_0579.y4m,v15.0.0,-33.0103,-42.0426,-41.552,-33.9394,-32.1291,-31.0044,-39.8303,-38.2658,-33.0323,-40.5629,-33.6204,-42.7456,-42.0336,-34.4373
LD,B2,MobileDeviceScreenSharing.y4m,v02.0.0,-3.6613,-10.7106,-7.6321,-4.1924,-3.1365,-3.3218,0.731,0.8263,-3.7889,-5.4719,-3.691,-10.6785,-8.2972,-3.9127
LD,B2,MobileDeviceScreenSharing.y4m,v03.0.0,-9.1907,-17.3444,-16.4082,-9.936,-6.8991,-7.1046,-6.3723,-4.9027,-7.3193,-13.1157,-9.2422,-17.052,-16.4854,-9.4973
LD,B2,MobileDeviceScreenSharing.y4m,v04.0.0,-27.2424,-35.5489,-36.2452,-28.0817,-26.2295,-26.6472,-23.009,-21.6848,-26.3665,-31.0809,-27.2497,-35.2821,-36.4615,-27.583
LD,B2,MobileDeviceScreenSharing.y4m,v05.0.0,-29.6805,-37.9363,-39.0659,-30.5389,-27.7246,-28.4213,-25.9573,-24.2282,-28.733,-32.8571,-29.7043,-37.7815,-39.2777,-30.0438
LD,B2,MobileDeviceScreenSharing.y4m,v06.0.0,-38.6154,-48.4072,-49.6306,-39.656,-39.0677,-38.9281,-37.9469,-36.2859,-39.6543,-45.319,-38.6739,-48.1029,-49.7757,-39.1678
LD,B2,MobileDeviceScreenSharing.y4m,v07.0.0,-40.3334,-49.2853,-51.9186,-41.3685,-40.2691,-40.266,-39.6161,-37.9706,-41.0986,-45.3395,-40.3992,-49.1107,-51.9916,-40.8733
LD,B2,MobileDeviceScreenSharing.y4m,v08.0.0,-42.8031,-51.2748,-51.9674,-43.6885,-42.464,-42.538,-41.2121,-39.7072,-43.0637,-47.8199,-42.8714,-51.1864,-52.3276,-43.3064
LD,B2,MobileDeviceScreenSharing.y4m,v09.0.0,-45.3759,-54.0206,-52.9502,-46.2205,-46.2937,-46.0603,-45.377,-43.9397,-46.689,-49.6313,-45.4311,-53.9919,-53.3368,-45.8972
LD,B2,MobileDeviceScreenSharing.y4m,v10.0.0,-46.0039,-54.56,-53.5649,-46.8427,-46.0857,-46.1604,-46.1748,-44.3075,-46.4405,-50.3804,-46.0613,-54.6551,-54.0416,-46.533
LD,B2,MobileDeviceScreenSharing.y4m,v11.0.0,-44.3117,-51.8121,-52.5468,-45.1039,-44.479,-44.4692,-45.1671,-43.5612,-45.1628,-50.1805,-44.3762,-51.7163,-52.7502,-44.8364
LD,B2,MobileDeviceScreenSharing.y4m,v12.0.0,-45.6861,-53.0176,-51.5668,-46.3463,-45.7439,-45.7229,-46.3293,-44.4962,-46.5618,-49.8181,-45.755,-52.9336,-52.0264,-46.1434
LD,B2,MobileDeviceScreenSharing.y4m,v13.0.0,-45.9118,-52.6723,-53.1434,-46.5867,-46.2573,-45.57,-47.2068,-45.2638,-46.4885,-50.5365,-45.9578,-52.6836,-53.494,-46.3278
LD,B2,MobileDeviceScreenSharing.y4m,v14.0.0,-45.8073,-52.6187,-53.4615,-46.5273,-46.2308,-45.4065,-46.5915,-44.7105,-46.4702,-50.5043,-45.8638,-52.5134,-53.708,-46.2476
LD,B2,MobileDeviceScreenSharing.y4m,v15.0.0,-45.8089,-52.62,-53.4631,-46.5289,-46.2324,-45.4087,-46.6009,-44.7207,-46.4724,-50.5056,-45.8654,-52.5148,-53.7096,-46.2492
LD,B2,SceneComposition_2.y4m,v02.0.0,-2.5547,-25.8127,-29.2819,-5.4703,-3.135,-2.5077,2.6546,2.0015,-5.2308,-17.1731,-2.5818,-25.5809,-28.4608,-5.8482
LD,B2,SceneComposition_2.y4m,v03.0.0,-11.8199,-21.7804,-34.2078,-13.7238,-13.1928,-12.6545,-10.7724,-9.9384,-13.8218,-20.6984,-11.839,-22.0392,-33.5541,-14.1705
LD,B2,SceneComposition_2.y4m,v04.0.0,-21.8414,-39.5399,-47.1939,-24.5671,-22.8718,-22.5802,-22.5903,-21.1994,-24.5849,-37.4295,-21.854,-39.4683,-46.1176,-25.2456
LD,B2,SceneComposition_2.y4m,v05.0.0,-23.9795,-41.396,-49.5679,-26.7233,-25.7895,-25.7407,-26.3145,-24.9997,-27.3678,-40.505,-24.0076,-41.5003,-48.908,-27.4799
LD,B2,SceneComposition_2.y4m,v06.0.0,-28.085,-50.6793,-56.5602,-31.5712,-30.9202,-30.287,-31.804,-30.9039,-32.1908,-47.3314,-28.1264,-51.0504,-57.0554,-32.475
LD,B2,SceneComposition_2.y4m,v07.0.0,-29.1384,-51.932,-57.8254,-32.7095,-33.1295,-32.6751,-30.8054,-30.1887,-33.8143,-48.6603,-29.1983,-52.1919,-58.1914,-33.5771
LD,B2,SceneComposition_2.y4m,v08.0.0,-33.9249,-55.3276,-60.4802,-37.1704,-37.3896,-36.6755,-38.177,-37.2036,-38.1604,-52.0409,-33.9789,-55.6716,-60.8023,-38.0069
LD,B2,SceneComposition_2.y4m,v09.0.0,-35.5012,-57.2421,-61.6046,-38.764,-39.1977,-38.9356,-39.9931,-39.2336,-40.595,-54.2992,-35.5818,-57.5797,-61.9495,-39.6035
LD,B2,SceneComposition_2.y4m,v10.0.0,-35.2471,-56.5214,-61.5888,-38.4837,-38.3042,-37.6621,-40.7428,-39.3192,-39.6542,-52.0975,-35.3103,-56.8374,-61.9898,-39.2852
LD,B2,SceneComposition_2.y4m,v11.0.0,-37.8235,-58.5326,-62.956,-40.8977,-40.7903,-40.3696,-44.044,-42.368,-42.0987,-55.1195,-37.8962,-58.7085,-63.2853,-41.6659
LD,B2,SceneComposition_2.y4m,v12.0.0,-38.4091,-58.6158,-63.3376,-41.3871,-41.3363,-41.179,-43.7464,-42.7024,-42.7791,-55.157,-38.4841,-58.8069,-63.6508,-42.1389
LD,B2,SceneComposition_2.y4m,v13.0.0,-39.446,-58.9886,-63.3413,-42.3154,-41.2926,-40.7938,-43.5033,-42.4312,-42.516,-54.7553,-39.4797,-59.1335,-63.587,-43.0293
LD,B2,SceneComposition_2.y4m,v14.0.0,-38.9268,-58.6854,-63.1239,-41.8331,-40.704,-40.5047,-43.4109,-42.2022,-42.0131,-54.719,-38.9569,-58.8404,-63.3361,-42.5619
LD,B2,SceneComposition_2.y4m,v15.0.0,-38.9268,-58.6854,-63.1239,-41.8331,-40.704,-40.5047,-43.4109,-42.2022,-42.0131,-54.719,-38.9569,-58.8404,-63.3361,-42.5619
LD,B2,Slides1_1920x1080_30fps_8bit_420.y4m,v02.0.0,-3.1895,-13.3113,-10.5577,-4.2068,-3.5251,-3.167,-4.0042,-3.564,-4.1583,-7.3744,-2.9137,-11.945,-15.2998,-5.4543
LD,B2,Slides1_1920x1080_30fps_8bit_420.y4m,v03.0.0,-14.4826,-19.3714,-19.5889,-15.0326,-18.281,-17.4956,-18.2932,-16.3319,-15.9476,-13.2203,-14.4306,-20.5586,-23.959,-16.2653
LD,B2,Slides1_1920x1080_30fps_8bit_420.y4m,v04.0.0,-33.4208,-40.2807,-39.7457,-34.1753,-36.1902,-35.6369,-34.95,-33.4648,-33.8687,-32.4478,-34.0931,-40.5748,-45.3876,-36.124
LD,B2,Slides1_1920x1080_30fps_8bit_420.y4m,v05.0.0,-37.204,-51.1816,-48.2893,-38.7243,-39.751,-39.3991,-38.0792,-36.6538,-38.3331,-41.7408,-37.5763,-52.909,-55.1749,-41.5918
LD,B2,Slides1_1920x1080_30fps_8bit_420.y4m,v06.0.0,-44.556,-58.0,-57.0787,-46.1311,-50.4323,-49.6332,-51.2654,-49.9909,-47.1271,-51.2242,-45.1112,-60.1048,-61.643,-49.0122
LD,B2,Slides1_1920x1080_30fps_8bit_420.y4m,v07.0.0,-46.8649,-60.1564,-59.7985,-48.4712,-52.5905,-51.9315,-53.32,-52.1136,-49.7374,-53.8145,-47.3059,-61.9323,-63.8536,-51.1907
LD,B2,Slides1_1920x1080_30fps_8bit_420.y4m,v08.0.0,-50.4322,-62.6973,-62.3658,-51.9067,-55.9365,-55.2766,-56.2926,-55.2765,-53.1285,-57.394,-50.7905,-64.2874,-66.2873,-54.3492
LD,B2,Slides1_1920x1080_30fps_8bit_420.y4m,v09.0.0,-52.6983,-64.6139,-63.5596,-54.1023,-58.2477,-57.5045,-59.6089,-58.6673,-55.7609,-57.7453,-52.9592,-66.406,-68.1495,-56.4214
LD,B2,Slides1_1920x1080_30fps_8bit_420.y4m,v10.0.0,-52.0829,-64.0393,-63.1396,-53.474,-56.7825,-56.1729,-58.5771,-57.1385,-54.6698,-58.5194,-52.4119,-66.016,-66.9955,-55.8443
LD,B2,Slides1_1920x1080_30fps_8bit_420.y4m,v11.0.0,-53.3728,-64.4444,-63.5988,-54.6845,-58.2091,-57.4991,-60.7411,-59.0812,-55.8673,-59.1684,-53.6868,-65.3192,-67.2008,-56.6715
LD,B2,Slides1_1920x1080_30fps_8bit_420.y4m,v12.0.0,-53.6266,-63.5101,-63.0505,-54.8163,-58.4258,-57.6017,-61.2887,-59.6814,-56.0252,-58.222,-54.0426,-63.2818,-66.6155,-56.5864
LD,B2,Slides1_1920x1080_30fps_8bit_420.y4m,v13.0.0,-53.7848,-61.9107,-63.3291,-54.8199,-56.4429,-57.6492,-61.2291,-59.6597,-55.6933,-57.9562,-54.2675,-62.9201,-66.534,-56.7243
LD,B2,Slides1_1920x1080_30fps_8bit_420.y4m,v14.0.0,-53.5265,-61.4183,-63.0473,-54.6201,-56.2947,-57.5117,-60.7266,-59.147,-55.4541,-55.3757,-54.0275,-62.9116,-66.4499,-56.5263
LD,B2,Slides1_1920x1080_30fps_8bit_420.y4m,v15.0.0,-53.5105,-62.0296,-62.731,-54.6223,-56.2053,-57.3819,-60.6346,-59.089,-55.4819,-57.2936,-53.9806,-63.0681,-66.4542,-56.5015
LD,B2,Slides2r_1920x1080_30fps_8bit_420.y4m,v02.0.0,-1.7621,-17.7533,-17.9541,-3.2207,-2.595,-2.832,-1.9019,-1.5844,-2.7844,-5.4751,-1.6674,-7.104,-6.0894,-2.3269
LD,B2,Slides2r_1920x1080_30fps_8bit_420.y4m,v03.0.0,-9.9068,-22.0499,-23.0953,-11.0481,-9.3964,-9.624,-14.0229,-12.2477,-9.0132,-9.0572,-9.9204,-12.3265,-11.6066,-10.2597
LD,B2,Slides2r_1920x1080_30fps_8bit_420.y4m,v04.0.0,-19.7833,-34.2049,-31.3272,-20.9979,-19.9301,-20.3753,-22.875,-21.0811,-19.3617,-21.8042,-19.6312,-23.9181,-22.9313,-20.2313
LD,B2,Slides2r_1920x1080_30fps_8bit_420.y4m,v05.0.0,-23.7262,-37.4224,-37.9538,-25.0323,-24.0513,-24.543,-27.142,-25.7016,-23.7006,-26.5274,-23.4332,-26.9948,-26.7054,-24.0068
LD,B2,Slides2r_1920x1080_30fps_8bit_420.y4m,v06.0.0,-28.8684,-41.4652,-41.4037,-30.0738,-29.234,-29.9064,-35.6409,-35.6461,-29.0373,-36.4282,-28.3036,-30.4869,-30.5101,-28.6381
LD,B2,Slides2r_1920x1080_30fps_8bit_420.y4m,v07.0.0,-30.316,-41.356,-41.095,-31.3383,-31.413,-32.0358,-37.8244,-37.7766,-30.4498,-28.8331,-29.5213,-30.9538,-30.6727,-29.7165
LD,B2,Slides2r_1920x1080_30fps_8bit_420.y4m,v08.0.0,-32.5044,-43.533,-42.9888,-33.5082,-33.9059,-34.4966,-39.1438,-39.3042,-32.8305,-32.7759,-31.6813,-33.1554,-32.7358,-31.8752
LD,B2,Slides2r_1920x1080_30fps_8bit_420.y4m,v09.0.0,-33.1157,-43.3345,-43.5606,-34.0633,-35.9004,-36.262,-41.1242,-41.3034,-34.5688,-34.3256,-32.6702,-33.5286,-33.4937,-32.7589
LD,B2,Slides2r_1920x1080_30fps_8bit_420.y4m,v10.0.0,-31.2951,-43.8937,-43.8371,-32.4929,-32.7864,-33.2396,-39.6199,-39.3961,-31.8713,-33.5233,-30.5974,-31.6937,-31.8954,-30.741
LD,B2,Slides2r_1920x1080_30fps_8bit_420.y4m,v11.0.0,-33.0074,-42.7426,-43.1726,-33.9125,-34.8993,-35.1724,-41.9809,-41.5005,-33.6495,-33.3657,-32.5051,-32.8162,-32.4371,-32.4473
LD,B2,Slides2r_1920x1080_30fps_8bit_420.y4m,v12.0.0,-33.5148,-43.6076,-43.3988,-34.4214,-35.2452,-35.6288,-42.5778,-42.0849,-34.0818,-33.0218,-33.0214,-33.2588,-32.9692,-32.9617
LD,B2,Slides2r_1920x1080_30fps_8bit_420.y4m,v13.0.0,-33.5846,-42.0672,-42.6242,-34.3788,-36.7116,-35.9909,-42.1292,-41.6657,-34.2988,-31.1051,-32.5892,-33.1438,-32.436,-32.5458
LD,B2,Slides2r_1920x1080_30fps_8bit_420.y4m,v14.0.0,-33.4688,-42.1497,-42.9164,-34.2895,-36.4924,-35.7644,-41.9726,-41.4983,-34.1336,-31.4003,-32.4661,-32.9389,-32.7429,-32.4405
LD,B2,Slides2r_1920x1080_30fps_8bit_420.y4m,v15.0.0,-33.5079,-42.2716,-43.0016,-34.335,-36.5928,-35.9293,-41.8991,-41.4786,-34.2431,-31.5403,-32.4939,-33.0686,-32.784,-32.4779
LD,B2,Spreadsheet_1920x1080_30fps_8bit_420_130f.y4m,v02.0.0,-4.478,-19.3282,-16.7175,-5.8521,-6.7607,-6.4284,-5.7877,-5.66,-7.3054,-15.4118,-4.8049,-19.5474,-17.0136,-6.1372
LD,B2,Spreadsheet_1920x1080_30fps_8bit_420_130f.y4m,v03.0.0,-24.8073,-33.2622,-33.823,-25.6961,-24.263,-24.2878,-26.5515,-25.2133,-24.993,-31.7684,-24.8004,-32.7146,-34.1127,-25.6957
LD,B2,Spreadsheet_1920x1080_30fps_8bit_420_130f.y4m,v04.0.0,-33.1538,-44.9205,-46.6225,-34.4927,-34.0077,-33.9299,-35.5614,-34.004,-34.3569,-42.259,-33.1704,-44.2674,-46.5355,-34.4762
LD,B2,Spreadsheet_1920x1080_30fps_8bit_420_130f.y4m,v05.0.0,-36.4476,-50.4066,-51.1121,-38.1358,-36.9134,-36.7959,-38.3906,-37.2241,-37.783,-46.6646,-36.4486,-50.0637,-51.2361,-38.1089
LD,B2,Spreadsheet_1920x1080_30fps_8bit_420_130f.y4m,v06.0.0,-42.2538,-55.3568,-58.3703,-43.9687,-43.3272,-43.3062,-45.8767,-44.4203,-44.1653,-52.5949,-42.323,-55.2509,-58.7577,-43.9757
LD,B2,Spreadsheet_1920x1080_30fps_8bit_420_130f.y4m,v07.0.0,-43.6801,-56.0771,-59.3919,-45.3371,-44.9767,-44.912,-46.6875,-45.4687,-45.6194,-53.2963,-43.7819,-55.8066,-59.7491,-45.3768
LD,B2,Spreadsheet_1920x1080_30fps_8bit_420_130f.y4m,v08.0.0,-47.9791,-60.1762,-62.1528,-49.5042,-49.774,-49.7137,-50.5022,-49.4801,-49.9985,-57.0783,-48.0831,-60.0607,-62.4362,-49.5323
LD,B2,Spreadsheet_1920x1080_30fps_8bit_420_130f.y4m,v09.0.0,-51.8567,-62.7049,-64.678,-53.2219,-53.4891,-53.4096,-54.3766,-52.9943,-53.8345,-59.8181,-51.9813,-62.8218,-65.0938,-53.3213
LD,B2,Spreadsheet_1920x1080_30fps_8bit_420_130f.y4m,v10.0.0,-51.4031,-63.4997,-64.8654,-52.9009,-52.2611,-52.3084,-54.0243,-52.6383,-52.9868,-60.5664,-51.5077,-63.628,-65.0977,-52.9599
LD,B2,Spreadsheet_1920x1080_30fps_8bit_420_130f.y4m,v11.0.0,-52.5521,-63.8153,-64.4242,-53.8714,-53.6024,-53.693,-55.3195,-53.9088,-53.9972,-61.0632,-52.6268,-63.8502,-64.6213,-53.9163
LD,B2,Spreadsheet_1920x1080_30fps_8bit_420_130f.y4m,v12.0.0,-52.9379,-63.4248,-64.8066,-54.1763,-53.3691,-53.4476,-55.7784,-54.2931,-54.1251,-61.186,-53.0178,-63.3822,-65.0381,-54.2271
LD,B2,Spreadsheet_1920x1080_30fps_8bit_420_130f.y4m,v13.0.0,-53.3885,-63.6192,-65.1425,-54.61,-55.4928,-54.1154,-56.3711,-54.9183,-54.2825,-61.359,-53.3584,-63.601,-65.3196,-54.5627
LD,B2,Spreadsheet_1920x1080_30fps_8bit_420_130f.y4m,v14.0.0,-53.2477,-63.2259,-64.9738,-54.4515,-55.1236,-53.9155,-55.9843,-54.5657,-54.1082,-61.1536,-53.2164,-63.0631,-65.2614,-54.402
LD,B2,Spreadsheet_1920x1080_30fps_8bit_420_130f.y4m,v15.0.0,-53.318,-63.1929,-64.9374,-54.5073,-55.243,-53.935,-55.9618,-54.5673,-54.0945,-61.127,-53.2934,-63.0595,-65.2344,-54.464
LD,B2,Wikipedia_1920x1080p30.y4m,v02.0.0,-3.5396,-12.4255,-11.3905,-4.3063,-3.696,-4.0016,-3.3375,-2.9735,-4.0503,-8.0506,-3.7058,-12.3097,-11.0801,-4.6136
LD,B2,Wikipedia_1920x1080p30.y4m,v03.0.0,-10.7166,-17.7242,-16.7776,-11.3138,-10.3635,-10.5451,-11.6932,-10.5775,-10.1989,-14.4269,-10.7954,-17.7292,-16.6175,-11.5386
LD,B2,Wikipedia_1920x1080p30.y4m,v04.0.0,-22.7018,-32.1246,-31.6063,-23.5747,-22.3223,-22.6834,-24.0066,-23.2134,-22.6764,-27.8444,-22.9079,-31.7142,-30.7792,-24.0802
LD,B2,Wikipedia_1920x1080p30.y4m,v05.0.0,-24.2095,-34.0216,-32.8834,-25.1037,-24.4177,-24.8019,-25.8692,-24.7503,-24.5187,-29.7477,-24.419,-33.6258,-32.1283,-25.6464
LD,B2,Wikipedia_1920x1080p30.y4m,v06.0.0,-29.8327,-42.8277,-41.6358,-31.105,-30.0244,-30.0845,-32.5001,-31.2566,-30.0871,-36.5534,-30.1267,-43.0586,-41.4622,-31.9002
LD,B2,Wikipedia_1920x1080p30.y4m,v07.0.0,-32.2297,-45.4411,-44.4335,-33.5378,-32.5037,-32.571,-33.2142,-32.6393,-32.6671,-38.5796,-32.5501,-45.6973,-44.3142,-34.3504
LD,B2,Wikipedia_1920x1080p30.y4m,v08.0.0,-35.0749,-47.6065,-46.6033,-36.2998,-35.4647,-35.5535,-35.3729,-35.0423,-35.329,-41.5046,-35.3544,-47.8734,-46.4126,-37.0186
LD,B2,Wikipedia_1920x1080p30.y4m,v09.0.0,-36.7417,-49.1369,-48.4473,-37.9691,-37.3822,-37.3036,-38.5023,-37.8155,-37.3831,-43.5063,-37.1104,-49.5055,-48.2564,-38.7546
LD,B2,Wikipedia_1920x1080p30.y4m,v10.0.0,-36.8481,-49.8507,-49.5182,-38.1871,-37.4055,-37.4045,-38.8808,-37.5896,-37.5201,-43.762,-37.1469,-50.1937,-49.1911,-38.9109
LD,B2,Wikipedia_1920x1080p30.y4m,v11.0.0,-37.2138,-48.8766,-48.551,-38.3631,-37.3332,-37.3254,-39.6868,-38.4484,-37.7008,-43.3666,-37.5135,-49.0312,-48.1602,-39.0286
LD,B2,Wikipedia_1920x1080p30.y4m,v12.0.0,-38.3635,-49.1261,-48.4969,-39.3853,-38.6092,-38.7667,-41.569,-40.0491,-38.8322,-44.7882,-38.6753,-49.2161,-48.1075,-40.0032
LD,B2,Wikipedia_1920x1080p30.y4m,v13.0.0,-38.8958,-49.4057,-49.2483,-39.9038,-39.5991,-39.0492,-41.5217,-40.3927,-38.9837,-44.9344,-39.102,-49.3079,-48.4928,-40.3877
LD,B2,Wikipedia_1920x1080p30.y4m,v14.0.0,-38.6071,-49.1826,-48.666,-39.6041,-38.9225,-38.6301,-41.1408,-40.0278,-38.6541,-44.6551,-38.8247,-49.0937,-47.9862,-40.1055
LD,B2,Wikipedia_1920x1080p30.y4m,v15.0.0,-38.6265,-49.3635,-48.4888,-39.624,-39.0198,-38.6371,-41.0833,-39.9839,-38.6951,-44.868,-38.8361,-49.2162,-47.8105,-40.1242
RA,A1,BoxingPractice_3840x2160_5994fps_10bit_420.y4m,v02.0.0,-1.9897,-8.2208,-10.4281,-2.9339,-1.189,-1.7161,-2.3202,-2.0966,-2.1006,-5.4279,-2.0249,-8.2465,-10.5335,-2.9755
RA,A1,BoxingPractice_3840x2160_5994fps_10bit_420.y4m,v03.0.0,-11.9956,-13.0431,-17.5101,-12.4241,-9.1523,-10.862,-17.613,-14.9277,-10.9226,-12.7673,-12.1101,-13.0872,-17.6521,-12.5617
RA,A1,BoxingPractice_3840x2160_5994fps_10bit_420.y4m,v04.0.0,-18.5691,-24.5224,-27.854,-19.5729,-15.3768,-17.6792,-25.5587,-22.2169,-17.5651,-21.4511,-18.6837,-24.5548,-27.9502,-19.6958
RA,A1,BoxingPractice_3840x2160_5994fps_10bit_420.y4m,v05.0.0,-20.4449,-28.7547,-36.7736,-22.1227,-17.0404,-19.5158,-27.159,-24.027,-19.6305,-24.939,-20.5528,-28.7423,-36.8403,-22.2109
RA,A1,BoxingPractice_3840x2160_5994fps_10bit_420.y4m,v06.0.0,-23.0699,-30.7626,-39.7301,-24.7405,-20.1149,-22.2554,-29.7527,-26.7095,-22.3245,-27.9307,-23.1809,-30.7679,-39.7937,-24.8351
RA,A1,BoxingPractice_3840x2160_5994fps_10bit_420.y4m,v07.0.0,-24.0225,-32.9965,-42.41,-25.92,-21.15,-23.2207,-30.656,-27.6034,-23.4242,-29.8631,-24.145,-33.0095,-42.4657,-26.0091
RA,A1,BoxingPractice_3840x2160_5994fps_10bit_420.y4m,v08.0.0,-24.744,-34.9409,-44.0722,-26.7976,-21.415,-23.7865,-30.2058,-27.5591,-24.1252,-31.2728,-24.8736,-34.991,-44.1558,-26.8795
RA,A1,BoxingPractice_3840x2160_5994fps_10bit_420.y4m,v09.0.0,-26.3807,-33.3597,-43.3293,-28.0197,-23.3256,-24.5809,-31.8137,-29.178,-25.7997,-30.528,-26.5582,-33.4244,-43.4407,-28.1758
RA,A1,BoxingPractice_3840x2160_5994fps_10bit_420.y4m,v10.0.0,-27.3911,-33.0183,-42.5006,-28.8025,-23.5791,-25.4053,-32.4757,-30.1671,-26.3985,-30.6308,-27.5523,-33.0787,-42.6121,-28.9615
RA,A1,BoxingPractice_3840x2160_5994fps_10bit_420.y4m,v11.0.0,-28.0937,-34.1223,-43.5976,-29.5676,-24.5324,-25.6521,-32.859,-30.7212,-27.235,-31.3081,-28.3216,-34.2684,-43.7596,-29.7898
RA,A1,BoxingPractice_3840x2160_5994fps_10bit_420.y4m,v12.0.0,-28.1352,-34.3508,-43.1691,-29.5828,-24.3374,-25.5904,-32.8972,-30.7473,-27.1895,-31.5052,-28.3606,-34.5039,-43.3365,-29.8023
RA,A1,BoxingPractice_3840x2160_5994fps_10bit_420.y4m,v13.0.0,-28.1705,-33.9906,-43.1861,-29.5909,-27.8294,-25.6049,-32.6673,-30.5839,-27.2404,-31.3809,-28.3927,-34.141,-43.3483,-29.8101
RA,A1,BoxingPractice_3840x2160_5994fps_10bit_420.y4m,v14.0.0,-28.1031,-33.8964,-43.132,-29.5226,-27.7661,-25.5439,-32.49,-30.4456,-27.1791,-31.2988,-28.3248,-34.0456,-43.2953,-29.7416
RA,A1,BoxingPractice_3840x2160_5994fps_10bit_420.y4m,v15.0.0,-28.0982,-33.9391,-43.1735,-29.5247,-27.7534,-25.5357,-32.4889,-30.436,-27.1761,-31.323,-28.3201,-34.0889,-43.3397,-29.7434
RA,A1,Crosswalk_3840x2160_5994fps_10bit_420.y4m,v02.0.0,-3.0489,-5.9398,-5.462,-3.4024,-1.3347,-3.0823,-3.8471,-3.7694,-3.0494,-3.7568,-3.1026,-5.9657,-5.5008,-3.3581
RA,A1,Crosswalk_3840x2160_5994fps_10bit_420.y4m,v03.0.0,-16.5546,-17.198,-15.9678,-16.5516,-13.146,-16.7024,-19.9384,-19.1776,-15.7353,-16.1083,-16.6865,-17.2227,-15.9164,-16.6875
RA,A1,Crosswalk_3840x2160_5994fps_10bit_420.y4m,v04.0.0,-23.0733,-28.1431,-27.9768,-23.7566,-19.3531,-23.4145,-29.1054,-27.6557,-22.3177,-24.5203,-23.2166,-28.2028,-27.9532,-23.6862
RA,A1,Crosswalk_3840x2160_5994fps_10bit_420.y4m,v05.0.0,-25.3209,-32.7904,-30.2966,-26.1654,-21.4787,-25.52,-31.4368,-29.929,-24.4421,-27.7036,-25.4659,-32.8126,-30.2585,-26.0762
RA,A1,Crosswalk_3840x2160_5994fps_10bit_420.y4m,v06.0.0,-28.3602,-35.6131,-32.5812,-29.1257,-25.3299,-29.0023,-34.1317,-32.666,-27.3539,-30.7688,-28.4959,-35.6549,-32.5751,-29.058
RA,A1,Crosswalk_3840x2160_5994fps_10bit_420.y4m,v07.0.0,-28.8705,-39.3166,-37.8978,-30.2181,-25.8013,-29.4908,-35.0378,-33.4766,-28.208,-32.378,-29.0252,-39.4118,-37.9801,-29.9684
RA,A1,Crosswalk_3840x2160_5994fps_10bit_420.y4m,v08.0.0,-28.9321,-39.7437,-37.8431,-30.2928,-25.7837,-29.6211,-34.0746,-32.7264,-28.3069,-32.4976,-29.072,-39.8344,-37.9211,-30.0298
RA,A1,Crosswalk_3840x2160_5994fps_10bit_420.y4m,v09.0.0,-31.8083,-38.7409,-36.9424,-32.6279,-29.2179,-32.016,-36.3083,-34.9791,-31.222,-33.55,-32.0467,-38.8397,-37.112,-32.6335
RA,A1,Crosswalk_3840x2160_5994fps_10bit_420.y4m,v10.0.0,-32.5899,-38.9033,-37.3023,-33.3334,-29.694,-32.7361,-38.6599,-37.1575,-31.9599,-34.1795,-32.8222,-39.053,-37.4767,-33.3579
RA,A1,Crosswalk_3840x2160_5994fps_10bit_420.y4m,v11.0.0,-33.0868,-43.7405,-42.2149,-34.4527,-30.851,-33.374,-39.5031,-37.9683,-33.042,-36.9427,-33.3627,-43.9266,-42.399,-34.3084
RA,A1,Crosswalk_3840x2160_5994fps_10bit_420.y4m,v12.0.0,-32.9567,-43.7887,-41.6737,-34.2979,-30.495,-33.1349,-39.3142,-37.7487,-32.8246,-36.6755,-33.2273,-43.9877,-41.88,-34.166
RA,A1,Crosswalk_3840x2160_5994fps_10bit_420.y4m,v13.0.0,-33.1252,-43.6733,-41.8728,-34.4518,-36.6096,-33.2844,-39.5879,-38.0728,-32.9755,-36.6679,-33.4048,-43.8354,-42.0301,-34.3246
RA,A1,Crosswalk_3840x2160_5994fps_10bit_420.y4m,v14.0.0,-33.0621,-43.621,-41.5393,-34.3679,-36.5511,-33.2443,-39.5205,-38.0067,-32.9124,-36.6054,-33.3388,-43.7873,-41.7097,-34.2488
RA,A1,Crosswalk_3840x2160_5994fps_10bit_420.y4m,v15.0.0,-33.0521,-43.6143,-41.5537,-34.3601,-36.5508,-33.2279,-39.5405,-38.0068,-32.8988,-36.6118,-33.3288,-43.7804,-41.7256,-34.24
RA,A1,FoodMarket2_3840x2160_5994fps_10bit_420.y4m,v02.0.0,-2.8109,-10.826,-8.345,-3.6123,-1.9651,-2.5519,-3.484,-3.1523,-2.7439,-5.3396,-2.8099,-11.0453,-8.3186,-3.5888
RA,A1,FoodMarket2_3840x2160_5994fps_10bit_420.y4m,v03.0.0,-13.6636,-17.0722,-14.752,-13.9268,-11.4496,-12.9037,-20.9345,-19.1356,-12.6162,-14.2532,-13.5964,-17.2153,-14.6105,-13.8747
RA,A1,FoodMarket2_3840x2160_5994fps_10bit_420.y4m,v04.0.0,-23.2456,-30.7971,-26.8354,-23.9131,-20.0429,-22.6768,-32.5747,-30.1187,-21.7536,-25.2729,-23.1434,-30.9453,-26.7097,-23.8131
RA,A1,FoodMarket2_3840x2160_5994fps_10bit_420.y4m,v05.0.0,-25.3003,-38.4447,-32.8138,-26.5812,-21.9372,-24.5868,-35.3043,-32.7769,-23.8795,-29.3554,-25.2003,-38.5096,-32.6487,-26.4273
RA,A1,FoodMarket2_3840x2160_5994fps_10bit_420.y4m,v06.0.0,-27.8454,-40.6276,-35.2859,-29.103,-24.8379,-27.4115,-37.5394,-35.0793,-26.3577,-32.1738,-27.6958,-40.6527,-35.1198,-28.9057
RA,A1,FoodMarket2_3840x2160_5994fps_10bit_420.y4m,v07.0.0,-28.5278,-42.4087,-36.8053,-29.9127,-25.627,-28.0565,-38.3934,-35.9532,-27.0695,-33.4555,-28.3738,-42.3919,-36.5448,-29.6812
RA,A1,FoodMarket2_3840x2160_5994fps_10bit_420.y4m,v08.0.0,-29.0233,-42.9215,-37.6987,-30.4344,-26.0058,-28.537,-38.7132,-36.2773,-27.5574,-33.9668,-28.8844,-42.8785,-37.4045,-30.2088
RA,A1,FoodMarket2_3840x2160_5994fps_10bit_420.y4m,v09.0.0,-31.1957,-41.9684,-36.8252,-32.1979,-29.1079,-30.3831,-40.8665,-38.4771,-29.7501,-34.679,-30.9221,-41.907,-36.4973,-31.8874
RA,A1,FoodMarket2_3840x2160_5994fps_10bit_420.y4m,v10.0.0,-32.3293,-42.1086,-36.9016,-33.2015,-29.7206,-31.3538,-42.1889,-39.8246,-30.6421,-35.2324,-32.0734,-42.0337,-36.5674,-32.9172
RA,A1,FoodMarket2_3840x2160_5994fps_10bit_420.y4m,v11.0.0,-33.1209,-42.3597,-37.2122,-33.9319,-30.6518,-31.9208,-42.7728,-40.3749,-31.4693,-35.8041,-32.9521,-42.3995,-37.0463,-33.7469
RA,A1,FoodMarket2_3840x2160_5994fps_10bit_420.y4m,v12.0.0,-32.8881,-42.5844,-37.0363,-33.7321,-30.1759,-31.5347,-42.767,-40.3051,-31.1916,-35.6584,-32.7263,-42.5935,-36.8764,-33.5509
RA,A1,FoodMarket2_3840x2160_5994fps_10bit_420.y4m,v13.0.0,-32.9598,-42.7587,-37.3046,-33.8221,-33.0657,-31.6465,-42.8811,-40.4372,-31.2707,-35.8183,-32.8019,-42.7628,-37.1399,-33.6393
RA,A1,FoodMarket2_3840x2160_5994fps_10bit_420.y4m,v14.0.0,-32.9107,-42.7335,-37.2637,-33.775,-33.0176,-31.5858,-42.8416,-40.3892,-31.2235,-35.7773,-32.7527,-42.7404,-37.0945,-33.5919
RA,A1,FoodMarket2_3840x2160_5994fps_10bit_420.y4m,v15.0.0,-32.9103,-42.6922,-37.2596,-33.7717,-33.0217,-31.5863,-42.8414,-40.3892,-31.2262,-35.7566,-32.7519,-42.6917,-37.0897,-33.5878
RA,A1,Neon1224_3840x2160_2997fps.y4m,v02.0.0,-3.2099,-3.1859,-2.5952,-3.1674,-2.6911,-2.8021,-3.9936,-4.1205,-3.2405,-3.7272,-3.2132,-3.0497,-2.4712,-3.0927
RA,A1,Neon1224_3840x2160_2997fps.y4m,v03.0.0,-10.3126,-7.1591,-7.377,-9.9225,-8.3765,-9.9333,-11.9583,-11.995,-9.6811,-9.2974,-10.3785,-6.9994,-7.3213,-9.7198
RA,A1,Neon1224_3840x2160_2997fps.y4m,v04.0.0,-15.1261,-15.0074,-15.4906,-15.151,-13.0343,-14.9563,-19.3119,-18.6639,-14.7421,-15.3528,-15.2357,-14.8946,-15.4824,-15.2021
RA,A1,Neon1224_3840x2160_2997fps.y4m,v05.0.0,-16.6559,-16.3831,-16.3353,-16.6263,-14.5235,-16.4726,-21.0533,-20.3557,-16.1927,-16.9341,-16.7776,-16.2509,-16.2929,-16.6401
RA,A1,Neon1224_3840x2160_2997fps.y4m,v06.0.0,-19.9317,-18.4936,-18.4662,-19.749,-18.7378,-20.8988,-24.8977,-24.2123,-19.3275,-20.0848,-20.1256,-18.4144,-18.5097,-19.7628
RA,A1,Neon1224_3840x2160_2997fps.y4m,v07.0.0,-20.876,-21.0484,-20.9326,-20.8958,-19.5238,-21.6907,-26.3189,-25.553,-20.4972,-21.8022,-21.08,-20.9818,-20.9666,-21.0391
RA,A1,Neon1224_3840x2160_2997fps.y4m,v08.0.0,-21.4137,-21.7245,-21.6315,-21.4529,-19.7696,-22.1838,-26.2395,-25.5698,-21.0261,-22.3067,-21.6207,-21.6311,-21.6474,-21.6057
RA,A1,Neon1224_3840x2160_2997fps.y4m,v09.0.0,-23.2026,-23.604,-23.537,-23.2539,-21.599,-23.5467,-28.2153,-27.5533,-22.8538,-23.782,-23.7125,-23.8803,-23.9119,-23.7367
RA,A1,Neon1224_3840x2160_2997fps.y4m,v10.0.0,-24.9739,-24.2562,-24.5983,-24.908,-22.4751,-25.1183,-31.7064,-30.7298,-24.4123,-25.0311,-25.5071,-24.5533,-24.9893,-25.3472
RA,A1,Neon1224_3840x2160_2997fps.y4m,v11.0.0,-24.8074,-25.7891,-25.3759,-24.9092,-22.3565,-24.9854,-31.3077,-30.459,-24.4134,-26.4179,-25.0465,-25.9835,-25.5158,-25.1691
RA,A1,Neon1224_3840x2160_2997fps.y4m,v12.0.0,-24.81,-25.7308,-25.2743,-24.9008,-22.1532,-24.8769,-31.3872,-30.5222,-24.3595,-26.3195,-25.0473,-25.9276,-25.432,-25.1557
RA,A1,Neon1224_3840x2160_2997fps.y4m,v13.0.0,-24.7773,-25.6597,-25.174,-24.8613,-28.301,-24.8165,-31.4212,-30.5246,-24.3185,-26.3591,-25.0113,-25.8429,-25.3163,-25.1054
RA,A1,Neon1224_3840x2160_2997fps.y4m,v14.0.0,-24.7645,-25.6526,-25.1526,-24.8483,-28.285,-24.7955,-31.4051,-30.5094,-24.3046,-26.3388,-25.0002,-25.8357,-25.2938,-25.0932
RA,A1,Neon1224_3840x2160_2997fps.y4m,v15.0.0,-24.7287,-25.5616,-25.0695,-24.8057,-28.266,-24.7674,-31.2927,-30.4464,-24.2635,-26.2553,-24.9666,-25.7384,-25.2027,-25.0467
RA,A1,NocturneDance_3840x2160p_10bit_60fps.y4m,v02.0.0,5.0649,-3.4551,-6.0691,4.3098,0.2429,2.7192,1.3782,1.1827,3.1875,0.5244,5.5217,-3.2257,-6.2722,4.6339
RA,A1,NocturneDance_3840x2160p_10bit_60fps.y4m,v03.0.0,-9.4453,-16.9588,-21.6842,-10.1847,-9.0799,-8.9982,-13.7415,-13.1041,-9.4619,-12.559,-9.702,-17.1107,-21.7781,-10.9346
RA,A1,NocturneDance_3840x2160p_10bit_60fps.y4m,v04.0.0,-15.979,-28.9508,-36.0269,-17.2814,-14.7861,-15.3304,-21.5647,-20.4736,-15.8421,-20.5704,-16.1142,-29.0926,-36.0819,-18.2746
RA,A1,NocturneDance_3840x2160p_10bit_60fps.y4m,v05.0.0,-19.0671,-40.9794,-43.9355,-21.009,-17.9398,-18.6695,-23.027,-22.0089,-19.3422,-27.1536,-19.2705,-41.0612,-44.0545,-22.7783
RA,A1,NocturneDance_3840x2160p_10bit_60fps.y4m,v06.0.0,-20.7272,-43.347,-44.4372,-22.6477,-19.3478,-20.2991,-25.0262,-23.9807,-20.9859,-28.6483,-20.8915,-43.4459,-44.5568,-24.4685
RA,A1,NocturneDance_3840x2160p_10bit_60fps.y4m,v07.0.0,-21.5284,-44.1833,-45.6767,-23.4639,-20.316,-21.1841,-26.199,-25.1229,-21.819,-30.039,-21.7228,-44.2968,-45.7495,-25.26
RA,A1,NocturneDance_3840x2160p_10bit_60fps.y4m,v08.0.0,-21.866,-44.6851,-46.8039,-23.8507,-20.4986,-21.4072,-24.4723,-23.5139,-22.1948,-30.3802,-22.0493,-44.7866,-46.9038,-25.6236
RA,A1,NocturneDance_3840x2160p_10bit_60fps.y4m,v09.0.0,-24.4668,-44.9855,-45.6339,-26.1745,-23.2111,-23.2971,-28.8522,-27.9237,-24.4868,-30.309,-24.9524,-45.2321,-45.7853,-28.1189
RA,A1,NocturneDance_3840x2160p_10bit_60fps.y4m,v10.0.0,-25.6431,-45.7338,-46.1044,-27.309,-24.0719,-24.3305,-34.0372,-32.7807,-25.5125,-31.9872,-26.1444,-45.9682,-46.2936,-29.2818
RA,A1,NocturneDance_3840x2160p_10bit_60fps.y4m,v11.0.0,-25.6014,-46.5307,-48.8992,-27.4342,-24.1875,-24.2038,-34.9029,-33.6659,-25.5372,-32.2169,-25.9746,-46.7903,-49.1468,-29.2885
RA,A1,NocturneDance_3840x2160p_10bit_60fps.y4m,v12.0.0,-25.502,-46.9753,-49.4444,-27.3884,-23.9638,-23.9063,-34.6371,-33.4222,-25.4211,-32.3256,-25.867,-47.2558,-49.6836,-29.289
RA,A1,NocturneDance_3840x2160p_10bit_60fps.y4m,v13.0.0,-25.5386,-46.7272,-49.3162,-27.4041,-25.2072,-23.954,-34.7622,-33.5138,-25.4363,-32.1135,-25.8992,-47.0007,-49.5517,-29.289
RA,A1,NocturneDance_3840x2160p_10bit_60fps.y4m,v14.0.0,-25.4992,-46.6685,-49.2707,-27.363,-25.1678,-23.9154,-34.7297,-33.4807,-25.4026,-32.0397,-25.8601,-46.9413,-49.5032,-29.2433
RA,A1,NocturneDance_3840x2160p_10bit_60fps.y4m,v15.0.0,-25.5004,-46.6931,-49.2765,-27.3659,-25.173,-23.9228,-34.7454,-33.49,-25.4036,-32.0637,-25.8622,-46.9675,-49.5082,-29.2504
RA,A1,PierSeaSide_3840x2160_2997fps_10bit_420_v2.y4m,v02.0.0,-1.7615,-9.0277,-18.4434,-2.8117,-2.113,-2.0141,-1.8459,-2.0007,-1.8832,-7.6752,-1.7553,-9.2676,-19.1259,-3.4277
RA,A1,PierSeaSide_3840x2160_2997fps_10bit_420_v2.y4m,v03.0.0,-7.0979,-12.0453,-22.1811,-7.9567,-7.0326,-6.7385,-11.1791,-10.0951,-6.4702,-13.4569,-7.1044,-12.2484,-22.8887,-8.5709
RA,A1,PierSeaSide_3840x2160_2997fps_10bit_420_v2.y4m,v04.0.0,-13.7218,-27.0704,-39.5812,-15.5455,-12.6067,-12.8623,-19.8048,-17.9316,-12.9913,-24.0477,-13.5832,-27.3026,-40.2178,-16.5001
RA,A1,PierSeaSide_3840x2160_2997fps_10bit_420_v2.y4m,v05.0.0,-15.2047,-30.1545,-43.1392,-17.2486,-12.8917,-13.8699,-21.6751,-19.7706,-14.3547,-26.3472,-15.0838,-30.4191,-43.7918,-18.3924
RA,A1,PierSeaSide_3840x2160_2997fps_10bit_420_v2.y4m,v06.0.0,-19.0199,-34.7704,-45.9385,-21.0599,-17.0869,-17.499,-25.5361,-23.8874,-18.0241,-30.9816,-18.6606,-34.9557,-46.5493,-21.9937
RA,A1,PierSeaSide_3840x2160_2997fps_10bit_420_v2.y4m,v07.0.0,-20.1551,-38.3521,-44.9417,-22.2488,-18.3593,-18.5162,-26.0991,-24.5836,-19.2038,-32.7906,-19.8213,-38.7079,-45.5716,-23.1842
RA,A1,PierSeaSide_3840x2160_2997fps_10bit_420_v2.y4m,v08.0.0,-21.1545,-38.4097,-46.6137,-23.2286,-18.8668,-19.3743,-26.9687,-25.5171,-20.0522,-33.8332,-20.829,-38.7664,-47.2725,-24.2078
RA,A1,PierSeaSide_3840x2160_2997fps_10bit_420_v2.y4m,v09.0.0,-23.1282,-36.3215,-45.7706,-24.8225,-22.6172,-22.1805,-29.0634,-27.6973,-22.3987,-33.5737,-23.0581,-36.7787,-46.4703,-25.8514
RA,A1,PierSeaSide_3840x2160_2997fps_10bit_420_v2.y4m,v10.0.0,-24.4822,-37.7406,-46.7563,-26.1738,-22.925,-23.0032,-29.5691,-28.7388,-23.2522,-34.8962,-24.3772,-38.2361,-47.4846,-27.1694
RA,A1,PierSeaSide_3840x2160_2997fps_10bit_420_v2.y4m,v11.0.0,-24.3486,-36.3356,-45.3205,-25.9001,-24.3146,-23.7898,-28.4541,-27.8642,-23.3801,-34.9954,-24.3825,-36.816,-45.9609,-26.9588
RA,A1,PierSeaSide_3840x2160_2997fps_10bit_420_v2.y4m,v12.0.0,-24.2646,-36.2029,-45.6377,-25.8325,-23.9097,-23.5265,-28.2347,-27.7809,-23.2706,-34.9635,-24.3143,-36.6975,-46.2857,-26.9149
RA,A1,PierSeaSide_3840x2160_2997fps_10bit_420_v2.y4m,v13.0.0,-24.1882,-37.3884,-45.7571,-25.8436,-23.5302,-23.544,-28.133,-27.6381,-23.2835,-35.6568,-24.2651,-37.817,-46.3682,-26.9523
RA,A1,PierSeaSide_3840x2160_2997fps_10bit_420_v2.y4m,v14.0.0,-24.0203,-37.2026,-45.6061,-25.6749,-23.3788,-23.3965,-27.9342,-27.4201,-23.1333,-35.4819,-24.1026,-37.6254,-46.2194,-26.786
RA,A1,PierSeaSide_3840x2160_2997fps_10bit_420_v2.y4m,v15.0.0,-24.0206,-37.2451,-45.6009,-25.6777,-23.3859,-23.4033,-27.9408,-27.4269,-23.1344,-35.4955,-24.1011,-37.6699,-46.2123,-26.788
RA,A1,Tango_3840x2160_5994fps_10bit_420.y4m,v02.0.0,-2.0292,-6.1365,-4.7014,-2.518,-1.1745,-1.9936,-2.7371,-2.6919,-2.1296,-3.5203,-1.9843,-6.0655,-4.5697,-2.3062
RA,A1,Tango_3840x2160_5994fps_10bit_420.y4m,v03.0.0,-15.6721,-15.1894,-13.3496,-15.4568,-12.6288,-14.9307,-19.7733,-18.5636,-14.719,-15.7802,-15.8638,-15.2254,-13.3991,-15.6473
RA,A1,Tango_3840x2160_5994fps_10bit_420.y4m,v04.0.0,-22.3775,-28.5947,-24.4975,-22.9797,-19.0534,-21.9606,-29.4543,-27.2878,-21.5479,-24.4548,-22.5898,-28.6929,-24.532,-22.9382
RA,A1,Tango_3840x2160_5994fps_10bit_420.y4m,v05.0.0,-24.9217,-31.2576,-27.3898,-25.5633,-21.3053,-24.4549,-32.1532,-29.9731,-23.9453,-27.1684,-25.1501,-31.2806,-27.4186,-25.5228
RA,A1,Tango_3840x2160_5994fps_10bit_420.y4m,v06.0.0,-27.0002,-33.8442,-29.8089,-27.7063,-24.2478,-26.8498,-33.5434,-31.4794,-26.0002,-29.6255,-27.2301,-33.9208,-29.8762,-27.6445
RA,A1,Tango_3840x2160_5994fps_10bit_420.y4m,v07.0.0,-27.7319,-39.8466,-33.9963,-29.1066,-24.9888,-27.5933,-34.424,-32.3519,-27.093,-32.4106,-27.9693,-39.8789,-34.0629,-28.8497
RA,A1,Tango_3840x2160_5994fps_10bit_420.y4m,v08.0.0,-28.3321,-41.0566,-35.4654,-29.8254,-25.352,-28.1377,-34.5157,-32.5288,-27.7067,-33.4345,-28.5716,-41.0674,-35.5482,-29.5405
RA,A1,Tango_3840x2160_5994fps_10bit_420.y4m,v09.0.0,-30.7586,-40.9141,-35.2518,-31.8405,-27.898,-29.8491,-37.4377,-35.2397,-30.1437,-34.1875,-31.0814,-40.9914,-35.4065,-31.7467
RA,A1,Tango_3840x2160_5994fps_10bit_420.y4m,v10.0.0,-31.8566,-41.4413,-36.0858,-32.875,-28.531,-30.8066,-39.8782,-37.4096,-31.1912,-35.0737,-32.1662,-41.5523,-36.2405,-32.7984
RA,A1,Tango_3840x2160_5994fps_10bit_420.y4m,v11.0.0,-32.878,-45.0252,-38.8826,-34.2418,-30.4057,-32.1718,-40.9693,-38.6777,-32.6419,-37.4759,-33.2313,-45.1948,-39.119,-34.096
RA,A1,Tango_3840x2160_5994fps_10bit_420.y4m,v12.0.0,-32.7738,-45.1995,-38.5925,-34.1419,-30.0171,-31.957,-40.8263,-38.5468,-32.464,-37.2513,-33.1256,-45.3599,-38.8269,-33.9817
RA,A1,Tango_3840x2160_5994fps_10bit_420.y4m,v13.0.0,-32.9234,-44.7861,-38.6445,-34.24,-35.1639,-32.0719,-40.8316,-38.6434,-32.5774,-37.2846,-33.278,-44.9435,-38.8612,-34.1066
RA,A1,Tango_3840x2160_5994fps_10bit_420.y4m,v14.0.0,-32.8605,-44.7587,-38.5778,-34.1794,-35.1073,-32.0162,-40.7829,-38.5894,-32.5247,-37.227,-33.215,-44.9162,-38.7947,-34.0448
RA,A1,Tango_3840x2160_5994fps_10bit_420.y4m,v15.0.0,-32.857,-44.7531,-38.6045,-34.1784,-35.1052,-32.0047,-40.7613,-38.5632,-32.5234,-37.2487,-33.2116,-44.9109,-38.8215,-34.0432
RA,A1,TimeLapse_3840x2160_5994fps_10bit_420.y4m,v02.0.0,-0.3952,-19.683,-19.1528,-2.8693,-0.4222,-0.1129,-0.2456,-0.0849,-1.2988,-9.6706,-0.4477,-19.7069,-19.4566,-2.3206
RA,A1,TimeLapse_3840x2160_5994fps_10bit_420.y4m,v03.0.0,-3.9729,-24.23,-27.3409,-6.8469,-3.7251,-1.9766,-2.5918,-3.5456,-4.5523,-13.9573,-3.9802,-24.3134,-28.1216,-6.1356
RA,A1,TimeLapse_3840x2160_5994fps_10bit_420.y4m,v04.0.0,-17.2967,-38.2057,-41.2221,-20.3511,-15.2333,-15.0112,-16.2627,-18.1859,-16.8017,-28.6343,-16.953,-38.2944,-41.738,-19.2541
RA,A1,TimeLapse_3840x2160_5994fps_10bit_420.y4m,v05.0.0,-18.276,-45.7974,-45.8705,-22.1712,-16.2276,-15.7126,-17.451,-19.3952,-17.9481,-32.7704,-17.9644,-45.839,-46.2445,-20.8411
RA,A1,TimeLapse_3840x2160_5994fps_10bit_420.y4m,v06.0.0,-21.8202,-48.3751,-48.6852,-25.5884,-19.4481,-19.3816,-20.6344,-22.7746,-21.3661,-36.2111,-21.4503,-48.4208,-49.101,-24.2425
RA,A1,TimeLapse_3840x2160_5994fps_10bit_420.y4m,v07.0.0,-22.7365,-50.7602,-48.7982,-26.5795,-20.5333,-20.2895,-21.489,-23.6399,-22.2997,-38.143,-22.3682,-50.7781,-49.2028,-25.2248
RA,A1,TimeLapse_3840x2160_5994fps_10bit_420.y4m,v08.0.0,-23.8748,-51.6552,-48.987,-27.6298,-21.2356,-21.4077,-22.8776,-25.0541,-23.2257,-38.9773,-23.5169,-51.6693,-49.3767,-26.3153
RA,A1,TimeLapse_3840x2160_5994fps_10bit_420.y4m,v09.0.0,-25.3096,-50.5816,-49.1049,-28.7262,-24.1649,-22.9038,-24.4966,-26.3885,-25.001,-39.0078,-24.9589,-50.6023,-49.5605,-27.5083
RA,A1,TimeLapse_3840x2160_5994fps_10bit_420.y4m,v10.0.0,-26.1035,-50.7359,-48.6083,-29.3662,-24.1198,-23.4437,-25.7494,-27.5925,-25.4874,-39.0967,-25.742,-50.7625,-49.1446,-28.1906
RA,A1,TimeLapse_3840x2160_5994fps_10bit_420.y4m,v11.0.0,-26.2205,-52.9795,-51.9399,-29.9249,-26.5417,-23.9137,-26.3302,-28.1107,-26.1622,-40.7613,-25.8215,-53.0685,-52.4848,-28.5468
RA,A1,TimeLapse_3840x2160_5994fps_10bit_420.y4m,v12.0.0,-26.5089,-53.0732,-52.2448,-30.1972,-26.5018,-24.1129,-26.7995,-28.4923,-26.3163,-40.8705,-26.1031,-53.1525,-52.7797,-28.816
RA,A1,TimeLapse_3840x2160_5994fps_10bit_420.y4m,v13.0.0,-26.7155,-53.1315,-52.4032,-30.3939,-24.2161,-24.3246,-26.7599,-28.6146,-26.5527,-41.2192,-26.3088,-53.2148,-52.9465,-29.0163
RA,A1,TimeLapse_3840x2160_5994fps_10bit_420.y4m,v14.0.0,-26.6022,-53.1236,-52.3886,-30.2965,-24.1081,-24.2059,-26.6059,-28.4561,-26.4564,-41.1471,-26.1937,-53.206,-52.9277,-28.9117
RA,A1,TimeLapse_3840x2160_5994fps_10bit_420.y4m,v15.0.0,-26.5998,-53.1264,-52.3209,-30.2893,-24.0927,-24.1899,-26.5925,-28.4528,-26.4469,-41.1377,-26.1902,-53.209,-52.8708,-28.9061
RA,A2,Aerial3200_1920x1080_5994_10bit_420.y4m,v02.0.0,-2.6569,-9.9294,-17.5985,-3.5185,-2.0754,-2.3474,-2.2062,-2.2542,-2.4378,-5.1333,-2.7134,-10.1382,-17.9505,-3.6574
RA,A2,Aerial3200_1920x1080_5994_10bit_420.y4m,v03.0.0,-10.8399,-19.5742,-26.5706,-11.781,-9.7457,-10.172,-18.5417,-17.4938,-9.7346,-14.0124,-10.581,-19.8156,-26.8523,-11.6569
RA,A2,Aerial3200_1920x1080_5994_10bit_420.y4m,v04.0.0,-16.6323,-26.2791,-35.0259,-17.7336,-14.6679,-15.4333,-23.6979,-22.8527,-15.0014,-19.8285,-16.2597,-26.5481,-35.347,-17.5717
RA,A2,Aerial3200_1920x1080_5994_10bit_420.y4m,v05.0.0,-17.8512,-30.0894,-42.4977,-19.3554,-15.5308,-16.321,-24.6765,-23.9681,-16.2745,-22.2367,-17.4448,-30.3898,-42.8701,-19.1984
RA,A2,Aerial3200_1920x1080_5994_10bit_420.y4m,v06.0.0,-20.499,-32.7166,-44.7307,-21.9887,-18.2415,-18.8709,-27.6879,-27.1216,-18.7974,-25.1258,-19.9922,-32.9986,-45.0855,-21.7791
RA,A2,Aerial3200_1920x1080_5994_10bit_420.y4m,v07.0.0,-21.3321,-34.0732,-47.6167,-22.9287,-19.0499,-19.6683,-28.603,-28.0962,-19.6736,-26.2766,-20.8478,-34.3499,-47.9394,-22.705
RA,A2,Aerial3200_1920x1080_5994_10bit_420.y4m,v08.0.0,-21.8188,-34.6026,-47.9499,-23.408,-19.5261,-20.1023,-28.9016,-28.3921,-20.1194,-26.6449,-21.3639,-34.8785,-48.2736,-23.1966
RA,A2,Aerial3200_1920x1080_5994_10bit_420.y4m,v09.0.0,-24.2792,-34.9643,-48.7828,-25.7169,-22.008,-22.3436,-31.4447,-30.9608,-22.6306,-28.2854,-23.8003,-35.2554,-49.1019,-25.3975
RA,A2,Aerial3200_1920x1080_5994_10bit_420.y4m,v10.0.0,-24.455,-33.7325,-47.8042,-25.7806,-21.7015,-22.0973,-32.0088,-31.6118,-22.4436,-28.094,-23.9885,-34.0164,-48.1488,-25.5059
RA,A2,Aerial3200_1920x1080_5994_10bit_420.y4m,v11.0.0,-25.1282,-31.8927,-46.3702,-26.2541,-21.3906,-21.8959,-32.7745,-32.5884,-22.9189,-27.4845,-25.058,-32.2398,-46.7447,-26.3167
RA,A2,Aerial3200_1920x1080_5994_10bit_420.y4m,v12.0.0,-25.1112,-32.0873,-46.2546,-26.2404,-21.343,-21.8513,-32.6013,-32.3684,-22.8002,-27.573,-25.0059,-32.4379,-46.612,-26.2721
RA,A2,Aerial3200_1920x1080_5994_10bit_420.y4m,v13.0.0,-25.1497,-31.8764,-46.7271,-26.2894,-22.0614,-21.8524,-32.9318,-32.7638,-22.8234,-27.5386,-25.0367,-32.2178,-47.0846,-26.3135
RA,A2,Aerial3200_1920x1080_5994_10bit_420.y4m,v14.0.0,-24.9729,-31.631,-46.4805,-26.1063,-21.9631,-21.6983,-32.6259,-32.4569,-22.6654,-27.3243,-24.8861,-31.9721,-46.8397,-26.1494
RA,A2,Aerial3200_1920x1080_5994_10bit_420.y4m,v15.0.0,-24.9594,-31.635,-46.4422,-26.0924,-21.9363,-21.6793,-32.642,-32.4617,-22.6552,-27.3147,-24.876,-31.9759,-46.8035,-26.1391
RA,A2,Boat_1920x1080_5994_10bit_420.y4m,v02.0.0,-2.2578,-22.2148,-19.4161,-3.9996,-2.1836,-2.2629,-2.0233,-1.8568,-2.522,-7.6634,-2.3736,-22.4154,-19.4846,-3.6018
RA,A2,Boat_1920x1080_5994_10bit_420.y4m,v03.0.0,-7.5637,-22.9282,-20.0736,-8.8587,-6.5718,-6.8878,-12.8035,-11.2226,-6.604,-12.1788,-7.6623,-23.1264,-20.1145,-8.6961
RA,A2,Boat_1920x1080_5994_10bit_420.y4m,v04.0.0,-11.2567,-40.5489,-32.9358,-13.7777,-9.8003,-10.707,-16.3822,-14.6563,-9.749,-20.4427,-11.326,-40.8191,-32.9787,-13.0991
RA,A2,Boat_1920x1080_5994_10bit_420.y4m,v05.0.0,-12.3001,-45.321,-39.7866,-15.4286,-10.3463,-11.3735,-16.7334,-15.177,-10.8051,-22.7576,-12.3741,-45.5863,-39.8025,-14.5409
RA,A2,Boat_1920x1080_5994_10bit_420.y4m,v06.0.0,-13.9046,-46.7279,-41.7046,-17.0509,-12.018,-13.1352,-18.2855,-16.9128,-12.4199,-24.407,-13.9567,-46.9971,-41.7349,-16.1182
RA,A2,Boat_1920x1080_5994_10bit_420.y4m,v07.0.0,-14.4212,-48.0387,-44.2002,-17.7591,-12.5647,-13.6356,-19.0205,-17.6552,-13.0068,-25.2617,-14.4838,-48.3124,-44.2306,-16.7508
RA,A2,Boat_1920x1080_5994_10bit_420.y4m,v08.0.0,-15.5972,-48.9093,-46.5786,-18.9909,-13.9535,-14.8823,-19.9233,-18.558,-14.3042,-26.2537,-15.6683,-49.1498,-46.5812,-17.9249
RA,A2,Boat_1920x1080_5994_10bit_420.y4m,v09.0.0,-17.5852,-47.9429,-44.3811,-20.5447,-16.0028,-16.1212,-22.8967,-21.6418,-17.0169,-26.6234,-17.7952,-48.2242,-44.3787,-19.7835
RA,A2,Boat_1920x1080_5994_10bit_420.y4m,v10.0.0,-18.4205,-47.2855,-43.6559,-21.1877,-16.1447,-16.3176,-23.6424,-22.4809,-17.2722,-26.7799,-18.6312,-47.5459,-43.6658,-20.4907
RA,A2,Boat_1920x1080_5994_10bit_420.y4m,v11.0.0,-18.3889,-44.0037,-39.984,-20.7741,-15.7135,-15.1504,-23.7549,-22.4976,-17.4176,-25.4648,-18.7559,-44.302,-40.0025,-20.4284
RA,A2,Boat_1920x1080_5994_10bit_420.y4m,v12.0.0,-18.6472,-44.6167,-40.4132,-21.0462,-15.7236,-15.2938,-24.0837,-22.7313,-17.6227,-25.764,-19.0103,-44.9136,-40.4325,-20.6758
RA,A2,Boat_1920x1080_5994_10bit_420.y4m,v13.0.0,-18.7892,-44.1961,-40.3777,-21.1572,-15.4196,-15.567,-24.2764,-22.9704,-17.7767,-25.7845,-19.156,-44.4999,-40.4082,-20.8099
RA,A2,Boat_1920x1080_5994_10bit_420.y4m,v14.0.0,-18.7339,-44.148,-40.2995,-21.1004,-15.3727,-15.5204,-24.1859,-22.8785,-17.7384,-25.7305,-19.0999,-44.4516,-40.3282,-20.7522
RA,A2,Boat_1920x1080_5994_10bit_420.y4m,v15.0.0,-18.7132,-44.1247,-40.3931,-21.0862,-15.3478,-15.4966,-24.114,-22.8245,-17.7187,-25.6961,-19.0804,-44.4278,-40.4274,-20.7359
RA,A2,CrowdRun_1920x1080p50.y4m,v02.0.0,-1.4207,-5.0947,-6.9836,-1.8267,-1.5112,-1.4983,-2.0961,-2.001,-1.0782,-2.3928,-1.6043,-5.2381,-7.1357,-1.953
RA,A2,CrowdRun_1920x1080p50.y4m,v03.0.0,-8.389,-10.9141,-10.4334,-8.5864,-7.7944,-8.1601,-13.34,-12.2327,-6.8718,-9.9956,-8.6264,-11.0551,-10.5704,-8.8547
RA,A2,CrowdRun_1920x1080p50.y4m,v04.0.0,-12.8898,-19.4569,-19.8856,-13.4893,-11.9055,-12.363,-18.7154,-17.491,-10.9651,-16.0013,-13.1366,-19.6357,-20.0278,-13.7853
RA,A2,CrowdRun_1920x1080p50.y4m,v05.0.0,-14.7413,-24.3181,-25.4176,-15.6562,-13.4093,-14.1374,-19.8486,-18.6465,-12.7132,-19.3982,-15.0033,-24.5026,-25.4869,-15.968
RA,A2,CrowdRun_1920x1080p50.y4m,v06.0.0,-15.5238,-26.1749,-26.1109,-16.4861,-14.2043,-14.8463,-20.5461,-19.4175,-14.1158,-21.204,-15.7846,-26.3416,-26.1363,-16.8073
RA,A2,CrowdRun_1920x1080p50.y4m,v07.0.0,-16.0991,-26.2736,-25.8087,-16.9999,-14.7045,-15.3546,-21.2873,-20.1499,-14.6639,-21.7979,-16.3694,-26.43,-25.786,-17.3352
RA,A2,CrowdRun_1920x1080p50.y4m,v08.0.0,-16.8166,-26.7004,-26.2541,-17.69,-15.6393,-16.2191,-21.8827,-20.749,-15.4987,-22.4459,-17.104,-26.845,-26.2174,-18.0168
RA,A2,CrowdRun_1920x1080p50.y4m,v09.0.0,-18.8812,-24.7186,-24.2926,-19.3778,-16.6831,-17.0804,-24.8415,-23.7553,-17.9649,-22.8275,-19.4685,-25.0158,-24.4405,-20.0371
RA,A2,CrowdRun_1920x1080p50.y4m,v10.0.0,-20.2404,-26.7928,-26.4575,-20.8073,-16.9972,-17.3554,-26.6067,-25.3166,-18.7628,-24.408,-20.8119,-27.1171,-26.6555,-21.4289
RA,A2,CrowdRun_1920x1080p50.y4m,v11.0.0,-20.8254,-27.0997,-27.2548,-21.3928,-16.6258,-17.1349,-27.004,-25.6803,-19.109,-24.7316,-21.4287,-27.5237,-27.5548,-22.0862
RA,A2,CrowdRun_1920x1080p50.y4m,v12.0.0,-21.2225,-28.2395,-27.6822,-21.8237,-16.9351,-17.4858,-27.0825,-25.7966,-19.4909,-25.2258,-21.8334,-28.6954,-28.0013,-22.5102
RA,A2,CrowdRun_1920x1080p50.y4m,v13.0.0,-21.194,-27.9279,-27.559,-21.7794,-18.5348,-17.5384,-27.3732,-26.0229,-19.4796,-25.2741,-21.8021,-28.3811,-27.8749,-22.4634
RA,A2,CrowdRun_1920x1080p50.y4m,v14.0.0,-21.1478,-27.9232,-27.4599,-21.7324,-18.4498,-17.4563,-27.313,-25.96,-19.4321,-25.2361,-21.7559,-28.3793,-27.7795,-22.4167
RA,A2,CrowdRun_1920x1080p50.y4m,v15.0.0,-21.1445,-27.9122,-27.5928,-21.7353,-18.4436,-17.4556,-27.3222,-25.9704,-19.4521,-25.2103,-21.7522,-28.3655,-27.9095,-22.4192
RA,A2,DinnerSceneCropped_1920x1080_2997fps_10bit_420.y4m,v02.0.0,-1.6414,-6.7238,-11.9848,-2.5823,-0.5433,-1.3316,-2.6724,-2.5885,-1.7346,-2.191,-1.8376,-7.1242,-12.2195,-2.5305
RA,A2,DinnerSceneCropped_1920x1080_2997fps_10bit_420.y4m,v03.0.0,-19.7079,-18.5799,-22.8174,-19.8751,-17.273,-18.3752,-31.0747,-27.8368,-17.9737,-17.1337,-20.4171,-19.2703,-23.1527,-20.3884
RA,A2,DinnerSceneCropped_1920x1080_2997fps_10bit_420.y4m,v04.0.0,-24.7787,-25.327,-31.3253,-25.2495,-22.6666,-23.781,-39.586,-35.0415,-23.143,-22.7494,-25.5442,-25.9814,-31.6897,-25.7335
RA,A2,DinnerSceneCropped_1920x1080_2997fps_10bit_420.y4m,v05.0.0,-26.5362,-26.6242,-32.5339,-26.9264,-24.6956,-25.62,-42.5341,-37.4042,-24.7558,-24.4427,-27.3387,-27.2433,-32.9052,-27.4476
RA,A2,DinnerSceneCropped_1920x1080_2997fps_10bit_420.y4m,v06.0.0,-31.5996,-32.7083,-37.5771,-32.0323,-29.7507,-30.3728,-45.1826,-41.1914,-29.8639,-31.1758,-32.4815,-33.4723,-38.0226,-32.6709
RA,A2,DinnerSceneCropped_1920x1080_2997fps_10bit_420.y4m,v07.0.0,-32.7222,-37.1987,-40.8125,-33.4449,-31.2488,-31.7263,-46.2777,-42.3947,-31.3575,-32.087,-33.6121,-38.0857,-41.2627,-34.1185
RA,A2,DinnerSceneCropped_1920x1080_2997fps_10bit_420.y4m,v08.0.0,-33.278,-38.6924,-40.9153,-34.0202,-31.8325,-32.3313,-47.3381,-43.3833,-32.0308,-33.8885,-34.1925,-39.6021,-41.3698,-34.7804
RA,A2,DinnerSceneCropped_1920x1080_2997fps_10bit_420.y4m,v09.0.0,-36.4114,-40.9171,-40.7857,-36.8758,-35.4322,-35.6001,-48.4829,-45.4981,-35.5498,-36.3714,-37.4087,-42.0323,-41.2768,-37.7747
RA,A2,DinnerSceneCropped_1920x1080_2997fps_10bit_420.y4m,v10.0.0,-37.2915,-41.9796,-41.8958,-37.7644,-36.0405,-36.118,-51.9525,-48.2233,-36.4798,-36.8714,-38.3141,-43.0204,-42.3886,-38.6816
RA,A2,DinnerSceneCropped_1920x1080_2997fps_10bit_420.y4m,v11.0.0,-39.2196,-43.792,-44.2438,-39.7363,-38.1692,-38.0637,-52.7167,-49.3629,-38.6912,-38.0796,-40.368,-45.0371,-44.8039,-40.7776
RA,A2,DinnerSceneCropped_1920x1080_2997fps_10bit_420.y4m,v12.0.0,-39.7195,-44.3029,-44.4429,-40.219,-38.3486,-38.3186,-53.0735,-49.8476,-39.1011,-39.6887,-40.872,-45.5289,-45.0006,-41.2684
RA,A2,DinnerSceneCropped_1920x1080_2997fps_10bit_420.y4m,v13.0.0,-39.6556,-45.4598,-43.8669,-40.1863,-35.4136,-38.1956,-54.2121,-50.6404,-39.1435,-39.5006,-40.8273,-46.7585,-44.3821,-41.2954
RA,A2,DinnerSceneCropped_1920x1080_2997fps_10bit_420.y4m,v14.0.0,-38.6189,-44.6267,-43.1553,-39.1859,-34.7353,-37.2388,-53.5878,-49.8925,-38.2507,-38.3085,-39.7727,-45.9213,-43.6695,-40.2685
RA,A2,DinnerSceneCropped_1920x1080_2997fps_10bit_420.y4m,v15.0.0,-38.607,-44.6089,-43.0205,-39.162,-34.7086,-37.2307,-53.5836,-49.8919,-38.2251,-38.1811,-39.7631,-45.9053,-43.5329,-40.2521
RA,A2,FoodMarket_1920x1080_5994_10bit_420.y4m,v02.0.0,-2.0175,-9.0478,-7.8791,-2.6315,-2.2333,-2.4468,-2.2009,-2.232,-2.0397,-4.5258,-2.0558,-9.0794,-7.8066,-2.5163
RA,A2,FoodMarket_1920x1080_5994_10bit_420.y4m,v03.0.0,-13.4874,-17.4517,-16.6222,-13.8288,-12.7509,-13.3692,-18.8265,-17.2453,-12.5634,-14.6133,-13.6292,-17.4914,-16.5659,-13.9225
RA,A2,FoodMarket_1920x1080_5994_10bit_420.y4m,v04.0.0,-23.5753,-30.0915,-29.1696,-24.159,-22.6134,-23.5613,-30.6271,-28.4694,-22.0621,-25.9226,-23.7409,-30.235,-29.2094,-24.2243
RA,A2,FoodMarket_1920x1080_5994_10bit_420.y4m,v05.0.0,-25.9429,-37.8009,-31.9727,-26.8242,-24.6617,-25.6318,-32.9468,-30.9158,-24.346,-29.4759,-26.1117,-37.8886,-31.9709,-26.8543
RA,A2,FoodMarket_1920x1080_5994_10bit_420.y4m,v06.0.0,-27.9959,-42.1005,-34.0371,-28.985,-26.8246,-27.7018,-34.7346,-32.8556,-26.3424,-32.6043,-28.1742,-42.2226,-34.0926,-29.0035
RA,A2,FoodMarket_1920x1080_5994_10bit_420.y4m,v07.0.0,-28.8656,-44.9635,-35.9888,-30.0055,-27.6499,-28.5336,-35.7378,-33.8625,-27.2738,-34.4096,-29.0626,-45.0964,-36.0392,-29.988
RA,A2,FoodMarket_1920x1080_5994_10bit_420.y4m,v08.0.0,-29.7199,-46.5135,-36.5812,-30.8892,-28.4889,-29.385,-36.5819,-34.7245,-28.151,-35.5137,-29.9115,-46.6371,-36.6506,-30.8664
RA,A2,FoodMarket_1920x1080_5994_10bit_420.y4m,v09.0.0,-32.0991,-46.4907,-37.1183,-33.0487,-30.3361,-31.0049,-39.258,-37.4807,-30.6766,-36.6374,-32.3542,-46.6362,-37.2026,-33.1236
RA,A2,FoodMarket_1920x1080_5994_10bit_420.y4m,v10.0.0,-33.1511,-45.6534,-36.829,-33.9395,-30.6689,-31.4479,-40.0252,-38.4016,-31.3765,-36.693,-33.4082,-45.8248,-36.9258,-34.0599
RA,A2,FoodMarket_1920x1080_5994_10bit_420.y4m,v11.0.0,-34.3265,-46.6288,-37.3891,-35.0729,-31.9144,-32.5238,-41.1837,-39.5188,-32.7284,-37.9982,-34.6898,-46.8252,-37.5127,-35.302
RA,A2,FoodMarket_1920x1080_5994_10bit_420.y4m,v12.0.0,-34.389,-46.6704,-36.6497,-35.0943,-31.6153,-32.3413,-41.0318,-39.4636,-32.6641,-37.7012,-34.7525,-46.9038,-36.7825,-35.341
RA,A2,FoodMarket_1920x1080_5994_10bit_420.y4m,v13.0.0,-34.5413,-46.3217,-36.4857,-35.2108,-33.1086,-32.4869,-41.4658,-39.8051,-32.8142,-37.9644,-34.9054,-46.5358,-36.5915,-35.4713
RA,A2,FoodMarket_1920x1080_5994_10bit_420.y4m,v14.0.0,-34.3731,-46.0447,-36.1151,-35.0272,-32.9514,-32.3483,-41.189,-39.5798,-32.6679,-37.7315,-34.7384,-46.2625,-36.2161,-35.294
RA,A2,FoodMarket_1920x1080_5994_10bit_420.y4m,v15.0.0,-34.3731,-46.0564,-36.1192,-35.0279,-32.9464,-32.3411,-41.1908,-39.5713,-32.6665,-37.7334,-34.7392,-46.2753,-36.2221,-35.2956
RA,A2,GregoryScarf_1080x1920p30_yuv420p10le_130frames.y4m,v02.0.0,-2.4208,-4.1681,-3.5482,-2.5796,-1.5836,-1.8781,-2.7575,-2.6971,-1.9562,-3.2067,-2.4169,-4.3529,-3.1823,-2.5162
RA,A2,GregoryScarf_1080x1920p30_yuv420p10le_130frames.y4m,v03.0.0,-8.7294,-13.0878,-6.3017,-8.8603,-7.169,-7.6774,-11.643,-11.1469,-7.7377,-10.5866,-8.6917,-13.5207,-6.3674,-8.8114
RA,A2,GregoryScarf_1080x1920p30_yuv420p10le_130frames.y4m,v04.0.0,-15.8,-22.2272,-16.9939,-16.2454,-13.8037,-14.8213,-19.9804,-19.3332,-14.3692,-19.3817,-15.6401,-21.5668,-16.6458,-15.907
RA,A2,GregoryScarf_1080x1920p30_yuv420p10le_130frames.y4m,v05.0.0,-17.2402,-24.8756,-20.0583,-17.8496,-15.0168,-16.0839,-21.1729,-20.6089,-15.6756,-21.4085,-17.0556,-23.9691,-19.6927,-17.4092
RA,A2,GregoryScarf_1080x1920p30_yuv420p10le_130frames.y4m,v06.0.0,-19.0399,-28.8915,-23.3012,-19.8691,-17.312,-18.42,-23.3078,-22.7213,-17.509,-24.5742,-18.8089,-28.2611,-22.8378,-19.2896
RA,A2,GregoryScarf_1080x1920p30_yuv420p10le_130frames.y4m,v07.0.0,-19.8847,-35.5085,-29.2265,-21.3775,-18.2183,-19.2667,-24.5796,-24.0142,-18.6667,-27.8931,-19.631,-34.3699,-28.5772,-20.4522
RA,A2,GregoryScarf_1080x1920p30_yuv420p10le_130frames.y4m,v08.0.0,-20.3008,-36.0634,-30.0856,-21.8238,-18.5405,-19.6488,-24.56,-24.0123,-19.083,-28.4545,-20.0271,-34.7731,-29.2759,-20.8514
RA,A2,GregoryScarf_1080x1920p30_yuv420p10le_130frames.y4m,v09.0.0,-23.2898,-37.8208,-30.8355,-24.6095,-21.8246,-22.5769,-28.591,-27.9621,-22.2104,-30.4294,-23.3741,-37.2718,-30.3906,-24.1037
RA,A2,GregoryScarf_1080x1920p30_yuv420p10le_130frames.y4m,v10.0.0,-24.6053,-38.6491,-31.6429,-25.8616,-22.7958,-23.6701,-31.3854,-30.4047,-23.1694,-31.5874,-24.631,-38.0071,-31.2292,-25.3243
RA,A2,GregoryScarf_1080x1920p30_yuv420p10le_130frames.y4m,v11.0.0,-25.463,-40.37,-33.9854,-26.8715,-24.5512,-25.4172,-31.7365,-30.8957,-24.3506,-33.2812,-25.4347,-39.6385,-33.4921,-26.2069
RA,A2,GregoryScarf_1080x1920p30_yuv420p10le_130frames.y4m,v12.0.0,-25.5071,-40.6166,-34.1675,-26.9346,-24.4169,-25.3281,-31.7859,-30.9773,-24.3547,-33.2451,-25.4914,-39.843,-33.7107,-26.2738
RA,A2,GregoryScarf_1080x1920p30_yuv420p10le_130frames.y4m,v13.0.0,-25.5766,-40.3477,-33.6448,-26.9466,-26.8037,-25.4539,-31.9343,-31.0695,-24.4354,-33.2608,-25.5808,-39.7089,-33.267,-26.3405
RA,A2,GregoryScarf_1080x1920p30_yuv420p10le_130frames.y4m,v14.0.0,-25.538,-40.3609,-33.7376,-26.9192,-26.7708,-25.4308,-31.9822,-31.1039,-24.4065,-33.2454,-25.5423,-39.6832,-33.3616,-26.3072
RA,A2,GregoryScarf_1080x1920p30_yuv420p10le_130frames.y4m,v15.0.0,-25.5481,-40.3245,-33.6733,-26.9217,-26.7946,-25.4494,-31.982,-31.1018,-24.4151,-33.2368,-25.554,-39.6618,-33.2833,-26.3139
RA,A2,MeridianTalk_sdr_1920x1080p_5994_10bit.y4m,v02.0.0,-3.9886,-16.3191,-14.4373,-5.4442,-3.505,-3.8405,-4.3061,-4.2927,-4.3788,-9.1984,-4.0097,-16.3684,-14.4186,-4.995
RA,A2,MeridianTalk_sdr_1920x1080p_5994_10bit.y4m,v03.0.0,-17.7788,-28.5503,-28.9446,-19.2455,-15.0489,-16.2918,-25.0107,-22.6252,-16.5806,-23.0485,-17.8665,-28.5985,-28.9201,-18.8472
RA,A2,MeridianTalk_sdr_1920x1080p_5994_10bit.y4m,v04.0.0,-22.3884,-38.5043,-38.7422,-24.6186,-19.2112,-20.7686,-30.0517,-27.272,-21.1174,-29.9612,-22.458,-38.5645,-38.7478,-23.9067
RA,A2,MeridianTalk_sdr_1920x1080p_5994_10bit.y4m,v05.0.0,-24.7338,-40.3441,-40.6607,-26.9224,-21.2318,-22.8826,-33.119,-30.0773,-23.2414,-31.9839,-24.8044,-40.3825,-40.6713,-26.2328
RA,A2,MeridianTalk_sdr_1920x1080p_5994_10bit.y4m,v06.0.0,-28.1957,-45.5717,-42.2788,-30.2916,-24.1894,-26.0703,-34.66,-32.3494,-26.4943,-36.5219,-28.2847,-45.634,-42.2745,-29.7116
RA,A2,MeridianTalk_sdr_1920x1080p_5994_10bit.y4m,v07.0.0,-29.6568,-50.6727,-47.3161,-32.2696,-25.5632,-27.5035,-35.4762,-33.3023,-28.1746,-40.1454,-29.7678,-50.7303,-47.3164,-31.4795
RA,A2,MeridianTalk_sdr_1920x1080p_5994_10bit.y4m,v08.0.0,-30.1983,-51.4033,-47.7824,-32.8164,-25.9931,-27.973,-35.9855,-33.8293,-28.6586,-40.521,-30.3055,-51.4767,-47.7886,-32.0267
RA,A2,MeridianTalk_sdr_1920x1080p_5994_10bit.y4m,v09.0.0,-33.1988,-50.7291,-46.869,-35.2624,-29.7889,-31.0327,-38.1963,-36.4832,-32.2339,-41.0713,-33.3751,-50.7794,-46.8849,-34.7536
RA,A2,MeridianTalk_sdr_1920x1080p_5994_10bit.y4m,v10.0.0,-34.2883,-49.7056,-48.1978,-36.2595,-30.6838,-32.0482,-38.6123,-37.005,-33.1887,-41.6601,-34.4557,-49.7728,-48.2053,-35.7515
RA,A2,MeridianTalk_sdr_1920x1080p_5994_10bit.y4m,v11.0.0,-34.8141,-49.941,-46.7139,-36.6002,-31.4361,-32.4566,-40.231,-37.7296,-33.7896,-42.2383,-35.0453,-50.0159,-46.7553,-36.2358
RA,A2,MeridianTalk_sdr_1920x1080p_5994_10bit.y4m,v12.0.0,-35.0188,-50.1797,-46.6162,-36.7993,-31.2535,-32.4539,-40.0754,-37.8559,-33.919,-42.2376,-35.2483,-50.2439,-46.6428,-36.4475
RA,A2,MeridianTalk_sdr_1920x1080p_5994_10bit.y4m,v13.0.0,-35.3703,-50.0309,-45.5906,-36.9989,-35.62,-32.7121,-40.4792,-38.1788,-34.0749,-42.7074,-35.5948,-50.1023,-45.5831,-36.7123
RA,A2,MeridianTalk_sdr_1920x1080p_5994_10bit.y4m,v14.0.0,-34.7512,-49.5033,-45.1114,-36.3967,-35.1228,-32.1741,-39.829,-37.5021,-33.5605,-42.1309,-34.9757,-49.574,-45.1036,-36.1004
RA,A2,MeridianTalk_sdr_1920x1080p_5994_10bit.y4m,v15.0.0,-34.7611,-49.5365,-45.0807,-36.403,-35.1546,-32.2003,-39.8078,-37.4894,-33.6016,-42.1595,-34.9859,-49.6078,-45.0728,-36.1107
RA,A2,Motorcycle_1920x1080_30fps_8bit.y4m,v02.0.0,-2.0743,-2.9425,-3.2027,-2.1603,-3.3867,-3.3212,-3.3471,-3.0081,-2.0869,-1.4636,-2.2673,-2.9424,-3.1909,-2.327
RA,A2,Motorcycle_1920x1080_30fps_8bit.y4m,v03.0.0,-7.0217,-9.2306,-4.4881,-7.0212,-7.9648,-8.1975,-10.6103,-9.7112,-6.3851,-7.3394,-7.2398,-9.3235,-4.4862,-7.3216
RA,A2,Motorcycle_1920x1080_30fps_8bit.y4m,v04.0.0,-10.0335,-17.1985,-14.3814,-10.5427,-11.6173,-11.8774,-16.1993,-14.9756,-9.6789,-12.5484,-10.3114,-17.3825,-14.3538,-10.7299
RA,A2,Motorcycle_1920x1080_30fps_8bit.y4m,v05.0.0,-11.3639,-18.3326,-15.94,-11.8728,-12.6609,-13.135,-17.1505,-16.0226,-10.7736,-14.0123,-11.6199,-18.4408,-15.8137,-12.0547
RA,A2,Motorcycle_1920x1080_30fps_8bit.y4m,v06.0.0,-12.6347,-22.7323,-19.8405,-13.405,-14.2747,-14.6318,-18.6659,-17.5769,-12.5302,-17.5829,-12.8381,-22.8531,-19.8661,-13.4299
RA,A2,Motorcycle_1920x1080_30fps_8bit.y4m,v07.0.0,-13.3317,-27.3854,-27.7828,-14.6317,-15.0477,-15.3783,-19.9018,-18.7627,-13.609,-19.9441,-13.5466,-27.5651,-27.9357,-14.432
RA,A2,Motorcycle_1920x1080_30fps_8bit.y4m,v08.0.0,-14.1081,-28.9514,-28.5841,-15.4493,-15.803,-16.1854,-20.5559,-19.4801,-14.5309,-20.8957,-14.3596,-29.0909,-28.6759,-15.2678
RA,A2,Motorcycle_1920x1080_30fps_8bit.y4m,v09.0.0,-15.9924,-30.3726,-30.1256,-17.2979,-18.2478,-18.3178,-23.6718,-22.5829,-16.7525,-22.2108,-16.7846,-31.0099,-30.6604,-17.6651
RA,A2,Motorcycle_1920x1080_30fps_8bit.y4m,v10.0.0,-17.2981,-29.9936,-30.6386,-18.4775,-18.8168,-19.1154,-26.679,-25.0859,-17.5718,-23.4111,-18.1201,-30.6264,-31.2024,-18.9184
RA,A2,Motorcycle_1920x1080_30fps_8bit.y4m,v11.0.0,-17.3843,-30.9002,-31.0104,-18.6242,-19.1472,-19.4557,-26.6645,-25.1536,-17.8009,-23.8865,-17.6485,-31.3843,-31.4883,-18.5116
RA,A2,Motorcycle_1920x1080_30fps_8bit.y4m,v12.0.0,-17.5202,-31.1606,-31.0035,-18.7626,-19.0623,-19.4637,-26.6931,-25.1887,-17.881,-23.9685,-17.7875,-31.7166,-31.4734,-18.6527
RA,A2,Motorcycle_1920x1080_30fps_8bit.y4m,v13.0.0,-17.5058,-30.6588,-30.4058,-18.692,-20.6033,-19.5401,-26.7404,-25.223,-17.9044,-23.8184,-17.7671,-31.1833,-30.8875,-18.6086
RA,A2,Motorcycle_1920x1080_30fps_8bit.y4m,v14.0.0,-17.4929,-30.6332,-30.3995,-18.6787,-20.5932,-19.5267,-26.7166,-25.1982,-17.8903,-23.8081,-17.7553,-31.1623,-30.8801,-18.5962
RA,A2,Motorcycle_1920x1080_30fps_8bit.y4m,v15.0.0,-17.4885,-30.664,-30.7284,-18.6903,-20.5656,-19.4867,-26.7329,-25.1948,-17.8841,-23.8395,-17.7504,-31.1929,-31.2048,-18.5965
RA,A2,OldTownCross_1920x1080p50.y4m,v02.0.0,-1.5543,-26.4103,-20.6129,-3.3638,-1.3858,-1.8718,-1.4062,-1.5527,-0.5101,-8.655,-1.6883,-27.1039,-20.857,-3.4009
RA,A2,OldTownCross_1920x1080p50.y4m,v03.0.0,-11.8905,-32.7835,-25.056,-13.2835,-10.8622,-12.1947,-15.6619,-14.7741,-9.5757,-17.8314,-12.1514,-33.6176,-25.3291,-13.5332
RA,A2,OldTownCross_1920x1080p50.y4m,v04.0.0,-18.2553,-41.2048,-33.0216,-19.8088,-16.7933,-18.3122,-21.9211,-21.232,-15.6613,-25.3073,-18.56,-42.0892,-33.3016,-20.1577
RA,A2,OldTownCross_1920x1080p50.y4m,v05.0.0,-20.2803,-46.23,-41.2422,-22.3005,-18.5467,-20.002,-23.6006,-22.9775,-17.6928,-29.8476,-20.5987,-47.1079,-41.5174,-22.6757
RA,A2,OldTownCross_1920x1080p50.y4m,v06.0.0,-23.5495,-50.2548,-43.6825,-25.563,-21.7184,-22.8816,-25.956,-25.8045,-22.3964,-36.2609,-23.8537,-51.0721,-43.9263,-25.9586
RA,A2,OldTownCross_1920x1080p50.y4m,v07.0.0,-24.6018,-51.1189,-44.8362,-26.6288,-22.6584,-23.9003,-26.8662,-26.7924,-23.4476,-37.4038,-24.9277,-51.9485,-45.0699,-27.0521
RA,A2,OldTownCross_1920x1080p50.y4m,v08.0.0,-26.8978,-53.1761,-46.1302,-28.8616,-24.7681,-26.1565,-28.6342,-28.485,-25.5929,-39.7769,-27.2563,-54.0303,-46.3757,-29.3255
RA,A2,OldTownCross_1920x1080p50.y4m,v09.0.0,-28.8274,-53.5788,-46.4043,-30.6247,-26.7424,-27.8397,-31.1401,-31.0055,-27.7079,-40.7236,-29.1545,-54.4756,-46.6332,-31.0426
RA,A2,OldTownCross_1920x1080p50.y4m,v10.0.0,-29.9399,-53.4363,-46.5697,-31.6272,-27.192,-28.485,-31.4659,-31.7906,-28.2701,-41.4204,-30.2756,-54.2592,-46.7939,-32.0479
RA,A2,OldTownCross_1920x1080p50.y4m,v11.0.0,-30.9109,-53.8454,-46.7666,-32.5376,-28.0758,-29.0452,-31.5479,-32.0287,-29.5608,-41.9119,-31.342,-54.715,-47.0122,-33.0
RA,A2,OldTownCross_1920x1080p50.y4m,v12.0.0,-31.3135,-53.439,-46.1745,-32.852,-28.6418,-29.5777,-32.7078,-33.0565,-29.8418,-42.0843,-31.752,-54.314,-46.4197,-33.3308
RA,A2,OldTownCross_1920x1080p50.y4m,v13.0.0,-31.2992,-53.1328,-46.1191,-32.824,-30.3738,-29.6147,-32.0981,-32.5462,-29.9021,-42.0544,-31.7352,-53.9924,-46.3618,-33.3
RA,A2,OldTownCross_1920x1080p50.y4m,v14.0.0,-30.9971,-52.8845,-45.8264,-32.5239,-30.0486,-29.2575,-31.7552,-32.201,-29.6027,-41.7664,-31.4307,-53.7434,-46.0679,-32.9936
RA,A2,OldTownCross_1920x1080p50.y4m,v15.0.0,-31.0078,-52.9192,-45.8228,-32.5347,-30.0688,-29.2672,-31.7387,-32.1839,-29.6148,-41.7602,-31.4415,-53.7782,-46.0643,-33.0049
RA,A2,PedestrianArea_1920x1080p25.y4m,v02.0.0,-2.4812,-6.6029,-2.7222,-2.6979,-0.8208,-2.3624,-1.894,-1.5782,0.0813,-2.9047,-2.0915,-6.5133,-2.5655,-2.3215
RA,A2,PedestrianArea_1920x1080p25.y4m,v03.0.0,-7.9014,-11.1576,-6.914,-8.0115,-6.9791,-7.714,-8.2265,-7.7613,-6.3265,-5.6976,-8.0276,-11.2396,-6.9799,-8.157
RA,A2,PedestrianArea_1920x1080p25.y4m,v04.0.0,-13.2878,-23.4422,-18.4385,-14.1023,-12.4348,-13.4295,-15.1253,-14.2743,-11.9202,-13.9205,-13.4058,-23.54,-18.4939,-14.1921
RA,A2,PedestrianArea_1920x1080p25.y4m,v05.0.0,-15.3284,-28.7089,-20.7096,-16.3287,-14.5068,-15.5173,-17.4415,-16.6595,-13.8851,-17.1667,-15.4355,-28.7613,-20.7331,-16.3915
RA,A2,PedestrianArea_1920x1080p25.y4m,v06.0.0,-18.325,-33.6593,-26.8154,-19.6434,-16.7017,-17.7598,-19.9138,-19.04,-17.5353,-25.254,-18.4196,-33.6516,-26.7513,-19.6699
RA,A2,PedestrianArea_1920x1080p25.y4m,v07.0.0,-19.1858,-36.3519,-28.3987,-20.6523,-17.5176,-18.6858,-21.3172,-20.3425,-18.4519,-26.6936,-19.2789,-36.3609,-28.3804,-20.6627
RA,A2,PedestrianArea_1920x1080p25.y4m,v08.0.0,-19.7017,-36.6875,-28.9935,-21.1613,-17.8923,-19.0837,-21.5064,-20.7257,-18.8727,-27.3481,-19.8035,-36.7075,-28.9694,-21.1764
RA,A2,PedestrianArea_1920x1080p25.y4m,v09.0.0,-21.2862,-35.0909,-27.6852,-22.3974,-19.4964,-20.2658,-22.6729,-21.9365,-20.7923,-27.1178,-21.5031,-35.2,-27.7512,-22.5897
RA,A2,PedestrianArea_1920x1080p25.y4m,v10.0.0,-22.1225,-34.5293,-28.0996,-23.1252,-20.3521,-21.2324,-25.0476,-23.9036,-21.44,-26.9488,-22.3236,-34.624,-28.1818,-23.3053
RA,A2,PedestrianArea_1920x1080p25.y4m,v11.0.0,-22.5622,-35.4403,-28.8547,-23.6094,-20.9481,-21.7233,-25.1995,-24.2487,-22.0376,-28.1835,-22.7306,-35.5569,-28.9944,-23.7571
RA,A2,PedestrianArea_1920x1080p25.y4m,v12.0.0,-22.5611,-35.9922,-29.5186,-23.6823,-20.7353,-21.6142,-25.7328,-24.7006,-22.0455,-28.1057,-22.7226,-36.1305,-29.6591,-23.8121
RA,A2,PedestrianArea_1920x1080p25.y4m,v13.0.0,-22.693,-36.0741,-29.1228,-23.7795,-24.3441,-21.7248,-25.1979,-24.2364,-22.1122,-28.2291,-22.8649,-36.2226,-29.2729,-23.9268
RA,A2,PedestrianArea_1920x1080p25.y4m,v14.0.0,-22.5612,-35.965,-29.0063,-23.6497,-24.2299,-21.6051,-25.0469,-24.0879,-22.001,-28.1006,-22.7331,-36.1136,-29.1566,-23.7966
RA,A2,PedestrianArea_1920x1080p25.y4m,v15.0.0,-22.5665,-35.9385,-28.981,-23.6513,-24.2329,-21.6064,-25.0759,-24.1025,-22.0013,-28.0776,-22.7384,-36.0865,-29.127,-23.7979
RA,A2,RitualDance_1920x1080_5994_10bit_420.y4m,v02.0.0,-2.1961,-12.4353,-7.3216,-2.9332,-1.9045,-1.9737,-1.9487,-1.9846,-2.3959,-6.4228,-2.1821,-12.4883,-7.5516,-2.8484
RA,A2,RitualDance_1920x1080_5994_10bit_420.y4m,v03.0.0,-10.9562,-16.7518,-14.1506,-11.3824,-10.1594,-10.4737,-12.2651,-11.7499,-10.3212,-13.9834,-10.962,-16.8596,-14.628,-11.4319
RA,A2,RitualDance_1920x1080_5994_10bit_420.y4m,v04.0.0,-18.3272,-26.9627,-23.2818,-18.9854,-18.6983,-18.8771,-21.3341,-20.4311,-17.7855,-22.3307,-18.3578,-27.0557,-23.4493,-19.0594
RA,A2,RitualDance_1920x1080_5994_10bit_420.y4m,v05.0.0,-20.0685,-32.0059,-25.8373,-20.9441,-20.2571,-20.5141,-23.5449,-22.7048,-19.5428,-24.8066,-20.1128,-32.046,-25.9733,-21.0454
RA,A2,RitualDance_1920x1080_5994_10bit_420.y4m,v06.0.0,-22.5427,-35.9981,-28.6649,-23.5091,-23.0486,-23.3078,-26.4489,-25.5878,-21.9862,-28.4299,-22.6072,-36.1837,-28.8412,-23.5895
RA,A2,RitualDance_1920x1080_5994_10bit_420.y4m,v07.0.0,-23.7282,-38.4455,-31.0917,-24.8405,-24.1607,-24.4467,-28.0508,-27.136,-23.2167,-30.4024,-23.7995,-38.622,-31.2768,-24.9123
RA,A2,RitualDance_1920x1080_5994_10bit_420.y4m,v08.0.0,-24.4194,-40.8757,-33.5499,-25.7201,-24.7893,-25.1161,-28.3954,-27.522,-23.9793,-31.2271,-24.489,-41.1592,-33.8232,-25.7633
RA,A2,RitualDance_1920x1080_5994_10bit_420.y4m,v09.0.0,-26.1151,-39.3423,-33.4859,-27.1421,-26.1148,-26.2766,-30.5775,-29.6472,-25.7357,-30.9834,-26.4066,-39.8756,-34.0793,-27.4512
RA,A2,RitualDance_1920x1080_5994_10bit_420.y4m,v10.0.0,-27.613,-39.8153,-35.365,-28.6142,-27.4064,-27.5979,-32.4227,-31.3469,-26.8979,-32.7769,-27.8975,-40.2685,-35.8947,-28.8905
RA,A2,RitualDance_1920x1080_5994_10bit_420.y4m,v11.0.0,-27.9977,-41.9829,-36.1627,-29.1122,-27.8768,-28.0981,-32.8779,-31.8061,-27.3514,-33.8254,-28.2826,-42.4846,-36.7869,-29.3807
RA,A2,RitualDance_1920x1080_5994_10bit_420.y4m,v12.0.0,-28.1208,-41.7632,-35.8467,-29.2074,-27.86,-28.1009,-33.3151,-32.117,-27.4368,-33.4225,-28.3989,-42.3154,-36.3743,-29.4615
RA,A2,RitualDance_1920x1080_5994_10bit_420.y4m,v13.0.0,-28.0467,-41.6047,-35.6343,-29.1093,-29.7413,-28.0278,-33.3682,-32.1026,-27.3256,-33.5487,-28.3317,-42.1669,-36.2368,-29.3805
RA,A2,RitualDance_1920x1080_5994_10bit_420.y4m,v14.0.0,-27.9956,-42.0155,-35.8813,-29.0997,-29.7364,-28.0417,-33.3657,-32.0702,-27.3032,-33.493,-28.2839,-42.5241,-36.4294,-29.3559
RA,A2,RitualDance_1920x1080_5994_10bit_420.y4m,v15.0.0,-28.0006,-41.957,-35.8897,-29.1011,-29.737,-28.038,-33.4054,-32.0892,-27.2987,-33.4571,-28.2887,-42.4746,-36.4491,-29.3573
RA,A2,Riverbed_1920x1080p25.y4m,v02.0.0,-3.3113,-3.598,-23.1079,-3.8842,-3.1197,-3.425,-4.1754,-3.8115,-3.214,-2.3646,-3.2126,-3.1316,-23.2406,-3.6323
RA,A2,Riverbed_1920x1080p25.y4m,v03.0.0,-6.7742,-13.1826,-11.865,-7.1034,-5.2262,-6.0777,-5.5299,-5.2593,-5.943,-8.7198,-6.9612,-13.3792,-11.975,-7.5006
RA,A2,Riverbed_1920x1080p25.y4m,v04.0.0,-9.0172,-22.9178,-30.7778,-10.1117,-7.3622,-8.5073,-8.0085,-7.4683,-8.3442,-12.9969,-9.2516,-23.1575,-30.821,-10.3792
RA,A2,Riverbed_1920x1080p25.y4m,v05.0.0,-9.3256,-24.5082,-37.0509,-10.6604,-7.6835,-8.897,-8.4126,-7.9147,-8.6633,-13.9548,-9.544,-24.7443,-37.2899,-10.8291
RA,A2,Riverbed_1920x1080p25.y4m,v06.0.0,-11.4126,-32.2404,-48.9012,-13.3427,-9.4487,-10.629,-11.3165,-10.7874,-11.1129,-17.9929,-11.5568,-32.5911,-49.4542,-13.0884
RA,A2,Riverbed_1920x1080p25.y4m,v07.0.0,-11.711,-38.9718,-57.2464,-14.3005,-9.6027,-10.8328,-11.8517,-11.3203,-11.6825,-20.1951,-11.8588,-39.4562,-57.7088,-13.8403
RA,A2,Riverbed_1920x1080p25.y4m,v08.0.0,-12.134,-38.6608,-56.7691,-14.6653,-9.8467,-11.1402,-12.154,-11.6679,-12.0868,-20.2421,-12.2797,-39.1214,-57.2031,-14.2195
RA,A2,Riverbed_1920x1080p25.y4m,v09.0.0,-16.0096,-40.8719,-59.9106,-18.4735,-13.7973,-14.9542,-16.0001,-15.434,-15.7886,-23.0381,-16.503,-41.6455,-60.6548,-18.3131
RA,A2,Riverbed_1920x1080p25.y4m,v10.0.0,-16.4611,-40.7139,-59.4745,-18.8626,-14.2451,-15.4226,-18.366,-17.5513,-16.1858,-23.4939,-16.9752,-41.5139,-60.2366,-18.7245
RA,A2,Riverbed_1920x1080p25.y4m,v11.0.0,-16.3857,-40.15,-59.6743,-18.7987,-14.4336,-15.4555,-18.147,-17.5975,-16.2372,-23.0393,-16.4107,-40.8175,-60.3927,-18.1842
RA,A2,Riverbed_1920x1080p25.y4m,v12.0.0,-16.2512,-40.588,-58.0493,-18.636,-14.2034,-15.2842,-17.9324,-17.4021,-16.0694,-23.155,-16.2658,-41.267,-58.748,-18.0384
RA,A2,Riverbed_1920x1080p25.y4m,v13.0.0,-16.4261,-39.8771,-57.9418,-18.7579,-17.996,-15.4951,-18.5142,-17.8468,-16.2227,-23.0102,-16.4438,-40.5259,-58.6246,-18.1917
RA,A2,Riverbed_1920x1080p25.y4m,v14.0.0,-16.3975,-39.863,-57.9298,-18.7305,-17.9755,-15.4702,-18.4855,-17.8189,-16.1996,-22.9829,-16.4155,-40.5119,-58.6127,-18.1634
RA,A2,Riverbed_1920x1080p25.y4m,v15.0.0,-16.3935,-39.8398,-57.9047,-18.7238,-17.9676,-15.4623,-18.4635,-17.7976,-16.1924,-22.9661,-16.4114,-40.488,-58.5871,-18.1566
RA,A2,RushFieldCuts_1920x1080_2997.y4m,v02.0.0,-1.6824,-8.1488,-9.3031,-2.3715,-1.7545,-1.8316,-1.7239,-1.7602,-1.1189,-2.5767,-1.8928,-8.4227,-9.5393,-2.2495
RA,A2,RushFieldCuts_1920x1080_2997.y4m,v03.0.0,-9.1693,-12.2023,-12.8052,-9.4972,-7.7952,-8.4854,-13.8097,-12.5509,-7.5207,-9.6051,-9.4156,-12.4646,-13.0193,-9.5967
RA,A2,RushFieldCuts_1920x1080_2997.y4m,v04.0.0,-12.8162,-22.3456,-20.7487,-13.6586,-11.8831,-12.5047,-17.9554,-16.7147,-11.2905,-15.5982,-13.0485,-22.6912,-21.0203,-13.5835
RA,A2,RushFieldCuts_1920x1080_2997.y4m,v05.0.0,-14.1198,-29.1765,-25.0995,-15.4127,-13.1363,-13.8174,-18.8997,-17.6983,-12.6342,-20.0571,-14.3663,-29.3916,-25.2799,-15.1701
RA,A2,RushFieldCuts_1920x1080_2997.y4m,v06.0.0,-15.1962,-31.7313,-26.791,-16.5958,-13.8665,-14.5043,-19.4093,-18.3063,-14.288,-23.5151,-15.4238,-31.9439,-26.8867,-16.3371
RA,A2,RushFieldCuts_1920x1080_2997.y4m,v07.0.0,-15.8036,-31.6313,-26.6236,-17.1149,-14.8059,-15.3968,-20.2254,-19.0555,-14.9479,-24.4318,-16.0417,-31.8132,-26.7187,-16.9139
RA,A2,RushFieldCuts_1920x1080_2997.y4m,v08.0.0,-16.7397,-31.978,-26.9072,-17.9854,-15.5296,-16.1385,-21.0062,-19.8937,-15.7794,-24.9088,-16.9947,-32.1618,-26.9842,-17.8247
RA,A2,RushFieldCuts_1920x1080_2997.y4m,v09.0.0,-18.7179,-30.119,-23.7652,-19.5219,-17.7632,-18.1116,-23.8686,-22.6319,-17.9628,-25.2176,-19.2218,-30.3865,-23.9405,-19.7637
RA,A2,RushFieldCuts_1920x1080_2997.y4m,v10.0.0,-19.6621,-30.5219,-24.29,-20.4201,-18.4426,-18.7611,-24.6044,-23.647,-18.5589,-25.7868,-20.154,-30.7675,-24.4852,-20.6639
RA,A2,RushFieldCuts_1920x1080_2997.y4m,v11.0.0,-20.0747,-31.2023,-25.2462,-20.8665,-18.4571,-18.8088,-25.2175,-24.2519,-18.9878,-26.2089,-20.6016,-31.5608,-25.5477,-21.1642
RA,A2,RushFieldCuts_1920x1080_2997.y4m,v12.0.0,-20.415,-31.9037,-25.0864,-21.2023,-18.5885,-18.9989,-25.4508,-24.5049,-19.2878,-26.6517,-20.9423,-32.2656,-25.3891,-21.5113
RA,A2,RushFieldCuts_1920x1080_2997.y4m,v13.0.0,-20.2785,-32.0842,-24.1908,-21.0491,-19.4273,-18.9735,-25.2,-24.3366,-19.1951,-26.5909,-20.8052,-32.4476,-24.4816,-21.3681
RA,A2,RushFieldCuts_1920x1080_2997.y4m,v14.0.0,-20.2507,-32.0228,-24.1188,-21.0176,-19.407,-18.9366,-25.1797,-24.3113,-19.1616,-26.5087,-20.7777,-32.3864,-24.4086,-21.3379
RA,A2,RushFieldCuts_1920x1080_2997.y4m,v15.0.0,-20.2082,-32.108,-24.1832,-20.9866,-19.3502,-18.8791,-25.1071,-24.2181,-19.1067,-26.5477,-20.7341,-32.468,-24.4796,-21.3024
RA,A2,Skater227_1920x1080_30fps.y4m,v02.0.0,-4.459,-7.5022,-10.9988,-5.0573,-4.702,-4.7575,-6.9155,-6.2444,-4.5339,-7.2563,-4.7294,-8.2464,-11.5392,-5.1093
RA,A2,Skater227_1920x1080_30fps.y4m,v03.0.0,-12.5396,-9.9844,-12.2342,-12.3824,-12.4357,-12.6771,-12.4274,-12.4222,-12.304,-11.3888,-12.6569,-10.1753,-11.9824,-12.5332
RA,A2,Skater227_1920x1080_30fps.y4m,v04.0.0,-18.5155,-22.7262,-23.6773,-19.123,-18.1818,-18.4481,-20.5564,-20.0802,-18.561,-19.1363,-18.5879,-23.0278,-23.5599,-18.9922
RA,A2,Skater227_1920x1080_30fps.y4m,v05.0.0,-20.6659,-23.8428,-25.9388,-21.2118,-20.3391,-20.6537,-21.9756,-21.8371,-20.63,-21.0847,-20.6756,-24.027,-25.6381,-21.0281
RA,A2,Skater227_1920x1080_30fps.y4m,v06.0.0,-26.2463,-31.2389,-31.8106,-26.9365,-25.8064,-26.3965,-27.0862,-26.9642,-26.03,-29.2077,-26.1039,-31.5896,-31.6796,-26.5829
RA,A2,Skater227_1920x1080_30fps.y4m,v07.0.0,-26.8295,-34.6255,-35.7707,-27.9344,-26.3962,-26.9541,-28.2794,-28.066,-26.9033,-30.5167,-26.7224,-35.1146,-36.0238,-27.4784
RA,A2,Skater227_1920x1080_30fps.y4m,v08.0.0,-27.5324,-35.0226,-37.1092,-28.6504,-27.0634,-27.6109,-28.0239,-28.1048,-27.5945,-31.442,-27.4284,-35.4678,-37.2349,-28.1805
RA,A2,Skater227_1920x1080_30fps.y4m,v09.0.0,-30.0432,-34.2381,-34.7733,-30.6221,-29.1401,-29.6574,-31.1015,-31.1444,-29.8687,-31.5225,-30.0999,-34.8752,-34.8164,-30.5083
RA,A2,Skater227_1920x1080_30fps.y4m,v10.0.0,-31.2321,-35.3124,-36.4025,-31.8337,-30.51,-30.9903,-34.4143,-33.9186,-31.1515,-33.2229,-31.2635,-36.0127,-36.603,-31.6969
RA,A2,Skater227_1920x1080_30fps.y4m,v11.0.0,-31.6042,-38.8361,-38.7172,-32.5522,-31.3564,-31.7571,-34.752,-34.172,-31.7656,-35.588,-31.6706,-39.5762,-39.0362,-32.332
RA,A2,Skater227_1920x1080_30fps.y4m,v12.0.0,-31.7462,-38.8631,-37.5266,-32.5955,-31.3239,-31.7691,-34.7187,-34.2449,-31.803,-35.3766,-31.7943,-39.5717,-37.9027,-32.4003
RA,A2,Skater227_1920x1080_30fps.y4m,v13.0.0,-31.7839,-37.88,-37.4075,-32.5501,-37.8295,-31.9419,-34.9201,-34.4346,-31.8261,-34.7503,-31.8057,-38.6849,-37.905,-32.3674
RA,A2,Skater227_1920x1080_30fps.y4m,v14.0.0,-31.5099,-37.7933,-37.4352,-32.3095,-37.5704,-31.6578,-34.6108,-34.1154,-31.5791,-34.5676,-31.5331,-38.5824,-37.9531,-32.1156
RA,A2,Skater227_1920x1080_30fps.y4m,v15.0.0,-31.5228,-37.7156,-37.5739,-32.3245,-37.5702,-31.6426,-34.6896,-34.2097,-31.5902,-34.5111,-31.5638,-38.5006,-38.1173,-32.146
RA,A2,ToddlerFountainCropped_1080x1080p2997_yuv420p10le_130frames.y4m,v02.0.0,-1.9084,-17.6557,-38.7968,-3.6333,-2.3022,-2.2669,-2.8374,-2.6715,-2.0994,-7.1291,-2.0491,-17.4751,-39.4343,-2.7949
RA,A2,ToddlerFountainCropped_1080x1080p2997_yuv420p10le_130frames.y4m,v03.0.0,-5.281,-21.3569,-47.9532,-7.1598,-4.5727,-4.6984,-6.6671,-6.1623,-4.7147,-13.32,-5.4608,-21.0869,-48.6382,-6.3393
RA,A2,ToddlerFountainCropped_1080x1080p2997_yuv420p10le_130frames.y4m,v04.0.0,-7.2715,-28.625,-51.4221,-9.4713,-6.3911,-6.74,-9.1615,-8.3798,-6.4682,-16.972,-7.4521,-28.3131,-52.0294,-8.4733
RA,A2,ToddlerFountainCropped_1080x1080p2997_yuv420p10le_130frames.y4m,v05.0.0,-8.0729,-37.0078,-62.3941,-11.2255,-6.7368,-7.4269,-8.9844,-8.3777,-7.2832,-19.8329,-8.2462,-36.759,-62.5861,-9.7511
RA,A2,ToddlerFountainCropped_1080x1080p2997_yuv420p10le_130frames.y4m,v06.0.0,-9.661,-46.5521,-68.396,-13.5197,-7.996,-8.7081,-11.1875,-10.4693,-8.9503,-23.7836,-9.8185,-46.4517,-68.6974,-11.5565
RA,A2,ToddlerFountainCropped_1080x1080p2997_yuv420p10le_130frames.y4m,v07.0.0,-10.1407,-54.8189,-73.4045,-14.8491,-8.539,-9.2881,-11.4888,-10.9025,-9.606,-26.0336,-10.2993,-54.7822,-73.6191,-12.3548
RA,A2,ToddlerFountainCropped_1080x1080p2997_yuv420p10le_130frames.y4m,v08.0.0,-10.736,-57.1068,-74.5449,-15.627,-9.4075,-10.1493,-11.7405,-11.2184,-10.3621,-27.036,-10.9218,-57.024,-74.7499,-13.0229
RA,A2,ToddlerFountainCropped_1080x1080p2997_yuv420p10le_130frames.y4m,v09.0.0,-13.3011,-53.3591,-73.4057,-17.6471,-11.5351,-11.9772,-16.3193,-15.7414,-13.0582,-27.6261,-14.0017,-53.2811,-73.7102,-15.9833
RA,A2,ToddlerFountainCropped_1080x1080p2997_yuv420p10le_130frames.y4m,v10.0.0,-14.3116,-51.8621,-72.466,-18.3739,-12.2357,-12.6963,-20.565,-19.2017,-13.7013,-28.1189,-15.0356,-51.8012,-72.7954,-16.9256
RA,A2,ToddlerFountainCropped_1080x1080p2997_yuv420p10le_130frames.y4m,v11.0.0,-14.0718,-52.6766,-70.5826,-18.1,-12.3238,-12.7615,-19.7542,-18.6845,-13.6781,-28.3026,-14.2259,-52.6246,-70.7515,-16.1217
RA,A2,ToddlerFountainCropped_1080x1080p2997_yuv420p10le_130frames.y4m,v12.0.0,-14.1346,-51.5155,-70.6209,-18.1211,-12.2972,-12.7554,-20.3695,-19.0516,-13.7282,-28.252,-14.2831,-51.4454,-70.826,-16.1772
RA,A2,ToddlerFountainCropped_1080x1080p2997_yuv420p10le_130frames.y4m,v13.0.0,-14.0999,-52.3448,-69.5356,-18.059,-13.7409,-12.8387,-20.3961,-19.1381,-13.7503,-27.855,-14.2539,-52.3325,-69.6038,-16.1335
RA,A2,ToddlerFountainCropped_1080x1080p2997_yuv420p10le_130frames.y4m,v14.0.0,-14.071,-52.0297,-69.2589,-17.9889,-13.7292,-12.7995,-20.3228,-19.0636,-13.6947,-27.7384,-14.2247,-52.0102,-69.3117,-16.0847
RA,A2,ToddlerFountainCropped_1080x1080p2997_yuv420p10le_130frames.y4m,v15.0.0,-14.0748,-52.0303,-69.2495,-17.9893,-13.7454,-12.8099,-20.3062,-19.059,-13.6963,-27.7505,-14.2334,-52.0108,-69.3033,-16.0912
RA,A2,TreesAndGrass_1920_1080_30fps_8bit.y4m,v02.0.0,0.9238,-7.7584,-12.786,-0.0234,0.2708,-0.1393,-3.0622,-2.7683,0.5033,-0.0849,0.8345,-8.2297,-12.8911,0.5704
RA,A2,TreesAndGrass_1920_1080_30fps_8bit.y4m,v03.0.0,-6.0912,-17.5975,-15.1233,-7.0075,-5.2865,-5.2515,-11.6052,-11.1436,-5.3353,-6.9637,-6.5318,-18.4075,-15.0234,-6.9172
RA,A2,TreesAndGrass_1920_1080_30fps_8bit.y4m,v04.0.0,-18.1586,-31.1932,-34.4585,-19.4889,-17.9638,-18.4307,-26.9863,-26.2987,-17.5603,-20.0987,-18.9501,-32.1877,-34.9979,-19.5005
RA,A2,TreesAndGrass_1920_1080_30fps_8bit.y4m,v05.0.0,-19.6457,-34.007,-33.5577,-20.9177,-19.5979,-20.1264,-29.356,-28.6129,-19.1591,-21.7143,-20.4458,-34.9199,-33.9218,-21.0261
RA,A2,TreesAndGrass_1920_1080_30fps_8bit.y4m,v06.0.0,-21.1875,-39.4732,-40.7775,-22.9578,-22.1291,-22.2676,-30.8018,-30.2364,-21.9871,-24.5817,-21.9495,-40.354,-41.2573,-22.6958
RA,A2,TreesAndGrass_1920_1080_30fps_8bit.y4m,v07.0.0,-21.313,-42.5889,-47.6053,-23.6287,-22.181,-22.2902,-31.1303,-30.6429,-22.2606,-25.5409,-22.0733,-43.3801,-48.2789,-22.9512
RA,A2,TreesAndGrass_1920_1080_30fps_8bit.y4m,v08.0.0,-22.096,-42.8102,-47.0523,-24.3013,-22.9334,-23.1079,-32.0418,-31.5528,-22.9464,-26.1517,-22.8828,-43.5192,-47.7199,-23.7218
RA,A2,TreesAndGrass_1920_1080_30fps_8bit.y4m,v09.0.0,-25.1819,-42.5407,-47.2847,-27.0945,-26.0758,-25.9492,-35.8482,-35.43,-26.372,-28.6629,-26.2613,-43.4562,-48.0893,-26.9548
RA,A2,TreesAndGrass_1920_1080_30fps_8bit.y4m,v10.0.0,-25.9591,-41.843,-46.5012,-27.6866,-26.4105,-26.4898,-36.8805,-36.4472,-26.8083,-29.1269,-27.0401,-42.798,-47.3009,-27.6753
RA,A2,TreesAndGrass_1920_1080_30fps_8bit.y4m,v11.0.0,-28.1496,-44.2734,-49.0362,-29.9463,-29.1115,-28.8882,-39.0661,-38.6857,-29.5216,-31.5206,-29.085,-45.1363,-49.9101,-29.7671
RA,A2,TreesAndGrass_1920_1080_30fps_8bit.y4m,v12.0.0,-28.0043,-43.7924,-48.7688,-29.7839,-28.7719,-28.4646,-38.8192,-38.472,-29.2591,-31.2658,-28.9474,-44.6688,-49.6186,-29.62
RA,A2,TreesAndGrass_1920_1080_30fps_8bit.y4m,v13.0.0,-28.1319,-44.0093,-48.4825,-29.8918,-27.9727,-28.535,-38.8719,-38.5141,-29.3755,-31.3541,-29.0749,-44.8767,-49.3059,-29.7489
RA,A2,TreesAndGrass_1920_1080_30fps_8bit.y4m,v14.0.0,-28.141,-43.9348,-48.5052,-29.8933,-27.9603,-28.5762,-38.9769,-38.5932,-29.3983,-31.3492,-29.0874,-44.8086,-49.3294,-29.7584
RA,A2,TreesAndGrass_1920_1080_30fps_8bit.y4m,v15.0.0,-28.1505,-43.9368,-48.5289,-29.9035,-27.9669,-28.5686,-38.9588,-38.5855,-29.3879,-31.3668,-29.0984,-44.8022,-49.3507,-29.7692
RA,A2,TunnelFlag_1920x1080_5994_10bit_420.y4m,v02.0.0,-3.675,-23.1757,-27.8916,-5.8964,-2.7386,-3.4698,-4.8268,-5.5503,-3.4819,-9.1551,-3.7226,-23.182,-27.7836,-4.7466
RA,A2,TunnelFlag_1920x1080_5994_10bit_420.y4m,v03.0.0,-22.5109,-34.0413,-38.349,-23.8651,-19.4248,-20.7986,-29.8843,-29.3172,-20.1247,-25.8567,-22.7293,-34.0828,-38.3018,-23.3861
RA,A2,TunnelFlag_1920x1080_5994_10bit_420.y4m,v04.0.0,-32.7811,-43.7315,-63.1658,-34.9832,-29.6147,-31.788,-40.9853,-39.6813,-30.2542,-36.2766,-33.0491,-43.7785,-63.1303,-33.9272
RA,A2,TunnelFlag_1920x1080_5994_10bit_420.y4m,v05.0.0,-36.7409,-61.1854,-69.2405,-39.9445,-33.6993,-35.7252,-46.6922,-45.66,-34.1103,-45.0974,-36.9987,-61.2263,-69.1866,-38.4405
RA,A2,TunnelFlag_1920x1080_5994_10bit_420.y4m,v06.0.0,-38.7815,-66.2065,-73.4768,-42.3849,-36.0247,-38.0498,-48.4153,-47.2151,-36.3463,-48.56,-39.0457,-66.2708,-73.4735,-40.6505
RA,A2,TunnelFlag_1920x1080_5994_10bit_420.y4m,v07.0.0,-39.7685,-68.9647,-75.7232,-43.64,-37.0862,-39.1935,-48.9478,-47.8796,-37.4927,-50.4305,-40.044,-68.9719,-75.7372,-41.7624
RA,A2,TunnelFlag_1920x1080_5994_10bit_420.y4m,v08.0.0,-40.9348,-70.5576,-76.1131,-44.8038,-38.3603,-40.4758,-49.6532,-48.6285,-38.7275,-51.7311,-41.2022,-70.5414,-76.1063,-42.9218
RA,A2,TunnelFlag_1920x1080_5994_10bit_420.y4m,v09.0.0,-42.7615,-70.7475,-77.5429,-46.4767,-40.2516,-42.1068,-50.7605,-49.9188,-41.0366,-52.7168,-43.1398,-70.7702,-77.5393,-44.7495
RA,A2,TunnelFlag_1920x1080_5994_10bit_420.y4m,v10.0.0,-44.5135,-70.2133,-75.7771,-47.8044,-41.6224,-43.607,-52.8681,-51.7823,-42.1562,-53.593,-44.8799,-70.1784,-75.789,-46.3324
RA,A2,TunnelFlag_1920x1080_5994_10bit_420.y4m,v11.0.0,-43.9925,-69.371,-74.7591,-47.2122,-40.2609,-42.1514,-53.1234,-51.9636,-41.3527,-52.9267,-44.417,-69.3968,-74.7448,-45.8612
RA,A2,TunnelFlag_1920x1080_5994_10bit_420.y4m,v12.0.0,-44.2411,-69.6789,-74.5434,-47.436,-40.1337,-41.9693,-53.4907,-52.3394,-41.4889,-53.2534,-44.6661,-69.7185,-74.5066,-46.0999
RA,A2,TunnelFlag_1920x1080_5994_10bit_420.y4m,v13.0.0,-44.2809,-69.6336,-74.9402,-47.4923,-44.4688,-42.0957,-53.4423,-52.3218,-41.5587,-53.2131,-44.7057,-69.665,-74.9249,-46.1441
RA,A2,TunnelFlag_1920x1080_5994_10bit_420.y4m,v14.0.0,-44.2446,-69.6484,-74.9226,-47.4606,-44.4403,-42.0528,-53.3412,-52.2458,-41.53,-53.186,-44.6677,-69.6807,-74.9069,-46.1085
RA,A2,TunnelFlag_1920x1080_5994_10bit_420.y4m,v15.0.0,-44.25,-69.6374,-74.9253,-47.4643,-44.4445,-42.0651,-53.341,-52.2457,-41.5374,-53.1915,-44.6745,-69.6686,-74.9102,-46.1138
RA,A2,Vertical_bees_1080x1920_2997.y4m,v02.0.0,-1.6381,-3.7765,-1.6069,-1.7563,-0.9756,-1.6948,-1.8327,-1.9403,-0.0156,1.3238,-1.6672,-3.9136,-1.6724,-1.7966
RA,A2,Vertical_bees_1080x1920_2997.y4m,v03.0.0,-6.8264,-6.9721,-3.5419,-6.6552,-7.1636,-7.6785,-10.561,-9.0386,-4.7811,-3.4827,-6.8719,-7.163,-3.4979,-6.707
RA,A2,Vertical_bees_1080x1920_2997.y4m,v04.0.0,-12.8471,-12.6324,-12.9796,-12.838,-12.2158,-13.0922,-16.4435,-14.8783,-10.3226,-9.9401,-12.9128,-12.8377,-12.9889,-12.8765
RA,A2,Vertical_bees_1080x1920_2997.y4m,v05.0.0,-15.2765,-16.0918,-14.1754,-15.2617,-15.0237,-15.7168,-19.0107,-17.5897,-12.665,-12.6102,-15.3451,-16.3046,-14.1376,-15.3361
RA,A2,Vertical_bees_1080x1920_2997.y4m,v06.0.0,-18.574,-21.2432,-21.6516,-18.902,-17.4084,-18.1531,-21.4823,-20.156,-17.259,-19.7148,-18.6347,-21.4238,-21.7649,-18.9969
RA,A2,Vertical_bees_1080x1920_2997.y4m,v07.0.0,-19.5077,-22.1503,-22.4675,-19.829,-18.5259,-19.1143,-22.684,-21.2346,-18.2202,-21.0908,-19.5773,-22.3465,-22.5667,-19.9352
RA,A2,Vertical_bees_1080x1920_2997.y4m,v08.0.0,-20.3382,-22.6753,-22.4371,-20.5919,-19.0829,-19.7154,-23.0406,-21.896,-18.8979,-21.7186,-20.4105,-22.8553,-22.5302,-20.6983
RA,A2,Vertical_bees_1080x1920_2997.y4m,v09.0.0,-21.7738,-20.4384,-21.4202,-21.6811,-20.8089,-21.0292,-25.153,-23.8695,-20.5845,-21.4783,-21.8874,-20.6447,-21.6794,-21.7738
RA,A2,Vertical_bees_1080x1920_2997.y4m,v10.0.0,-23.0034,-20.5246,-22.1234,-22.8147,-21.574,-21.955,-24.5489,-23.9011,-21.1132,-22.3163,-23.1285,-20.7323,-22.3752,-22.9008
RA,A2,Vertical_bees_1080x1920_2997.y4m,v11.0.0,-23.3998,-20.1479,-21.7397,-23.1272,-21.8204,-22.0458,-25.2115,-24.4718,-21.5322,-22.4057,-23.6105,-20.4154,-22.0773,-23.2835
RA,A2,Vertical_bees_1080x1920_2997.y4m,v12.0.0,-23.5127,-20.3676,-22.015,-23.2524,-21.7656,-22.0825,-25.0387,-24.4306,-21.6248,-22.4543,-23.7162,-20.6414,-22.3264,-23.4029
RA,A2,Vertical_bees_1080x1920_2997.y4m,v13.0.0,-23.5603,-20.8684,-21.7022,-23.3059,-22.4998,-21.9784,-25.2301,-24.5499,-21.6458,-22.6002,-23.7666,-21.1448,-22.0513,-23.4694
RA,A2,Vertical_bees_1080x1920_2997.y4m,v14.0.0,-23.3993,-20.9308,-21.6741,-23.1651,-22.3549,-21.8051,-25.0462,-24.3348,-21.512,-22.5666,-23.603,-21.2127,-22.0272,-23.331
RA,A2,Vertical_bees_1080x1920_2997.y4m,v15.0.0,-23.4002,-20.9074,-21.6661,-23.1641,-22.3478,-21.7864,-25.0573,-24.3422,-21.4862,-22.5387,-23.6052,-21.1906,-22.0204,-23.3307
RA,A2,WorldCup_1920x1080_30p.y4m,v02.0.0,-1.2476,0.2924,-0.3193,-1.124,-2.0367,-2.1703,-2.1256,-2.1237,-0.5539,3.5745,-1.3076,0.3691,-0.2794,-1.1012
RA,A2,WorldCup_1920x1080_30p.y4m,v03.0.0,-10.6687,-6.6887,-6.3393,-10.263,-10.8042,-11.2772,-12.455,-11.7503,-9.3552,-5.8728,-10.8141,-6.7483,-6.2851,-10.4434
RA,A2,WorldCup_1920x1080_30p.y4m,v04.0.0,-17.6069,-17.8218,-17.2405,-17.5843,-16.8886,-17.4973,-21.1999,-19.7515,-16.2062,-13.3816,-17.7726,-17.8381,-17.2489,-17.6882
RA,A2,WorldCup_1920x1080_30p.y4m,v05.0.0,-20.7968,-21.3862,-20.2242,-20.7819,-19.9254,-20.6597,-24.2438,-22.9886,-19.3418,-17.4094,-20.9735,-21.3784,-20.2323,-20.9043
RA,A2,WorldCup_1920x1080_30p.y4m,v06.0.0,-22.9132,-29.926,-26.7855,-23.47,-21.5918,-22.2932,-25.6175,-24.4262,-22.2253,-26.2275,-23.0453,-29.9111,-26.7523,-23.4053
RA,A2,WorldCup_1920x1080_30p.y4m,v07.0.0,-24.4402,-33.9266,-29.6341,-25.1971,-23.0145,-23.7179,-27.6523,-26.2601,-23.8361,-28.5482,-24.5818,-33.9997,-29.6731,-25.0735
RA,A2,WorldCup_1920x1080_30p.y4m,v08.0.0,-24.9895,-35.2995,-30.8926,-25.826,-23.4911,-24.24,-28.0,-26.6803,-24.3961,-29.4265,-25.126,-35.2842,-30.8822,-25.6538
RA,A2,WorldCup_1920x1080_30p.y4m,v09.0.0,-26.5632,-33.2171,-30.0281,-27.0798,-24.107,-24.7517,-29.889,-28.3975,-25.6237,-28.6052,-26.8942,-33.357,-30.1829,-27.2216
RA,A2,WorldCup_1920x1080_30p.y4m,v10.0.0,-28.523,-34.6718,-31.7888,-29.0045,-25.5781,-26.3338,-31.7631,-30.2755,-27.2097,-30.5042,-28.8544,-34.7924,-31.9541,-29.1517
RA,A2,WorldCup_1920x1080_30p.y4m,v11.0.0,-29.0172,-36.4898,-32.5095,-29.5793,-26.0751,-26.9251,-32.4548,-30.7537,-27.7428,-31.4435,-29.294,-36.7032,-32.7038,-29.6567
RA,A2,WorldCup_1920x1080_30p.y4m,v12.0.0,-29.186,-37.0136,-33.5733,-29.8125,-26.0556,-26.9316,-32.5245,-30.9585,-27.9077,-31.9474,-29.4589,-37.2498,-33.7665,-29.8622
RA,A2,WorldCup_1920x1080_30p.y4m,v13.0.0,-29.1448,-36.3005,-32.8458,-29.7007,-30.6738,-26.8703,-32.4701,-30.8224,-27.8099,-31.311,-29.417,-36.4874,-33.0449,-29.7754
RA,A2,WorldCup_1920x1080_30p.y4m,v14.0.0,-29.0774,-36.3733,-32.4579,-29.6242,-30.6605,-26.8821,-32.5063,-30.8159,-27.764,-31.3122,-29.3476,-36.5637,-32.6318,-29.6993
RA,A2,WorldCup_1920x1080_30p.y4m,v15.0.0,-29.0263,-36.1208,-32.3824,-29.5613,-30.5638,-26.7236,-32.507,-30.8282,-27.7052,-31.3247,-29.3004,-36.312,-32.5741,-29.6465
RA,A3,ControlledBurn_1280x720p30_420.y4m,v02.0.0,-1.5533,-8.9088,-8.0771,-2.3172,-1.7467,-1.7659,-2.0913,-2.065,-2.0954,-3.9846,-1.4879,-7.8713,-5.9907,-1.8613
RA,A3,ControlledBurn_1280x720p30_420.y4m,v03.0.0,-5.4472,-13.8475,-12.2956,-6.2881,-6.1153,-5.9157,-5.1281,-5.1228,-5.8766,-7.893,-5.1235,-13.0814,-10.1375,-5.5612
RA,A3,ControlledBurn_1280x720p30_420.y4m,v04.0.0,-9.7974,-26.0014,-20.2081,-11.306,-10.1379,-10.0386,-9.2604,-9.3474,-10.0307,-14.0664,-9.2792,-25.5469,-18.7232,-10.1844
RA,A3,ControlledBurn_1280x720p30_420.y4m,v05.0.0,-10.4797,-25.8977,-23.2258,-12.0795,-10.945,-10.7694,-9.9637,-10.2063,-10.8207,-14.9119,-10.1356,-25.2361,-21.2018,-11.0851
RA,A3,ControlledBurn_1280x720p30_420.y4m,v06.0.0,-12.2569,-31.9644,-26.7166,-14.234,-12.7857,-12.6357,-11.7819,-12.0895,-12.7447,-17.9072,-11.7615,-31.3342,-24.8994,-12.9395
RA,A3,ControlledBurn_1280x720p30_420.y4m,v07.0.0,-13.493,-37.4219,-32.2529,-16.0453,-14.0177,-13.9034,-13.7571,-13.9384,-14.335,-20.4924,-12.9772,-37.4673,-30.905,-14.5247
RA,A3,ControlledBurn_1280x720p30_420.y4m,v08.0.0,-14.0209,-38.017,-31.949,-16.5191,-14.5179,-14.4697,-14.3829,-14.5887,-14.8692,-21.1534,-13.466,-38.1314,-31.139,-14.9983
RA,A3,ControlledBurn_1280x720p30_420.y4m,v09.0.0,-15.9765,-38.7566,-33.4505,-18.3592,-16.6683,-16.5658,-16.6304,-16.9374,-16.949,-22.532,-14.9926,-39.1885,-33.1655,-16.5264
RA,A3,ControlledBurn_1280x720p30_420.y4m,v10.0.0,-16.6542,-38.3509,-32.6904,-18.8883,-17.0911,-17.0044,-18.1071,-18.2052,-17.3422,-22.4741,-15.7507,-38.6622,-32.2247,-17.1688
RA,A3,ControlledBurn_1280x720p30_420.y4m,v11.0.0,-17.3789,-39.4074,-33.7244,-19.6886,-17.7686,-17.566,-19.9155,-19.8264,-18.3297,-23.3569,-16.3351,-39.9403,-33.5412,-17.7941
RA,A3,ControlledBurn_1280x720p30_420.y4m,v12.0.0,-17.3988,-39.7449,-34.352,-19.7773,-17.7499,-17.5669,-19.7618,-19.7852,-18.4633,-23.761,-16.3919,-40.2337,-34.3132,-17.8902
RA,A3,ControlledBurn_1280x720p30_420.y4m,v13.0.0,-17.4703,-39.3596,-33.6758,-19.7542,-16.9881,-17.632,-19.6391,-19.5815,-18.4359,-23.6,-16.4915,-39.8652,-33.5274,-17.9346
RA,A3,ControlledBurn_1280x720p30_420.y4m,v14.0.0,-17.3193,-39.2999,-33.5066,-19.6094,-16.8343,-17.4869,-19.4411,-19.4264,-18.3165,-23.4528,-16.3329,-39.8177,-33.3558,-17.7781
RA,A3,ControlledBurn_1280x720p30_420.y4m,v15.0.0,-17.3194,-39.298,-33.4773,-19.6074,-16.8227,-17.4841,-19.41,-19.4054,-18.3151,-23.4346,-16.3354,-39.8179,-33.3354,-17.7791
RA,A3,DrivingPOV_1280x720p_5994_10bit_420.y4m,v02.0.0,-2.4671,-11.2192,-23.1489,-3.6821,-3.2441,-3.3303,-2.8955,-2.9773,-3.1078,-6.9491,-2.5527,-11.2353,-23.1529,-3.2735
RA,A3,DrivingPOV_1280x720p_5994_10bit_420.y4m,v03.0.0,-13.5867,-21.8927,-31.544,-14.6739,-14.3283,-14.5957,-21.4231,-20.3677,-13.3093,-18.8502,-13.6604,-21.9551,-31.5413,-14.4076
RA,A3,DrivingPOV_1280x720p_5994_10bit_420.y4m,v04.0.0,-21.5758,-32.6938,-43.7458,-22.9949,-22.9121,-23.3138,-30.5585,-29.2828,-21.2257,-28.1756,-21.6776,-32.7552,-43.7577,-22.6602
RA,A3,DrivingPOV_1280x720p_5994_10bit_420.y4m,v05.0.0,-24.0125,-35.6808,-48.1935,-25.5609,-24.9864,-25.361,-32.7103,-31.4882,-23.4976,-30.9317,-24.1119,-35.76,-48.1596,-25.2178
RA,A3,DrivingPOV_1280x720p_5994_10bit_420.y4m,v06.0.0,-25.9872,-36.9698,-49.0564,-27.4515,-27.4054,-27.6857,-34.6596,-33.7495,-25.7946,-33.0251,-26.0997,-37.0446,-48.9935,-27.1479
RA,A3,DrivingPOV_1280x720p_5994_10bit_420.y4m,v07.0.0,-27.4297,-38.1649,-50.0275,-28.8686,-28.8577,-29.1629,-35.9787,-35.0642,-27.2326,-34.3532,-27.5508,-38.2559,-50.0589,-28.594
RA,A3,DrivingPOV_1280x720p_5994_10bit_420.y4m,v08.0.0,-28.1517,-38.2575,-50.1262,-29.5316,-29.5584,-29.8297,-36.6952,-35.817,-27.9612,-35.1133,-28.2853,-38.3498,-50.0355,-29.2849
RA,A3,DrivingPOV_1280x720p_5994_10bit_420.y4m,v09.0.0,-30.021,-38.0178,-49.6716,-31.1891,-30.8394,-31.0978,-38.4827,-37.6781,-30.0667,-35.9428,-30.2042,-38.1269,-49.6478,-31.0276
RA,A3,DrivingPOV_1280x720p_5994_10bit_420.y4m,v10.0.0,-31.5915,-38.6678,-50.5747,-32.6857,-32.1012,-32.2639,-39.9184,-39.3039,-31.2444,-37.3105,-31.767,-38.8199,-50.6014,-32.5464
RA,A3,DrivingPOV_1280x720p_5994_10bit_420.y4m,v11.0.0,-31.5766,-36.9843,-49.9359,-32.5564,-31.5476,-31.5718,-40.5738,-39.8439,-31.2115,-36.4823,-31.9133,-37.2293,-49.9628,-32.6014
RA,A3,DrivingPOV_1280x720p_5994_10bit_420.y4m,v12.0.0,-31.9444,-37.7126,-50.4555,-32.9469,-31.769,-31.8178,-40.9425,-40.1872,-31.6099,-36.7215,-32.2845,-37.9456,-50.4872,-32.9803
RA,A3,DrivingPOV_1280x720p_5994_10bit_420.y4m,v13.0.0,-31.99,-37.3838,-49.5006,-32.9346,-31.2367,-31.8705,-40.8645,-40.2159,-31.6871,-36.6048,-32.3403,-37.6018,-49.5333,-33.0117
RA,A3,DrivingPOV_1280x720p_5994_10bit_420.y4m,v14.0.0,-31.8014,-37.422,-49.3927,-32.7604,-31.0819,-31.6703,-40.5929,-39.9344,-31.5199,-36.4922,-32.1512,-37.6482,-49.4286,-32.8288
RA,A3,DrivingPOV_1280x720p_5994_10bit_420.y4m,v15.0.0,-31.7931,-37.279,-49.2684,-32.7404,-31.0951,-31.7065,-40.608,-39.9356,-31.5514,-36.4239,-32.1407,-37.5019,-49.3009,-32.8102
RA,A3,Johnny_1280x720_60.y4m,v02.0.0,-1.3803,-11.1166,-8.8961,-2.4074,-1.3251,-1.2859,-0.1363,-0.2275,-1.6636,-6.001,-1.4056,-11.0897,-8.9134,-2.209
RA,A3,Johnny_1280x720_60.y4m,v03.0.0,-11.8899,-16.0091,-15.4057,-12.3468,-10.7913,-11.073,-16.3388,-14.4446,-11.4195,-13.668,-11.9447,-16.0336,-15.4281,-12.3086
RA,A3,Johnny_1280x720_60.y4m,v04.0.0,-18.9553,-25.3734,-24.8805,-19.6994,-17.3506,-18.1119,-23.1148,-20.9877,-17.8998,-21.4951,-19.0139,-25.3984,-24.8607,-19.6041
RA,A3,Johnny_1280x720_60.y4m,v05.0.0,-21.9322,-29.5738,-28.2314,-22.7777,-20.0104,-21.0005,-26.2528,-24.2005,-20.7727,-25.9462,-21.9871,-29.5641,-28.2464,-22.6595
RA,A3,Johnny_1280x720_60.y4m,v06.0.0,-25.1484,-32.5703,-32.3644,-26.0322,-23.3489,-24.1818,-29.4397,-27.5356,-23.942,-28.203,-25.2222,-32.5867,-32.3619,-25.9241
RA,A3,Johnny_1280x720_60.y4m,v07.0.0,-26.1542,-33.2709,-32.1226,-26.9406,-24.4413,-25.1592,-30.4169,-28.8334,-24.8579,-29.6335,-26.2378,-33.2574,-32.1492,-26.8717
RA,A3,Johnny_1280x720_60.y4m,v08.0.0,-27.5877,-34.9446,-34.1755,-28.4347,-26.4206,-27.2701,-31.8887,-30.1068,-26.3593,-30.3712,-27.6709,-34.9418,-34.2061,-28.3486
RA,A3,Johnny_1280x720_60.y4m,v09.0.0,-29.2561,-36.1402,-34.4384,-29.9823,-28.0032,-28.4619,-32.6895,-31.2642,-28.3049,-32.0467,-29.3386,-36.1407,-34.4171,-29.9159
RA,A3,Johnny_1280x720_60.y4m,v10.0.0,-30.6204,-35.2724,-34.4977,-31.1294,-28.9734,-29.479,-34.96,-33.083,-29.0494,-32.7409,-30.6984,-35.2771,-34.5211,-31.1018
RA,A3,Johnny_1280x720_60.y4m,v11.0.0,-30.9512,-34.5547,-32.9096,-31.2859,-29.1284,-29.6015,-34.7893,-32.8655,-29.4454,-32.5939,-31.066,-34.5699,-32.9162,-31.334
RA,A3,Johnny_1280x720_60.y4m,v12.0.0,-31.468,-35.0239,-34.0497,-31.8386,-29.8045,-30.0588,-35.8309,-33.8903,-29.9068,-32.953,-31.5766,-35.0429,-34.064,-31.8708
RA,A3,Johnny_1280x720_60.y4m,v13.0.0,-31.6023,-34.952,-33.1996,-31.8932,-31.7539,-30.3587,-35.7705,-33.9244,-29.985,-32.5284,-31.7138,-34.9719,-33.223,-31.9476
RA,A3,Johnny_1280x720_60.y4m,v14.0.0,-30.7876,-33.9901,-32.3215,-31.0656,-31.0561,-29.6306,-34.6388,-32.8364,-29.1476,-31.6502,-30.8989,-34.0071,-32.3457,-31.1213
RA,A3,Johnny_1280x720_60.y4m,v15.0.0,-30.7665,-34.0787,-32.3701,-31.0557,-31.0291,-29.6372,-34.646,-32.8474,-29.1508,-31.6797,-30.8765,-34.0941,-32.3947,-31.1087
RA,A3,KristenAndSara_1280x720_60.y4m,v02.0.0,-1.7166,-11.1134,-10.6796,-2.7642,-1.8171,-1.7113,-0.7437,-1.1019,-2.2938,-6.4123,-1.73,-11.059,-10.6767,-2.5997
RA,A3,KristenAndSara_1280x720_60.y4m,v03.0.0,-12.4412,-19.7636,-17.6128,-13.156,-12.721,-12.7759,-14.6456,-13.5956,-12.6684,-15.7561,-12.4823,-19.7479,-17.6146,-13.0816
RA,A3,KristenAndSara_1280x720_60.y4m,v04.0.0,-18.8659,-27.9269,-26.8537,-19.8476,-18.6011,-18.8498,-22.517,-20.5695,-18.7085,-23.4605,-18.9115,-27.895,-26.8253,-19.7422
RA,A3,KristenAndSara_1280x720_60.y4m,v05.0.0,-21.5789,-31.1915,-29.5091,-22.5946,-20.7089,-21.0331,-25.3539,-23.5234,-21.1757,-25.8443,-21.6248,-31.1622,-29.4914,-22.4898
RA,A3,KristenAndSara_1280x720_60.y4m,v06.0.0,-23.8922,-36.3223,-34.41,-25.2272,-23.1324,-23.4376,-27.4417,-25.8465,-23.612,-29.3653,-23.9367,-36.2944,-34.3805,-25.0716
RA,A3,KristenAndSara_1280x720_60.y4m,v07.0.0,-24.937,-38.2047,-34.6392,-26.2758,-24.3907,-24.7674,-28.0627,-26.741,-24.7566,-30.791,-24.9804,-38.1904,-34.593,-26.1369
RA,A3,KristenAndSara_1280x720_60.y4m,v08.0.0,-26.1435,-40.0923,-36.1236,-27.5386,-25.5542,-25.9259,-29.8001,-28.2997,-25.8755,-32.0129,-26.2006,-40.0648,-36.0793,-27.4021
RA,A3,KristenAndSara_1280x720_60.y4m,v09.0.0,-28.1659,-39.365,-35.025,-29.2107,-27.5405,-27.8586,-31.7256,-30.2,-28.068,-33.2579,-28.2202,-39.3606,-35.0169,-29.1283
RA,A3,KristenAndSara_1280x720_60.y4m,v10.0.0,-29.072,-39.538,-35.3734,-30.0431,-28.1312,-28.4623,-33.3573,-31.3403,-28.5505,-33.6637,-29.1189,-39.5347,-35.3368,-29.9583
RA,A3,KristenAndSara_1280x720_60.y4m,v11.0.0,-29.2818,-38.2654,-34.7357,-30.1138,-29.32,-29.5136,-33.2191,-31.2688,-29.2107,-33.5488,-29.367,-38.2625,-34.729,-30.0885
RA,A3,KristenAndSara_1280x720_60.y4m,v12.0.0,-29.8497,-38.9836,-36.293,-30.7513,-29.5295,-29.7177,-34.5372,-32.4132,-29.7975,-34.2159,-29.9404,-38.9981,-36.2807,-30.7135
RA,A3,KristenAndSara_1280x720_60.y4m,v13.0.0,-29.6744,-38.5017,-34.8547,-30.4784,-30.9948,-29.4166,-34.294,-32.0004,-29.5065,-33.0491,-29.7658,-38.5039,-34.8346,-30.4685
RA,A3,KristenAndSara_1280x720_60.y4m,v14.0.0,-29.06,-37.8847,-34.2561,-29.8646,-30.3956,-28.8375,-33.5685,-31.248,-28.91,-32.4176,-29.1522,-37.8851,-34.2359,-29.8538
RA,A3,KristenAndSara_1280x720_60.y4m,v15.0.0,-29.0666,-37.873,-34.2614,-29.87,-30.3993,-28.8548,-33.5614,-31.2525,-28.9253,-32.4134,-29.1586,-37.8733,-34.2411,-29.8589
RA,A3,RollerCoaster_1280x720p_5994_10bit_420.y4m,v02.0.0,-3.3971,-2.6568,-6.6669,-3.5067,-3.034,-3.1152,-4.1273,-4.1405,-2.9353,-3.6535,-3.4459,-2.6633,-6.6356,-3.5552
RA,A3,RollerCoaster_1280x720p_5994_10bit_420.y4m,v03.0.0,-14.3679,-8.9766,-13.8898,-14.0523,-13.7682,-13.8883,-18.8489,-18.0896,-13.1029,-13.3037,-14.4792,-9.0349,-13.783,-14.049
RA,A3,RollerCoaster_1280x720p_5994_10bit_420.y4m,v04.0.0,-26.041,-24.1664,-32.4332,-26.2383,-25.1307,-25.4031,-31.2337,-30.1372,-24.3654,-25.8887,-26.1968,-24.2447,-32.435,-26.3622
RA,A3,RollerCoaster_1280x720p_5994_10bit_420.y4m,v05.0.0,-28.9759,-26.6836,-35.6787,-29.1717,-27.5725,-27.9731,-34.2207,-33.065,-27.0401,-29.3138,-29.1405,-26.7818,-35.6458,-29.3305
RA,A3,RollerCoaster_1280x720p_5994_10bit_420.y4m,v06.0.0,-31.5554,-30.0203,-38.6006,-31.808,-30.585,-30.9121,-36.6837,-35.55,-29.8576,-32.3936,-31.7133,-30.1098,-38.5634,-31.9759
RA,A3,RollerCoaster_1280x720p_5994_10bit_420.y4m,v07.0.0,-32.5467,-30.7298,-39.0486,-32.7589,-31.3443,-31.729,-37.4023,-36.3483,-30.7494,-33.5134,-32.7099,-30.845,-38.9857,-32.9304
RA,A3,RollerCoaster_1280x720p_5994_10bit_420.y4m,v08.0.0,-33.5054,-31.4295,-40.1584,-33.71,-32.3467,-32.7538,-38.2297,-37.1182,-31.7126,-34.6295,-33.6721,-31.5474,-40.1129,-33.8733
RA,A3,RollerCoaster_1280x720p_5994_10bit_420.y4m,v09.0.0,-34.895,-30.082,-39.0631,-34.831,-33.1764,-33.4665,-39.7763,-38.7033,-33.2216,-34.2291,-35.132,-30.2438,-39.0763,-34.9614
RA,A3,RollerCoaster_1280x720p_5994_10bit_420.y4m,v10.0.0,-35.7825,-31.4221,-39.4283,-35.7177,-33.7506,-34.0161,-40.6932,-39.6029,-33.8328,-34.7826,-36.0112,-31.6288,-39.4639,-35.8714
RA,A3,RollerCoaster_1280x720p_5994_10bit_420.y4m,v11.0.0,-36.1428,-32.0926,-40.051,-36.1075,-34.106,-34.387,-40.8095,-39.7721,-34.3391,-35.4919,-36.4318,-32.4369,-40.1572,-36.3369
RA,A3,RollerCoaster_1280x720p_5994_10bit_420.y4m,v12.0.0,-36.3088,-32.0976,-40.2024,-36.264,-34.351,-34.6215,-41.287,-40.2469,-34.5532,-35.6443,-36.6048,-32.4247,-40.3465,-36.4997
RA,A3,RollerCoaster_1280x720p_5994_10bit_420.y4m,v13.0.0,-36.3055,-32.5099,-39.7792,-36.262,-35.0177,-34.6868,-41.3484,-40.2219,-34.597,-35.9251,-36.5879,-32.8175,-39.8833,-36.4947
RA,A3,RollerCoaster_1280x720p_5994_10bit_420.y4m,v14.0.0,-36.0874,-32.2276,-39.5235,-36.0388,-34.8531,-34.4562,-41.2361,-40.0721,-34.3863,-35.703,-36.3731,-32.5336,-39.6262,-36.2718
RA,A3,RollerCoaster_1280x720p_5994_10bit_420.y4m,v15.0.0,-36.0851,-32.1869,-39.5408,-36.0351,-34.8532,-34.4584,-41.288,-40.1105,-34.3609,-35.6943,-36.3699,-32.5013,-39.6606,-36.2661
RA,A3,Vidyo3_1280x720p_60fps.y4m,v02.0.0,-0.8986,-17.7334,-17.4999,-2.4551,-1.289,-1.1926,-0.2573,-0.0792,-1.5876,-6.3028,-0.9553,-17.6617,-17.4806,-1.8491
RA,A3,Vidyo3_1280x720p_60fps.y4m,v03.0.0,-11.8899,-23.5362,-26.1316,-13.1129,-11.241,-11.553,-16.7514,-15.2495,-11.8201,-16.4713,-12.0195,-23.3932,-26.1449,-12.7769
RA,A3,Vidyo3_1280x720p_60fps.y4m,v04.0.0,-19.7868,-35.0323,-34.5512,-21.218,-18.7898,-19.1946,-26.7642,-24.179,-19.0344,-25.0497,-19.8654,-34.8412,-34.5625,-20.7751
RA,A3,Vidyo3_1280x720p_60fps.y4m,v05.0.0,-22.5,-37.8455,-37.5161,-23.9616,-21.2459,-21.7881,-29.1869,-26.7982,-21.6406,-27.8077,-22.5958,-37.7392,-37.4891,-23.5292
RA,A3,Vidyo3_1280x720p_60fps.y4m,v06.0.0,-25.9545,-43.8834,-43.0452,-27.6641,-24.8521,-25.3033,-31.8532,-29.9539,-25.0736,-32.5808,-26.0827,-43.8114,-43.0485,-27.1902
RA,A3,Vidyo3_1280x720p_60fps.y4m,v07.0.0,-26.9644,-47.1143,-45.1556,-28.8775,-25.9079,-26.5348,-32.9267,-30.8801,-26.2429,-34.9175,-27.0833,-47.039,-45.1532,-28.309
RA,A3,Vidyo3_1280x720p_60fps.y4m,v08.0.0,-27.8155,-48.1624,-47.1103,-29.7874,-26.5873,-27.2274,-33.7288,-31.5224,-26.9852,-35.2283,-27.9344,-48.0418,-47.1272,-29.1643
RA,A3,Vidyo3_1280x720p_60fps.y4m,v09.0.0,-29.335,-47.4616,-44.7542,-30.9837,-27.1543,-27.7591,-34.4442,-32.653,-28.6701,-35.6484,-29.4484,-47.378,-44.7554,-30.4941
RA,A3,Vidyo3_1280x720p_60fps.y4m,v10.0.0,-30.7278,-46.642,-44.9804,-32.2143,-28.1659,-28.7511,-35.3394,-33.6206,-29.656,-36.0478,-30.8439,-46.5895,-44.9927,-31.7992
RA,A3,Vidyo3_1280x720p_60fps.y4m,v11.0.0,-30.2831,-44.5838,-43.5031,-31.631,-26.823,-27.3747,-34.8787,-32.988,-28.9859,-35.1922,-30.4614,-44.5321,-43.556,-31.3279
RA,A3,Vidyo3_1280x720p_60fps.y4m,v12.0.0,-30.7843,-46.6735,-44.7398,-32.24,-27.5671,-28.0948,-35.9188,-34.0986,-29.5843,-36.3393,-30.9669,-46.6371,-44.768,-31.8887
RA,A3,Vidyo3_1280x720p_60fps.y4m,v13.0.0,-30.6028,-44.3026,-42.9441,-31.8659,-31.1513,-27.8834,-34.956,-33.2078,-29.3488,-35.0441,-30.7836,-44.2784,-42.9828,-31.6159
RA,A3,Vidyo3_1280x720p_60fps.y4m,v14.0.0,-30.1056,-43.9477,-42.5446,-31.3805,-30.6214,-27.3219,-34.2505,-32.5293,-28.8466,-34.5664,-30.2832,-43.9312,-42.5831,-31.1204
RA,A3,Vidyo3_1280x720p_60fps.y4m,v15.0.0,-30.1064,-43.8951,-42.5778,-31.3808,-30.5984,-27.3268,-34.2687,-32.5596,-28.8468,-34.5251,-30.2832,-43.8759,-42.6144,-31.1203
RA,A3,Vidyo4_1280x720p_60fps.y4m,v02.0.0,-1.4795,-10.817,-10.2177,-2.4535,-1.3361,-1.3762,0.2579,-0.0292,-1.8812,-4.8628,-1.4991,-10.6839,-10.0891,-2.0611
RA,A3,Vidyo4_1280x720p_60fps.y4m,v03.0.0,-12.1478,-17.9076,-18.7082,-12.8101,-11.2785,-11.6036,-13.736,-13.202,-12.1748,-14.2017,-12.193,-17.8412,-18.5228,-12.5789
RA,A3,Vidyo4_1280x720p_60fps.y4m,v04.0.0,-19.8221,-28.2298,-28.8168,-20.7706,-18.4834,-18.8235,-24.1961,-22.3979,-19.4886,-22.6625,-19.889,-28.1202,-28.6378,-20.4688
RA,A3,Vidyo4_1280x720p_60fps.y4m,v05.0.0,-22.2822,-29.5889,-31.3874,-23.1833,-20.7331,-21.2161,-26.1363,-24.6072,-21.7769,-25.297,-22.3379,-29.449,-31.2415,-22.8945
RA,A3,Vidyo4_1280x720p_60fps.y4m,v06.0.0,-25.0246,-35.0617,-33.8361,-26.0584,-23.3533,-23.7707,-29.2453,-27.429,-24.5141,-28.8032,-25.1004,-35.044,-33.6166,-25.7441
RA,A3,Vidyo4_1280x720p_60fps.y4m,v07.0.0,-25.9454,-38.924,-36.2787,-27.2369,-24.1988,-24.5705,-29.4727,-27.9234,-25.5428,-30.6907,-26.0117,-38.9156,-36.1761,-26.8095
RA,A3,Vidyo4_1280x720p_60fps.y4m,v08.0.0,-26.4921,-39.4444,-36.1014,-27.7322,-24.5712,-24.9622,-29.4694,-28.0984,-25.917,-31.3641,-26.5494,-39.4157,-35.9432,-27.3107
RA,A3,Vidyo4_1280x720p_60fps.y4m,v09.0.0,-28.4381,-38.6627,-36.3194,-29.4258,-26.7209,-26.9636,-31.2199,-29.7823,-28.0707,-31.6736,-28.5335,-38.6633,-36.2729,-29.1407
RA,A3,Vidyo4_1280x720p_60fps.y4m,v10.0.0,-29.6899,-39.4483,-36.8274,-30.6102,-27.6633,-28.0529,-33.6573,-31.9187,-28.9667,-32.9663,-29.754,-39.4052,-36.7065,-30.3197
RA,A3,Vidyo4_1280x720p_60fps.y4m,v11.0.0,-29.9033,-38.8072,-34.905,-30.6488,-27.7066,-28.0417,-32.8069,-31.1221,-29.2084,-32.1948,-30.0374,-38.8167,-34.8607,-30.4897
RA,A3,Vidyo4_1280x720p_60fps.y4m,v12.0.0,-30.414,-38.5194,-36.554,-31.1882,-28.1495,-28.5609,-33.2357,-31.7148,-29.6742,-32.7777,-30.546,-38.5065,-36.4481,-31.017
RA,A3,Vidyo4_1280x720p_60fps.y4m,v13.0.0,-30.2795,-38.1223,-35.3062,-30.9711,-29.3988,-28.3462,-33.1367,-31.6138,-29.5421,-32.3546,-30.4357,-38.084,-35.1625,-30.8553
RA,A3,Vidyo4_1280x720p_60fps.y4m,v14.0.0,-29.7706,-37.5425,-34.8128,-30.459,-28.9289,-27.8546,-32.5362,-30.9843,-29.0567,-31.8105,-29.9263,-37.5038,-34.6698,-30.343
RA,A3,Vidyo4_1280x720p_60fps.y4m,v15.0.0,-29.7581,-37.4701,-34.8073,-30.4436,-28.8775,-27.8397,-32.5537,-30.9908,-29.0588,-31.7727,-29.9141,-37.4301,-34.6647,-30.3286
RA,A3,WestWindEasy_1280x720p30_420.y4m,v02.0.0,-2.3488,-5.0813,3.3074,-2.2679,-2.0752,-2.3615,-2.4835,-1.6611,-2.0492,-6.1742,-2.4385,-4.7245,3.8332,-2.4384
RA,A3,WestWindEasy_1280x720p30_420.y4m,v03.0.0,-6.3965,-21.0675,-9.4271,-7.2736,-5.1784,-5.5489,-7.3588,-5.3065,-5.5618,-11.9875,-6.4707,-20.7717,-9.1968,-6.7657
RA,A3,WestWindEasy_1280x720p30_420.y4m,v04.0.0,-10.3645,-39.0535,-21.4612,-12.4324,-8.2165,-8.7242,-11.2015,-9.3693,-8.9829,-20.7924,-10.4203,-38.9348,-20.8216,-11.0755
RA,A3,WestWindEasy_1280x720p30_420.y4m,v05.0.0,-11.3911,-37.7004,-24.9854,-13.392,-8.9948,-9.5748,-11.8237,-10.4811,-9.7788,-20.8874,-11.4501,-37.4475,-24.6461,-12.0894
RA,A3,WestWindEasy_1280x720p30_420.y4m,v06.0.0,-13.5351,-63.6555,-43.1617,-18.0062,-10.8474,-11.4014,-13.7109,-13.2027,-12.1155,-27.3436,-13.5227,-63.8699,-43.2078,-14.7511
RA,A3,WestWindEasy_1280x720p30_420.y4m,v07.0.0,-14.3656,-77.8305,-67.187,-21.6376,-11.6698,-12.2677,-14.4103,-14.2024,-13.4046,-31.2663,-14.3699,-78.05,-67.2666,-16.1098
RA,A3,WestWindEasy_1280x720p30_420.y4m,v08.0.0,-15.567,-75.4884,-63.0282,-22.1133,-12.7461,-13.4812,-15.7856,-15.6248,-14.4693,-32.0813,-15.5762,-75.6171,-63.1489,-17.1843
RA,A3,WestWindEasy_1280x720p30_420.y4m,v09.0.0,-17.6091,-76.2616,-64.3131,-23.9923,-15.3881,-16.0722,-18.3088,-17.3844,-16.9422,-33.4198,-17.7452,-76.5698,-64.3814,-19.3075
RA,A3,WestWindEasy_1280x720p30_420.y4m,v10.0.0,-18.6276,-75.2793,-61.3746,-24.6069,-16.0502,-16.7839,-19.3454,-18.3838,-17.4056,-34.06,-18.7652,-75.5287,-61.4966,-20.2433
RA,A3,WestWindEasy_1280x720p30_420.y4m,v11.0.0,-18.6717,-74.3245,-59.3521,-24.4888,-16.7252,-17.4012,-18.6163,-17.3449,-18.0232,-33.7043,-18.5335,-74.6633,-59.4916,-19.9915
RA,A3,WestWindEasy_1280x720p30_420.y4m,v12.0.0,-19.4322,-75.3078,-59.8455,-25.2881,-17.3336,-18.0966,-19.6488,-18.1602,-18.7142,-34.5773,-19.2891,-75.6454,-59.8742,-20.7542
RA,A3,WestWindEasy_1280x720p30_420.y4m,v13.0.0,-19.5611,-74.5767,-59.401,-25.2881,-20.0839,-18.257,-19.2351,-18.032,-18.879,-33.8895,-19.4287,-74.9116,-59.5323,-20.8718
RA,A3,WestWindEasy_1280x720p30_420.y4m,v14.0.0,-19.4408,-75.2775,-59.2825,-25.2406,-20.0193,-18.1557,-18.8899,-17.7935,-18.7861,-33.7172,-19.3077,-75.5758,-59.427,-20.7612
RA,A3,WestWindEasy_1280x720p30_420.y4m,v15.0.0,-19.451,-75.3151,-59.337,-25.2572,-19.9904,-18.1647,-19.0925,-17.8902,-18.7662,-33.7388,-19.3163,-75.6261,-59.498,-20.7714
RA,A4,BlueSky_360p25_v2.y4m,v02.0.0,-1.2222,-8.4348,-24.0804,-2.6859,-2.2447,-2.2357,-0.5719,-0.5296,-0.1486,-4.5857,-1.3157,-9.3481,-24.8148,-2.7229
RA,A4,BlueSky_360p25_v2.y4m,v03.0.0,-9.339,-20.8282,-34.1665,-11.126,-10.4321,-10.4723,-11.0621,-10.636,-6.2185,-14.9763,-9.513,-21.6907,-34.855,-11.3805
RA,A4,BlueSky_360p25_v2.y4m,v04.0.0,-23.3181,-32.6917,-52.8927,-25.3025,-24.9824,-24.2059,-27.8236,-26.6045,-19.6267,-29.8059,-23.4311,-33.6075,-53.6224,-25.4848
RA,A4,BlueSky_360p25_v2.y4m,v05.0.0,-27.3863,-40.019,-58.5958,-29.6863,-28.7964,-28.0959,-32.5361,-31.1751,-23.7345,-35.0423,-27.5206,-41.1483,-59.4343,-30.0357
RA,A4,BlueSky_360p25_v2.y4m,v06.0.0,-31.0091,-40.281,-61.0111,-33.118,-32.0311,-31.2395,-35.2316,-34.0797,-28.2707,-39.0292,-31.1283,-41.3246,-61.7606,-33.2866
RA,A4,BlueSky_360p25_v2.y4m,v07.0.0,-32.1315,-42.0153,-63.2945,-34.3573,-32.8388,-32.0701,-36.9882,-35.6467,-29.5605,-40.1083,-32.29,-42.9988,-63.9534,-34.5428
RA,A4,BlueSky_360p25_v2.y4m,v08.0.0,-33.8261,-47.0357,-65.3031,-36.2816,-34.6002,-33.8028,-37.9318,-36.7614,-31.549,-42.9408,-34.0242,-47.9854,-65.8804,-36.4799
RA,A4,BlueSky_360p25_v2.y4m,v09.0.0,-36.0606,-48.0426,-66.4437,-38.4092,-35.1873,-34.5859,-40.5099,-39.7068,-33.7925,-44.3721,-36.2699,-49.0393,-67.0545,-38.5023
RA,A4,BlueSky_360p25_v2.y4m,v10.0.0,-36.9345,-47.949,-64.7559,-39.0271,-35.1722,-34.4116,-40.4151,-40.102,-33.8548,-44.6842,-37.1642,-48.9313,-65.2879,-39.1503
RA,A4,BlueSky_360p25_v2.y4m,v11.0.0,-37.3401,-49.1138,-65.4976,-39.5379,-35.1561,-34.7372,-41.0744,-40.8081,-34.8954,-45.2492,-37.7474,-50.1899,-66.1271,-39.8397
RA,A4,BlueSky_360p25_v2.y4m,v12.0.0,-37.5531,-47.3995,-65.0346,-39.6089,-35.294,-34.9752,-41.2246,-40.9539,-35.1006,-45.0205,-37.9617,-48.5271,-65.6413,-39.8707
RA,A4,BlueSky_360p25_v2.y4m,v13.0.0,-37.7238,-47.2733,-65.4334,-39.7365,-35.5378,-35.199,-41.8981,-41.6823,-35.3523,-45.0689,-38.1638,-48.4446,-66.0403,-40.0568
RA,A4,BlueSky_360p25_v2.y4m,v14.0.0,-37.3155,-46.9275,-65.2437,-39.3438,-35.1175,-34.7389,-41.1937,-41.0031,-34.9516,-44.6423,-37.765,-48.0992,-65.8628,-39.6625
RA,A4,BlueSky_360p25_v2.y4m,v15.0.0,-37.314,-46.9312,-65.2412,-39.3425,-35.1194,-34.7428,-41.1879,-40.9975,-34.9549,-44.6422,-37.764,-48.104,-65.8605,-39.6616
RA,A4,RedKayak_360_2997.y4m,v02.0.0,-3.5821,-0.7393,-7.9603,-3.6483,-6.2337,-5.944,-5.5399,-5.2748,-4.4188,-1.7436,-4.0436,-0.4499,-5.9184,-4.0439
RA,A4,RedKayak_360_2997.y4m,v03.0.0,-7.3893,-12.6102,9.1914,-7.0564,-10.3012,-9.6449,-7.5787,-7.1284,-7.8429,-7.6912,-7.8399,-12.3342,10.3207,-7.948
RA,A4,RedKayak_360_2997.y4m,v04.0.0,-9.5688,-17.5744,-21.5396,-10.2703,-12.9104,-12.1031,-10.422,-9.8583,-10.189,-11.608,-10.0409,-17.4182,-17.8571,-10.3073
RA,A4,RedKayak_360_2997.y4m,v05.0.0,-10.0801,-29.4054,-30.545,-11.6226,-13.3003,-12.4609,-11.0318,-10.5031,-10.6422,-15.2776,-10.5726,-28.7539,-27.9938,-11.1745
RA,A4,RedKayak_360_2997.y4m,v06.0.0,-12.0739,-44.7381,-40.1484,-14.5978,-15.5167,-14.7796,-13.2912,-12.6592,-13.5769,-22.2213,-12.4533,-45.1918,-37.1487,-13.3656
RA,A4,RedKayak_360_2997.y4m,v07.0.0,-12.6854,-55.2667,-52.6704,-16.3814,-15.9042,-15.2763,-14.1587,-13.6169,-14.5311,-26.0758,-13.065,-55.7973,-50.378,-14.2827
RA,A4,RedKayak_360_2997.y4m,v08.0.0,-12.9855,-56.7524,-52.4397,-16.7104,-16.3097,-15.7017,-13.9371,-13.5184,-15.0047,-26.8618,-13.3948,-57.3203,-49.9105,-14.6437
RA,A4,RedKayak_360_2997.y4m,v09.0.0,-15.71,-59.5831,-47.9019,-19.1256,-17.9714,-18.8153,-19.6728,-19.1241,-18.3672,-29.6522,-16.7792,-60.6126,-47.7342,-18.0092
RA,A4,RedKayak_360_2997.y4m,v10.0.0,-16.7213,-57.8965,-53.4206,-20.2185,-19.1636,-19.6321,-22.65,-21.6491,-19.0986,-30.2107,-17.748,-59.0125,-50.7984,-18.9143
RA,A4,RedKayak_360_2997.y4m,v11.0.0,-15.8271,-57.6516,-50.7869,-19.2879,-18.2868,-18.8443,-21.9824,-21.1371,-18.4363,-29.7643,-16.1328,-58.5433,-48.623,-17.3294
RA,A4,RedKayak_360_2997.y4m,v12.0.0,-15.9798,-58.1687,-49.4253,-19.3847,-18.4436,-18.8028,-21.5129,-20.6967,-18.471,-30.0015,-16.251,-59.0964,-47.8822,-17.446
RA,A4,RedKayak_360_2997.y4m,v13.0.0,-16.217,-58.1147,-47.104,-19.4658,-18.6075,-19.1433,-21.9223,-21.1511,-18.7915,-29.7881,-16.5241,-58.9181,-44.9538,-17.7092
RA,A4,RedKayak_360_2997.y4m,v14.0.0,-16.071,-58.0281,-47.1081,-19.3219,-18.5211,-18.9873,-21.7353,-20.9749,-18.631,-29.621,-16.3794,-58.8537,-44.9566,-17.563
RA,A4,RedKayak_360_2997.y4m,v15.0.0,-16.0702,-58.027,-47.1069,-19.3207,-18.5192,-18.9847,-21.7337,-20.9726,-18.6284,-29.6194,-16.3785,-58.8527,-44.9554,-17.562
RA,A4,SnowMountain_640x360_2997.y4m,v02.0.0,-1.8701,-23.3451,-33.3887,-4.0151,-3.4069,-3.663,-2.6973,-3.6188,-0.3041,-4.2194,-1.9242,-23.3801,-33.5116,-2.4955
RA,A4,SnowMountain_640x360_2997.y4m,v03.0.0,-8.1154,-26.5246,-37.273,-10.0939,-9.2602,-9.6727,-11.2208,-11.3082,-6.7527,-10.3622,-8.18,-26.5621,-37.3806,-8.7607
RA,A4,SnowMountain_640x360_2997.y4m,v04.0.0,-10.8763,-36.1875,-47.2476,-13.5153,-11.9626,-12.4382,-14.8775,-14.5309,-10.0884,-15.3571,-10.9278,-36.2088,-47.3038,-11.7701
RA,A4,SnowMountain_640x360_2997.y4m,v05.0.0,-11.6485,-44.5295,-54.209,-14.9227,-12.5667,-13.0804,-14.6067,-14.1373,-10.4355,-17.1859,-11.7053,-44.4658,-54.1997,-12.7388
RA,A4,SnowMountain_640x360_2997.y4m,v06.0.0,-14.5053,-50.7466,-59.98,-18.2643,-14.9143,-15.4879,-18.1329,-17.4099,-16.3836,-22.9522,-14.5617,-50.7631,-60.0549,-15.8012
RA,A4,SnowMountain_640x360_2997.y4m,v07.0.0,-15.0425,-51.9248,-57.4336,-18.6531,-15.5733,-16.4421,-18.5864,-18.5094,-17.0476,-23.7414,-15.1018,-51.949,-57.4756,-16.3541
RA,A4,SnowMountain_640x360_2997.y4m,v08.0.0,-15.371,-51.906,-59.5942,-19.0974,-15.7724,-16.5036,-19.5268,-18.8421,-17.202,-24.2311,-15.4354,-51.9112,-59.6285,-16.7011
RA,A4,SnowMountain_640x360_2997.y4m,v09.0.0,-17.0638,-51.6175,-59.8474,-20.5713,-17.304,-18.4603,-21.3639,-21.2268,-19.7763,-24.74,-17.1363,-51.6559,-59.8993,-18.3314
RA,A4,SnowMountain_640x360_2997.y4m,v10.0.0,-17.3621,-51.6993,-60.016,-20.8995,-17.2835,-18.3551,-23.747,-23.1151,-20.0384,-25.2497,-17.4336,-51.7288,-60.0928,-18.6128
RA,A4,SnowMountain_640x360_2997.y4m,v11.0.0,-17.4348,-55.4042,-62.052,-21.2745,-16.8386,-18.8693,-24.1861,-23.7394,-20.7291,-25.8896,-17.5444,-55.4355,-62.0711,-18.7246
RA,A4,SnowMountain_640x360_2997.y4m,v12.0.0,-17.8388,-54.2247,-60.3185,-21.4732,-17.2252,-19.2776,-25.4497,-24.7832,-21.0707,-25.9754,-17.9494,-54.2486,-60.3581,-19.0935
RA,A4,SnowMountain_640x360_2997.y4m,v13.0.0,-18.0882,-52.569,-60.0465,-21.5623,-17.3888,-19.7104,-25.2642,-24.9822,-21.4744,-25.9074,-18.2012,-52.6292,-60.1036,-19.3361
RA,A4,SnowMountain_640x360_2997.y4m,v14.0.0,-17.3468,-52.1806,-59.6604,-20.853,-16.7491,-18.9998,-24.0342,-23.7639,-20.7177,-25.2005,-17.4571,-52.2392,-59.7167,-18.5959
RA,A4,SnowMountain_640x360_2997.y4m,v15.0.0,-17.3408,-52.1773,-59.6576,-20.8472,-16.7438,-18.994,-24.0244,-23.7542,-20.7115,-25.1947,-17.4511,-52.2358,-59.7138,-18.59
RA,A4,SpeedBag_640x360_2997.y4m,v02.0.0,0.5613,-1.167,-3.5101,0.263,-1.1402,0.1967,-0.477,-0.6258,2.5566,2.7472,0.1636,-1.5845,-3.1627,-0.0277
RA,A4,SpeedBag_640x360_2997.y4m,v03.0.0,-8.0399,-6.9534,-11.0998,-8.1552,-9.9852,-8.2339,-11.0895,-11.0082,-5.3708,-4.9612,-8.4562,-7.4035,-11.491,-8.4991
RA,A4,SpeedBag_640x360_2997.y4m,v04.0.0,-18.7499,-18.4705,-24.6405,-19.0459,-21.0868,-19.0331,-22.4608,-21.9485,-16.0495,-16.6672,-19.1012,-18.9077,-24.6769,-19.313
RA,A4,SpeedBag_640x360_2997.y4m,v05.0.0,-21.4191,-22.3825,-27.474,-21.7982,-23.5325,-21.4297,-25.4901,-25.0773,-18.5792,-19.8259,-21.8111,-22.9027,-27.8165,-22.1417
RA,A4,SpeedBag_640x360_2997.y4m,v06.0.0,-26.859,-30.0701,-37.3738,-27.5974,-27.7132,-25.3372,-28.6647,-28.1534,-25.7471,-28.8428,-27.1132,-30.497,-36.8592,-27.7689
RA,A4,SpeedBag_640x360_2997.y4m,v07.0.0,-28.0704,-33.0812,-39.3938,-28.9479,-29.1027,-27.069,-30.3924,-29.9908,-27.0212,-31.3542,-28.2805,-33.3413,-39.2754,-29.0808
RA,A4,SpeedBag_640x360_2997.y4m,v08.0.0,-28.4828,-32.5376,-39.9027,-29.3115,-29.1795,-26.8419,-30.0167,-29.6389,-27.5013,-31.0342,-28.702,-32.9511,-39.6435,-29.4462
RA,A4,SpeedBag_640x360_2997.y4m,v09.0.0,-29.9182,-33.4066,-38.6744,-30.5701,-30.1534,-28.4998,-32.8162,-32.3974,-29.1201,-31.7539,-30.5714,-34.0648,-38.9506,-31.168
RA,A4,SpeedBag_640x360_2997.y4m,v10.0.0,-32.1304,-33.1093,-39.8589,-32.5896,-32.786,-30.337,-35.3623,-34.7389,-30.8373,-33.2308,-32.7197,-33.8459,-40.0739,-33.1291
RA,A4,SpeedBag_640x360_2997.y4m,v11.0.0,-32.4004,-33.6944,-39.5709,-32.8463,-32.3899,-30.5683,-35.3216,-34.9425,-31.0671,-33.5126,-33.1015,-34.4633,-40.1863,-33.5059
RA,A4,SpeedBag_640x360_2997.y4m,v12.0.0,-33.7632,-34.3576,-40.6566,-34.1504,-33.57,-31.648,-37.2704,-36.7849,-32.3787,-34.9238,-34.3652,-35.0917,-40.8558,-34.7142
RA,A4,SpeedBag_640x360_2997.y4m,v13.0.0,-33.9532,-35.1318,-39.2646,-34.2907,-33.9829,-31.9856,-37.1245,-36.8646,-32.5769,-35.1596,-34.6052,-35.8918,-39.7599,-34.9409
RA,A4,SpeedBag_640x360_2997.y4m,v14.0.0,-32.7891,-33.9673,-38.0317,-33.1228,-32.836,-30.8376,-35.6052,-35.3733,-31.4577,-33.884,-33.449,-34.7607,-38.5433,-33.7807
RA,A4,SpeedBag_640x360_2997.y4m,v15.0.0,-32.7821,-33.9586,-38.0236,-33.1156,-32.8228,-30.8257,-35.5811,-35.3581,-31.4472,-33.8737,-33.4414,-34.7522,-38.5362,-33.773
RA,A4,Stockholm_640x360_5994.y4m,v02.0.0,-0.7396,-18.2455,-12.7204,-2.3014,-1.9592,-1.8668,-0.2876,-0.325,1.1523,-5.6812,-0.8024,-18.3904,-12.7916,-1.8313
RA,A4,Stockholm_640x360_5994.y4m,v03.0.0,-12.8485,-27.5716,-21.5222,-14.0928,-14.292,-14.5889,-19.952,-18.8979,-10.2925,-16.9586,-12.9283,-27.6594,-21.5828,-13.7843
RA,A4,Stockholm_640x360_5994.y4m,v04.0.0,-19.5611,-40.241,-33.9949,-21.4954,-21.017,-20.6506,-25.331,-24.5416,-18.0071,-25.6368,-19.6369,-40.3843,-34.0739,-20.9674
RA,A4,Stockholm_640x360_5994.y4m,v05.0.0,-23.2793,-45.6412,-37.4816,-25.2876,-24.3312,-23.521,-28.061,-27.2713,-21.622,-29.6431,-23.3898,-45.7264,-37.566,-24.8039
RA,A4,Stockholm_640x360_5994.y4m,v06.0.0,-26.7344,-49.9427,-41.4728,-28.8701,-27.3933,-26.6331,-31.6543,-30.9669,-27.3243,-34.4669,-26.8341,-49.9957,-41.5166,-28.3515
RA,A4,Stockholm_640x360_5994.y4m,v07.0.0,-27.263,-51.6807,-41.8202,-29.4423,-27.9865,-27.227,-32.0942,-31.616,-27.8795,-35.2772,-27.3786,-51.7304,-41.8723,-28.9287
RA,A4,Stockholm_640x360_5994.y4m,v08.0.0,-29.0661,-52.7226,-43.1395,-31.2039,-29.7408,-29.1561,-33.8588,-33.6278,-29.6388,-37.0459,-29.1793,-52.7575,-43.2022,-30.6934
RA,A4,Stockholm_640x360_5994.y4m,v09.0.0,-30.9486,-53.3265,-43.3376,-32.9068,-30.8411,-30.5253,-35.9673,-35.5503,-31.407,-37.8838,-31.0582,-53.3773,-43.405,-32.421
RA,A4,Stockholm_640x360_5994.y4m,v10.0.0,-32.4667,-52.5835,-42.8566,-34.1676,-31.6333,-31.4163,-36.2069,-36.4898,-32.2047,-38.5276,-32.5944,-52.6574,-42.9443,-33.7665
RA,A4,Stockholm_640x360_5994.y4m,v11.0.0,-32.3806,-52.2632,-42.0612,-34.0077,-30.9387,-31.0849,-35.9532,-36.4539,-32.1514,-38.5254,-32.5551,-52.3655,-42.157,-33.6566
RA,A4,Stockholm_640x360_5994.y4m,v12.0.0,-32.9106,-51.3464,-41.7094,-34.4122,-31.5771,-31.6349,-36.8931,-37.3355,-32.682,-38.7998,-33.0913,-51.4521,-41.8101,-34.1162
RA,A4,Stockholm_640x360_5994.y4m,v13.0.0,-33.1486,-52.3035,-41.9804,-34.7084,-31.8217,-31.987,-37.5865,-37.7891,-33.0963,-39.0558,-33.3244,-52.3869,-42.0688,-34.3864
RA,A4,Stockholm_640x360_5994.y4m,v14.0.0,-32.2307,-51.8737,-41.4108,-33.8368,-30.9192,-30.9877,-36.1885,-36.45,-32.2577,-38.2271,-32.4064,-51.9673,-41.5045,-33.4975
RA,A4,Stockholm_640x360_5994.y4m,v15.0.0,-32.2237,-51.8693,-41.4055,-33.83,-30.9123,-30.9799,-36.1771,-36.439,-32.2509,-38.2206,-32.3994,-51.9629,-41.4992,-33.4906
RA,A4,TouchdownPass_640x360_2997.y4m,v02.0.0,-0.4252,-8.5429,-7.8183,-1.1838,0.2017,0.3573,-1.7314,-1.6957,1.3296,-0.4683,-0.5253,-8.6532,-7.8963,-0.8179
RA,A4,TouchdownPass_640x360_2997.y4m,v03.0.0,-8.3611,-19.6326,-14.5377,-9.1893,-5.5489,-6.0867,-13.6503,-13.5254,-6.0632,-8.8215,-8.4207,-19.5974,-14.4862,-8.7591
RA,A4,TouchdownPass_640x360_2997.y4m,v04.0.0,-14.5797,-26.1018,-21.0366,-15.4468,-11.2666,-11.6725,-19.6813,-19.8746,-11.7332,-15.4311,-14.6269,-26.1934,-21.0289,-14.9932
RA,A4,TouchdownPass_640x360_2997.y4m,v05.0.0,-16.2539,-28.0762,-25.0122,-17.2685,-12.754,-13.0456,-20.8558,-21.195,-13.1872,-17.0044,-16.317,-28.1208,-24.9821,-16.7635
RA,A4,TouchdownPass_640x360_2997.y4m,v06.0.0,-19.6805,-37.1249,-27.2387,-20.9294,-15.2482,-15.6819,-25.0139,-25.1736,-18.2562,-23.6799,-19.7507,-37.1271,-26.9513,-20.303
RA,A4,TouchdownPass_640x360_2997.y4m,v07.0.0,-20.929,-37.976,-26.1685,-22.0697,-16.4202,-16.8014,-25.9117,-25.8684,-19.3402,-24.5315,-20.9998,-37.9266,-25.8468,-21.4947
RA,A4,TouchdownPass_640x360_2997.y4m,v08.0.0,-21.4479,-38.7414,-25.2068,-22.5119,-17.0181,-17.6272,-26.5538,-26.6097,-19.8769,-25.3805,-21.4979,-38.7015,-24.9305,-21.9535
RA,A4,TouchdownPass_640x360_2997.y4m,v09.0.0,-23.7688,-37.3869,-26.8324,-24.6635,-17.0877,-18.1949,-29.4799,-29.5586,-22.0648,-26.0354,-24.0141,-37.4867,-26.7935,-24.3865
RA,A4,TouchdownPass_640x360_2997.y4m,v10.0.0,-25.3521,-40.6885,-27.6848,-26.2895,-17.8687,-18.6751,-30.2126,-30.3137,-23.0459,-27.7477,-25.571,-40.8542,-27.6718,-25.952
RA,A4,TouchdownPass_640x360_2997.y4m,v11.0.0,-25.3429,-37.2089,-30.3473,-26.2346,-16.1256,-17.0572,-30.5268,-30.8535,-22.9838,-26.4302,-25.6388,-37.3662,-30.5321,-26.0401
RA,A4,TouchdownPass_640x360_2997.y4m,v12.0.0,-26.0252,-38.2048,-29.9017,-26.8911,-16.4682,-17.2613,-31.6238,-32.1326,-23.5651,-27.5375,-26.3057,-38.3968,-30.0565,-26.6893
RA,A4,TouchdownPass_640x360_2997.y4m,v13.0.0,-26.1443,-39.0414,-31.1408,-27.0633,-16.6278,-17.4954,-31.906,-32.3206,-23.5793,-27.1804,-26.448,-39.126,-31.2987,-26.8563
RA,A4,TouchdownPass_640x360_2997.y4m,v14.0.0,-25.4706,-38.3181,-30.2456,-26.3725,-16.1809,-16.9688,-31.0467,-31.4259,-23.0235,-26.5204,-25.7804,-38.3801,-30.4034,-26.1791
RA,A4,TouchdownPass_640x360_2997.y4m,v15.0.0,-25.4656,-38.3133,-30.2404,-26.3675,-16.1779,-16.9649,-31.0391,-31.4185,-23.0188,-26.5158,-25.7754,-38.3754,-30.3982,-26.1741
RA,A5,FourPeople_480x270_60.y4m,v02.0.0,-0.2679,-4.6159,-5.7013,-0.7559,-1.2574,-1.2233,-1.4689,-0.1262,-1.5899,-3.5301,-0.3523,-4.6214,-5.6898,-0.6752
RA,A5,FourPeople_480x270_60.y4m,v03.0.0,-10.8179,-12.8982,-13.4758,-11.0565,-11.9269,-11.6228,-14.9704,-13.4318,-11.8087,-13.5032,-10.9112,-12.9014,-13.4189,-11.0759
RA,A5,FourPeople_480x270_60.y4m,v04.0.0,-14.8743,-21.4418,-22.3653,-15.57,-15.8094,-15.7357,-19.222,-17.4986,-16.3348,-19.1199,-14.9566,-21.4432,-22.3641,-15.5232
RA,A5,FourPeople_480x270_60.y4m,v05.0.0,-17.1449,-25.3825,-24.6668,-17.9243,-18.006,-17.5834,-21.5378,-19.5774,-18.2512,-21.3201,-17.261,-25.3906,-24.6644,-17.8845
RA,A5,FourPeople_480x270_60.y4m,v06.0.0,-20.0724,-28.0559,-28.9044,-20.9117,-21.3581,-20.8887,-24.2083,-22.7581,-21.5214,-24.7477,-20.1884,-28.059,-28.8836,-20.9105
RA,A5,FourPeople_480x270_60.y4m,v07.0.0,-20.6714,-30.3803,-29.7493,-21.6108,-22.1062,-21.7329,-23.6763,-22.7136,-22.214,-26.2475,-20.8214,-30.3765,-29.7494,-21.6189
RA,A5,FourPeople_480x270_60.y4m,v08.0.0,-21.4927,-30.9237,-30.5323,-22.414,-22.7922,-22.1585,-24.7899,-23.7057,-23.0104,-26.7487,-21.639,-30.8828,-30.5524,-22.419
RA,A5,FourPeople_480x270_60.y4m,v09.0.0,-23.2012,-29.9468,-30.062,-23.8744,-24.4897,-24.5834,-28.2938,-27.3144,-24.9465,-27.956,-23.3624,-29.9442,-30.0522,-23.9339
RA,A5,FourPeople_480x270_60.y4m,v10.0.0,-24.6133,-30.0276,-29.7389,-25.1296,-25.3775,-25.1973,-29.9453,-28.4811,-25.6244,-28.774,-24.74,-30.0163,-29.7318,-25.2232
RA,A5,FourPeople_480x270_60.y4m,v11.0.0,-24.7057,-29.3456,-28.8785,-25.1369,-25.1929,-25.3527,-31.2394,-29.3128,-26.4075,-28.1503,-24.8777,-29.3689,-28.9029,-25.278
RA,A5,FourPeople_480x270_60.y4m,v12.0.0,-25.6051,-29.3003,-29.3987,-25.9793,-25.903,-26.1332,-33.0493,-31.1032,-27.1939,-28.7683,-25.7824,-29.3194,-29.4224,-26.1414
RA,A5,FourPeople_480x270_60.y4m,v13.0.0,-25.3415,-29.1558,-29.5295,-25.7326,-25.7224,-26.1786,-32.1914,-30.1453,-27.0449,-28.2033,-25.5267,-29.1645,-29.5418,-25.9027
RA,A5,FourPeople_480x270_60.y4m,v14.0.0,-24.2836,-28.3591,-28.6225,-24.6948,-24.6527,-25.0512,-30.5003,-28.4561,-25.9014,-27.1851,-24.4605,-28.3713,-28.6369,-24.8469
RA,A5,FourPeople_480x270_60.y4m,v15.0.0,-24.2841,-28.3609,-28.6235,-24.6955,-24.6544,-25.052,-30.4993,-28.4548,-25.8992,-27.1873,-24.4609,-28.3732,-28.6381,-24.8475
RA,A5,ParkJoy_480x270_50.y4m,v02.0.0,-0.6164,-6.8877,-4.4361,-1.0386,-0.9022,-0.9879,-0.0704,-0.1651,-1.2849,-1.6826,-1.0847,-7.4628,-4.542,-1.3484
RA,A5,ParkJoy_480x270_50.y4m,v03.0.0,-4.6907,-11.7194,-8.626,-5.1468,-5.2729,-6.1142,-8.5664,-8.2115,-5.4378,-6.1798,-5.184,-12.4333,-8.6757,-5.5239
RA,A5,ParkJoy_480x270_50.y4m,v04.0.0,-8.4242,-21.433,-19.7441,-9.4137,-9.4275,-10.4958,-14.1771,-13.839,-9.6914,-11.5134,-8.8834,-21.9756,-19.5608,-9.5442
RA,A5,ParkJoy_480x270_50.y4m,v05.0.0,-9.7536,-23.3515,-18.7443,-10.6912,-10.4028,-11.3251,-15.2629,-14.9265,-10.9118,-13.1403,-10.2071,-23.9085,-18.7429,-10.8981
RA,A5,ParkJoy_480x270_50.y4m,v06.0.0,-11.5561,-26.2681,-24.477,-12.6828,-11.774,-12.8572,-17.7686,-17.4327,-12.8185,-15.1473,-12.0348,-26.7747,-24.4819,-12.775
RA,A5,ParkJoy_480x270_50.y4m,v07.0.0,-12.4757,-25.8476,-26.7679,-13.5815,-12.8275,-14.1676,-19.1882,-18.9039,-13.6203,-16.2954,-12.9281,-26.3832,-26.8627,-13.6387
RA,A5,ParkJoy_480x270_50.y4m,v08.0.0,-13.4446,-26.786,-26.7721,-14.517,-13.7632,-15.1138,-20.0014,-19.7302,-14.7492,-17.7945,-13.9552,-27.2602,-26.8678,-14.6362
RA,A5,ParkJoy_480x270_50.y4m,v09.0.0,-15.1879,-27.4833,-24.847,-16.0852,-15.0848,-16.7465,-22.4683,-22.0459,-16.9011,-18.3327,-15.6652,-27.8891,-24.8142,-16.2287
RA,A5,ParkJoy_480x270_50.y4m,v10.0.0,-16.4748,-27.2151,-26.2027,-17.3051,-15.4419,-17.5402,-24.5735,-24.8373,-17.5702,-19.8716,-16.8342,-27.4682,-26.1408,-17.3579
RA,A5,ParkJoy_480x270_50.y4m,v11.0.0,-17.9078,-26.7938,-26.1943,-18.6021,-16.3548,-18.1475,-25.1452,-25.3157,-18.9401,-20.9874,-18.394,-27.183,-26.1196,-18.8459
RA,A5,ParkJoy_480x270_50.y4m,v12.0.0,-18.5837,-28.0363,-26.0406,-19.2747,-16.9564,-19.0012,-26.1718,-26.4704,-19.7759,-21.917,-19.0494,-28.4109,-25.8544,-19.4978
RA,A5,ParkJoy_480x270_50.y4m,v13.0.0,-18.5887,-27.5729,-25.1844,-19.2246,-17.0047,-18.9019,-26.3349,-26.5316,-19.809,-21.1688,-19.0753,-27.9831,-25.1855,-19.505
RA,A5,ParkJoy_480x270_50.y4m,v14.0.0,-18.2333,-27.2377,-24.7855,-18.8687,-16.7101,-18.4935,-25.6834,-25.9009,-19.4161,-20.794,-18.7208,-27.6493,-24.7805,-19.1465
RA,A5,ParkJoy_480x270_50.y4m,v15.0.0,-18.2438,-27.2226,-24.5839,-18.8709,-16.743,-18.5442,-25.6688,-25.9099,-19.4112,-20.7644,-18.729,-27.6259,-24.5386,-19.1479
RA,A5,SparksElevator_480x270p_5994_10bit.y4m,v02.0.0,-0.2907,-14.3981,-1.3151,-1.0172,0.2755,-0.1063,-0.1887,-0.2886,-0.9547,-2.5228,-0.5488,-14.1423,-1.2381,-0.7057
RA,A5,SparksElevator_480x270p_5994_10bit.y4m,v03.0.0,-4.8273,-15.8699,-3.079,-5.2641,-3.6224,-4.3527,-9.2147,-8.7712,-5.1394,-7.0568,-5.0717,-15.573,-3.0561,-5.1612
RA,A5,SparksElevator_480x270p_5994_10bit.y4m,v04.0.0,-11.7408,-34.7829,-15.3855,-13.1377,-10.5422,-10.9841,-15.7797,-15.3825,-12.0578,-16.0147,-12.0184,-34.6341,-15.4184,-12.3923
RA,A5,SparksElevator_480x270p_5994_10bit.y4m,v05.0.0,-14.3219,-34.1538,-17.6384,-15.5458,-13.1348,-13.5033,-18.049,-17.6765,-14.1836,-17.7019,-14.6286,-33.8765,-17.6222,-14.9584
RA,A5,SparksElevator_480x270p_5994_10bit.y4m,v06.0.0,-17.3365,-35.7087,-19.8918,-18.4036,-15.8449,-16.5246,-21.5718,-21.4219,-17.3311,-20.0881,-17.6026,-35.606,-19.8718,-17.8977
RA,A5,SparksElevator_480x270p_5994_10bit.y4m,v07.0.0,-18.5378,-41.8828,-20.6353,-19.8838,-17.2122,-17.757,-21.3579,-21.3476,-18.7175,-23.252,-18.8467,-41.817,-20.7112,-19.1852
RA,A5,SparksElevator_480x270p_5994_10bit.y4m,v08.0.0,-21.4489,-42.9642,-21.7571,-22.5836,-19.802,-20.0346,-24.6572,-24.1825,-21.0707,-25.169,-21.8139,-42.7831,-21.765,-22.0797
RA,A5,SparksElevator_480x270p_5994_10bit.y4m,v09.0.0,-23.7121,-39.2323,-15.3083,-24.0994,-20.6663,-21.9116,-27.8469,-27.5775,-23.3525,-25.1564,-24.3055,-39.0623,-15.3068,-24.3097
RA,A5,SparksElevator_480x270p_5994_10bit.y4m,v10.0.0,-24.8013,-37.5881,-18.36,-25.1166,-21.9409,-23.1058,-30.6953,-30.0419,-24.2018,-26.4181,-25.3456,-37.4587,-18.2954,-25.3587
RA,A5,SparksElevator_480x270p_5994_10bit.y4m,v11.0.0,-25.8765,-35.464,-19.37,-26.0145,-21.5892,-23.8818,-31.9083,-31.8144,-25.5509,-27.1319,-26.3382,-35.6321,-19.6048,-26.3273
RA,A5,SparksElevator_480x270p_5994_10bit.y4m,v12.0.0,-26.8409,-36.4041,-19.3307,-26.9375,-22.5986,-24.7758,-33.319,-33.1158,-26.362,-27.5676,-27.3444,-36.4808,-19.5691,-27.3131
RA,A5,SparksElevator_480x270p_5994_10bit.y4m,v13.0.0,-27.1026,-38.3193,-20.1189,-27.3188,-22.7521,-24.8493,-34.1091,-33.6332,-26.6648,-28.2377,-27.5839,-38.2754,-20.2945,-27.5733
RA,A5,SparksElevator_480x270p_5994_10bit.y4m,v14.0.0,-26.2341,-37.474,-18.7131,-26.426,-21.8819,-24.0529,-33.0147,-32.4144,-25.9018,-27.2668,-26.727,-37.4125,-18.8729,-26.7034
RA,A5,SparksElevator_480x270p_5994_10bit.y4m,v15.0.0,-26.2341,-37.474,-18.7131,-26.426,-21.8819,-24.0529,-33.0147,-32.4144,-25.9018,-27.2668,-26.727,-37.4125,-18.8729,-26.7034
RA,A5,Vertical_Bayshore_270x480_2997.y4m,v02.0.0,-4.2836,-18.1514,-13.4504,-5.561,-3.8924,-3.8823,-5.4497,-5.7058,-4.4677,-7.5088,-4.591,-17.5564,-12.9485,-4.838
RA,A5,Vertical_Bayshore_270x480_2997.y4m,v03.0.0,-14.526,-31.0526,-20.9348,-15.7896,-11.9634,-12.976,-24.6984,-23.4629,-14.3531,-16.8011,-15.0563,-29.247,-19.1331,-15.2962
RA,A5,Vertical_Bayshore_270x480_2997.y4m,v04.0.0,-23.1947,-38.9863,-30.717,-24.5099,-21.7217,-22.3797,-33.2442,-31.8069,-22.7722,-25.4223,-23.7322,-37.5564,-29.6115,-23.998
RA,A5,Vertical_Bayshore_270x480_2997.y4m,v05.0.0,-27.3454,-42.6883,-32.372,-28.4798,-25.7878,-26.2883,-37.7525,-36.1328,-26.7847,-29.9195,-27.8691,-41.5143,-31.7712,-28.1091
RA,A5,Vertical_Bayshore_270x480_2997.y4m,v06.0.0,-32.1858,-49.325,-44.2798,-33.8269,-31.2793,-32.0568,-41.9521,-40.5115,-31.9959,-36.2102,-32.759,-49.4567,-44.2185,-33.1302
RA,A5,Vertical_Bayshore_270x480_2997.y4m,v07.0.0,-33.9252,-50.8382,-46.0571,-35.5436,-32.8311,-33.831,-44.3036,-42.8323,-34.0225,-38.4373,-34.5442,-51.2102,-46.3582,-34.9189
RA,A5,Vertical_Bayshore_270x480_2997.y4m,v08.0.0,-34.5643,-54.485,-46.3488,-36.3429,-33.5109,-34.4182,-45.6961,-44.0343,-34.6355,-39.827,-35.1481,-55.4255,-46.8407,-35.5643
RA,A5,Vertical_Bayshore_270x480_2997.y4m,v09.0.0,-40.3655,-52.4751,-45.8752,-41.3294,-40.2037,-40.6118,-48.1081,-46.8838,-40.2264,-42.7628,-41.1015,-52.7625,-46.2119,-41.3244
RA,A5,Vertical_Bayshore_270x480_2997.y4m,v10.0.0,-41.1905,-54.0774,-48.9994,-42.3406,-40.4474,-40.6766,-50.6317,-48.7149,-40.4974,-43.8645,-41.9318,-54.7112,-49.5708,-42.1961
RA,A5,Vertical_Bayshore_270x480_2997.y4m,v11.0.0,-42.4863,-55.581,-46.9445,-43.4447,-41.6729,-42.2708,-50.0195,-48.6262,-41.9513,-44.7903,-43.3219,-56.1092,-47.7114,-43.5472
RA,A5,Vertical_Bayshore_270x480_2997.y4m,v12.0.0,-43.2179,-56.6638,-46.0237,-44.1002,-42.0012,-42.6259,-52.2083,-50.3285,-42.5784,-45.2981,-44.0723,-57.0049,-46.8653,-44.2779
RA,A5,Vertical_Bayshore_270x480_2997.y4m,v13.0.0,-43.0855,-53.6439,-45.063,-43.8149,-42.2415,-42.8491,-51.6426,-49.8534,-42.4504,-44.7327,-43.9743,-54.4731,-45.5591,-44.1478
RA,A5,Vertical_Bayshore_270x480_2997.y4m,v14.0.0,-42.2381,-52.3457,-43.9405,-42.9235,-41.605,-42.0331,-48.1003,-46.2589,-41.592,-43.5623,-43.1039,-53.146,-44.4061,-43.2662
RA,A5,Vertical_Bayshore_270x480_2997.y4m,v15.0.0,-42.2567,-52.5666,-44.1305,-42.9661,-41.6265,-42.1892,-48.0881,-46.2565,-41.6785,-43.7276,-43.1195,-53.3488,-44.6041,-43.2878
RA,B1,CosmosTreeTrunk_sdr_2048x858_25_8bit.y4m,v02.0.0,-1.2124,-8.6796,-8.8009,-1.9644,0.6348,-1.1673,-1.9527,-1.7336,-0.2596,1.1578,-1.4282,-9.2255,-9.8452,-1.7452
RA,B1,CosmosTreeTrunk_sdr_2048x858_25_8bit.y4m,v03.0.0,-5.888,-11.9411,-17.2498,-6.7268,-4.5463,-6.2349,-11.6329,-10.7328,-4.4473,-3.9688,-6.162,-12.3755,-18.0943,-6.5423
RA,B1,CosmosTreeTrunk_sdr_2048x858_25_8bit.y4m,v04.0.0,-9.9542,-24.2675,-25.6223,-11.4591,-9.3876,-11.0432,-17.5571,-16.2645,-8.456,-10.2631,-10.2177,-24.7298,-26.4441,-10.9341
RA,B1,CosmosTreeTrunk_sdr_2048x858_25_8bit.y4m,v05.0.0,-11.2348,-30.0697,-27.9855,-13.0425,-10.6937,-12.3185,-17.972,-16.7065,-9.6086,-12.1279,-11.4993,-30.6036,-28.9247,-12.3804
RA,B1,CosmosTreeTrunk_sdr_2048x858_25_8bit.y4m,v06.0.0,-13.3272,-37.6617,-35.7743,-15.7963,-14.3134,-14.538,-20.4093,-19.1702,-12.5547,-21.13,-13.5158,-38.1884,-36.595,-14.6863
RA,B1,CosmosTreeTrunk_sdr_2048x858_25_8bit.y4m,v07.0.0,-14.0416,-43.6804,-41.3588,-17.1279,-15.1776,-15.4367,-21.413,-20.1184,-13.4724,-23.9335,-14.2524,-43.8914,-41.8921,-15.6257
RA,B1,CosmosTreeTrunk_sdr_2048x858_25_8bit.y4m,v08.0.0,-14.8806,-44.6696,-44.8574,-18.1329,-16.1541,-16.3787,-21.9266,-20.6693,-14.3713,-25.4401,-15.1017,-44.9072,-45.3123,-16.5114
RA,B1,CosmosTreeTrunk_sdr_2048x858_25_8bit.y4m,v09.0.0,-17.6814,-44.3167,-42.3588,-20.4461,-17.2913,-17.6308,-24.8403,-23.6966,-17.1006,-25.7063,-18.2632,-44.8656,-42.8749,-19.4821
RA,B1,CosmosTreeTrunk_sdr_2048x858_25_8bit.y4m,v10.0.0,-18.724,-45.096,-44.5179,-21.5436,-17.3672,-17.9396,-26.9605,-25.6358,-17.645,-26.1555,-19.3007,-45.6202,-45.0499,-20.5219
RA,B1,CosmosTreeTrunk_sdr_2048x858_25_8bit.y4m,v11.0.0,-19.2591,-45.3396,-44.1013,-22.0105,-18.3364,-18.8522,-27.8147,-26.5293,-18.7646,-27.5227,-19.6712,-45.8661,-44.5033,-20.893
RA,B1,CosmosTreeTrunk_sdr_2048x858_25_8bit.y4m,v12.0.0,-19.3809,-46.5832,-44.8584,-22.2406,-18.1393,-18.7091,-27.6616,-26.319,-18.7208,-27.8776,-19.7982,-47.1459,-45.4086,-21.0703
RA,B1,CosmosTreeTrunk_sdr_2048x858_25_8bit.y4m,v13.0.0,-19.4451,-45.2548,-44.7539,-22.2211,-19.6786,-18.857,-27.6028,-26.387,-18.8137,-27.4719,-19.8774,-45.802,-45.2851,-21.1085
RA,B1,CosmosTreeTrunk_sdr_2048x858_25_8bit.y4m,v14.0.0,-19.3565,-45.1768,-44.6586,-22.1313,-19.5836,-18.7524,-27.3945,-26.1828,-18.7332,-27.3663,-19.7889,-45.7246,-45.1909,-21.0196
RA,B1,CosmosTreeTrunk_sdr_2048x858_25_8bit.y4m,v15.0.0,-19.3706,-45.4217,-44.5413,-22.1528,-19.6509,-18.7863,-27.5775,-26.295,-18.7476,-27.3876,-19.8009,-45.9713,-45.0932,-21.0387
RA,B1,EuroTruckSimulator2_1920x1080p60_v2.y4m,v02.0.0,-2.5838,-12.6841,-10.3053,-3.5687,-2.3308,-2.5982,-4.6953,-4.1885,-1.5121,-3.2028,-2.8158,-12.8418,-10.2762,-3.1667
RA,B1,EuroTruckSimulator2_1920x1080p60_v2.y4m,v03.0.0,-9.4879,-16.7316,-17.3472,-10.3035,-9.8947,-9.685,-20.4932,-17.435,-8.0477,-10.3366,-9.816,-16.8732,-17.3229,-10.1165
RA,B1,EuroTruckSimulator2_1920x1080p60_v2.y4m,v04.0.0,-18.385,-28.4748,-29.4558,-19.5329,-20.8599,-21.2261,-30.5376,-27.1428,-16.816,-20.5713,-18.7932,-28.5937,-29.4444,-19.2185
RA,B1,EuroTruckSimulator2_1920x1080p60_v2.y4m,v05.0.0,-20.7397,-34.0617,-32.5737,-22.1203,-23.0276,-23.3993,-33.3193,-29.9062,-19.1896,-23.9346,-21.1772,-34.251,-32.5991,-21.7088
RA,B1,EuroTruckSimulator2_1920x1080p60_v2.y4m,v06.0.0,-21.8636,-41.8375,-35.77,-23.8339,-24.462,-24.8032,-33.4577,-30.4257,-21.3994,-27.9458,-22.2733,-42.0699,-35.7665,-23.0721
RA,B1,EuroTruckSimulator2_1920x1080p60_v2.y4m,v07.0.0,-23.008,-44.7644,-38.4069,-25.1789,-25.7157,-26.1014,-34.6431,-31.6093,-22.6362,-29.5276,-23.4403,-44.9877,-38.4098,-24.3082
RA,B1,EuroTruckSimulator2_1920x1080p60_v2.y4m,v08.0.0,-23.9011,-45.1981,-39.2236,-26.027,-26.8617,-27.389,-35.3342,-32.3707,-23.73,-30.63,-24.3546,-45.4256,-39.2615,-25.1987
RA,B1,EuroTruckSimulator2_1920x1080p60_v2.y4m,v09.0.0,-26.9874,-45.4767,-36.4616,-28.5962,-30.0404,-30.1891,-38.5969,-35.5934,-26.9873,-32.0794,-27.7229,-45.7777,-36.5127,-28.3747
RA,B1,EuroTruckSimulator2_1920x1080p60_v2.y4m,v10.0.0,-28.9268,-44.3817,-36.8499,-30.2448,-31.7575,-32.4636,-38.7535,-36.8307,-28.6133,-33.2345,-29.6808,-44.6516,-36.9309,-30.2152
RA,B1,EuroTruckSimulator2_1920x1080p60_v2.y4m,v11.0.0,-29.2822,-43.5717,-36.3158,-30.4758,-32.3971,-32.8955,-39.8786,-37.5639,-29.3744,-33.3631,-29.9753,-43.9364,-36.4839,-30.476
RA,B1,EuroTruckSimulator2_1920x1080p60_v2.y4m,v12.0.0,-29.2932,-43.8618,-36.8763,-30.529,-31.9892,-32.2719,-39.8388,-37.6471,-29.2951,-33.4511,-29.9843,-44.2277,-37.0429,-30.4975
RA,B1,EuroTruckSimulator2_1920x1080p60_v2.y4m,v13.0.0,-29.3891,-42.8217,-36.1099,-30.5096,-31.0622,-32.5734,-40.2025,-37.9527,-29.4057,-32.9897,-30.0818,-43.1752,-36.281,-30.5555
RA,B1,EuroTruckSimulator2_1920x1080p60_v2.y4m,v14.0.0,-29.3256,-42.7003,-35.758,-30.4275,-30.9955,-32.5058,-39.9819,-37.7743,-29.3497,-32.8979,-30.016,-43.0514,-35.9123,-30.4841
RA,B1,EuroTruckSimulator2_1920x1080p60_v2.y4m,v15.0.0,-29.3397,-42.6897,-35.752,-30.4388,-31.0436,-32.545,-39.9699,-37.7663,-29.3734,-32.9162,-30.0312,-43.0392,-35.9095,-30.4981
RA,B1,GlassHalf_1920x1080p_24p_8bit_420.y4m,v02.0.0,-18.6368,-26.5716,-30.464,-19.8256,-16.1243,-16.6679,-22.8177,-21.3676,-15.6566,-17.2517,-22.3769,-31.3862,0.0,-25.2988
RA,B1,GlassHalf_1920x1080p_24p_8bit_420.y4m,v03.0.0,-8.8399,-6.6608,-5.9501,-8.5581,-7.8386,-8.8916,-7.3939,-7.6051,-5.0952,-8.3876,-8.6637,-6.6418,-5.2713,-7.98
RA,B1,GlassHalf_1920x1080p_24p_8bit_420.y4m,v04.0.0,-15.7235,-19.1223,-17.9766,-16.0476,-15.8256,-16.3496,-15.8671,-15.8095,-12.8732,-18.5533,-15.0769,-17.9911,-15.2072,-15.5566
RA,B1,GlassHalf_1920x1080p_24p_8bit_420.y4m,v05.0.0,-19.0246,-22.743,-20.9009,-19.3451,-19.3815,-20.0418,-20.0666,-19.6849,-16.1508,-21.5898,-18.2864,-21.3084,-18.9145,-18.8248
RA,B1,GlassHalf_1920x1080p_24p_8bit_420.y4m,v06.0.0,-22.4655,-27.279,-25.6169,-22.9248,-24.8632,-24.6486,-24.9142,-24.4453,-23.0405,-33.4365,-21.4415,-24.844,-22.1347,-22.0296
RA,B1,GlassHalf_1920x1080p_24p_8bit_420.y4m,v07.0.0,-23.9043,-29.1461,-27.529,-24.417,-25.7736,-25.8244,-26.486,-26.1799,-24.4822,-35.4161,-22.7019,-26.2942,-23.3909,-23.3184
RA,B1,GlassHalf_1920x1080p_24p_8bit_420.y4m,v08.0.0,-25.1682,-29.9065,-29.0495,-25.6657,-26.6411,-26.8527,-26.9012,-26.6684,-25.3784,-36.6461,-23.8365,-27.0606,-24.4094,-24.3838
RA,B1,GlassHalf_1920x1080p_24p_8bit_420.y4m,v09.0.0,-24.4719,-30.7381,-29.5052,-25.1284,-25.5032,-25.3829,-27.0359,-26.8159,-25.6637,-34.8645,-24.0131,-28.408,-25.924,-24.8899
RA,B1,GlassHalf_1920x1080p_24p_8bit_420.y4m,v10.0.0,-27.34,-32.5781,-32.0715,-27.9185,-26.5999,-26.8237,-30.8706,-29.5588,-27.113,-36.3928,-26.8206,-30.2643,-28.4668,-27.5166
RA,B1,GlassHalf_1920x1080p_24p_8bit_420.y4m,v11.0.0,-26.1363,-32.7582,-32.0158,-26.8668,-25.6896,-25.6312,-30.632,-28.9784,-26.3948,-36.2219,-25.6164,-30.1946,-28.1061,-26.5682
RA,B1,GlassHalf_1920x1080p_24p_8bit_420.y4m,v12.0.0,-26.4048,-32.6104,-32.0419,-27.0954,-25.7408,-25.8166,-30.4834,-29.037,-26.666,-35.6163,-25.8934,-30.1917,-28.2893,-26.7936
RA,B1,GlassHalf_1920x1080p_24p_8bit_420.y4m,v13.0.0,-26.4501,-32.6977,-31.6414,-27.1171,-27.5339,-25.8216,-30.768,-29.0332,-26.5883,-35.6072,-25.8952,-30.2516,-28.0792,-26.777
RA,B1,GlassHalf_1920x1080p_24p_8bit_420.y4m,v14.0.0,-26.4142,-32.6144,-31.5491,-27.0746,-27.4736,-25.8028,-30.8334,-29.0729,-26.5194,-35.603,-25.8639,-30.2159,-27.9799,-26.7362
RA,B1,GlassHalf_1920x1080p_24p_8bit_420.y4m,v15.0.0,-26.4548,-32.7406,-31.6579,-27.1249,-27.5163,-25.8867,-30.6404,-29.1108,-26.6093,-35.6491,-25.8963,-30.324,-28.0634,-26.7863
RA,B1,Life_1080p30_v2.y4m,v02.0.0,-1.4009,-4.973,-1.4749,-1.6295,-0.8403,-0.979,-2.5718,-2.5211,0.2138,-0.0513,-1.406,-4.7522,-1.3361,-1.5331
RA,B1,Life_1080p30_v2.y4m,v03.0.0,-11.0241,-11.1835,-8.5136,-10.8934,-9.4508,-9.0814,-18.3554,-16.3136,-8.6833,-9.132,-11.0926,-11.0039,-8.4747,-10.9796
RA,B1,Life_1080p30_v2.y4m,v04.0.0,-18.0171,-24.2858,-21.3202,-18.6077,-16.4343,-16.2083,-26.1982,-24.1467,-15.8152,-18.9574,-18.1975,-24.0754,-21.3255,-18.6032
RA,B1,Life_1080p30_v2.y4m,v05.0.0,-21.4129,-29.0599,-25.2817,-22.1268,-19.0324,-18.8623,-29.3883,-27.3996,-19.0001,-22.2427,-21.587,-28.8577,-25.28,-22.0777
RA,B1,Life_1080p30_v2.y4m,v06.0.0,-22.9769,-32.4615,-29.23,-23.9817,-20.7622,-20.1998,-30.4006,-28.5109,-22.6312,-28.05,-23.1629,-32.1922,-29.1566,-23.8581
RA,B1,Life_1080p30_v2.y4m,v07.0.0,-23.9159,-34.3376,-30.8493,-25.0234,-21.5123,-20.9604,-31.6199,-29.8059,-23.611,-29.2651,-24.1234,-34.086,-30.8357,-24.8902
RA,B1,Life_1080p30_v2.y4m,v08.0.0,-25.1326,-35.0071,-31.7206,-26.1768,-22.616,-22.1284,-32.839,-30.9883,-24.8729,-30.5837,-25.3436,-34.7471,-31.7417,-26.0653
RA,B1,Life_1080p30_v2.y4m,v09.0.0,-26.4199,-35.2189,-30.5194,-27.2346,-22.5429,-21.9343,-33.9484,-32.1072,-26.0119,-29.8149,-26.8255,-35.1289,-30.6968,-27.3799
RA,B1,Life_1080p30_v2.y4m,v10.0.0,-27.9163,-37.5263,-32.7632,-28.8348,-23.1697,-22.6339,-34.2456,-33.0333,-27.0175,-31.3822,-28.3183,-37.4674,-33.0002,-28.9446
RA,B1,Life_1080p30_v2.y4m,v11.0.0,-27.4896,-37.438,-32.4593,-28.4475,-22.2266,-21.353,-34.4531,-33.2346,-26.9755,-30.8553,-27.8887,-37.3933,-32.7506,-28.544
RA,B1,Life_1080p30_v2.y4m,v12.0.0,-27.8259,-37.4352,-32.6808,-28.75,-22.3932,-21.5749,-34.671,-33.3969,-27.2671,-30.8186,-28.2421,-37.4261,-32.974,-28.8749
RA,B1,Life_1080p30_v2.y4m,v13.0.0,-27.8027,-37.7523,-32.2795,-28.7287,-20.0308,-21.4945,-34.9849,-33.5929,-27.2222,-31.042,-28.2157,-37.7396,-32.5981,-28.8489
RA,B1,Life_1080p30_v2.y4m,v14.0.0,-27.7159,-37.589,-32.1514,-28.6312,-19.9546,-21.4068,-34.7573,-33.411,-27.1138,-31.0102,-28.1313,-37.5866,-32.4838,-28.7576
RA,B1,Life_1080p30_v2.y4m,v15.0.0,-27.6815,-37.5591,-32.1435,-28.6,-19.9186,-21.3682,-34.7421,-33.3986,-27.0862,-30.9777,-28.0993,-37.5568,-32.4689,-28.7277
RA,B1,MINECRAFT_1080p_60_8bit.y4m,v02.0.0,-0.2333,-6.7328,-1.2754,-0.5753,0.2961,0.1566,-1.714,-1.5835,1.1096,-0.5763,-0.5565,-6.9268,-1.4407,-0.7726
RA,B1,MINECRAFT_1080p_60_8bit.y4m,v03.0.0,-4.08,-7.7864,-3.1102,-4.1994,-3.8648,-3.7121,-6.4772,-6.1911,-2.6969,-2.9412,-4.4639,-7.6243,-3.2369,-4.5682
RA,B1,MINECRAFT_1080p_60_8bit.y4m,v04.0.0,-13.7561,-29.7722,-19.9091,-14.8224,-14.7603,-14.7544,-18.8616,-18.3116,-12.9286,-16.2746,-14.3389,-29.65,-19.8524,-15.0111
RA,B1,MINECRAFT_1080p_60_8bit.y4m,v05.0.0,-16.0805,-39.5586,-25.1409,-17.7715,-17.0595,-17.1215,-21.2561,-20.8278,-15.6469,-21.4715,-16.6483,-40.0359,-25.2732,-17.7325
RA,B1,MINECRAFT_1080p_60_8bit.y4m,v06.0.0,-17.3106,-46.8993,-29.2568,-19.6008,-18.8701,-18.6728,-23.926,-23.2669,-18.0497,-26.5079,-17.7559,-47.4148,-29.2054,-19.212
RA,B1,MINECRAFT_1080p_60_8bit.y4m,v07.0.0,-18.8157,-52.0488,-34.2814,-21.5068,-20.3826,-20.2768,-25.259,-24.7216,-19.8275,-30.1532,-19.1766,-52.4981,-34.3262,-20.8287
RA,B1,MINECRAFT_1080p_60_8bit.y4m,v08.0.0,-20.7065,-52.1916,-35.1611,-23.2212,-22.5926,-22.519,-26.9902,-26.3746,-21.9048,-31.3764,-21.0833,-52.6352,-35.1749,-22.6268
RA,B1,MINECRAFT_1080p_60_8bit.y4m,v09.0.0,-23.8245,-54.3161,-34.6531,-26.088,-25.1092,-24.7501,-31.6212,-31.0365,-24.7745,-33.1391,-24.6556,-55.0994,-34.8988,-26.0645
RA,B1,MINECRAFT_1080p_60_8bit.y4m,v10.0.0,-24.4965,-53.9796,-35.9597,-26.6966,-25.0427,-24.8731,-33.115,-31.9834,-25.0791,-33.5825,-25.3828,-54.7212,-36.2837,-26.7347
RA,B1,MINECRAFT_1080p_60_8bit.y4m,v11.0.0,-24.9725,-54.0463,-35.8177,-27.1168,-26.5512,-26.148,-34.6368,-33.1777,-26.2483,-34.4077,-25.6494,-54.7758,-36.2667,-27.0091
RA,B1,MINECRAFT_1080p_60_8bit.y4m,v12.0.0,-25.5357,-54.3993,-36.1376,-27.6387,-26.9544,-26.5699,-35.1169,-33.7829,-26.7764,-34.7805,-26.2307,-55.2417,-36.5644,-27.557
RA,B1,MINECRAFT_1080p_60_8bit.y4m,v13.0.0,-25.4222,-54.4291,-36.1065,-27.5352,-24.143,-26.4852,-35.0569,-33.7571,-26.6557,-34.6636,-26.1433,-55.2403,-36.5699,-27.4694
RA,B1,MINECRAFT_1080p_60_8bit.y4m,v14.0.0,-25.4132,-54.3953,-36.0639,-27.5243,-24.1769,-26.4521,-34.9003,-33.5408,-26.633,-34.6394,-26.1277,-55.222,-36.4967,-27.4519
RA,B1,MINECRAFT_1080p_60_8bit.y4m,v15.0.0,-25.479,-54.319,-36.1546,-27.5835,-24.2397,-26.5221,-34.7764,-33.4535,-26.6884,-34.7142,-26.1781,-55.0927,-36.5874,-27.4997
RA,B1,STARCRAFT_1080p60.y4m,v02.0.0,-2.29,-9.4009,-12.337,-3.302,-4.8226,-5.6049,-2.901,-2.8282,-1.1668,-1.9422,-2.4299,-9.4151,-12.3525,-2.9654
RA,B1,STARCRAFT_1080p60.y4m,v03.0.0,-6.0758,-12.7553,-15.152,-7.0089,-7.4476,-8.7996,-5.3326,-5.0937,-4.2777,-6.3775,-6.2757,-12.9055,-15.188,-6.7825
RA,B1,STARCRAFT_1080p60.y4m,v04.0.0,-12.1518,-24.3422,-27.6507,-13.8134,-13.6714,-15.2162,-11.8883,-11.7196,-10.4784,-16.0796,-12.5289,-24.4217,-27.6616,-13.465
RA,B1,STARCRAFT_1080p60.y4m,v05.0.0,-14.3427,-25.9972,-29.8755,-15.9821,-14.9767,-16.7496,-14.2856,-13.8014,-12.3769,-17.3507,-14.7514,-26.1109,-29.9105,-15.6741
RA,B1,STARCRAFT_1080p60.y4m,v06.0.0,-17.0111,-31.1813,-34.9232,-18.9688,-17.9055,-19.246,-16.6536,-16.7493,-17.7997,-32.3483,-17.3352,-31.2016,-34.9212,-18.479
RA,B1,STARCRAFT_1080p60.y4m,v07.0.0,-18.0432,-32.1897,-35.0587,-19.9438,-19.2259,-20.6782,-18.3219,-18.0875,-18.9912,-33.2946,-18.3716,-32.2502,-35.0626,-19.4946
RA,B1,STARCRAFT_1080p60.y4m,v08.0.0,-21.1926,-34.7468,-37.9671,-23.0418,-22.1707,-23.7577,-21.337,-21.5442,-22.0268,-36.2928,-21.5624,-34.8224,-37.9494,-22.6477
RA,B1,STARCRAFT_1080p60.y4m,v09.0.0,-20.8942,-33.0992,-36.9792,-22.614,-21.1145,-22.1701,-21.5715,-21.716,-22.1612,-34.9681,-21.5725,-33.2364,-37.0474,-22.5548
RA,B1,STARCRAFT_1080p60.y4m,v10.0.0,-21.9357,-33.8382,-37.5698,-23.6102,-21.7462,-22.9875,-22.9448,-22.7024,-22.5519,-35.6352,-22.6094,-34.0403,-37.6199,-23.5762
RA,B1,STARCRAFT_1080p60.y4m,v11.0.0,-22.4154,-32.8829,-36.18,-23.8786,-21.7912,-22.9481,-23.0573,-22.8564,-23.0299,-35.1639,-23.0902,-33.0783,-36.2609,-23.9391
RA,B1,STARCRAFT_1080p60.y4m,v12.0.0,-23.3485,-33.4531,-36.5923,-24.7543,-22.5626,-23.7503,-24.1403,-23.9415,-23.8178,-36.6532,-24.0275,-33.6539,-36.6339,-24.8433
RA,B1,STARCRAFT_1080p60.y4m,v13.0.0,-23.442,-32.9156,-36.5142,-24.7982,-24.6549,-23.862,-24.1867,-24.0588,-23.9182,-35.8317,-24.1214,-33.1184,-36.581,-24.9093
RA,B1,STARCRAFT_1080p60.y4m,v14.0.0,-23.3088,-32.9857,-36.3999,-24.6785,-24.5341,-23.715,-23.9323,-23.8272,-23.7565,-35.7507,-23.9867,-33.1951,-36.4632,-24.7842
RA,B1,STARCRAFT_1080p60.y4m,v15.0.0,-23.3023,-32.9535,-36.3847,-24.6699,-24.5126,-23.6894,-23.9087,-23.821,-23.7424,-35.7278,-23.985,-33.162,-36.4477,-24.7806
RA,B1,Sniper_1920x1080P_30fps_8bit.y4m,v02.0.0,-1.7212,-3.4558,-3.149,-1.8478,-2.7634,-2.9845,-3.1007,-2.9629,-1.6493,0.3653,-2.0868,-2.5831,-2.6876,-2.0886
RA,B1,Sniper_1920x1080P_30fps_8bit.y4m,v03.0.0,-6.481,-12.4196,-12.8235,-6.9767,-7.2067,-7.5413,-9.2242,-8.7002,-6.4684,-6.1112,-6.8631,-11.9683,-12.4793,-7.0126
RA,B1,Sniper_1920x1080P_30fps_8bit.y4m,v04.0.0,-11.8855,-28.3505,-26.3761,-13.1833,-13.126,-13.6859,-17.8489,-16.9266,-12.0811,-14.3192,-12.2114,-28.3673,-26.1878,-12.5691
RA,B1,Sniper_1920x1080P_30fps_8bit.y4m,v05.0.0,-13.5948,-28.0975,-29.1401,-14.8506,-14.3776,-14.8711,-20.122,-19.3333,-13.9295,-15.8312,-13.9045,-28.1361,-29.1865,-14.2507
RA,B1,Sniper_1920x1080P_30fps_8bit.y4m,v06.0.0,-14.347,-37.0433,-34.4764,-16.2112,-16.855,-17.013,-21.3412,-20.7014,-16.1295,-20.888,-14.4015,-36.9623,-34.5251,-14.9113
RA,B1,Sniper_1920x1080P_30fps_8bit.y4m,v07.0.0,-14.9971,-48.3585,-46.3279,-18.0204,-18.2717,-18.4076,-22.8202,-21.9919,-17.5169,-24.1524,-14.8747,-49.1094,-46.8604,-15.6604
RA,B1,Sniper_1920x1080P_30fps_8bit.y4m,v08.0.0,-15.7809,-49.7081,-48.7449,-18.9341,-19.129,-19.2805,-23.5509,-22.8234,-18.4731,-25.0871,-15.6265,-50.4685,-49.4359,-16.4398
RA,B1,Sniper_1920x1080P_30fps_8bit.y4m,v09.0.0,-18.0244,-48.7197,-47.5918,-20.8271,-21.1742,-21.0831,-27.0004,-26.3859,-20.8283,-26.2648,-18.5435,-49.6261,-48.3203,-19.2798
RA,B1,Sniper_1920x1080P_30fps_8bit.y4m,v10.0.0,-18.7709,-49.0864,-47.3592,-21.5041,-21.4719,-21.4461,-29.3734,-28.418,-21.1938,-26.9371,-19.3527,-49.8653,-48.2222,-20.0751
RA,B1,Sniper_1920x1080P_30fps_8bit.y4m,v11.0.0,-18.794,-50.4799,-49.1247,-21.6981,-22.6023,-22.4621,-29.1936,-28.3094,-21.9333,-27.7628,-19.041,-51.8511,-50.3268,-19.8211
RA,B1,Sniper_1920x1080P_30fps_8bit.y4m,v12.0.0,-19.0305,-51.3376,-49.5807,-21.9881,-22.599,-22.525,-29.5923,-28.6125,-22.1245,-28.1143,-19.2905,-52.7863,-50.8226,-20.0877
RA,B1,Sniper_1920x1080P_30fps_8bit.y4m,v13.0.0,-19.0527,-50.6976,-49.1171,-21.9392,-20.8319,-22.6971,-29.7848,-28.7691,-22.1909,-28.0799,-19.2721,-51.9795,-50.3789,-20.0564
RA,B1,Sniper_1920x1080P_30fps_8bit.y4m,v14.0.0,-19.0682,-50.8709,-49.2775,-21.9737,-20.9167,-22.7934,-29.767,-28.7128,-22.2238,-28.0858,-19.2968,-52.1878,-50.4987,-20.083
RA,B1,Sniper_1920x1080P_30fps_8bit.y4m,v15.0.0,-19.0841,-50.7419,-49.1313,-21.9727,-20.9229,-22.7942,-29.6913,-28.6737,-22.2366,-28.1175,-19.3125,-52.0759,-50.3478,-20.0957
RA,B1,SolLevanteDragons_sdr_1920x1080_24_10bit.y4m,v02.0.0,-2.4569,-2.9922,-2.7677,-2.5184,-2.856,-2.8713,-4.1846,-3.8816,-2.5225,-2.2986,-2.6818,-3.0558,-2.9904,-2.7233
RA,B1,SolLevanteDragons_sdr_1920x1080_24_10bit.y4m,v03.0.0,-9.7435,-8.7914,-6.4752,-9.4274,-9.9294,-10.2658,-7.2304,-7.2013,-8.8572,-8.8637,-9.9693,-8.7991,-6.6998,-9.3358
RA,B1,SolLevanteDragons_sdr_1920x1080_24_10bit.y4m,v04.0.0,-15.2937,-21.0939,-18.1167,-15.969,-16.0685,-16.2666,-14.1882,-14.1769,-15.935,-16.9474,-15.7651,-21.0507,-18.3456,-16.8163
RA,B1,SolLevanteDragons_sdr_1920x1080_24_10bit.y4m,v05.0.0,-17.3494,-23.6446,-20.2504,-18.0704,-17.9467,-18.2985,-15.4306,-15.4745,-17.8844,-19.0273,-17.6156,-23.7411,-20.5089,-18.8486
RA,B1,SolLevanteDragons_sdr_1920x1080_24_10bit.y4m,v06.0.0,-18.6864,-26.1411,-22.6617,-19.5881,-19.6279,-19.8194,-16.833,-16.9429,-19.5467,-21.6154,-18.9331,-26.2288,-22.8222,-20.5304
RA,B1,SolLevanteDragons_sdr_1920x1080_24_10bit.y4m,v07.0.0,-22.3251,-38.6064,-31.8094,-24.4397,-22.9963,-23.3914,-21.4726,-21.4326,-24.4174,-28.1184,-22.4948,-38.6022,-30.9462,-26.0312
RA,B1,SolLevanteDragons_sdr_1920x1080_24_10bit.y4m,v08.0.0,-23.3891,-39.9536,-34.3985,-25.6594,-24.1678,-24.5474,-21.4156,-21.4108,-25.6573,-29.4844,-23.5499,-39.9564,-33.6725,-27.359
RA,B1,SolLevanteDragons_sdr_1920x1080_24_10bit.y4m,v09.0.0,-26.6934,-42.6838,-37.4949,-28.9064,-27.6338,-27.8778,-24.1643,-24.1061,-29.0477,-32.1409,-26.9942,-43.0209,-37.0436,-30.7347
RA,B1,SolLevanteDragons_sdr_1920x1080_24_10bit.y4m,v10.0.0,-27.7288,-43.3503,-38.5171,-29.899,-28.7985,-29.0004,-26.8546,-26.7156,-30.032,-33.1381,-28.0451,-43.7369,-38.0671,-31.727
RA,B1,SolLevanteDragons_sdr_1920x1080_24_10bit.y4m,v11.0.0,-28.6702,-45.6986,-40.9736,-31.1384,-29.3074,-29.6375,-27.9309,-27.755,-31.1248,-35.3417,-28.7283,-45.8458,-39.8083,-32.8368
RA,B1,SolLevanteDragons_sdr_1920x1080_24_10bit.y4m,v12.0.0,-28.4881,-45.3835,-40.5681,-30.9272,-29.0393,-29.4116,-27.8428,-27.6876,-30.8732,-35.0617,-28.5515,-45.5338,-39.4253,-32.6183
RA,B1,SolLevanteDragons_sdr_1920x1080_24_10bit.y4m,v13.0.0,-28.7146,-45.3646,-40.612,-31.1146,-34.0483,-29.595,-28.0152,-27.8443,-31.0085,-35.16,-28.7521,-45.4301,-39.4403,-32.7469
RA,B1,SolLevanteDragons_sdr_1920x1080_24_10bit.y4m,v14.0.0,-28.603,-45.2087,-40.518,-31.002,-33.9837,-29.5063,-27.7573,-27.5878,-30.9193,-35.0863,-28.6559,-45.2705,-39.3586,-32.6454
RA,B1,SolLevanteDragons_sdr_1920x1080_24_10bit.y4m,v15.0.0,-28.6029,-45.2086,-40.5147,-31.0016,-33.984,-29.5068,-27.7539,-27.5858,-30.9199,-35.085,-28.6566,-45.2704,-39.3544,-32.6453
RA,B1,SolLevanteFace_sdr_1920x1080_24_10bit.y4m,v02.0.0,-6.5567,-15.1556,-18.4212,-7.3736,-7.9115,-7.5341,-7.165,-6.8685,-6.7402,-9.7952,-5.546,-13.2426,-11.8415,-6.3102
RA,B1,SolLevanteFace_sdr_1920x1080_24_10bit.y4m,v03.0.0,-14.9093,-11.6012,-24.3879,-15.1989,-15.7824,-15.6163,-19.8867,-18.9892,-14.0924,-17.917,-13.7503,-16.2453,-20.2323,-14.3582
RA,B1,SolLevanteFace_sdr_1920x1080_24_10bit.y4m,v04.0.0,-21.0131,-32.1166,-36.6536,-22.1265,-21.501,-21.5748,-26.1014,-25.0772,-20.0178,-27.644,-19.3949,-36.7461,-30.1699,-20.9995
RA,B1,SolLevanteFace_sdr_1920x1080_24_10bit.y4m,v05.0.0,-23.8669,-36.0256,-38.7571,-25.0004,-23.5119,-24.0528,-27.3133,-26.4065,-22.32,-30.5163,-22.2189,-40.8245,-33.2236,-23.9494
RA,B1,SolLevanteFace_sdr_1920x1080_24_10bit.y4m,v06.0.0,-26.1688,-39.8431,-42.759,-27.4311,-26.1048,-26.5161,-30.5857,-29.5985,-24.7177,-33.6397,-24.2579,-44.5031,-36.1481,-26.0644
RA,B1,SolLevanteFace_sdr_1920x1080_24_10bit.y4m,v07.0.0,-27.7987,-45.9309,-48.8477,-29.4754,-27.6775,-28.0771,-31.9257,-31.0014,-26.5493,-37.1323,-25.5723,-49.6696,-40.8542,-27.7186
RA,B1,SolLevanteFace_sdr_1920x1080_24_10bit.y4m,v08.0.0,-28.0676,-46.8134,-49.3704,-29.7853,-27.8294,-28.296,-32.0632,-31.1419,-26.8671,-37.3712,-25.9468,-50.3731,-42.371,-28.1789
RA,B1,SolLevanteFace_sdr_1920x1080_24_10bit.y4m,v09.0.0,-30.441,-46.0962,-49.9244,-31.9561,-29.9732,-30.4393,-33.6931,-32.8728,-29.1395,-39.0913,-29.3272,-53.0748,-45.1223,-31.5189
RA,B1,SolLevanteFace_sdr_1920x1080_24_10bit.y4m,v10.0.0,-32.2576,-46.7539,-50.1794,-33.6444,-31.5146,-32.1029,-35.4471,-34.5427,-30.6499,-40.8573,-30.9929,-52.9975,-45.0209,-32.9626
RA,B1,SolLevanteFace_sdr_1920x1080_24_10bit.y4m,v11.0.0,-31.7811,-48.5241,-52.4559,-33.3811,-30.9843,-31.6877,-34.4928,-33.7229,-30.1661,-41.2178,-30.2254,-52.9931,-46.3435,-32.3288
RA,B1,SolLevanteFace_sdr_1920x1080_24_10bit.y4m,v12.0.0,-32.0285,-48.8667,-52.0467,-33.5964,-31.1515,-31.915,-35.405,-34.6826,-30.3652,-41.4025,-30.5004,-53.1987,-45.8284,-32.5383
RA,B1,SolLevanteFace_sdr_1920x1080_24_10bit.y4m,v13.0.0,-31.9104,-48.8847,-52.4835,-33.5078,-35.1743,-31.7963,-34.6924,-33.9579,-30.2477,-41.3476,-30.4062,-52.7988,-45.6869,-32.4232
RA,B1,SolLevanteFace_sdr_1920x1080_24_10bit.y4m,v14.0.0,-31.877,-48.7443,-52.4626,-33.47,-35.1551,-31.768,-34.6456,-33.9019,-30.2157,-41.3057,-30.3823,-52.669,-45.6846,-32.3938
RA,B1,SolLevanteFace_sdr_1920x1080_24_10bit.y4m,v15.0.0,-31.8595,-48.2388,-52.4485,-33.4346,-35.1116,-31.773,-34.5388,-33.8358,-30.2063,-41.2154,-30.3765,-52.5747,-45.6946,-32.3853
RA,B1,WITCHER3_1920x1080_60_8bit_420.y4m,v02.0.0,-0.6754,1.7824,-2.3075,-0.7196,-1.8412,-2.1032,-0.8828,-0.9101,-0.3136,2.5132,-0.7869,1.0239,-2.7934,-0.8053
RA,B1,WITCHER3_1920x1080_60_8bit_420.y4m,v03.0.0,-6.7466,0.007,-8.1313,-6.5636,-6.9515,-7.2532,-7.0235,-6.5111,-5.8586,-2.0512,-6.7427,-0.6804,-8.7633,-6.698
RA,B1,WITCHER3_1920x1080_60_8bit_420.y4m,v04.0.0,-13.1919,-12.852,-19.2203,-13.5378,-14.0123,-14.537,-13.8098,-12.9397,-12.4953,-10.6948,-13.1562,-13.7142,-19.8359,-13.3816
RA,B1,WITCHER3_1920x1080_60_8bit_420.y4m,v05.0.0,-14.9981,-17.6112,-22.0369,-15.5258,-15.036,-15.7271,-15.1298,-14.6653,-14.0502,-13.2953,-14.9747,-18.5875,-22.5827,-15.2892
RA,B1,WITCHER3_1920x1080_60_8bit_420.y4m,v06.0.0,-20.2891,-31.2315,-35.7291,-21.7843,-21.1589,-21.6535,-20.0341,-19.5015,-20.6076,-27.341,-19.9439,-31.6816,-36.7546,-20.7943
RA,B1,WITCHER3_1920x1080_60_8bit_420.y4m,v07.0.0,-21.1903,-36.9359,-44.9675,-23.5234,-21.8324,-22.3387,-21.1542,-20.526,-21.785,-32.2208,-20.8368,-37.4299,-45.895,-22.1015
RA,B1,WITCHER3_1920x1080_60_8bit_420.y4m,v08.0.0,-22.0251,-37.9907,-45.764,-24.3662,-22.6529,-23.2151,-21.9673,-21.3852,-22.622,-32.7776,-21.6752,-38.5232,-46.5794,-22.9339
RA,B1,WITCHER3_1920x1080_60_8bit_420.y4m,v09.0.0,-25.2791,-39.2395,-47.1657,-27.4122,-25.853,-26.2225,-27.182,-26.1262,-26.1323,-35.1695,-25.2115,-39.7688,-48.7565,-26.3863
RA,B1,WITCHER3_1920x1080_60_8bit_420.y4m,v10.0.0,-26.8527,-39.2134,-47.8338,-28.8188,-27.0706,-27.5736,-29.2404,-28.0538,-27.5429,-36.2031,-26.7829,-39.7806,-49.2312,-27.8784
RA,B1,WITCHER3_1920x1080_60_8bit_420.y4m,v11.0.0,-27.7534,-43.0176,-51.2112,-30.0713,-29.7249,-30.0676,-30.3615,-29.141,-29.4652,-39.6997,-27.6061,-43.4414,-52.585,-28.8579
RA,B1,WITCHER3_1920x1080_60_8bit_420.y4m,v12.0.0,-28.2978,-42.7038,-51.3525,-30.5416,-30.0097,-30.4424,-30.3737,-29.1463,-29.8333,-40.0001,-28.1768,-43.2028,-52.7303,-29.4007
RA,B1,WITCHER3_1920x1080_60_8bit_420.y4m,v13.0.0,-28.3744,-42.435,-51.7282,-30.618,-30.1308,-30.57,-30.985,-29.7397,-29.9948,-40.3166,-28.2699,-42.9236,-53.1516,-29.5
RA,B1,WITCHER3_1920x1080_60_8bit_420.y4m,v14.0.0,-28.193,-43.2389,-51.5753,-30.4888,-30.0042,-30.4435,-30.8513,-29.4959,-29.8508,-40.3843,-28.0933,-43.7115,-52.9671,-29.338
RA,B1,WITCHER3_1920x1080_60_8bit_420.y4m,v15.0.0,-28.1727,-43.1564,-51.6792,-30.4761,-29.9747,-30.4033,-30.8512,-29.4682,-29.8156,-40.3785,-28.0699,-43.6282,-53.0657,-29.3197
RA,B2,BigBuckBunnyStudio1_1920x1080_60fps_10bit_420_020_0149.y4m,v02.0.0,-1.7006,-5.1548,-5.2656,-2.0827,-1.7176,-1.9303,-2.6811,-2.6859,-2.3309,-6.3038,-1.7309,-5.1063,-5.2286,-2.1811
RA,B2,BigBuckBunnyStudio1_1920x1080_60fps_10bit_420_020_0149.y4m,v03.0.0,-7.8492,-7.9571,-8.9569,-7.917,-6.9233,-7.6273,-7.5527,-7.0335,-7.6123,-9.8604,-7.8399,-7.8899,-8.919,-7.9069
RA,B2,BigBuckBunnyStudio1_1920x1080_60fps_10bit_420_020_0149.y4m,v04.0.0,-13.818,-18.2292,-18.8289,-14.3354,-12.6378,-13.5983,-14.6675,-13.9041,-13.9053,-18.4107,-13.8073,-18.2037,-18.7919,-14.4797
RA,B2,BigBuckBunnyStudio1_1920x1080_60fps_10bit_420_020_0149.y4m,v05.0.0,-15.8602,-20.0168,-20.1986,-16.3263,-14.8005,-15.6777,-17.3635,-16.3394,-15.9584,-20.2284,-15.8443,-19.9825,-20.1577,-16.4568
RA,B2,BigBuckBunnyStudio1_1920x1080_60fps_10bit_420_020_0149.y4m,v06.0.0,-18.6966,-22.7109,-22.8608,-19.1458,-17.773,-18.8017,-21.3097,-20.5507,-18.9244,-23.0857,-18.688,-22.6869,-22.8449,-19.2864
RA,B2,BigBuckBunnyStudio1_1920x1080_60fps_10bit_420_020_0149.y4m,v07.0.0,-20.137,-23.7931,-24.0053,-20.5496,-18.7845,-20.0816,-21.7015,-21.5382,-20.2586,-24.22,-20.1437,-23.7998,-24.0145,-20.6986
RA,B2,BigBuckBunnyStudio1_1920x1080_60fps_10bit_420_020_0149.y4m,v08.0.0,-22.5106,-26.2654,-26.4818,-22.9348,-21.1711,-22.4423,-23.4094,-23.5323,-22.587,-26.9712,-22.5047,-26.2627,-26.4882,-23.0626
RA,B2,BigBuckBunnyStudio1_1920x1080_60fps_10bit_420_020_0149.y4m,v09.0.0,-23.5496,-25.3407,-26.0295,-23.7811,-23.9224,-24.862,-27.0849,-25.9009,-24.5252,-26.7019,-23.589,-25.394,-26.1075,-23.8971
RA,B2,BigBuckBunnyStudio1_1920x1080_60fps_10bit_420_020_0149.y4m,v10.0.0,-24.9761,-27.1578,-27.778,-25.2474,-24.6451,-25.8389,-28.5139,-27.1206,-25.3948,-30.1312,-24.9699,-27.1343,-27.7942,-25.3143
RA,B2,BigBuckBunnyStudio1_1920x1080_60fps_10bit_420_020_0149.y4m,v11.0.0,-24.6009,-26.6022,-27.7438,-24.8822,-25.4118,-26.4021,-29.3181,-27.4622,-25.9119,-29.1988,-24.6547,-26.6753,-27.8239,-25.0055
RA,B2,BigBuckBunnyStudio1_1920x1080_60fps_10bit_420_020_0149.y4m,v12.0.0,-24.9015,-26.8125,-27.5497,-25.1504,-25.48,-26.5341,-29.8113,-28.0477,-26.085,-29.8291,-24.9552,-26.8708,-27.6357,-25.263
RA,B2,BigBuckBunnyStudio1_1920x1080_60fps_10bit_420_020_0149.y4m,v13.0.0,-24.9911,-26.7565,-27.4523,-25.2222,-29.0654,-26.7229,-28.5968,-27.3346,-26.1289,-28.8238,-25.0442,-26.8225,-27.5273,-25.3314
RA,B2,BigBuckBunnyStudio1_1920x1080_60fps_10bit_420_020_0149.y4m,v14.0.0,-24.8128,-26.636,-27.3405,-25.0506,-28.9044,-26.5531,-28.3514,-27.0746,-25.9942,-28.7055,-24.8621,-26.6931,-27.4174,-25.1565
RA,B2,BigBuckBunnyStudio1_1920x1080_60fps_10bit_420_020_0149.y4m,v15.0.0,-24.8157,-26.6645,-27.3385,-25.0545,-28.937,-26.5345,-28.3475,-27.0466,-25.9884,-28.7048,-24.8654,-26.725,-27.417,-25.1617
RA,B2,Debugging_1920x1080_30fps_8bit_420.y4m,v02.0.0,3.2788,-0.3531,2.0573,3.0567,1.9394,2.1808,2.3744,1.8197,1.1445,-1.6862,3.1998,-0.3587,2.0692,2.7726
RA,B2,Debugging_1920x1080_30fps_8bit_420.y4m,v03.0.0,-8.5245,-10.0678,-9.2047,-8.63,-10.1996,-9.7614,-11.368,-9.669,-9.8397,-13.5427,-8.593,-10.0855,-9.1616,-8.8502
RA,B2,Debugging_1920x1080_30fps_8bit_420.y4m,v04.0.0,-24.4601,-36.8724,-32.4788,-25.4407,-25.7726,-25.7175,-25.7465,-24.0491,-26.2505,-32.3511,-24.5607,-36.7454,-32.3906,-26.4452
RA,B2,Debugging_1920x1080_30fps_8bit_420.y4m,v05.0.0,-26.8472,-38.9693,-34.4838,-27.7966,-27.954,-27.9762,-28.7406,-26.536,-28.5571,-34.4718,-26.9593,-38.8696,-34.3719,-28.8207
RA,B2,Debugging_1920x1080_30fps_8bit_420.y4m,v06.0.0,-32.1912,-45.2541,-39.599,-33.1802,-33.7924,-33.6423,-33.5545,-32.1067,-34.6449,-41.5199,-32.34,-45.196,-39.5292,-34.2555
RA,B2,Debugging_1920x1080_30fps_8bit_420.y4m,v07.0.0,-35.2984,-47.8176,-42.393,-36.2503,-36.8047,-36.7951,-35.077,-34.0157,-37.6164,-44.0882,-35.4173,-47.7686,-42.3246,-37.2848
RA,B2,Debugging_1920x1080_30fps_8bit_420.y4m,v08.0.0,-41.7945,-52.9989,-48.0204,-42.6346,-43.486,-43.3549,-40.6211,-39.725,-43.8305,-49.0482,-41.9226,-52.9486,-47.9562,-43.4241
RA,B2,Debugging_1920x1080_30fps_8bit_420.y4m,v09.0.0,-41.4724,-53.0007,-47.5997,-42.3218,-43.0431,-42.8145,-40.2148,-39.1109,-43.4638,-49.6998,-41.6213,-52.9474,-47.5455,-43.1128
RA,B2,Debugging_1920x1080_30fps_8bit_420.y4m,v10.0.0,-41.3436,-53.3323,-47.9684,-42.248,-42.4457,-42.3136,-40.6215,-39.4321,-43.082,-49.6951,-41.4807,-53.236,-47.9004,-43.1157
RA,B2,Debugging_1920x1080_30fps_8bit_420.y4m,v11.0.0,-41.8384,-52.5136,-47.4093,-42.6189,-43.28,-43.0563,-42.4904,-41.0139,-43.703,-50.0113,-41.9904,-52.4353,-47.3421,-43.4284
RA,B2,Debugging_1920x1080_30fps_8bit_420.y4m,v12.0.0,-42.1177,-52.7452,-47.8733,-42.9045,-43.0231,-43.0881,-41.6218,-40.6077,-43.866,-50.0417,-42.267,-52.6785,-47.8154,-43.705
RA,B2,Debugging_1920x1080_30fps_8bit_420.y4m,v13.0.0,-42.4494,-52.508,-47.8588,-43.1918,-44.3723,-43.4917,-42.5818,-41.1113,-44.1452,-50.0447,-42.5943,-52.4496,-47.8098,-43.9815
RA,B2,Debugging_1920x1080_30fps_8bit_420.y4m,v14.0.0,-42.3533,-52.4108,-47.7643,-43.0957,-44.2216,-43.3081,-42.2364,-40.7453,-43.9532,-49.7708,-42.4988,-52.3533,-47.7182,-43.871
RA,B2,Debugging_1920x1080_30fps_8bit_420.y4m,v15.0.0,-42.3675,-52.4262,-47.8134,-43.1119,-44.2268,-43.3343,-42.3369,-40.8059,-43.9497,-49.8226,-42.5134,-52.3566,-47.7689,-43.8995
RA,B2,MissionControlClip1_1920x1080_60fps_10bit_420_0450_0579.y4m,v02.0.0,0.2819,-7.8345,-8.0395,-0.5987,-0.4576,-0.5192,0.2678,0.4269,-1.3447,-7.2824,0.1146,-7.7548,-7.9054,-0.6367
RA,B2,MissionControlClip1_1920x1080_60fps_10bit_420_0450_0579.y4m,v03.0.0,-7.9966,-13.2059,-13.2898,-8.5521,-7.4669,-8.0827,-8.2454,-7.5063,-8.6687,-13.5237,-8.2482,-13.2287,-13.2534,-8.7226
RA,B2,MissionControlClip1_1920x1080_60fps_10bit_420_0450_0579.y4m,v04.0.0,-19.7238,-28.5506,-28.4036,-20.6689,-19.7118,-20.103,-23.6567,-22.3273,-20.8518,-27.857,-20.8095,-28.7122,-28.5304,-21.626
RA,B2,MissionControlClip1_1920x1080_60fps_10bit_420_0450_0579.y4m,v05.0.0,-20.9944,-30.7721,-31.5732,-22.1004,-20.7193,-21.1858,-24.9979,-23.8824,-22.0751,-29.2168,-22.0691,-31.1761,-31.7829,-23.0498
RA,B2,MissionControlClip1_1920x1080_60fps_10bit_420_0450_0579.y4m,v06.0.0,-24.0579,-34.6532,-34.131,-25.1907,-23.0874,-23.763,-28.7633,-27.8561,-24.9408,-32.8278,-25.2969,-35.1678,-34.387,-26.3286
RA,B2,MissionControlClip1_1920x1080_60fps_10bit_420_0450_0579.y4m,v07.0.0,-24.2191,-35.6263,-35.9171,-25.4902,-24.2398,-24.7519,-29.282,-28.3837,-25.7588,-33.984,-25.2881,-36.0957,-36.2587,-26.4278
RA,B2,MissionControlClip1_1920x1080_60fps_10bit_420_0450_0579.y4m,v08.0.0,-29.1957,-39.664,-40.1644,-30.3707,-28.6989,-29.3098,-35.2168,-34.2275,-30.6677,-38.2834,-30.4181,-40.1309,-40.5207,-31.4693
RA,B2,MissionControlClip1_1920x1080_60fps_10bit_420_0450_0579.y4m,v09.0.0,-31.7404,-40.3105,-40.3322,-32.6716,-31.5326,-32.0042,-39.3937,-38.2581,-33.567,-39.7905,-33.5356,-40.9949,-40.8054,-34.328
RA,B2,MissionControlClip1_1920x1080_60fps_10bit_420_0450_0579.y4m,v10.0.0,-28.9493,-39.0207,-39.5906,-30.0788,-29.0525,-29.5726,-35.9671,-34.4038,-30.6856,-38.293,-30.1233,-39.5495,-40.0025,-31.096
RA,B2,MissionControlClip1_1920x1080_60fps_10bit_420_0450_0579.y4m,v11.0.0,-32.3278,-41.5597,-42.1226,-33.3642,-32.201,-32.7079,-39.8755,-38.6659,-34.1142,-41.5741,-34.4349,-42.4543,-42.7069,-35.272
RA,B2,MissionControlClip1_1920x1080_60fps_10bit_420_0450_0579.y4m,v12.0.0,-32.4489,-41.5614,-42.0385,-33.4643,-32.1573,-32.6867,-40.3966,-38.8499,-34.1712,-41.7118,-34.5231,-42.4271,-42.5968,-35.3303
RA,B2,MissionControlClip1_1920x1080_60fps_10bit_420_0450_0579.y4m,v13.0.0,-32.9775,-42.0327,-42.2078,-33.9722,-33.976,-33.2146,-41.2719,-39.7424,-34.7982,-41.7503,-35.0779,-42.8765,-42.7549,-35.8742
RA,B2,MissionControlClip1_1920x1080_60fps_10bit_420_0450_0579.y4m,v14.0.0,-32.8441,-42.0391,-42.2221,-33.855,-33.8802,-33.0879,-41.2258,-39.6667,-34.6446,-41.7015,-34.9422,-42.8843,-42.8025,-35.7559
RA,B2,MissionControlClip1_1920x1080_60fps_10bit_420_0450_0579.y4m,v15.0.0,-32.8466,-42.0537,-42.1426,-33.8535,-33.8814,-33.1068,-41.2207,-39.6368,-34.639,-41.6391,-34.9414,-42.9046,-42.7187,-35.7525
RA,B2,MobileDeviceScreenSharing.y4m,v02.0.0,0.0,-15.6751,-9.6289,0.0,0.0,0.0,0.0,0.0,0.0,-7.8673,0.0,-13.4551,-10.0669,0.0
RA,B2,MobileDeviceScreenSharing.y4m,v03.0.0,-11.9042,-28.3922,-24.9134,-13.2319,-9.8602,-10.3197,-10.3938,-8.7298,-11.541,-20.3258,-11.9032,-27.0971,-24.8048,-12.4015
RA,B2,MobileDeviceScreenSharing.y4m,v04.0.0,-25.9921,-39.0902,-43.0349,-27.2917,-24.1608,-24.7743,-24.1979,-22.1074,-26.3788,-34.9947,-25.9937,-37.4524,-41.5258,-26.455
RA,B2,MobileDeviceScreenSharing.y4m,v05.0.0,-29.4153,-42.7828,-46.3065,-30.7326,-27.9882,-28.4938,-27.7031,-25.5905,-29.9904,-37.7884,-29.4223,-41.3294,-44.7692,-29.908
RA,B2,MobileDeviceScreenSharing.y4m,v06.0.0,-34.7613,-47.0456,-53.2767,-36.1945,-35.1189,-34.9668,-36.9077,-35.0016,-37.2042,-45.7709,-34.7667,-46.3757,-52.356,-35.3956
RA,B2,MobileDeviceScreenSharing.y4m,v07.0.0,-37.4356,-48.9978,-56.2957,-38.8812,-38.2059,-38.0635,-39.7385,-37.8447,-39.7779,-46.7921,-37.4316,-49.1074,-55.5769,-38.0909
RA,B2,MobileDeviceScreenSharing.y4m,v08.0.0,-40.3663,-51.6636,-56.3678,-41.6448,-40.9065,-40.7675,-41.9225,-40.1047,-42.1942,-49.2716,-40.3647,-51.9901,-55.9523,-40.9621
RA,B2,MobileDeviceScreenSharing.y4m,v09.0.0,-42.8356,-54.0746,-58.3847,-44.0705,-44.1092,-43.7374,-45.7045,-44.1232,-45.5102,-51.6198,-42.8359,-54.1699,-57.0579,-43.4748
RA,B2,MobileDeviceScreenSharing.y4m,v10.0.0,-43.2138,-56.456,-61.1947,-44.6775,-42.8428,-42.9344,-46.3447,-44.5253,-45.1177,-51.8037,-43.2326,-56.7048,-60.3479,-43.9703
RA,B2,MobileDeviceScreenSharing.y4m,v11.0.0,-42.9439,-55.1953,-55.8558,-44.1742,-42.5404,-42.6515,-45.5504,-43.8188,-44.583,-51.0343,-42.9583,-54.9401,-56.1658,-43.6746
RA,B2,MobileDeviceScreenSharing.y4m,v12.0.0,-43.5703,-55.2768,-59.1462,-44.8355,-43.4629,-43.5145,-46.635,-44.7987,-45.3612,-51.8973,-43.5813,-55.3317,-58.867,-44.2609
RA,B2,MobileDeviceScreenSharing.y4m,v13.0.0,-43.9977,-56.0622,-58.0791,-45.201,-44.7517,-43.8504,-47.7113,-45.877,-45.7933,-51.7054,-44.006,-55.9643,-57.3394,-44.6699
RA,B2,MobileDeviceScreenSharing.y4m,v14.0.0,-43.6642,-55.7377,-57.85,-44.8708,-44.3847,-43.355,-47.1295,-45.2616,-45.345,-51.3489,-43.6708,-55.6213,-57.0093,-44.3268
RA,B2,MobileDeviceScreenSharing.y4m,v15.0.0,-43.6702,-55.6529,-57.8704,-44.8737,-44.3551,-43.3608,-47.117,-45.2642,-45.3541,-51.3555,-43.6766,-55.5612,-57.0223,-44.3314
RA,B2,SceneComposition_2.y4m,v02.0.0,-2.9567,-24.9282,-28.9739,-5.7866,-3.1203,-2.9826,1.1833,1.3982,-5.6586,-16.6377,-2.9631,-24.613,-28.059,-6.1367
RA,B2,SceneComposition_2.y4m,v03.0.0,-13.6487,-23.2123,-35.3567,-15.5212,-13.5506,-13.6184,-13.9203,-12.5526,-15.3857,-22.5659,-13.6606,-23.4252,-34.5336,-15.9442
RA,B2,SceneComposition_2.y4m,v04.0.0,-23.343,-39.938,-47.2533,-25.8847,-24.1017,-24.4476,-24.9807,-23.4185,-26.226,-38.496,-23.3466,-39.7703,-45.7965,-26.3754
RA,B2,SceneComposition_2.y4m,v05.0.0,-25.5258,-41.8546,-49.4209,-28.0603,-27.1349,-27.2353,-27.9349,-26.7436,-28.921,-41.4705,-25.524,-41.8095,-48.2768,-28.5982
RA,B2,SceneComposition_2.y4m,v06.0.0,-28.7091,-49.1758,-54.7852,-31.8096,-30.7027,-30.7112,-31.9394,-30.9501,-32.5775,-46.5852,-28.7008,-49.3848,-55.0806,-32.4835
RA,B2,SceneComposition_2.y4m,v07.0.0,-29.7025,-50.9392,-56.6788,-32.9329,-32.4305,-32.4087,-33.0525,-32.228,-34.1806,-48.3059,-29.7038,-51.1751,-56.8189,-33.5694
RA,B2,SceneComposition_2.y4m,v08.0.0,-36.7371,-56.1527,-61.0131,-39.6366,-39.6679,-39.5997,-41.5506,-40.4455,-41.2638,-53.8772,-36.741,-56.3321,-61.2574,-40.2294
RA,B2,SceneComposition_2.y4m,v09.0.0,-38.2096,-57.5807,-62.3521,-41.0932,-41.36,-41.4034,-42.5685,-41.4817,-43.1096,-55.2799,-38.2248,-57.7847,-62.7129,-41.6762
RA,B2,SceneComposition_2.y4m,v10.0.0,-38.5978,-57.6125,-62.3973,-41.4439,-41.1526,-41.1157,-44.0384,-42.2449,-42.864,-54.1881,-38.6039,-57.7963,-62.6542,-42.0032
RA,B2,SceneComposition_2.y4m,v11.0.0,-40.0565,-58.8716,-63.7131,-42.8358,-42.7629,-42.7394,-46.2431,-44.8257,-44.4816,-55.9433,-40.0804,-59.0232,-64.0054,-43.382
RA,B2,SceneComposition_2.y4m,v12.0.0,-40.5421,-58.7249,-63.2538,-43.1914,-42.5807,-43.0942,-45.6934,-44.4503,-44.6965,-55.6552,-40.5674,-58.862,-63.4644,-43.7364
RA,B2,SceneComposition_2.y4m,v13.0.0,-40.5911,-58.8046,-63.569,-43.2626,-43.6297,-43.1659,-45.7098,-44.626,-44.7837,-55.8441,-40.6156,-58.974,-63.8331,-43.8073
RA,B2,SceneComposition_2.y4m,v14.0.0,-40.2809,-58.6791,-63.3974,-42.969,-43.261,-42.8163,-45.3506,-44.2041,-44.5794,-55.6288,-40.3039,-58.8502,-63.6525,-43.501
RA,B2,SceneComposition_2.y4m,v15.0.0,-40.2515,-58.6057,-63.307,-42.9324,-43.2344,-42.7836,-45.3289,-44.1837,-44.5297,-55.5727,-40.2744,-58.7778,-63.5533,-43.4661
RA,B2,Slides1_1920x1080_30fps_8bit_420.y4m,v02.0.0,-0.9899,-11.5035,-9.8602,-2.0508,-2.1263,-2.0298,-2.8138,-1.9271,-2.289,-7.4136,-1.0153,-8.619,-9.7145,-3.1827
RA,B2,Slides1_1920x1080_30fps_8bit_420.y4m,v03.0.0,-11.7683,-17.982,-15.086,-12.2872,-12.7908,-12.6486,-12.9347,-11.9987,-11.9635,-12.251,-11.8566,-18.5052,-18.6952,-13.6357
RA,B2,Slides1_1920x1080_30fps_8bit_420.y4m,v04.0.0,-31.5215,-39.312,-39.0119,-32.3885,-31.1571,-31.5621,-30.6558,-30.0477,-30.682,-30.0245,-32.1597,-42.7629,-44.3588,-35.1109
RA,B2,Slides1_1920x1080_30fps_8bit_420.y4m,v05.0.0,-35.2337,-49.8714,-49.1006,-36.8942,-35.435,-35.8261,-33.0854,-32.874,-35.724,-41.3314,-35.7373,-56.6506,-55.5799,-41.0619
RA,B2,Slides1_1920x1080_30fps_8bit_420.y4m,v06.0.0,-42.4923,-56.8731,-56.1284,-44.1683,-45.153,-45.2903,-43.2172,-43.7273,-43.9465,-48.6305,-42.6536,-62.3379,-61.4778,-47.7278
RA,B2,Slides1_1920x1080_30fps_8bit_420.y4m,v07.0.0,-44.5317,-59.1019,-58.4335,-46.2382,-47.5058,-47.5687,-45.223,-45.8575,-46.2748,-49.3247,-44.6864,-64.0731,-63.5083,-49.7115
RA,B2,Slides1_1920x1080_30fps_8bit_420.y4m,v08.0.0,-49.2746,-62.5565,-61.201,-50.7716,-51.9424,-51.9884,-48.8109,-49.8417,-50.8909,-54.3105,-49.2028,-66.5395,-66.2025,-53.6428
RA,B2,Slides1_1920x1080_30fps_8bit_420.y4m,v09.0.0,-51.1729,-63.5326,-63.459,-52.6666,-54.1109,-54.127,-52.1309,-52.6084,-53.2636,-55.703,-50.9937,-67.7524,-68.0235,-55.3037
RA,B2,Slides1_1920x1080_30fps_8bit_420.y4m,v10.0.0,-52.1742,-63.6304,-63.6442,-53.5241,-53.8804,-54.0255,-53.4463,-53.2278,-53.3683,-57.0217,-52.0892,-68.02,-67.703,-56.1678
RA,B2,Slides1_1920x1080_30fps_8bit_420.y4m,v11.0.0,-52.2455,-64.5876,-63.2341,-53.7149,-54.4461,-54.5352,-54.5068,-54.4063,-53.6942,-58.0595,-52.0153,-66.8477,-66.3579,-55.8169
RA,B2,Slides1_1920x1080_30fps_8bit_420.y4m,v12.0.0,-52.5129,-63.444,-62.2968,-53.8014,-54.8133,-55.0005,-55.1137,-54.705,-53.8379,-58.0422,-52.2101,-64.8541,-65.8014,-55.6065
RA,B2,Slides1_1920x1080_30fps_8bit_420.y4m,v13.0.0,-52.6373,-63.4936,-62.1246,-53.841,-55.5937,-55.0499,-55.0404,-54.9415,-53.7701,-57.1296,-52.4205,-64.8296,-65.9535,-55.7757
RA,B2,Slides1_1920x1080_30fps_8bit_420.y4m,v14.0.0,-52.491,-63.6959,-62.2168,-53.7691,-55.2981,-54.5157,-54.3197,-54.3796,-53.7386,-57.698,-52.2847,-64.6404,-65.8567,-55.6376
RA,B2,Slides1_1920x1080_30fps_8bit_420.y4m,v15.0.0,-52.4989,-63.6447,-62.2788,-53.7766,-55.3188,-54.5298,-54.2723,-54.3355,-53.7282,-57.6221,-52.309,-64.662,-65.9177,-55.6655
RA,B2,Slides2r_1920x1080_30fps_8bit_420.y4m,v02.0.0,-1.0324,-13.0,-10.4755,-2.1221,-1.5196,-1.9312,0.2883,0.1475,-1.9215,-5.0491,-0.5142,-5.1621,-4.8974,-1.2873
RA,B2,Slides2r_1920x1080_30fps_8bit_420.y4m,v03.0.0,-10.7893,-20.2926,-17.946,-11.6397,-11.5918,-11.7816,-13.695,-11.7847,-11.2391,-7.7501,-10.1964,-12.9361,-11.588,-10.597
RA,B2,Slides2r_1920x1080_30fps_8bit_420.y4m,v04.0.0,-17.7191,-30.2355,-28.359,-18.9359,-20.0328,-20.6353,-20.7856,-18.7714,-19.2313,-24.6525,-16.8755,-22.0522,-22.4131,-17.8995
RA,B2,Slides2r_1920x1080_30fps_8bit_420.y4m,v05.0.0,-21.1316,-34.086,-32.7031,-22.4168,-23.5188,-24.1339,-22.7728,-21.3055,-22.9674,-28.4758,-20.4222,-25.95,-26.0573,-21.5029
RA,B2,Slides2r_1920x1080_30fps_8bit_420.y4m,v06.0.0,-26.1184,-37.4173,-36.3788,-27.2895,-28.3148,-29.0298,-28.4661,-28.2992,-27.9191,-35.2086,-24.4967,-28.644,-29.2516,-25.3164
RA,B2,Slides2r_1920x1080_30fps_8bit_420.y4m,v07.0.0,-26.9473,-37.5522,-36.2128,-28.0299,-29.8669,-30.5856,-29.2579,-28.8901,-29.1613,-34.9519,-25.2416,-28.8477,-29.3642,-25.9478
RA,B2,Slides2r_1920x1080_30fps_8bit_420.y4m,v08.0.0,-31.3403,-40.9476,-40.1672,-32.3576,-34.0755,-34.9152,-33.2689,-33.1235,-33.1907,-38.845,-29.7196,-33.1091,-33.8453,-30.4009
RA,B2,Slides2r_1920x1080_30fps_8bit_420.y4m,v09.0.0,-32.7064,-41.7371,-40.5911,-33.6325,-36.9211,-37.5865,-35.5065,-35.4338,-35.4196,-39.7963,-31.5812,-33.4361,-34.01,-31.9323
RA,B2,Slides2r_1920x1080_30fps_8bit_420.y4m,v10.0.0,-32.5836,-42.8252,-41.7236,-33.6438,-35.5037,-36.0726,-35.9139,-35.3407,-34.4878,-40.2665,-31.2643,-33.7877,-34.4152,-31.7399
RA,B2,Slides2r_1920x1080_30fps_8bit_420.y4m,v11.0.0,-33.725,-43.6326,-42.5439,-34.7482,-37.3999,-37.9221,-38.2564,-37.4776,-35.9315,-39.9198,-33.1059,-35.7535,-36.1344,-33.5812
RA,B2,Slides2r_1920x1080_30fps_8bit_420.y4m,v12.0.0,-34.0896,-43.7319,-42.6379,-35.0934,-37.8688,-38.4283,-38.6888,-37.7591,-36.2168,-40.9291,-33.3849,-35.7326,-36.3427,-33.8275
RA,B2,Slides2r_1920x1080_30fps_8bit_420.y4m,v13.0.0,-34.1821,-42.9651,-41.4972,-35.0605,-39.5297,-38.528,-38.2139,-37.4458,-36.1226,-35.8619,-33.3815,-35.8521,-36.0617,-33.8221
RA,B2,Slides2r_1920x1080_30fps_8bit_420.y4m,v14.0.0,-34.0864,-42.9073,-41.473,-34.9709,-39.2406,-38.2358,-37.9137,-37.2069,-35.924,-35.9846,-33.2647,-35.6127,-35.9337,-33.6899
RA,B2,Slides2r_1920x1080_30fps_8bit_420.y4m,v15.0.0,-34.086,-42.8217,-41.83,-34.9846,-39.3633,-38.3612,-38.2166,-37.4149,-36.0174,-36.1773,-33.3085,-35.6901,-36.1493,-33.7525
RA,B2,Spreadsheet_1920x1080_30fps_8bit_420_130f.y4m,v02.0.0,7.382,-8.734,-8.981,5.6729,7.9468,8.3893,-3.8827,-3.7232,7.2705,-8.467,0.0,-7.2004,-7.5257,24.902
RA,B2,Spreadsheet_1920x1080_30fps_8bit_420_130f.y4m,v03.0.0,-12.3676,-22.165,-21.7306,-13.3505,-11.2001,-11.7751,-14.6832,-12.789,-12.973,-21.8973,-12.4183,-21.8973,-22.0438,-13.4785
RA,B2,Spreadsheet_1920x1080_30fps_8bit_420_130f.y4m,v04.0.0,-25.0227,-40.0396,-41.0369,-26.702,-24.9236,-25.4848,-27.7162,-25.8893,-26.58,-37.3428,-25.0108,-39.8384,-41.0631,-26.749
RA,B2,Spreadsheet_1920x1080_30fps_8bit_420_130f.y4m,v05.0.0,-28.1926,-45.8315,-45.6386,-30.2184,-28.1699,-28.6781,-30.3452,-28.7265,-29.9819,-41.5988,-28.2087,-45.898,-45.8944,-30.3071
RA,B2,Spreadsheet_1920x1080_30fps_8bit_420_130f.y4m,v06.0.0,-32.3725,-49.8561,-51.958,-34.5349,-33.6004,-34.1474,-35.708,-33.8443,-34.9683,-46.5599,-32.3992,-49.9362,-52.2816,-34.5711
RA,B2,Spreadsheet_1920x1080_30fps_8bit_420_130f.y4m,v07.0.0,-33.5434,-50.8142,-53.1428,-35.7096,-35.1064,-35.4179,-36.4757,-35.0255,-36.676,-47.1408,-33.5878,-50.8354,-53.4445,-35.775
RA,B2,Spreadsheet_1920x1080_30fps_8bit_420_130f.y4m,v08.0.0,-40.0544,-56.0045,-57.8736,-42.0111,-42.8544,-43.2402,-42.3408,-41.0488,-43.2998,-52.1679,-40.1017,-56.0321,-58.1864,-42.0509
RA,B2,Spreadsheet_1920x1080_30fps_8bit_420_130f.y4m,v09.0.0,-43.9399,-58.6806,-60.3879,-45.7462,-45.9666,-46.4646,-45.8963,-44.4982,-47.0743,-55.4403,-43.9888,-58.838,-60.7497,-45.8189
RA,B2,Spreadsheet_1920x1080_30fps_8bit_420_130f.y4m,v10.0.0,-44.6333,-59.8209,-60.9543,-46.479,-45.8873,-46.334,-47.0822,-45.7209,-46.969,-57.0553,-44.603,-59.8374,-61.179,-46.4755
RA,B2,Spreadsheet_1920x1080_30fps_8bit_420_130f.y4m,v11.0.0,-45.4127,-59.3851,-60.4605,-47.0685,-46.5532,-46.9266,-47.9558,-46.4881,-47.5259,-56.652,-45.4561,-59.3378,-60.6875,-47.1444
RA,B2,Spreadsheet_1920x1080_30fps_8bit_420_130f.y4m,v12.0.0,-45.5377,-58.4235,-60.3593,-47.1007,-46.8771,-47.3012,-48.2909,-46.8229,-47.7251,-56.4928,-45.5899,-58.3056,-60.5531,-47.1892
RA,B2,Spreadsheet_1920x1080_30fps_8bit_420_130f.y4m,v13.0.0,-45.7326,-58.7413,-59.9336,-47.263,-48.7053,-47.0978,-48.6089,-46.9235,-47.7943,-56.0707,-45.7808,-58.6243,-60.1374,-47.352
RA,B2,Spreadsheet_1920x1080_30fps_8bit_420_130f.y4m,v14.0.0,-45.6293,-58.5581,-60.03,-47.1681,-48.3756,-46.8948,-48.2607,-46.6022,-47.5786,-56.1072,-45.6556,-58.4776,-60.2369,-47.2365
RA,B2,Spreadsheet_1920x1080_30fps_8bit_420_130f.y4m,v15.0.0,-45.4876,-58.3265,-59.8892,-47.0227,-48.3364,-46.9184,-48.2777,-46.5841,-47.4711,-55.9518,-45.5216,-58.2263,-60.0629,-47.0975
RA,B2,Wikipedia_1920x1080p30.y4m,v02.0.0,-2.1702,-13.6159,-14.3966,-3.3109,-4.36,-4.5641,-6.4757,-6.5913,-4.312,-9.5616,-2.1467,-13.5331,-14.5071,-3.6079
RA,B2,Wikipedia_1920x1080p30.y4m,v03.0.0,-12.9817,-22.3458,-22.8872,-13.9073,-13.5762,-13.8253,-13.5048,-12.5334,-13.4309,-18.6074,-12.9331,-22.5589,-23.0307,-14.1896
RA,B2,Wikipedia_1920x1080p30.y4m,v04.0.0,-22.8692,-34.6672,-36.3941,-24.1413,-23.5981,-23.7689,-24.2193,-23.4458,-24.3046,-30.4386,-22.8674,-34.5785,-36.3953,-24.6244
RA,B2,Wikipedia_1920x1080p30.y4m,v05.0.0,-24.5794,-36.4936,-37.526,-25.8382,-25.7227,-25.9476,-25.6988,-25.0414,-25.9636,-32.184,-24.5749,-36.4071,-37.5207,-26.3509
RA,B2,Wikipedia_1920x1080p30.y4m,v06.0.0,-27.9047,-43.4552,-43.4162,-29.5715,-29.8256,-29.7064,-29.896,-29.3,-29.5564,-37.471,-27.8865,-43.7776,-43.6857,-30.2498
RA,B2,Wikipedia_1920x1080p30.y4m,v07.0.0,-30.0456,-45.3517,-45.7293,-31.7057,-32.0762,-32.013,-31.0529,-30.5701,-31.7675,-39.4772,-30.0072,-45.6807,-45.9281,-32.3248
RA,B2,Wikipedia_1920x1080p30.y4m,v08.0.0,-34.5358,-48.6762,-49.5872,-36.0961,-36.4762,-36.4712,-34.8709,-34.5019,-36.0468,-43.7257,-34.4996,-49.1281,-49.7494,-36.6473
RA,B2,Wikipedia_1920x1080p30.y4m,v09.0.0,-35.0159,-48.7499,-49.1275,-36.4962,-36.9669,-36.8697,-35.5282,-35.4163,-36.5449,-44.1472,-35.0149,-49.2786,-49.4004,-37.0699
RA,B2,Wikipedia_1920x1080p30.y4m,v10.0.0,-35.5483,-49.9371,-50.4774,-37.1359,-37.3425,-37.3446,-36.5578,-35.633,-37.0993,-44.6463,-35.5353,-50.4288,-50.608,-37.7093
RA,B2,Wikipedia_1920x1080p30.y4m,v11.0.0,-36.4746,-50.2401,-50.5433,-37.9549,-37.6483,-37.8995,-38.8072,-37.5046,-37.9258,-45.3174,-36.4861,-50.6485,-50.6534,-38.5194
RA,B2,Wikipedia_1920x1080p30.y4m,v12.0.0,-36.9611,-50.0616,-50.9956,-38.3919,-38.1483,-38.3094,-39.3964,-38.5285,-38.6015,-46.3463,-36.9714,-50.3704,-51.0326,-38.9228
RA,B2,Wikipedia_1920x1080p30.y4m,v13.0.0,-37.2644,-50.5279,-50.747,-38.6738,-38.8522,-38.3425,-39.6233,-38.443,-38.5891,-46.1794,-37.2548,-50.8081,-50.8346,-39.1759
RA,B2,Wikipedia_1920x1080p30.y4m,v14.0.0,-36.8332,-50.0503,-50.5228,-38.2465,-38.4392,-37.9845,-39.1934,-38.0912,-38.2585,-45.843,-36.8218,-50.3806,-50.5328,-38.7454
RA,B2,Wikipedia_1920x1080p30.y4m,v15.0.0,-36.8434,-50.0376,-50.5254,-38.2557,-38.4415,-37.9856,-39.1992,-38.0954,-38.2717,-45.8438,-36.832,-50.357,-50.5356,-38.7531
RA,E,Artistic_Concert_1920x1080_25fps.y4m,v02.0.0,-1.6562,-3.22,-4.611,-1.9132,-1.155,-1.2571,-2.5826,-2.4347,-1.304,-2.3507,-1.8395,-3.2389,-4.139,-1.9211
RA,E,Artistic_Concert_1920x1080_25fps.y4m,v03.0.0,-6.182,-6.0413,-11.9671,-6.5175,-4.8171,-5.0646,-7.392,-7.216,-5.4772,-6.0457,-6.3936,-6.7844,-11.4165,-6.5158
RA,E,Artistic_Concert_1920x1080_25fps.y4m,v04.0.0,-10.035,-19.1609,-19.3415,-11.1082,-7.8289,-8.2618,-13.1655,-12.5038,-8.9196,-11.8219,-10.2949,-18.7483,-18.698,-10.6489
RA,E,Artistic_Concert_1920x1080_25fps.y4m,v05.0.0,-11.2752,-21.2825,-21.7322,-12.4673,-8.8795,-9.4033,-13.5974,-13.1279,-10.1384,-13.5963,-11.5341,-20.6552,-21.2052,-11.9329
RA,E,Artistic_Concert_1920x1080_25fps.y4m,v06.0.0,-12.6417,-28.6641,-28.9934,-14.5728,-10.1062,-10.6542,-16.3333,-15.7401,-11.6429,-16.9616,-12.8636,-27.9563,-28.4264,-13.4983
RA,E,Artistic_Concert_1920x1080_25fps.y4m,v07.0.0,-13.676,-42.8231,-39.366,-17.1291,-10.8448,-11.4406,-17.7055,-17.0279,-12.8665,-21.8201,-13.9067,-40.4995,-38.422,-14.9969
RA,E,Artistic_Concert_1920x1080_25fps.y4m,v08.0.0,-14.3374,-41.6155,-40.5474,-17.6954,-11.5899,-12.1739,-18.403,-17.6093,-13.4244,-21.9846,-14.5687,-39.4192,-39.4885,-15.6316
RA,E,Artistic_Concert_1920x1080_25fps.y4m,v09.0.0,-15.93,-40.7462,-39.3771,-18.9426,-12.8417,-13.4129,-20.4174,-19.6259,-15.0212,-23.0719,-16.2866,-39.5154,-38.6808,-17.2719
RA,E,Artistic_Concert_1920x1080_25fps.y4m,v10.0.0,-17.7001,-41.9464,-39.6449,-20.5663,-14.3561,-14.9624,-24.609,-23.1112,-16.4773,-24.2668,-18.0902,-40.4602,-39.0096,-19.02
RA,E,Artistic_Concert_1920x1080_25fps.y4m,v11.0.0,-18.0379,-43.8147,-41.0043,-21.0764,-14.9133,-15.3826,-24.6749,-23.4133,-16.9427,-25.0465,-18.1115,-41.9381,-40.239,-19.0885
RA,E,Artistic_Concert_1920x1080_25fps.y4m,v12.0.0,-18.0116,-43.2632,-41.7068,-21.066,-14.6029,-15.1713,-24.6266,-23.3563,-16.859,-25.1168,-18.0583,-41.3098,-40.8692,-19.0446
RA,E,Artistic_Concert_1920x1080_25fps.y4m,v13.0.0,-17.9771,-41.3827,-39.6508,-20.7616,-17.1454,-15.2161,-24.777,-23.4397,-16.7988,-24.1012,-18.0361,-39.8386,-38.9825,-18.9558
RA,E,Artistic_Concert_1920x1080_25fps.y4m,v14.0.0,-17.9024,-41.7025,-39.2313,-20.6897,-17.0974,-15.137,-24.5992,-23.2917,-16.7212,-23.9209,-17.9612,-40.0547,-38.6495,-18.8718
RA,E,Artistic_Concert_1920x1080_25fps.y4m,v15.0.0,-17.8978,-41.7423,-39.1848,-20.6854,-17.0901,-15.1307,-24.5772,-23.2691,-16.7124,-23.9214,-17.9546,-40.0839,-38.6078,-18.8651
RA,E,Artistic_Intro_1920x1080_2997fps.y4m,v02.0.0,-6.7061,-20.9956,-32.5359,-8.7328,0.3319,-6.0772,106.5429,113.6211,-8.8189,-22.6607,-6.3419,-27.047,-47.5819,-9.4562
RA,E,Artistic_Intro_1920x1080_2997fps.y4m,v03.0.0,-6.5844,-7.4329,-7.3762,-6.6642,-5.8228,-6.2418,-7.352,-6.9944,-6.6761,-7.0457,-6.6424,-7.8954,-7.8797,-6.7409
RA,E,Artistic_Intro_1920x1080_2997fps.y4m,v04.0.0,-15.8493,-21.752,-21.6319,-16.4072,-15.8431,-16.5179,-18.1701,-16.8357,-16.2657,-18.6815,-15.74,-22.0746,-20.961,-16.3312
RA,E,Artistic_Intro_1920x1080_2997fps.y4m,v05.0.0,-16.8327,-24.5838,-23.2321,-17.513,-16.7035,-17.4142,-18.9683,-17.7674,-17.026,-20.3791,-16.7215,-25.0325,-23.5212,-17.4829
RA,E,Artistic_Intro_1920x1080_2997fps.y4m,v06.0.0,-21.139,-31.4816,-28.9901,-22.0284,-21.2417,-22.0131,-24.3732,-22.8568,-21.5506,-25.073,-21.1222,-31.6414,-29.1785,-22.0898
RA,E,Artistic_Intro_1920x1080_2997fps.y4m,v07.0.0,-23.0553,-33.9899,-31.7976,-24.0048,-23.2701,-24.0729,-26.1413,-24.7106,-23.512,-27.0878,-23.0459,-34.3144,-31.5592,-24.0572
RA,E,Artistic_Intro_1920x1080_2997fps.y4m,v08.0.0,-28.2126,-35.4801,-34.8771,-28.8752,-27.6132,-29.0334,-29.6479,-28.0334,-27.7266,-30.9419,-28.146,-35.7784,-34.1863,-28.8431
RA,E,Artistic_Intro_1920x1080_2997fps.y4m,v09.0.0,-28.6888,-34.7546,-34.089,-29.2338,-28.5962,-29.3044,-30.9186,-29.4313,-28.396,-30.3843,-28.7904,-35.4827,-34.3135,-29.4161
RA,E,Artistic_Intro_1920x1080_2997fps.y4m,v10.0.0,-30.6919,-35.6478,-34.8465,-31.1238,-29.972,-31.3118,-33.7872,-31.6848,-29.6633,-32.0339,-30.7304,-36.4343,-35.2066,-31.2698
RA,E,Artistic_Intro_1920x1080_2997fps.y4m,v11.0.0,-30.3652,-34.7852,-33.6707,-30.7301,-29.4348,-30.7841,-32.7264,-30.8074,-29.5179,-31.7537,-30.3049,-35.7664,-34.4231,-30.7986
RA,E,Artistic_Intro_1920x1080_2997fps.y4m,v12.0.0,-30.037,-35.3262,-33.8771,-30.4728,-29.2138,-30.5197,-32.6448,-30.5371,-29.2198,-31.5704,-29.9515,-36.1785,-34.37,-30.4997
RA,E,Artistic_Intro_1920x1080_2997fps.y4m,v13.0.0,-30.3963,-35.4554,-34.4431,-30.8309,-31.9105,-30.775,-32.9614,-30.9797,-29.5015,-31.9823,-30.3608,-36.3109,-34.9796,-30.9041
RA,E,Artistic_Intro_1920x1080_2997fps.y4m,v14.0.0,-30.3097,-35.3562,-34.3544,-30.743,-31.7768,-30.6891,-32.8875,-30.9033,-29.461,-31.9374,-30.2712,-36.2661,-34.8956,-30.8157
RA,E,Artistic_Intro_1920x1080_2997fps.y4m,v15.0.0,-30.3059,-35.35,-34.4238,-30.7425,-31.729,-30.6823,-32.7036,-30.7495,-29.4676,-31.9357,-30.248,-36.2319,-34.9312,-30.792
RA,E,MixedCoding_NewsIntroAnchor_1280x720_2997fps.y4m,v02.0.0,-1.8165,-3.3637,-0.8765,-1.8525,-4.4058,-3.6595,-8.1114,-8.014,-3.3381,-4.203,-1.7673,-3.6469,-0.9467,-1.8913
RA,E,MixedCoding_NewsIntroAnchor_1280x720_2997fps.y4m,v03.0.0,-9.108,-7.1235,-4.3409,-8.7437,-8.7446,-8.6585,-12.8473,-11.3501,-8.0136,-7.4316,-9.1712,-7.0168,-4.3025,-8.6676
RA,E,MixedCoding_NewsIntroAnchor_1280x720_2997fps.y4m,v04.0.0,-17.1579,-17.2201,-17.688,-17.1917,-17.0982,-16.8255,-21.598,-20.3983,-16.1787,-16.1668,-17.0578,-17.0225,-17.4173,-17.0846
RA,E,MixedCoding_NewsIntroAnchor_1280x720_2997fps.y4m,v05.0.0,-19.8375,-19.7175,-20.7355,-19.8811,-20.0708,-19.6795,-24.3805,-23.257,-18.8651,-18.9496,-19.7187,-19.343,-20.5621,-19.7387
RA,E,MixedCoding_NewsIntroAnchor_1280x720_2997fps.y4m,v06.0.0,-23.8624,-26.0766,-26.2367,-24.1235,-24.2367,-23.7656,-29.2842,-28.3729,-22.7453,-23.6496,-23.6621,-25.9869,-25.9883,-24.0496
RA,E,MixedCoding_NewsIntroAnchor_1280x720_2997fps.y4m,v07.0.0,-25.2861,-28.1231,-28.7893,-25.6466,-25.6187,-25.1604,-30.7681,-29.5903,-24.2888,-25.2892,-25.0497,-28.1155,-28.5637,-25.5796
RA,E,MixedCoding_NewsIntroAnchor_1280x720_2997fps.y4m,v08.0.0,-26.8728,-29.1944,-29.8786,-27.1765,-27.1554,-26.6755,-31.8879,-31.0929,-25.797,-26.7171,-26.6797,-29.1355,-29.641,-27.1175
RA,E,MixedCoding_NewsIntroAnchor_1280x720_2997fps.y4m,v09.0.0,-28.0633,-30.4413,-30.9236,-28.3666,-28.4359,-27.9521,-32.2768,-31.7332,-27.171,-28.0392,-27.9109,-30.6684,-30.8734,-28.3743
RA,E,MixedCoding_NewsIntroAnchor_1280x720_2997fps.y4m,v10.0.0,-30.1418,-31.8738,-31.1899,-30.3041,-30.1727,-29.502,-35.5496,-34.0543,-28.813,-29.549,-30.0168,-31.9999,-31.0745,-30.2952
RA,E,MixedCoding_NewsIntroAnchor_1280x720_2997fps.y4m,v11.0.0,-30.7631,-33.3731,-34.8006,-31.1544,-30.5205,-29.9772,-37.0986,-35.4785,-29.6876,-30.7275,-30.6539,-33.576,-34.809,-31.2003
RA,E,MixedCoding_NewsIntroAnchor_1280x720_2997fps.y4m,v12.0.0,-30.8825,-33.4107,-34.6126,-31.2468,-30.6227,-30.1412,-37.1504,-35.5052,-29.7672,-30.7669,-30.7616,-33.69,-34.6196,-31.2906
RA,E,MixedCoding_NewsIntroAnchor_1280x720_2997fps.y4m,v13.0.0,-31.0506,-33.1862,-33.9876,-31.344,-32.8785,-30.1205,-36.6556,-35.2664,-29.7979,-30.5517,-30.9389,-33.421,-33.9958,-31.3769
RA,E,MixedCoding_NewsIntroAnchor_1280x720_2997fps.y4m,v14.0.0,-30.7624,-32.9499,-34.1877,-31.0852,-32.5798,-29.8118,-36.4154,-35.0713,-29.5723,-30.4391,-30.6525,-33.2253,-34.2095,-31.1239
RA,E,MixedCoding_NewsIntroAnchor_1280x720_2997fps.y4m,v15.0.0,-30.7268,-33.0571,-34.1747,-31.0607,-32.6201,-29.7767,-36.1597,-34.9222,-29.5036,-30.4894,-30.611,-33.3644,-34.1901,-31.105
RA,E,MixedCoding_NewsIntroOnly_1280x720_2997fps.y4m,v02.0.0,-5.5141,-4.6285,-3.5107,-5.377,-6.7933,-6.7354,-6.4665,-6.3405,-5.4648,-5.7385,-5.6018,-4.497,-3.6591,-5.4962
RA,E,MixedCoding_NewsIntroOnly_1280x720_2997fps.y4m,v03.0.0,-14.0756,-8.7133,-2.623,-13.3043,-15.1993,-15.1868,-18.279,-16.9637,-13.2672,-12.8871,-14.2149,-8.7016,-2.7951,-13.5129
RA,E,MixedCoding_NewsIntroOnly_1280x720_2997fps.y4m,v04.0.0,-19.1378,-17.456,-12.435,-18.7513,-20.3075,-20.4182,-26.2067,-24.2466,-18.1425,-19.4942,-19.342,-17.6476,-12.7546,-19.0643
RA,E,MixedCoding_NewsIntroOnly_1280x720_2997fps.y4m,v05.0.0,-22.1249,-19.6644,-16.1608,-21.7354,-23.2363,-23.4571,-28.5821,-26.8787,-20.9476,-22.3306,-22.2518,-19.937,-16.4466,-21.9973
RA,E,MixedCoding_NewsIntroOnly_1280x720_2997fps.y4m,v06.0.0,-24.3699,-26.8057,-22.6154,-24.4088,-25.658,-25.8882,-31.3238,-29.3022,-23.2826,-26.0604,-24.4959,-26.8277,-22.946,-24.651
RA,E,MixedCoding_NewsIntroOnly_1280x720_2997fps.y4m,v07.0.0,-25.9371,-30.1362,-26.774,-26.192,-27.1689,-27.4257,-32.7907,-30.8722,-24.9998,-28.226,-26.036,-29.9054,-27.1288,-26.3804
RA,E,MixedCoding_NewsIntroOnly_1280x720_2997fps.y4m,v08.0.0,-26.6398,-31.4511,-27.7501,-26.9414,-27.7071,-28.0056,-33.3067,-31.4253,-25.6977,-29.0365,-26.6913,-31.0998,-28.103,-27.0681
RA,E,MixedCoding_NewsIntroOnly_1280x720_2997fps.y4m,v09.0.0,-28.2177,-32.095,-28.6195,-28.4403,-29.2741,-29.4934,-34.8526,-32.9217,-27.4524,-30.2899,-28.4641,-32.0621,-29.1802,-28.7707
RA,E,MixedCoding_NewsIntroOnly_1280x720_2997fps.y4m,v10.0.0,-29.8823,-33.2321,-29.3151,-30.0276,-30.7153,-31.0071,-36.5249,-34.6973,-28.7473,-31.9495,-30.1657,-33.1207,-29.8424,-30.3914
RA,E,MixedCoding_NewsIntroOnly_1280x720_2997fps.y4m,v11.0.0,-30.5281,-33.7796,-30.1759,-30.6841,-31.7649,-32.0271,-37.1585,-35.4567,-29.5154,-32.7305,-30.6432,-33.6734,-30.6583,-30.8996
RA,E,MixedCoding_NewsIntroOnly_1280x720_2997fps.y4m,v12.0.0,-30.5746,-33.9193,-31.0942,-30.7772,-31.6184,-31.9133,-36.9847,-35.2961,-29.5521,-32.8714,-30.6872,-33.8921,-31.6115,-30.9856
RA,E,MixedCoding_NewsIntroOnly_1280x720_2997fps.y4m,v13.0.0,-30.661,-34.0457,-31.0029,-30.8568,-34.5902,-32.0647,-37.007,-35.3679,-29.6324,-32.88,-30.7864,-34.0344,-31.5017,-31.0738
RA,E,MixedCoding_NewsIntroOnly_1280x720_2997fps.y4m,v14.0.0,-30.5467,-34.1264,-30.847,-30.7517,-34.4481,-31.8759,-36.8056,-35.188,-29.5419,-32.8505,-30.6807,-34.0539,-31.3434,-30.9718
RA,E,MixedCoding_NewsIntroOnly_1280x720_2997fps.y4m,v15.0.0,-30.5239,-33.7938,-30.7608,-30.7113,-34.386,-31.8583,-36.838,-35.1004,-29.5138,-32.6224,-30.65,-33.7482,-31.299,-30.9303
RA,E,MountainBike_1920x1080_30fps_8bit.y4m,v02.0.0,-2.8749,0.0341,-1.065,-2.6696,-2.7965,-3.1029,-2.9123,-2.886,-2.6201,-2.2491,-3.0148,0.4713,-0.7572,-2.9333
RA,E,MountainBike_1920x1080_30fps_8bit.y4m,v03.0.0,-7.8829,-3.4497,-5.4043,-7.5893,-6.6114,-7.2551,-9.7105,-9.0511,-7.0605,-7.0731,-7.9939,-3.3242,-5.1103,-7.9216
RA,E,MountainBike_1920x1080_30fps_8bit.y4m,v04.0.0,-12.837,-17.7575,-15.1404,-13.1643,-12.2354,-13.0249,-16.601,-15.9108,-12.1244,-14.6681,-12.9735,-17.2096,-14.7051,-13.2506
RA,E,MountainBike_1920x1080_30fps_8bit.y4m,v05.0.0,-14.029,-19.3295,-17.7959,-14.4408,-13.2316,-14.136,-17.5823,-16.9803,-13.2257,-16.2163,-14.1454,-18.8483,-17.3601,-14.483
RA,E,MountainBike_1920x1080_30fps_8bit.y4m,v06.0.0,-15.6327,-24.3605,-23.9696,-16.4159,-15.3257,-16.1961,-21.0892,-20.364,-15.0917,-19.8124,-15.7129,-23.8773,-23.7798,-16.2503
RA,E,MountainBike_1920x1080_30fps_8bit.y4m,v07.0.0,-16.3697,-34.2368,-32.6994,-18.0064,-15.9903,-16.8886,-22.1509,-21.4572,-16.3253,-23.5143,-16.4212,-33.6447,-32.5812,-17.4012
RA,E,MountainBike_1920x1080_30fps_8bit.y4m,v08.0.0,-16.9943,-35.0805,-33.8745,-18.6698,-16.6166,-17.5307,-22.6778,-21.9933,-16.9845,-24.167,-17.0771,-34.4939,-33.7536,-18.0646
RA,E,MountainBike_1920x1080_30fps_8bit.y4m,v09.0.0,-18.9246,-35.4205,-34.3422,-20.4456,-19.203,-19.9169,-25.8367,-25.0614,-19.1617,-25.6487,-19.1802,-34.9077,-34.3662,-20.1145
RA,E,MountainBike_1920x1080_30fps_8bit.y4m,v10.0.0,-20.3304,-34.8285,-34.5059,-21.6874,-20.3021,-21.0411,-29.0708,-27.6713,-20.1689,-26.6345,-20.6212,-34.386,-34.5408,-21.4698
RA,E,MountainBike_1920x1080_30fps_8bit.y4m,v11.0.0,-20.8715,-36.5639,-35.8158,-22.3269,-21.5568,-22.1367,-29.2226,-28.0436,-21.028,-27.7657,-20.733,-36.0531,-35.7951,-21.6588
RA,E,MountainBike_1920x1080_30fps_8bit.y4m,v12.0.0,-20.9085,-36.3742,-35.5946,-22.3396,-21.4026,-22.054,-29.064,-27.8785,-20.999,-27.6723,-20.7545,-35.8945,-35.5505,-21.6682
RA,E,MountainBike_1920x1080_30fps_8bit.y4m,v13.0.0,-20.9052,-36.476,-35.4356,-22.3314,-22.9965,-22.1377,-29.2929,-28.0667,-21.0239,-27.5471,-20.7587,-35.9745,-35.4003,-21.6713
RA,E,MountainBike_1920x1080_30fps_8bit.y4m,v14.0.0,-20.904,-36.2214,-35.3817,-22.3148,-22.997,-22.1167,-29.3106,-28.0914,-21.0115,-27.4816,-20.7534,-35.7366,-35.3509,-21.6599
RA,E,MountainBike_1920x1080_30fps_8bit.y4m,v15.0.0,-20.9075,-36.2258,-35.4098,-22.3197,-23.0066,-22.1258,-29.3121,-28.0894,-21.0234,-27.4854,-20.757,-35.7362,-35.3812,-21.6651
RA,E,Noise_AnimationCrayon_1920x1080_2398fps.y4m,v02.0.0,-2.9195,-9.8422,-13.7467,-3.9397,-0.922,-1.3853,-3.9968,-3.8735,-2.3635,-6.0675,-3.2788,-10.1952,-13.2146,-4.1106
RA,E,Noise_AnimationCrayon_1920x1080_2398fps.y4m,v03.0.0,-11.2857,-13.2171,-16.5965,-11.7444,-6.174,-6.1633,-12.8641,-12.6417,-8.9226,-11.2125,-11.8529,-13.6393,-16.139,-12.1735
RA,E,Noise_AnimationCrayon_1920x1080_2398fps.y4m,v04.0.0,-17.3643,-22.9711,-29.7646,-18.4193,-10.0537,-9.956,-23.5566,-22.0088,-14.8373,-21.0211,-18.0545,-23.4213,-29.3739,-18.8914
RA,E,Noise_AnimationCrayon_1920x1080_2398fps.y4m,v05.0.0,-18.6989,-25.1803,-32.9713,-19.9468,-10.8415,-10.7769,-24.0208,-22.9851,-16.0814,-23.404,-19.428,-25.728,-32.5066,-20.429
RA,E,Noise_AnimationCrayon_1920x1080_2398fps.y4m,v06.0.0,-21.0737,-28.3913,-38.61,-22.5796,-12.3233,-12.277,-26.3146,-25.344,-18.2579,-25.9258,-21.7854,-28.9412,-38.0663,-22.9779
RA,E,Noise_AnimationCrayon_1920x1080_2398fps.y4m,v07.0.0,-22.274,-31.7442,-42.9608,-24.1045,-13.0132,-12.8957,-27.7194,-26.7764,-19.4916,-27.2605,-23.0039,-32.3416,-42.487,-24.4944
RA,E,Noise_AnimationCrayon_1920x1080_2398fps.y4m,v08.0.0,-22.7572,-31.1188,-44.3532,-24.6015,-13.1611,-13.2363,-28.0322,-27.0316,-19.7866,-27.6022,-23.5125,-31.6737,-43.8282,-24.9507
RA,E,Noise_AnimationCrayon_1920x1080_2398fps.y4m,v09.0.0,-24.7758,-33.0623,-46.1103,-26.5846,-16.1281,-15.6904,-29.0206,-28.2684,-22.0665,-29.3765,-25.5817,-33.8575,-45.7637,-26.9901
RA,E,Noise_AnimationCrayon_1920x1080_2398fps.y4m,v10.0.0,-26.4496,-34.2644,-47.7446,-28.2524,-17.0781,-16.52,-32.2475,-31.0579,-23.3696,-31.3148,-27.2839,-35.0259,-47.4178,-28.6651
RA,E,Noise_AnimationCrayon_1920x1080_2398fps.y4m,v11.0.0,-28.1386,-35.3169,-48.5145,-29.8275,-19.7846,-18.9125,-33.7394,-32.8325,-25.1176,-32.6305,-28.9703,-36.1917,-48.3453,-30.2569
RA,E,Noise_AnimationCrayon_1920x1080_2398fps.y4m,v12.0.0,-28.5559,-35.3511,-49.2023,-30.2483,-19.8987,-18.9705,-34.4431,-33.4144,-25.4907,-32.7703,-29.399,-36.1562,-48.9898,-30.6633
RA,E,Noise_AnimationCrayon_1920x1080_2398fps.y4m,v13.0.0,-28.5236,-34.9694,-49.2791,-30.195,-18.6843,-19.0514,-33.9726,-33.0721,-25.4351,-32.5785,-29.3701,-35.8118,-49.0764,-30.6076
RA,E,Noise_AnimationCrayon_1920x1080_2398fps.y4m,v14.0.0,-28.2369,-34.6325,-48.856,-29.8954,-18.4889,-18.8686,-33.5765,-32.7564,-25.159,-32.1,-29.0748,-35.4585,-48.6704,-30.3031
RA,E,Noise_AnimationCrayon_1920x1080_2398fps.y4m,v15.0.0,-28.2686,-34.7648,-48.7304,-29.9187,-18.554,-18.9569,-33.7115,-32.8402,-25.1948,-32.1404,-29.1015,-35.5939,-48.5425,-30.3299
RA,E,Noise_Animation_1280x720_2398fps.y4m,v02.0.0,-4.294,-8.985,-4.2901,-4.8016,-2.8251,-4.1357,-7.2548,-6.7169,-4.3407,-5.2611,-4.9183,-9.2553,-4.332,-5.003
RA,E,Noise_Animation_1280x720_2398fps.y4m,v03.0.0,-8.8227,-8.3599,-6.2166,-8.6301,-6.8129,-8.0635,-13.6486,-13.0382,-8.219,-8.5906,-9.6519,-8.3477,-6.6376,-9.212
RA,E,Noise_Animation_1280x720_2398fps.y4m,v04.0.0,-17.4731,-21.5024,-18.5811,-18.0968,-15.7269,-16.1751,-22.7738,-22.0734,-16.9848,-17.4365,-18.7081,-22.1383,-18.4762,-18.6981
RA,E,Noise_Animation_1280x720_2398fps.y4m,v05.0.0,-21.6227,-25.8561,-20.9759,-21.9441,-19.8663,-19.7656,-27.6422,-26.9249,-20.9135,-20.9849,-22.7048,-26.3346,-20.7752,-22.4885
RA,E,Noise_Animation_1280x720_2398fps.y4m,v06.0.0,-27.9905,-35.7776,-28.2968,-28.516,-26.3342,-26.1837,-34.1872,-33.4479,-27.2377,-29.889,-28.9244,-36.2031,-28.3496,-28.9928
RA,E,Noise_Animation_1280x720_2398fps.y4m,v07.0.0,-29.7687,-39.6163,-30.4807,-30.524,-28.4987,-27.9494,-36.4899,-35.7161,-29.2039,-31.8487,-30.7613,-40.0179,-30.6167,-30.8729
RA,E,Noise_Animation_1280x720_2398fps.y4m,v08.0.0,-29.7941,-39.3503,-30.6854,-30.5429,-28.3044,-28.4795,-36.3888,-35.9315,-29.3681,-32.1148,-30.7782,-39.6892,-30.7734,-30.93
RA,E,Noise_Animation_1280x720_2398fps.y4m,v09.0.0,-31.4324,-36.9851,-32.2716,-31.8184,-30.312,-29.8551,-36.6583,-36.226,-31.1598,-32.2377,-32.4246,-37.3926,-32.8903,-32.4162
RA,E,Noise_Animation_1280x720_2398fps.y4m,v10.0.0,-33.3756,-40.4558,-34.5622,-33.927,-30.4296,-30.7014,-38.6919,-37.75,-32.656,-34.6493,-34.5446,-40.8595,-35.1816,-34.7474
RA,E,Noise_Animation_1280x720_2398fps.y4m,v11.0.0,-33.1067,-38.6324,-34.5088,-33.5955,-30.5159,-30.422,-39.2621,-37.7824,-32.6137,-33.4203,-34.371,-38.9033,-35.1553,-34.5401
RA,E,Noise_Animation_1280x720_2398fps.y4m,v12.0.0,-34.3045,-41.6555,-35.7147,-34.9466,-31.9582,-32.0283,-40.6752,-39.119,-33.9695,-35.5354,-35.5687,-41.8809,-36.3424,-35.8396
RA,E,Noise_Animation_1280x720_2398fps.y4m,v13.0.0,-34.4513,-41.4941,-35.6199,-35.0407,-28.5312,-32.2287,-40.8583,-39.6201,-34.1043,-35.0232,-35.731,-41.8854,-36.2194,-35.9432
RA,E,Noise_Animation_1280x720_2398fps.y4m,v14.0.0,-33.8555,-40.8901,-34.892,-34.4193,-27.9983,-31.6623,-40.1841,-38.9237,-33.448,-34.2802,-35.103,-41.2975,-35.4653,-35.2806
RA,E,Noise_Animation_1280x720_2398fps.y4m,v15.0.0,-33.8483,-40.9836,-34.9298,-34.4232,-27.899,-31.5674,-40.4622,-39.1223,-33.4132,-34.3009,-35.1062,-41.3471,-35.5201,-35.2967
RA,E,Noise_Ocean_1920x1080_60fps.y4m,v02.0.0,0.7918,-9.8907,-19.5509,-4.1188,1.5198,1.5759,-2.0701,-1.7542,0.3438,-5.0906,0.204,-9.0442,-18.8048,-0.6328
RA,E,Noise_Ocean_1920x1080_60fps.y4m,v03.0.0,-6.4164,-20.8166,-24.1242,-11.2746,-3.8748,-2.8837,-6.3078,-6.5494,-6.4116,-13.9592,-6.9175,-19.8792,-23.6809,-8.0527
RA,E,Noise_Ocean_1920x1080_60fps.y4m,v04.0.0,-11.45,-32.3525,-36.027,-18.5881,-8.3973,-7.2054,-10.9175,-11.4203,-11.5894,-22.1602,-12.0704,-31.7671,-35.9608,-13.4372
RA,E,Noise_Ocean_1920x1080_60fps.y4m,v05.0.0,-13.7357,-33.0722,-34.355,-19.8863,-9.691,-8.6849,-9.6064,-10.3821,-13.161,-23.6458,-14.4048,-32.4955,-34.1724,-15.6462
RA,E,Noise_Ocean_1920x1080_60fps.y4m,v06.0.0,-16.2976,-41.2104,-41.8336,-23.8411,-11.7355,-9.9844,-13.5959,-14.4475,-15.4624,-27.8778,-16.9138,-41.233,-42.008,-18.2158
RA,E,Noise_Ocean_1920x1080_60fps.y4m,v07.0.0,-16.3959,-44.7887,-35.6314,-23.5188,-11.9111,-9.8612,-14.1075,-14.8669,-15.6095,-28.8858,-16.8657,-44.9175,-36.2841,-18.1368
RA,E,Noise_Ocean_1920x1080_60fps.y4m,v08.0.0,-16.8,-41.7701,-37.1901,-23.381,-12.0598,-10.2468,-13.8328,-14.7346,-15.7197,-26.2708,-17.3332,-41.6612,-37.7535,-18.4374
RA,E,Noise_Ocean_1920x1080_60fps.y4m,v09.0.0,-18.9771,-43.6044,-43.0352,-26.4015,-16.1109,-13.2133,-16.8923,-17.8016,-19.4726,-28.9012,-20.276,-43.8023,-43.3928,-21.4948
RA,E,Noise_Ocean_1920x1080_60fps.y4m,v10.0.0,-19.5199,-42.13,-42.6368,-26.6612,-16.8365,-13.8562,-12.2812,-13.81,-20.1233,-30.376,-20.9519,-42.5984,-43.2797,-22.2318
RA,E,Noise_Ocean_1920x1080_60fps.y4m,v11.0.0,-22.0269,-53.9959,-46.1424,-30.6636,-20.0436,-16.795,-18.5121,-19.9943,-23.2378,-36.1465,-23.7459,-54.9596,-47.5522,-25.1295
RA,E,Noise_Ocean_1920x1080_60fps.y4m,v12.0.0,-21.9596,-53.9602,-48.3375,-31.0916,-19.1525,-16.1272,-18.2094,-19.4633,-22.7743,-36.6681,-23.7015,-54.8951,-49.6854,-25.1714
RA,E,Noise_Ocean_1920x1080_60fps.y4m,v13.0.0,-22.1231,-50.0728,-44.3669,-29.9179,-7.7109,-16.3902,-17.901,-19.2639,-22.9233,-33.7181,-23.9666,-50.8002,-45.3559,-25.3304
RA,E,Noise_Ocean_1920x1080_60fps.y4m,v14.0.0,-21.0916,-50.3807,-43.9366,-29.2437,-7.5747,-15.8845,-17.4543,-18.7527,-22.1057,-33.1838,-22.9202,-51.1169,-44.8196,-24.2857
RA,E,Noise_Ocean_1920x1080_60fps.y4m,v15.0.0,-21.057,-50.5302,-43.8193,-29.1681,-7.5143,-15.8093,-17.2131,-18.5308,-22.0462,-33.1463,-22.8772,-51.2514,-44.6903,-24.2386
RA,E,Noise_Soccer_1920x1080_50fps.y4m,v02.0.0,0.2071,-9.2657,4.202,-0.1447,3.6446,1.2087,-1.0144,-1.2257,0.7515,-1.2971,-0.7606,-9.1505,4.2207,-0.8644
RA,E,Noise_Soccer_1920x1080_50fps.y4m,v03.0.0,-2.0629,-12.3321,-0.2259,-2.628,0.8722,-0.542,-10.6577,-9.0812,-2.6391,-3.0163,-3.1122,-12.2135,-0.3757,-3.2492
RA,E,Noise_Soccer_1920x1080_50fps.y4m,v04.0.0,-5.7901,-26.3616,-7.3739,-7.3785,-4.1071,-4.0973,-20.1918,-17.9072,-7.0704,-7.525,-6.8315,-26.4091,-7.6057,-7.2195
RA,E,Noise_Soccer_1920x1080_50fps.y4m,v05.0.0,-7.1756,-30.3396,-9.4064,-9.025,-6.3941,-5.4842,-23.6953,-21.4177,-9.3513,-9.2264,-8.2432,-30.3406,-9.4986,-8.6775
RA,E,Noise_Soccer_1920x1080_50fps.y4m,v06.0.0,-7.053,-34.3779,-10.0497,-9.285,-9.5423,-6.9173,-23.169,-21.5195,-11.1849,-9.1615,-8.2486,-34.4109,-10.0315,-8.7663
RA,E,Noise_Soccer_1920x1080_50fps.y4m,v07.0.0,-7.9025,-37.2647,-10.0498,-10.2174,-10.8439,-7.9125,-25.9518,-24.2123,-12.1874,-9.8331,-9.0599,-37.3207,-10.0086,-9.5763
RA,E,Noise_Soccer_1920x1080_50fps.y4m,v08.0.0,-9.3887,-38.2229,-10.9662,-11.6038,-12.9939,-9.8161,-26.807,-25.3223,-13.971,-11.5756,-10.6407,-38.226,-10.9861,-11.1345
RA,E,Noise_Soccer_1920x1080_50fps.y4m,v09.0.0,-10.7905,-37.6893,-9.5505,-12.6309,-14.0355,-10.847,-29.2872,-27.2443,-15.617,-12.4807,-12.0505,-37.7813,-9.8795,-12.4559
RA,E,Noise_Soccer_1920x1080_50fps.y4m,v10.0.0,-11.4915,-39.6763,-12.0075,-13.5737,-13.7811,-10.75,-30.2397,-28.9965,-16.0407,-13.0945,-12.8371,-39.7862,-12.2831,-13.2762
RA,E,Noise_Soccer_1920x1080_50fps.y4m,v11.0.0,-13.9241,-38.7866,-12.2792,-15.6176,-16.0508,-13.5218,-30.3167,-29.1127,-18.332,-15.4761,-13.8455,-38.9747,-12.4255,-14.2758
RA,E,Noise_Soccer_1920x1080_50fps.y4m,v12.0.0,-14.2547,-40.2009,-12.509,-16.0321,-16.501,-13.83,-31.3724,-30.1542,-18.8033,-15.9108,-14.198,-40.4157,-12.6287,-14.643
RA,E,Noise_Soccer_1920x1080_50fps.y4m,v13.0.0,-14.3623,-40.1661,-11.7034,-16.0518,-10.052,-13.6971,-31.5268,-30.2814,-18.7515,-15.9612,-14.3346,-40.377,-11.848,-14.7533
RA,E,Noise_Soccer_1920x1080_50fps.y4m,v14.0.0,-14.2986,-39.9883,-11.8547,-15.9976,-9.987,-13.668,-31.7195,-30.4027,-18.7133,-15.9063,-14.2545,-40.1993,-11.9997,-14.6755
RA,E,Noise_Soccer_1920x1080_50fps.y4m,v15.0.0,-14.3079,-39.8277,-11.9828,-16.0024,-10.0305,-13.6293,-31.664,-30.3516,-18.6483,-15.8968,-14.2828,-40.0358,-12.1135,-14.7026
RA,E,Shaky_Baseball_3840x2160_5994fps.y4m,v02.0.0,-0.7045,-0.6068,-1.3918,-0.7413,1.7367,0.2571,-1.1606,-1.0987,-0.5461,-0.4051,-1.3065,-0.9637,-1.6854,-1.3044
RA,E,Shaky_Baseball_3840x2160_5994fps.y4m,v03.0.0,-8.7503,-6.8517,-8.6397,-8.6284,-7.548,-8.7149,-12.0167,-11.5146,-8.6445,-7.8634,-9.2502,-7.4169,-9.0667,-9.0788
RA,E,Shaky_Baseball_3840x2160_5994fps.y4m,v04.0.0,-18.2103,-21.7041,-21.6921,-18.6451,-16.91,-18.3456,-21.4778,-20.8832,-18.1842,-19.4429,-18.3574,-22.5087,-22.4063,-19.0872
RA,E,Shaky_Baseball_3840x2160_5994fps.y4m,v05.0.0,-20.4795,-23.6526,-24.1746,-20.9129,-18.8187,-20.8,-23.3708,-22.7614,-20.2695,-21.6408,-20.3167,-24.2932,-24.6938,-21.068
RA,E,Shaky_Baseball_3840x2160_5994fps.y4m,v06.0.0,-24.7041,-28.542,-30.0955,-25.2847,-25.7963,-25.9196,-26.954,-26.3926,-24.4371,-27.2719,-23.8096,-28.9837,-30.2807,-24.8445
RA,E,Shaky_Baseball_3840x2160_5994fps.y4m,v07.0.0,-25.4266,-30.3609,-31.4383,-26.1136,-26.5306,-26.7043,-28.0589,-27.3702,-25.2668,-28.5563,-24.563,-30.8856,-31.883,-25.7646
RA,E,Shaky_Baseball_3840x2160_5994fps.y4m,v08.0.0,-25.8478,-30.6562,-31.909,-26.5303,-26.5854,-27.0518,-28.1535,-27.5883,-25.6825,-28.8609,-25.1333,-31.2274,-32.3313,-26.3029
RA,E,Shaky_Baseball_3840x2160_5994fps.y4m,v09.0.0,-28.7344,-30.7443,-31.8209,-29.0536,-28.6484,-29.2982,-30.5733,-30.0009,-28.0731,-30.2419,-27.8413,-31.5125,-32.4465,-28.5783
RA,E,Shaky_Baseball_3840x2160_5994fps.y4m,v10.0.0,-29.6023,-31.6458,-32.692,-29.9227,-28.5298,-29.9102,-33.0143,-31.8783,-28.8517,-30.9342,-28.8409,-32.4442,-33.3623,-29.5598
RA,E,Shaky_Baseball_3840x2160_5994fps.y4m,v11.0.0,-30.7327,-33.8459,-34.7876,-31.1796,-29.6507,-30.8398,-33.713,-32.6996,-30.2261,-32.7728,-30.3666,-34.5728,-35.4911,-31.1819
RA,E,Shaky_Baseball_3840x2160_5994fps.y4m,v12.0.0,-30.3058,-33.5942,-34.3791,-30.7649,-29.0819,-30.2849,-33.214,-32.2023,-29.7927,-32.3279,-30.0191,-34.3555,-35.1098,-30.8438
RA,E,Shaky_Baseball_3840x2160_5994fps.y4m,v13.0.0,-30.4548,-33.9732,-34.4756,-30.925,-33.9586,-30.4181,-33.1439,-32.1989,-29.9588,-32.5728,-30.2166,-34.6299,-35.1467,-31.0355
RA,E,Shaky_Baseball_3840x2160_5994fps.y4m,v14.0.0,-30.3983,-33.8523,-34.3581,-30.8605,-33.8976,-30.3873,-33.2102,-32.2346,-29.887,-32.4739,-30.1562,-34.5155,-35.0794,-30.9694
RA,E,Shaky_Baseball_3840x2160_5994fps.y4m,v15.0.0,-30.4492,-33.8734,-34.385,-30.9081,-33.9197,-30.4401,-33.2687,-32.274,-29.9388,-32.5469,-30.1979,-34.5244,-35.0946,-31.0059
RA,E,Shaky_Fireworks_3840x2160_2997fps.y4m,v02.0.0,-0.1375,-7.9704,-2.4067,-0.9358,-1.2061,-1.2403,-4.1744,-3.9927,-1.1565,-4.7069,-0.6682,-5.9841,-2.1274,-1.5458
RA,E,Shaky_Fireworks_3840x2160_2997fps.y4m,v03.0.0,-4.5649,-17.8112,-10.7485,-6.0911,-7.0529,-7.7712,-4.7475,-5.3302,-6.5199,-12.3564,-5.9443,-15.5579,-10.8598,-7.7444
RA,E,Shaky_Fireworks_3840x2160_2997fps.y4m,v04.0.0,-7.3916,-18.275,-13.6316,-8.7,-9.3656,-10.5939,-7.1836,-7.7895,-8.8721,-14.0282,-8.8689,-17.0659,-14.5711,-10.4579
RA,E,Shaky_Fireworks_3840x2160_2997fps.y4m,v05.0.0,-13.4589,-27.0008,-20.1473,-15.1109,-12.4051,-13.8264,-8.305,-9.0654,-15.1774,-21.6621,-14.0894,-25.4117,-19.9338,-16.2032
RA,E,Shaky_Fireworks_3840x2160_2997fps.y4m,v06.0.0,-19.3199,-38.4522,-33.2415,-22.2874,-17.0996,-18.5499,-12.9481,-13.6897,-22.0237,-32.4674,-19.8911,-35.6313,-33.041,-23.3632
RA,E,Shaky_Fireworks_3840x2160_2997fps.y4m,v07.0.0,-19.4344,-39.0276,-33.4907,-22.5036,-17.1696,-18.7238,-14.1119,-14.7418,-22.3688,-32.4834,-20.103,-36.754,-34.2522,-23.7821
RA,E,Shaky_Fireworks_3840x2160_2997fps.y4m,v08.0.0,-19.7487,-39.3235,-33.5352,-22.8066,-17.2489,-19.0516,-11.7335,-12.6731,-22.6608,-32.4944,-20.3904,-37.8018,-34.9282,-24.1745
RA,E,Shaky_Fireworks_3840x2160_2997fps.y4m,v09.0.0,-22.8532,-41.4395,-34.5666,-25.5748,-20.3503,-22.0897,-15.8411,-16.7184,-25.4496,-34.7035,-23.6057,-39.7324,-36.1599,-27.0206
RA,E,Shaky_Fireworks_3840x2160_2997fps.y4m,v10.0.0,-23.5965,-41.8743,-36.3336,-26.3901,-20.858,-22.8507,-17.3713,-18.1129,-26.3163,-35.3631,-24.5386,-39.9773,-37.699,-27.9725
RA,E,Shaky_Fireworks_3840x2160_2997fps.y4m,v11.0.0,-23.6082,-45.4827,-39.7642,-26.9809,-21.2478,-23.0403,-17.937,-18.5173,-26.7129,-37.2779,-24.4658,-43.2455,-40.1322,-28.4522
RA,E,Shaky_Fireworks_3840x2160_2997fps.y4m,v12.0.0,-23.8657,-45.6905,-40.2346,-27.2511,-21.3793,-23.2263,-18.2197,-18.7754,-27.0037,-38.0165,-24.7185,-43.3237,-40.3341,-28.6846
RA,E,Shaky_Fireworks_3840x2160_2997fps.y4m,v13.0.0,-23.6697,-45.8946,-39.755,-27.091,-31.9088,-23.1101,-17.8026,-18.4124,-26.8082,-37.9606,-24.5486,-43.417,-40.1354,-28.5381
RA,E,Shaky_Fireworks_3840x2160_2997fps.y4m,v14.0.0,-23.587,-45.425,-39.598,-26.9857,-31.8234,-23.0451,-17.3338,-17.9788,-26.6966,-37.5636,-24.4535,-43.1704,-40.0963,-28.4387
RA,E,Shaky_Fireworks_3840x2160_2997fps.y4m,v15.0.0,-23.573,-45.2363,-39.5342,-26.956,-31.8012,-23.05,-17.4951,-18.0817,-26.6775,-37.428,-24.4277,-43.0158,-40.1012,-28.4045
RA,E,Shaky_Quad_1920x1080_30fps.y4m,v02.0.0,-0.7969,-31.186,-37.9042,-3.6941,-1.5639,-1.3797,-3.344,-2.8876,-1.5796,-5.5662,-1.0001,-30.6168,-37.0224,-1.3992
RA,E,Shaky_Quad_1920x1080_30fps.y4m,v03.0.0,-4.0379,-41.6432,-39.314,-7.1866,-4.838,-4.635,-9.0968,-8.5139,-4.8723,-9.7133,-4.2586,-41.5287,-38.4574,-4.7049
RA,E,Shaky_Quad_1920x1080_30fps.y4m,v04.0.0,-5.8615,-46.7051,-44.1873,-9.3779,-8.4825,-7.8672,-15.7613,-14.6623,-7.4309,-13.4364,-6.1342,-46.5596,-43.5132,-6.6711
RA,E,Shaky_Quad_1920x1080_30fps.y4m,v05.0.0,-7.003,-49.3947,-48.2038,-10.8109,-9.8152,-9.2926,-15.6066,-14.7152,-8.5767,-15.2979,-7.2745,-49.3614,-47.7494,-7.8663
RA,E,Shaky_Quad_1920x1080_30fps.y4m,v06.0.0,-7.3875,-56.9658,-55.5556,-12.1674,-10.343,-9.8013,-16.8984,-15.9642,-9.0869,-17.9885,-7.6238,-57.636,-55.4276,-8.3172
RA,E,Shaky_Quad_1920x1080_30fps.y4m,v07.0.0,-8.4665,-67.4641,-60.5735,-14.2857,-11.2981,-10.7965,-18.2423,-17.2326,-10.358,-21.5203,-8.7386,-68.0306,-60.5549,-9.6315
RA,E,Shaky_Quad_1920x1080_30fps.y4m,v08.0.0,-8.3218,-67.3936,-61.1999,-14.202,-11.5665,-10.9618,-18.7357,-17.7216,-10.5555,-21.5047,-8.6028,-67.911,-61.1951,-9.5068
RA,E,Shaky_Quad_1920x1080_30fps.y4m,v09.0.0,-9.8557,-67.2822,-63.346,-15.7061,-12.9335,-12.251,-20.0552,-19.0038,-12.0267,-22.7833,-10.3053,-67.9451,-63.4483,-11.2095
RA,E,Shaky_Quad_1920x1080_30fps.y4m,v10.0.0,-12.0606,-66.3276,-63.4038,-17.5907,-14.2605,-13.9072,-23.2996,-21.9263,-13.5748,-24.4831,-12.5812,-67.036,-63.328,-13.4192
RA,E,Shaky_Quad_1920x1080_30fps.y4m,v11.0.0,-11.7157,-68.7815,-64.9925,-17.6241,-15.0638,-14.5062,-23.2698,-22.1284,-13.9051,-25.148,-11.8381,-69.4283,-65.0572,-12.7459
RA,E,Shaky_Quad_1920x1080_30fps.y4m,v12.0.0,-11.9091,-68.1759,-64.0136,-17.666,-15.0964,-14.605,-23.2582,-22.0946,-14.0655,-25.2066,-12.0426,-68.805,-64.1136,-12.9394
RA,E,Shaky_Quad_1920x1080_30fps.y4m,v13.0.0,-11.9568,-66.605,-61.73,-17.3877,-13.4438,-14.6074,-23.5522,-22.3243,-14.0988,-24.6053,-12.0923,-67.1306,-61.7187,-12.9616
RA,E,Shaky_Quad_1920x1080_30fps.y4m,v14.0.0,-11.9265,-66.6018,-61.4882,-17.3468,-13.3978,-14.5645,-23.4708,-22.2684,-14.034,-24.5667,-12.0596,-67.1336,-61.4662,-12.9284
RA,E,Shaky_Quad_1920x1080_30fps.y4m,v15.0.0,-11.9419,-66.9858,-61.8168,-17.4086,-13.4017,-14.5516,-23.4266,-22.2076,-14.0485,-24.5811,-12.0748,-67.5428,-61.8193,-12.9464
RA,E,Shaky_Walk_1920x1080_25fps.y4m,v02.0.0,-1.9692,-2.1722,-4.2372,-2.09,-1.7236,-1.8001,-3.138,-3.5152,-1.7635,-1.6698,-2.108,-0.8296,-2.8838,-2.1078
RA,E,Shaky_Walk_1920x1080_25fps.y4m,v03.0.0,-6.2628,-8.9653,-0.6374,-6.1714,-5.7747,-5.7354,-9.7313,-9.7827,-5.9976,-5.2554,-6.4189,-8.0024,0.8312,-6.4054
RA,E,Shaky_Walk_1920x1080_25fps.y4m,v04.0.0,-12.0828,-20.3313,-13.7556,-12.5894,-11.8272,-11.8306,-18.4016,-17.9175,-11.8114,-13.1369,-12.3092,-19.5003,-12.4627,-12.4298
RA,E,Shaky_Walk_1920x1080_25fps.y4m,v05.0.0,-13.1528,-19.9785,-15.9923,-13.6528,-12.7069,-12.7626,-19.3774,-18.869,-12.8329,-13.9702,-13.3661,-19.0654,-14.8531,-13.4931
RA,E,Shaky_Walk_1920x1080_25fps.y4m,v06.0.0,-14.4056,-28.1801,-25.4566,-15.6205,-14.7173,-14.6418,-21.6469,-21.0745,-14.3634,-17.751,-14.539,-27.5333,-24.7989,-14.8059
RA,E,Shaky_Walk_1920x1080_25fps.y4m,v07.0.0,-15.322,-47.9699,-48.8336,-19.0318,-15.507,-15.4254,-22.9603,-22.3674,-15.8825,-24.057,-15.4576,-47.4851,-48.4465,-16.232
RA,E,Shaky_Walk_1920x1080_25fps.y4m,v08.0.0,-15.8741,-47.5187,-49.0092,-19.4918,-16.0068,-15.9436,-23.4711,-22.8772,-16.3571,-24.2713,-16.0244,-47.0054,-48.6297,-16.7727
RA,E,Shaky_Walk_1920x1080_25fps.y4m,v09.0.0,-18.0263,-45.7888,-47.126,-21.1683,-18.4799,-18.2381,-26.5158,-25.8663,-18.6837,-25.7419,-18.3449,-45.5221,-46.7572,-19.0262
RA,E,Shaky_Walk_1920x1080_25fps.y4m,v10.0.0,-19.3605,-45.4629,-46.0945,-22.2281,-19.3476,-19.1818,-29.4856,-28.5061,-19.8125,-26.2749,-19.7203,-44.9695,-45.689,-20.341
RA,E,Shaky_Walk_1920x1080_25fps.y4m,v11.0.0,-20.585,-48.5926,-49.6821,-23.7141,-21.697,-21.304,-30.3208,-29.4745,-21.5796,-28.3992,-20.8362,-48.4618,-49.5809,-21.5157
RA,E,Shaky_Walk_1920x1080_25fps.y4m,v12.0.0,-20.5836,-47.6817,-49.3027,-23.6278,-21.4552,-21.1536,-30.1857,-29.3232,-21.482,-28.1712,-20.8269,-47.5862,-49.1446,-21.4886
RA,E,Shaky_Walk_1920x1080_25fps.y4m,v13.0.0,-20.7337,-46.3195,-45.8482,-23.4992,-20.0487,-21.3332,-30.4272,-29.5815,-21.6266,-27.7259,-20.9841,-46.0646,-45.6469,-21.5999
RA,E,Shaky_Walk_1920x1080_25fps.y4m,v14.0.0,-20.6899,-46.152,-45.2925,-23.4225,-20.0251,-21.2734,-30.3146,-29.433,-21.572,-27.688,-20.9326,-45.8975,-45.0347,-21.5432
RA,E,Shaky_Walk_1920x1080_25fps.y4m,v15.0.0,-20.69,-46.1519,-45.3341,-23.4258,-20.0122,-21.2625,-30.3155,-29.4451,-21.5698,-27.7002,-20.9287,-45.9042,-45.0836,-21.5407
RA,E,Vertical_Carnaby_1080x1920_5994.y4m,v02.0.0,-1.8348,-1.374,-1.4732,-1.7946,-1.623,-1.6792,-1.5822,-1.6085,-1.599,-1.4641,-1.7673,-1.3429,-1.5275,-1.7298
RA,E,Vertical_Carnaby_1080x1920_5994.y4m,v03.0.0,-6.9563,-5.808,-4.8316,-6.7924,-6.8642,-7.0898,-8.2519,-8.0817,-6.6204,-5.8357,-6.8935,-5.8557,-4.8601,-6.7249
RA,E,Vertical_Carnaby_1080x1920_5994.y4m,v04.0.0,-10.8986,-13.6832,-11.8042,-11.0844,-10.9532,-11.3574,-13.1997,-12.9269,-10.5504,-11.6153,-10.6688,-13.8191,-11.8093,-10.9509
RA,E,Vertical_Carnaby_1080x1920_5994.y4m,v05.0.0,-12.437,-14.2968,-13.8502,-12.6024,-12.7527,-13.2537,-14.7912,-14.5685,-12.1053,-13.1257,-12.2182,-14.4175,-13.8821,-12.4732
RA,E,Vertical_Carnaby_1080x1920_5994.y4m,v06.0.0,-13.6372,-16.8857,-16.1164,-13.9282,-13.9491,-14.527,-17.0623,-16.7761,-13.343,-15.441,-13.3429,-16.9922,-16.1322,-13.7519
RA,E,Vertical_Carnaby_1080x1920_5994.y4m,v07.0.0,-14.6575,-19.6564,-19.7517,-15.1859,-14.9071,-15.4566,-18.2784,-17.9504,-14.5323,-17.7777,-14.3746,-19.799,-19.7623,-15.0248
RA,E,Vertical_Carnaby_1080x1920_5994.y4m,v08.0.0,-15.2332,-19.8133,-19.7033,-15.7021,-15.3561,-15.8984,-19.0307,-18.5521,-14.9792,-18.0194,-14.9908,-19.9567,-19.6642,-15.5599
RA,E,Vertical_Carnaby_1080x1920_5994.y4m,v09.0.0,-17.4291,-20.8826,-20.3017,-17.7543,-17.5174,-18.0453,-21.0113,-20.5732,-17.1146,-19.2212,-17.1471,-21.1193,-20.4093,-17.5795
RA,E,Vertical_Carnaby_1080x1920_5994.y4m,v10.0.0,-18.5691,-21.2607,-20.3271,-18.7979,-18.4609,-19.0914,-24.4427,-23.2427,-18.0174,-20.1408,-18.316,-21.5356,-20.4235,-18.6257
RA,E,Vertical_Carnaby_1080x1920_5994.y4m,v11.0.0,-18.7341,-22.5557,-21.3059,-19.0709,-18.5097,-19.094,-24.3048,-23.308,-18.2329,-21.1299,-18.4266,-22.8583,-21.3979,-18.8443
RA,E,Vertical_Carnaby_1080x1920_5994.y4m,v12.0.0,-18.6488,-22.4711,-21.8906,-19.0188,-18.3472,-19.0199,-24.8345,-23.6535,-18.173,-21.1733,-18.3436,-22.7622,-21.9821,-18.8009
RA,E,Vertical_Carnaby_1080x1920_5994.y4m,v13.0.0,-18.6395,-22.7676,-21.7998,-19.0191,-23.3819,-19.1267,-24.6624,-23.5236,-18.176,-21.3702,-18.3425,-23.0506,-21.9459,-18.8148
RA,E,Vertical_Carnaby_1080x1920_5994.y4m,v14.0.0,-18.5648,-22.536,-21.7058,-18.9354,-23.3129,-19.0979,-24.5266,-23.4364,-18.1139,-21.136,-18.2731,-22.8213,-21.8262,-18.7311
RA,E,Vertical_Carnaby_1080x1920_5994.y4m,v15.0.0,-18.5952,-22.0377,-21.6214,-18.9335,-23.2874,-18.9846,-24.3264,-23.2689,-18.0953,-21.0188,-18.2819,-22.3169,-21.7318,-18.7115
RA,E,WalkingInStreet_1920x1080_30fps.y4m,v02.0.0,-1.7596,-4.7548,-16.3942,-2.4024,-0.7888,-1.2497,-2.6203,-2.6937,-1.5934,-3.8912,-1.9887,-4.943,-16.6484,-2.4035
RA,E,WalkingInStreet_1920x1080_30fps.y4m,v03.0.0,-7.4691,-10.6778,-16.3702,-7.9311,-6.136,-6.5499,-12.6637,-11.9441,-6.5716,-9.1082,-7.7882,-11.1297,-16.5748,-8.1841
RA,E,WalkingInStreet_1920x1080_30fps.y4m,v04.0.0,-12.3894,-17.1654,-27.0747,-13.1441,-11.2477,-11.788,-19.2336,-18.2385,-11.1446,-15.8832,-12.7656,-17.6791,-27.4491,-13.3806
RA,E,WalkingInStreet_1920x1080_30fps.y4m,v05.0.0,-13.9117,-21.6961,-30.3102,-14.9045,-12.7154,-13.3153,-20.7742,-19.778,-12.6031,-18.2043,-14.2808,-22.2824,-30.6564,-15.1366
RA,E,WalkingInStreet_1920x1080_30fps.y4m,v06.0.0,-14.6968,-24.855,-34.7336,-15.9669,-13.6193,-14.0465,-21.7465,-20.784,-13.3179,-20.2335,-15.0104,-25.4988,-35.1149,-16.0907
RA,E,WalkingInStreet_1920x1080_30fps.y4m,v07.0.0,-15.2825,-24.8095,-36.7097,-16.5724,-14.2839,-14.6509,-22.7658,-21.7563,-13.9671,-20.7963,-15.6148,-25.4064,-37.1718,-16.6798
RA,E,WalkingInStreet_1920x1080_30fps.y4m,v08.0.0,-16.1146,-25.7249,-38.2373,-17.4316,-15.1997,-15.4897,-23.7301,-22.707,-14.6992,-21.7108,-16.4825,-26.2741,-38.713,-17.5456
RA,E,WalkingInStreet_1920x1080_30fps.y4m,v09.0.0,-18.1213,-25.9062,-37.9403,-19.2456,-17.4722,-17.376,-25.8382,-24.8697,-16.9066,-22.572,-18.5646,-26.7122,-38.5246,-19.4845
RA,E,WalkingInStreet_1920x1080_30fps.y4m,v10.0.0,-19.1507,-26.0183,-38.9116,-20.2218,-18.2886,-18.2978,-27.079,-25.9804,-17.5983,-23.6228,-19.6251,-26.8108,-39.5196,-20.4721
RA,E,WalkingInStreet_1920x1080_30fps.y4m,v11.0.0,-20.3588,-26.7872,-38.1959,-21.3308,-19.375,-19.2531,-27.7673,-26.7776,-18.9097,-24.5508,-20.7549,-27.5956,-38.838,-21.5651
RA,E,WalkingInStreet_1920x1080_30fps.y4m,v12.0.0,-20.5575,-27.452,-37.5428,-21.523,-19.1866,-19.2393,-27.9075,-26.9478,-19.0225,-24.6075,-20.9457,-28.3251,-38.1374,-21.7759
RA,E,WalkingInStreet_1920x1080_30fps.y4m,v13.0.0,-20.5949,-26.8989,-37.4313,-21.5198,-19.6089,-19.408,-28.0162,-27.0344,-19.0729,-24.6025,-20.9873,-27.7424,-38.0449,-21.7778
RA,E,WalkingInStreet_1920x1080_30fps.y4m,v14.0.0,-20.5663,-26.9412,-37.4742,-21.4981,-19.5885,-19.4113,-27.9866,-26.9931,-19.0775,-24.6136,-20.9627,-27.7844,-38.0922,-21.7594
RA,E,WalkingInStreet_1920x1080_30fps.y4m,v15.0.0,-20.5377,-27.1244,-37.6763,-21.4896,-19.5545,-19.352,-27.944,-26.952,-19.0399,-24.6407,-20.9347,-27.9627,-38.2817,-21.7464
RA,E,WorldCup_far_1920x1080_30p.y4m,v02.0.0,-2.3967,-4.2514,-3.8943,-2.5751,-2.0166,-2.2147,-2.7467,-2.5678,-2.3346,-3.7372,-2.4732,-4.3653,-3.9043,-2.6701
RA,E,WorldCup_far_1920x1080_30p.y4m,v03.0.0,-8.2888,-8.9649,-6.7168,-8.2413,-6.7253,-7.3024,-12.1803,-10.7587,-7.3536,-8.8957,-8.3873,-9.1095,-6.6907,-8.3674
RA,E,WorldCup_far_1920x1080_30p.y4m,v04.0.0,-14.9111,-17.4987,-15.4249,-15.0767,-13.1173,-13.793,-18.3968,-17.0352,-13.4673,-16.4782,-15.0405,-17.7525,-15.4623,-15.287
RA,E,WorldCup_far_1920x1080_30p.y4m,v05.0.0,-17.2623,-20.2267,-18.3897,-17.4797,-15.1591,-16.0506,-20.1655,-18.9918,-15.7024,-19.202,-17.3984,-20.4839,-18.4103,-17.719
RA,E,WorldCup_far_1920x1080_30p.y4m,v06.0.0,-18.5205,-22.5566,-19.7635,-18.802,-16.0277,-17.0675,-21.7713,-20.5581,-16.8604,-21.0527,-18.6843,-22.8354,-19.8239,-19.1013
RA,E,WorldCup_far_1920x1080_30p.y4m,v07.0.0,-19.1875,-22.9252,-20.6407,-19.465,-16.6858,-17.7515,-22.4374,-21.1491,-17.4867,-21.7122,-19.3603,-23.2101,-20.6849,-19.7574
RA,E,WorldCup_far_1920x1080_30p.y4m,v08.0.0,-20.4114,-24.0018,-21.5031,-20.6609,-17.7049,-18.9423,-22.9567,-21.9223,-18.5686,-22.9622,-20.5981,-24.2939,-21.5608,-20.9567
RA,E,WorldCup_far_1920x1080_30p.y4m,v09.0.0,-21.5026,-23.5664,-21.7606,-21.6267,-18.866,-19.7587,-24.6465,-23.3714,-19.9315,-22.9731,-21.7405,-23.8971,-21.8891,-21.9318
RA,E,WorldCup_far_1920x1080_30p.y4m,v10.0.0,-22.9585,-25.2329,-22.4503,-23.0528,-19.5907,-20.6233,-25.5002,-24.4673,-20.8268,-24.4986,-23.199,-25.5632,-22.5834,-23.3657
RA,E,WorldCup_far_1920x1080_30p.y4m,v11.0.0,-22.8643,-25.4771,-22.8631,-23.0031,-19.2581,-20.0569,-25.4676,-24.346,-20.9162,-24.1604,-23.1406,-25.8922,-23.062,-23.3667
RA,E,WorldCup_far_1920x1080_30p.y4m,v12.0.0,-23.3067,-25.9997,-23.5087,-23.4603,-19.5085,-20.4064,-25.8943,-24.8183,-21.2991,-24.5405,-23.5871,-26.4217,-23.7182,-23.8311
RA,E,WorldCup_far_1920x1080_30p.y4m,v13.0.0,-23.1595,-25.8099,-23.1417,-23.2999,-22.0605,-20.2074,-25.8011,-24.6581,-21.1657,-24.2469,-23.4349,-26.2243,-23.3473,-23.6657
RA,E,WorldCup_far_1920x1080_30p.y4m,v14.0.0,-23.1575,-25.8494,-23.2477,-23.3061,-22.0512,-20.2493,-25.8077,-24.7107,-21.1686,-24.2341,-23.4312,-26.2621,-23.4616,-23.6698
RA,E,WorldCup_far_1920x1080_30p.y4m,v15.0.0,-23.1473,-25.8409,-23.2528,-23.2968,-22.0443,-20.2328,-25.8036,-24.702,-21.1562,-24.2181,-23.4208,-26.2506,-23.4689,-23.6604
RA,G1,MeridianRoad_3840x2160_5994_hdr10.y4m,v02.0.0,-2.0342,-11.7468,-25.2906,-4.5499,0.5061,-1.4959,-3.1371,-3.1553,-1.9882,-6.9771,-2.0841,-11.7286,-25.3154,-2.8179
RA,G1,MeridianRoad_3840x2160_5994_hdr10.y4m,v03.0.0,-17.8786,-24.6578,-37.2744,-19.5864,-13.696,-16.7788,-28.1151,-26.6887,-16.7146,-21.1853,-18.0234,-24.5884,-37.1387,-18.5734
RA,G1,MeridianRoad_3840x2160_5994_hdr10.y4m,v04.0.0,-27.1755,-32.5865,-50.8776,-29.1647,-23.2656,-26.8138,-39.3144,-37.128,-25.8962,-30.1626,-27.3501,-32.533,-50.8688,-27.9207
RA,G1,MeridianRoad_3840x2160_5994_hdr10.y4m,v05.0.0,-29.7165,-36.2862,-50.9841,-31.5582,-25.3903,-28.9602,-42.1747,-40.0756,-28.2421,-33.2971,-29.9003,-36.2954,-50.9286,-30.4808
RA,G1,MeridianRoad_3840x2160_5994_hdr10.y4m,v06.0.0,-35.7726,-43.2756,-55.3824,-37.5271,-34.175,-35.6142,-45.7645,-43.8177,-34.1716,-39.9876,-35.9897,-43.3304,-55.3767,-36.5552
RA,G1,MeridianRoad_3840x2160_5994_hdr10.y4m,v07.0.0,-36.1229,-45.5528,-55.4411,-37.8412,-34.693,-36.0602,-45.8385,-44.0101,-34.6353,-40.5964,-36.3472,-45.596,-55.4373,-36.9431
RA,G1,MeridianRoad_3840x2160_5994_hdr10.y4m,v08.0.0,-36.3081,-46.785,-54.2986,-37.9829,-34.8061,-36.1996,-46.1709,-44.2409,-34.8131,-40.87,-36.5346,-46.8561,-54.3834,-37.1478
RA,G1,MeridianRoad_3840x2160_5994_hdr10.y4m,v09.0.0,-39.9544,-46.5109,-56.8445,-41.484,-39.3325,-39.8097,-49.3939,-47.6086,-38.73,-43.4053,-40.1818,-46.5903,-56.7902,-40.6608
RA,G1,MeridianRoad_3840x2160_5994_hdr10.y4m,v10.0.0,-41.1057,-47.8028,-58.6605,-42.6583,-40.4032,-40.9318,-51.4189,-49.5872,-39.8932,-44.4316,-41.3399,-47.8876,-58.7292,-41.8206
RA,G1,MeridianRoad_3840x2160_5994_hdr10.y4m,v11.0.0,-42.5217,-49.6973,-57.6267,-44.1053,-42.6896,-42.3976,-51.9769,-50.1819,-41.5371,-45.8625,-42.8263,-49.8036,-57.6927,-43.2972
RA,G1,MeridianRoad_3840x2160_5994_hdr10.y4m,v12.0.0,-42.4781,-50.5863,-53.7408,-43.8634,-42.2795,-42.1713,-52.0541,-50.2755,-41.3363,-46.0398,-42.7807,-50.6849,-53.8391,-43.2451
RA,G1,MeridianRoad_3840x2160_5994_hdr10.y4m,v13.0.0,-42.6354,-49.4133,-54.6337,-43.9479,-41.6149,-42.3674,-52.1808,-50.2892,-41.48,-45.9091,-42.9372,-49.534,-54.7115,-43.3705
RA,G1,MeridianRoad_3840x2160_5994_hdr10.y4m,v14.0.0,-42.4296,-49.1779,-54.3018,-43.7358,-41.4687,-42.1874,-52.0411,-50.1515,-41.311,-45.6857,-42.7313,-49.2998,-54.3804,-43.1602
RA,G1,MeridianRoad_3840x2160_5994_hdr10.y4m,v15.0.0,-42.4214,-49.2243,-54.288,-43.7284,-41.4575,-42.1806,-52.084,-50.168,-41.3027,-45.7016,-42.7232,-49.3461,-54.3653,-43.1544
RA,G1,NocturneDance_3840x2160_60fps_hdr10.y4m,v02.0.0,9.1953,-18.2776,-48.7348,4.5998,4.6474,8.6421,6.4908,6.3347,7.2331,1.9893,9.6764,-18.7382,-48.4753,8.2874
RA,G1,NocturneDance_3840x2160_60fps_hdr10.y4m,v03.0.0,-10.0811,-38.7541,-52.4197,-13.5413,-9.7408,-9.7247,-14.6463,-14.0092,-10.4541,-19.5974,-10.2731,-38.9533,-52.3341,-11.9848
RA,G1,NocturneDance_3840x2160_60fps_hdr10.y4m,v04.0.0,-15.7683,-47.8797,-59.7132,-19.5701,-14.3937,-15.1639,-22.7164,-21.5473,-15.8739,-26.7155,-15.8972,-47.9948,-59.6468,-17.9312
RA,G1,NocturneDance_3840x2160_60fps_hdr10.y4m,v05.0.0,-19.1824,-58.9571,-63.6635,-23.4569,-17.9189,-18.7183,-24.7659,-23.6882,-19.499,-33.9096,-19.3402,-59.0776,-63.6034,-22.024
RA,G1,NocturneDance_3840x2160_60fps_hdr10.y4m,v06.0.0,-20.9287,-60.3902,-63.1051,-24.9402,-19.436,-20.4225,-26.8099,-25.716,-21.1063,-35.7863,-21.0859,-60.5052,-63.0735,-23.77
RA,G1,NocturneDance_3840x2160_60fps_hdr10.y4m,v07.0.0,-21.6107,-63.217,-62.996,-25.7366,-20.3253,-21.2486,-27.2159,-26.1152,-21.9443,-37.0984,-21.7828,-63.372,-63.018,-24.6151
RA,G1,NocturneDance_3840x2160_60fps_hdr10.y4m,v08.0.0,-21.936,-62.6156,-63.2792,-25.9881,-20.5664,-21.493,-27.1027,-26.1051,-22.246,-37.1422,-22.1237,-62.7323,-63.2554,-24.8919
RA,G1,NocturneDance_3840x2160_60fps_hdr10.y4m,v09.0.0,-24.3338,-61.7656,-59.9523,-27.9753,-23.1959,-23.2649,-28.7274,-27.8103,-24.3797,-37.0074,-24.7794,-61.9157,-59.9324,-27.3489
RA,G1,NocturneDance_3840x2160_60fps_hdr10.y4m,v10.0.0,-25.5264,-62.4888,-62.7456,-29.2788,-24.1225,-24.4136,-34.6387,-33.2226,-25.5342,-38.5009,-25.9883,-62.638,-62.7986,-28.5195
RA,G1,NocturneDance_3840x2160_60fps_hdr10.y4m,v11.0.0,-25.5999,-63.3576,-62.9502,-29.342,-24.3951,-24.2566,-35.5854,-34.2128,-25.568,-38.7151,-25.9493,-63.5654,-63.0113,-28.5279
RA,G1,NocturneDance_3840x2160_60fps_hdr10.y4m,v12.0.0,-24.9379,-63.7481,-63.4565,-28.7992,-23.666,-23.3515,-34.9938,-33.6391,-24.8443,-38.7185,-25.2829,-63.9059,-63.5157,-27.9293
RA,G1,NocturneDance_3840x2160_60fps_hdr10.y4m,v13.0.0,-24.957,-62.8105,-61.2922,-28.6202,-24.4117,-23.3838,-34.9931,-33.6336,-24.8416,-37.7295,-25.3059,-62.9592,-61.3273,-27.8938
RA,G1,NocturneDance_3840x2160_60fps_hdr10.y4m,v14.0.0,-24.8586,-62.8038,-61.4689,-28.5339,-24.3125,-23.2737,-34.9226,-33.5452,-24.7437,-37.6994,-25.2057,-62.9464,-61.5103,-27.7964
RA,G1,NocturneDance_3840x2160_60fps_hdr10.y4m,v15.0.0,-24.8702,-63.0511,-61.7409,-28.5734,-24.2949,-23.3063,-34.8504,-33.4897,-24.7609,-37.88,-25.2199,-63.2084,-61.7619,-27.8203
RA,G1,NocturneRoom_3840x2160_60fps_hdr10.y4m,v02.0.0,-25.5545,-26.5747,-38.6338,-27.1435,-13.05,-23.2687,4.7635,4.0182,-21.2155,-38.7416,-25.8695,-26.3272,-38.6201,-26.6847
RA,G1,NocturneRoom_3840x2160_60fps_hdr10.y4m,v03.0.0,-14.2897,-25.6181,-33.2079,-15.8206,-14.1009,-11.629,-27.2371,-25.8293,-13.2786,-23.7028,-14.521,-26.0354,-32.0338,-16.015
RA,G1,NocturneRoom_3840x2160_60fps_hdr10.y4m,v04.0.0,-17.2062,-33.0821,-45.7937,-19.5146,-17.0417,-14.735,-33.8392,-31.562,-16.3309,-28.3957,-17.4621,-33.4226,-46.249,-19.6645
RA,G1,NocturneRoom_3840x2160_60fps_hdr10.y4m,v05.0.0,-18.9181,-37.1433,-49.4094,-21.4368,-16.7534,-15.9678,-35.402,-32.989,-17.908,-38.8277,-19.2047,-37.5721,-49.3106,-21.7087
RA,G1,NocturneRoom_3840x2160_60fps_hdr10.y4m,v06.0.0,-23.4117,-42.9193,-53.4189,-25.9039,-20.9633,-19.0661,-39.0083,-36.6943,-21.5778,-45.209,-23.5367,-43.4012,-53.9749,-26.0685
RA,G1,NocturneRoom_3840x2160_60fps_hdr10.y4m,v07.0.0,-24.6161,-47.7973,-57.0474,-27.4226,-22.3342,-20.4535,-40.4177,-38.1683,-23.0262,-49.6474,-24.7332,-48.3489,-57.1473,-27.594
RA,G1,NocturneRoom_3840x2160_60fps_hdr10.y4m,v08.0.0,-25.066,-47.765,-56.9483,-27.9204,-22.4029,-20.9082,-39.3852,-37.0244,-23.4748,-46.8814,-25.2128,-48.3517,-57.2211,-28.0426
RA,G1,NocturneRoom_3840x2160_60fps_hdr10.y4m,v09.0.0,-29.5056,-48.215,-59.9365,-32.0775,-28.1417,-25.4304,-44.9699,-42.3414,-27.8734,-53.3067,-30.2209,-49.1628,-60.6672,-32.6808
RA,G1,NocturneRoom_3840x2160_60fps_hdr10.y4m,v10.0.0,-30.2729,-48.0562,-60.4746,-32.7978,-28.8334,-25.828,-48.4532,-45.5768,-28.718,-53.2174,-31.0033,-48.8939,-60.4394,-33.3768
RA,G1,NocturneRoom_3840x2160_60fps_hdr10.y4m,v11.0.0,-30.3172,-52.0137,-65.7951,-33.1525,-29.4217,-26.1075,-48.9703,-46.1255,-28.8543,-56.4873,-31.1131,-53.0143,-65.7848,-33.7978
RA,G1,NocturneRoom_3840x2160_60fps_hdr10.y4m,v12.0.0,-30.7668,-53.9429,-65.985,-33.7338,-29.0505,-26.3027,-49.5893,-46.5169,-29.4701,-58.99,-31.4553,-54.9345,-66.093,-34.3378
RA,G1,NocturneRoom_3840x2160_60fps_hdr10.y4m,v13.0.0,-30.6605,-53.7316,-61.3747,-33.3629,-22.7956,-26.1597,-49.9003,-46.9164,-29.2812,-56.7169,-31.3869,-54.7939,-62.2715,-34.1549
RA,G1,NocturneRoom_3840x2160_60fps_hdr10.y4m,v14.0.0,-30.3042,-53.427,-60.8018,-32.9907,-22.6493,-25.927,-49.4405,-46.5122,-28.9811,-56.3663,-31.0245,-54.498,-61.6955,-33.7845
RA,G1,NocturneRoom_3840x2160_60fps_hdr10.y4m,v15.0.0,-30.2975,-53.6575,-60.5727,-32.9855,-22.6525,-25.9124,-49.8465,-46.7356,-28.9762,-56.156,-30.9868,-54.7405,-61.2384,-33.7605
RA,G1,SparksWelding_4096x2160_5994_hdr10.y4m,v02.0.0,-6.3989,-17.2395,-22.9628,-7.6957,-6.9919,-7.9824,-12.1085,-11.9766,-7.3993,-8.6565,-5.9203,-18.0971,-25.1786,-6.5898
RA,G1,SparksWelding_4096x2160_5994_hdr10.y4m,v03.0.0,-15.7085,-31.2138,-31.4554,-16.9388,-11.1117,-13.4077,-14.6503,-14.6474,-14.4429,-17.6095,-15.8705,-31.937,-32.6287,-16.6733
RA,G1,SparksWelding_4096x2160_5994_hdr10.y4m,v04.0.0,-21.0425,-43.4422,-41.8802,-22.7735,-15.7528,-19.0131,-21.4423,-21.247,-19.9611,-25.5527,-21.2504,-44.1694,-43.0265,-22.5545
RA,G1,SparksWelding_4096x2160_5994_hdr10.y4m,v05.0.0,-22.257,-45.002,-46.0437,-24.1227,-16.5947,-20.1605,-22.723,-22.4349,-21.0797,-28.0402,-22.4689,-45.6841,-47.1429,-23.8273
RA,G1,SparksWelding_4096x2160_5994_hdr10.y4m,v06.0.0,-24.8131,-51.9731,-53.7485,-27.1474,-19.0405,-22.8297,-25.718,-25.44,-23.7178,-32.2856,-25.0085,-53.0356,-55.1536,-26.5939
RA,G1,SparksWelding_4096x2160_5994_hdr10.y4m,v07.0.0,-26.0232,-59.2073,-58.9377,-28.8687,-20.1686,-23.7876,-27.8129,-27.4711,-25.154,-35.5812,-26.2254,-60.4239,-60.3549,-28.1725
RA,G1,SparksWelding_4096x2160_5994_hdr10.y4m,v08.0.0,-26.3434,-60.2894,-58.7069,-29.2133,-20.2062,-23.9965,-27.532,-27.2208,-25.4679,-36.04,-26.5714,-61.457,-59.7606,-28.5406
RA,G1,SparksWelding_4096x2160_5994_hdr10.y4m,v09.0.0,-28.7454,-58.2096,-59.7124,-31.3464,-22.859,-26.2114,-30.5055,-30.2226,-27.7139,-35.5482,-29.3336,-59.496,-61.1014,-31.1222
RA,G1,SparksWelding_4096x2160_5994_hdr10.y4m,v10.0.0,-29.3899,-60.2015,-61.2876,-32.1318,-22.8668,-26.7329,-31.9948,-31.6609,-28.2704,-37.0083,-29.9893,-61.5944,-62.7016,-31.8248
RA,G1,SparksWelding_4096x2160_5994_hdr10.y4m,v11.0.0,-28.8228,-60.0842,-61.6087,-31.6425,-22.4359,-26.0575,-31.7374,-31.4253,-27.7952,-37.1354,-29.109,-61.4179,-62.9546,-30.9841
RA,G1,SparksWelding_4096x2160_5994_hdr10.y4m,v12.0.0,-28.6585,-60.4598,-61.3879,-31.5067,-22.5387,-25.9498,-31.9629,-31.585,-27.6161,-37.0772,-28.9247,-61.7848,-62.7834,-30.8117
RA,G1,SparksWelding_4096x2160_5994_hdr10.y4m,v13.0.0,-28.6689,-59.6581,-61.2689,-31.4533,-30.9107,-25.9456,-31.8282,-31.4893,-27.6104,-36.8521,-28.9232,-61.0257,-62.6578,-30.771
RA,G1,SparksWelding_4096x2160_5994_hdr10.y4m,v14.0.0,-28.6502,-59.6605,-61.2164,-31.4292,-30.8971,-25.9207,-31.7892,-31.4515,-27.5929,-36.8237,-28.905,-61.036,-62.6176,-30.7526
RA,G1,SparksWelding_4096x2160_5994_hdr10.y4m,v15.0.0,-28.6435,-59.7053,-61.2021,-31.4258,-30.8879,-25.9114,-31.7797,-31.4158,-27.5844,-36.6573,-28.8951,-61.0855,-62.6104,-30.7427
RA,G2,CosmosCaterpillar_2048x858p24_hdr10.y4m,v02.0.0,-2.4401,-3.9908,-2.5278,-2.5559,-1.4515,-1.6277,-2.8481,-2.7095,-1.9524,-2.178,-2.4823,-4.0254,-2.5465,-2.6011
RA,G2,CosmosCaterpillar_2048x858p24_hdr10.y4m,v03.0.0,-12.1737,-9.3164,-8.3958,-11.6923,-11.1053,-11.1703,-16.9282,-15.6855,-10.9383,-9.8952,-12.241,-9.4055,-8.4317,-11.6188
RA,G2,CosmosCaterpillar_2048x858p24_hdr10.y4m,v04.0.0,-18.6023,-19.2423,-18.011,-18.607,-17.6546,-17.7162,-25.9709,-24.1163,-17.5859,-17.4896,-18.6959,-19.3137,-18.1308,-18.6699
RA,G2,CosmosCaterpillar_2048x858p24_hdr10.y4m,v05.0.0,-20.536,-21.3537,-20.3591,-20.589,-19.5819,-19.6727,-28.852,-26.9236,-19.517,-19.6044,-20.6583,-21.4532,-20.5224,-20.6874
RA,G2,CosmosCaterpillar_2048x858p24_hdr10.y4m,v06.0.0,-23.272,-23.5332,-23.3004,-23.2997,-21.9804,-22.1677,-31.2027,-29.3441,-22.0827,-22.4032,-23.3803,-23.6443,-23.4245,-23.3794
RA,G2,CosmosCaterpillar_2048x858p24_hdr10.y4m,v07.0.0,-24.1314,-24.5475,-23.8525,-24.1449,-23.005,-23.1992,-32.0245,-30.1459,-22.8888,-23.2809,-24.3013,-24.6439,-23.9675,-24.2791
RA,G2,CosmosCaterpillar_2048x858p24_hdr10.y4m,v08.0.0,-24.3123,-24.6788,-24.3462,-24.3444,-23.235,-23.3392,-32.0266,-30.2383,-23.16,-23.4638,-24.4499,-24.756,-24.4394,-24.4541
RA,G2,CosmosCaterpillar_2048x858p24_hdr10.y4m,v09.0.0,-26.7357,-23.9637,-22.7672,-26.2482,-25.0264,-25.1831,-34.0703,-32.3839,-25.2863,-23.8077,-27.09,-24.2337,-23.1103,-26.437
RA,G2,CosmosCaterpillar_2048x858p24_hdr10.y4m,v10.0.0,-27.9465,-24.7188,-23.7101,-27.4094,-26.1107,-26.2405,-35.6093,-33.9309,-26.1368,-24.6285,-28.2879,-24.9819,-24.0709,-27.5638
RA,G2,CosmosCaterpillar_2048x858p24_hdr10.y4m,v11.0.0,-28.7211,-24.644,-23.6728,-28.0636,-26.5437,-26.6133,-35.7875,-34.2008,-26.9996,-24.7999,-29.0516,-24.8556,-23.9928,-28.1537
RA,G2,CosmosCaterpillar_2048x858p24_hdr10.y4m,v12.0.0,-28.6303,-24.9727,-24.5287,-28.0724,-26.2717,-26.3487,-35.8303,-34.252,-26.9061,-24.9742,-28.9475,-25.1764,-24.7639,-28.177
RA,G2,CosmosCaterpillar_2048x858p24_hdr10.y4m,v13.0.0,-28.9338,-25.6998,-24.3243,-28.3681,-30.5818,-26.7009,-36.2978,-34.6575,-27.1619,-25.3512,-29.254,-25.9305,-24.5644,-28.4736
RA,G2,CosmosCaterpillar_2048x858p24_hdr10.y4m,v14.0.0,-28.562,-25.4432,-24.1091,-28.0158,-30.2587,-26.3536,-35.6629,-34.0329,-26.8572,-25.0455,-28.9004,-25.6872,-24.3656,-28.1445
RA,G2,CosmosCaterpillar_2048x858p24_hdr10.y4m,v15.0.0,-28.5653,-25.3547,-24.0924,-28.0114,-30.261,-26.356,-35.6561,-34.0328,-26.8542,-25.0358,-28.9014,-25.5856,-24.3423,-28.1363
RA,G2,CosmosTreeTrunk_2048x858p24_hdr10.y4m,v02.0.0,1.5756,-2.1118,-10.7323,0.8327,1.125,0.9983,-2.8813,-2.7268,0.4172,6.2804,2.0309,-3.937,-13.0034,1.7423
RA,G2,CosmosTreeTrunk_2048x858p24_hdr10.y4m,v03.0.0,-7.2653,-15.633,-33.3921,-8.9514,-6.5781,-6.9972,-13.1865,-12.126,-6.2832,-10.2449,-7.429,-16.5979,-34.8507,-8.1192
RA,G2,CosmosTreeTrunk_2048x858p24_hdr10.y4m,v04.0.0,-11.3192,-31.8559,-44.8199,-14.145,-10.6626,-11.1607,-19.0659,-17.6748,-10.3381,-17.8564,-11.4471,-32.8776,-46.1447,-12.6564
RA,G2,CosmosTreeTrunk_2048x858p24_hdr10.y4m,v05.0.0,-12.7863,-36.9426,-47.7534,-15.9578,-11.9188,-12.4539,-20.1697,-18.8579,-11.7513,-21.0847,-12.9564,-37.9805,-49.1017,-14.3337
RA,G2,CosmosTreeTrunk_2048x858p24_hdr10.y4m,v06.0.0,-14.9857,-40.1331,-49.077,-18.1226,-13.953,-14.619,-21.9028,-20.9898,-13.7312,-24.4879,-15.1099,-40.9074,-50.2357,-16.4733
RA,G2,CosmosTreeTrunk_2048x858p24_hdr10.y4m,v07.0.0,-15.6325,-46.5015,-53.7056,-19.3435,-14.6484,-15.2895,-22.4223,-21.5008,-14.6049,-27.5085,-15.783,-46.9124,-54.785,-17.3372
RA,G2,CosmosTreeTrunk_2048x858p24_hdr10.y4m,v08.0.0,-16.4923,-47.4123,-55.4981,-20.3047,-15.6618,-16.2566,-22.3374,-21.3973,-15.4541,-28.394,-16.6808,-47.9237,-56.7325,-18.2671
RA,G2,CosmosTreeTrunk_2048x858p24_hdr10.y4m,v09.0.0,-19.833,-47.0524,-53.7316,-23.1069,-18.513,-19.1382,-26.5134,-25.6963,-19.021,-29.0632,-20.3835,-47.7782,-54.936,-21.7679
RA,G2,CosmosTreeTrunk_2048x858p24_hdr10.y4m,v10.0.0,-20.8322,-47.1811,-53.6642,-24.0177,-19.0618,-19.7908,-29.4134,-28.2763,-19.569,-29.1962,-21.4126,-47.9204,-54.9345,-22.7661
RA,G2,CosmosTreeTrunk_2048x858p24_hdr10.y4m,v11.0.0,-21.4249,-47.4509,-56.0959,-24.6932,-20.2119,-20.8783,-30.094,-29.021,-20.6677,-31.5802,-21.848,-48.1518,-57.3211,-23.2242
RA,G2,CosmosTreeTrunk_2048x858p24_hdr10.y4m,v12.0.0,-21.6118,-48.4259,-55.7607,-24.8948,-20.1245,-20.8457,-30.0547,-29.0571,-20.7325,-31.377,-22.0355,-49.107,-56.9625,-23.4319
RA,G2,CosmosTreeTrunk_2048x858p24_hdr10.y4m,v13.0.0,-21.7995,-48.1889,-54.0052,-24.9413,-21.6489,-21.1318,-30.0723,-29.0138,-20.9273,-32.0774,-22.2381,-49.009,-55.2918,-23.6012
RA,G2,CosmosTreeTrunk_2048x858p24_hdr10.y4m,v14.0.0,-21.6848,-47.8824,-53.7922,-24.8094,-21.5561,-21.0009,-30.0235,-28.9553,-20.8199,-31.8534,-22.1207,-48.7175,-55.096,-23.4781
RA,G2,CosmosTreeTrunk_2048x858p24_hdr10.y4m,v15.0.0,-21.6808,-47.8942,-53.9598,-24.8162,-21.5494,-21.0191,-30.1356,-29.0463,-20.8381,-31.9261,-22.1151,-48.7041,-55.2218,-23.472
RA,G2,MeridianShore_1920x1080_5994_hdr10.y4m,v02.0.0,-2.0854,-51.2349,-59.9434,-8.1409,-2.2423,-2.2531,-0.7076,-0.932,-2.8145,-15.7637,-2.1528,-51.2256,-59.6344,-3.0918
RA,G2,MeridianShore_1920x1080_5994_hdr10.y4m,v03.0.0,-10.2462,-55.2016,-60.9314,-15.517,-9.7389,-10.1193,-14.4454,-13.8835,-10.2196,-21.0679,-10.3346,-55.0955,-60.5523,-11.2069
RA,G2,MeridianShore_1920x1080_5994_hdr10.y4m,v04.0.0,-14.4157,-60.4477,-68.2175,-20.2358,-14.3223,-14.7222,-21.1414,-20.3542,-14.2704,-27.4911,-14.4786,-60.3786,-68.0147,-15.4528
RA,G2,MeridianShore_1920x1080_5994_hdr10.y4m,v05.0.0,-15.2328,-63.7017,-69.3784,-21.2566,-14.815,-15.1441,-22.5433,-21.8041,-15.0469,-29.2542,-15.3056,-63.6993,-68.9858,-16.3333
RA,G2,MeridianShore_1920x1080_5994_hdr10.y4m,v06.0.0,-18.0954,-67.9218,-74.4228,-24.4276,-17.3856,-17.9145,-25.7756,-24.9073,-17.7204,-32.7653,-18.2017,-67.899,-74.3526,-19.2781
RA,G2,MeridianShore_1920x1080_5994_hdr10.y4m,v07.0.0,-19.0768,-64.1548,-67.0659,-24.469,-18.1899,-18.7468,-26.9127,-26.0959,-18.7758,-32.4569,-19.201,-64.1755,-66.8321,-20.1916
RA,G2,MeridianShore_1920x1080_5994_hdr10.y4m,v08.0.0,-19.9336,-64.9456,-65.6834,-25.2389,-18.8742,-19.5533,-26.941,-26.2456,-19.4574,-32.6278,-20.0512,-64.9688,-65.4275,-21.0222
RA,G2,MeridianShore_1920x1080_5994_hdr10.y4m,v09.0.0,-22.3581,-66.5891,-71.2728,-27.8377,-20.6969,-21.1845,-29.6312,-28.7993,-22.374,-34.8668,-22.6478,-66.621,-71.2371,-23.6048
RA,G2,MeridianShore_1920x1080_5994_hdr10.y4m,v10.0.0,-23.0777,-65.8804,-72.1529,-28.5245,-21.2195,-21.8221,-31.1716,-29.9541,-22.9843,-34.7592,-23.3699,-65.9193,-72.0757,-24.3106
RA,G2,MeridianShore_1920x1080_5994_hdr10.y4m,v11.0.0,-23.7279,-63.4552,-70.8054,-28.8559,-21.1042,-21.7618,-30.9319,-29.7078,-23.8586,-35.1538,-24.1315,-63.4291,-70.7822,-25.0294
RA,G2,MeridianShore_1920x1080_5994_hdr10.y4m,v12.0.0,-24.0564,-67.4252,-70.5857,-29.2861,-21.3739,-22.0833,-31.7761,-30.5698,-24.1662,-35.9671,-24.4467,-67.4864,-70.5763,-25.3696
RA,G2,MeridianShore_1920x1080_5994_hdr10.y4m,v13.0.0,-24.2033,-65.2477,-65.9376,-29.0113,-22.7075,-22.2287,-32.1649,-30.7083,-24.2845,-34.7512,-24.5976,-65.2857,-65.8387,-25.4602
RA,G2,MeridianShore_1920x1080_5994_hdr10.y4m,v14.0.0,-23.7876,-65.017,-65.4956,-28.5929,-22.3862,-21.8282,-31.5808,-30.1365,-23.9067,-34.325,-24.1799,-65.0563,-65.3944,-25.0426
RA,G2,MeridianShore_1920x1080_5994_hdr10.y4m,v15.0.0,-23.7821,-64.99,-65.5308,-28.5931,-22.3822,-21.8364,-31.6136,-30.1622,-23.9123,-34.334,-24.1743,-65.0287,-65.4294,-25.0374
RA,G2,MeridianTalk_1920x1080_5994_hdr10.y4m,v02.0.0,-5.0078,-20.7919,-32.856,-7.7667,-4.5595,-4.7583,-5.8603,-5.8659,-5.4725,-10.9366,-5.0118,-20.7508,-32.7297,-5.8127
RA,G2,MeridianTalk_1920x1080_5994_hdr10.y4m,v03.0.0,-20.6909,-36.3142,-43.5008,-23.1559,-17.982,-19.2498,-28.4839,-26.6469,-19.8809,-26.8085,-20.7201,-36.1859,-43.4234,-21.4755
RA,G2,MeridianTalk_1920x1080_5994_hdr10.y4m,v04.0.0,-25.1693,-43.017,-52.3517,-28.0471,-22.2652,-23.6616,-34.9043,-31.9037,-24.2815,-32.697,-25.1943,-42.9553,-52.1241,-26.08
RA,G2,MeridianTalk_1920x1080_5994_hdr10.y4m,v05.0.0,-27.1384,-44.8164,-54.8343,-30.0856,-23.8624,-25.291,-35.861,-33.5469,-26.1355,-35.1623,-27.1494,-44.7464,-54.5389,-28.0346
RA,G2,MeridianTalk_1920x1080_5994_hdr10.y4m,v06.0.0,-30.747,-48.0112,-56.5038,-33.4208,-27.0828,-28.6764,-39.5514,-36.9715,-29.5314,-38.3188,-30.7802,-47.99,-56.367,-31.6175
RA,G2,MeridianTalk_1920x1080_5994_hdr10.y4m,v07.0.0,-31.3277,-50.2293,-51.2797,-33.7842,-27.7208,-29.3247,-38.6388,-36.6223,-30.1328,-38.9928,-31.3607,-50.1701,-51.2215,-32.2011
RA,G2,MeridianTalk_1920x1080_5994_hdr10.y4m,v08.0.0,-31.9532,-51.6653,-52.6193,-34.4969,-28.331,-30.0413,-39.0124,-37.1252,-30.7278,-40.2537,-31.9939,-51.6408,-52.5658,-32.8583
RA,G2,MeridianTalk_1920x1080_5994_hdr10.y4m,v09.0.0,-34.4517,-49.4757,-57.0687,-36.8218,-31.153,-32.4498,-41.2841,-39.8744,-33.5073,-40.4565,-34.5355,-49.4329,-57.0228,-35.2817
RA,G2,MeridianTalk_1920x1080_5994_hdr10.y4m,v10.0.0,-35.4572,-49.2674,-53.2465,-37.4251,-31.7731,-33.2176,-42.8198,-40.6558,-34.263,-41.4698,-35.5488,-49.2326,-53.1965,-36.2168
RA,G2,MeridianTalk_1920x1080_5994_hdr10.y4m,v11.0.0,-35.5362,-51.5545,-53.4408,-37.5995,-32.2049,-33.4059,-42.6509,-40.5666,-34.4447,-42.3,-35.6665,-51.5503,-53.3748,-36.3619
RA,G2,MeridianTalk_1920x1080_5994_hdr10.y4m,v12.0.0,-36.1662,-50.6054,-55.3233,-38.248,-32.4936,-33.8656,-44.3756,-41.8768,-34.9349,-42.0224,-36.2916,-50.6036,-55.3062,-36.971
RA,G2,MeridianTalk_1920x1080_5994_hdr10.y4m,v13.0.0,-36.1893,-49.8451,-47.5878,-37.6675,-37.0939,-33.9882,-42.9342,-40.7561,-34.9155,-41.7333,-36.3193,-49.8245,-47.3774,-36.8783
RA,G2,MeridianTalk_1920x1080_5994_hdr10.y4m,v14.0.0,-35.2372,-49.1744,-46.7987,-36.7406,-36.3014,-33.125,-41.903,-39.7035,-34.0729,-40.8362,-35.3685,-49.154,-46.5516,-35.934
RA,G2,MeridianTalk_1920x1080_5994_hdr10.y4m,v15.0.0,-35.228,-49.2018,-46.8192,-36.7369,-36.287,-33.1059,-41.8645,-39.6972,-34.0624,-40.8595,-35.3594,-49.1816,-46.5715,-35.9271
RA,G2,SolLevanteDragons_1920x1080p24_hdr10.y4m,v02.0.0,-1.7051,-4.3143,-4.3047,-2.0635,-2.0688,-1.9022,-4.8996,-4.6664,-2.3318,-2.3913,-2.0516,-4.3999,-3.975,-2.456
RA,G2,SolLevanteDragons_1920x1080p24_hdr10.y4m,v03.0.0,-9.6247,-12.9262,-12.669,-10.064,-11.3366,-10.8515,-9.1626,-9.2604,-10.2995,-10.8714,-10.1384,-13.0731,-12.2913,-10.6082
RA,G2,SolLevanteDragons_1920x1080p24_hdr10.y4m,v04.0.0,-12.7561,-20.9792,-20.3911,-13.8827,-14.7114,-14.1142,-13.9067,-13.9994,-14.2733,-15.933,-13.5886,-21.1238,-19.9903,-14.9432
RA,G2,SolLevanteDragons_1920x1080p24_hdr10.y4m,v05.0.0,-15.7498,-23.0212,-22.5224,-16.7374,-17.1514,-16.7634,-16.5425,-16.6761,-16.8735,-18.426,-16.1791,-23.2648,-22.3262,-17.4683
RA,G2,SolLevanteDragons_1920x1080p24_hdr10.y4m,v06.0.0,-17.9126,-27.2147,-28.955,-19.3643,-19.3992,-18.9934,-19.2865,-19.415,-19.4577,-22.9066,-18.3067,-27.3181,-28.5494,-20.1928
RA,G2,SolLevanteDragons_1920x1080p24_hdr10.y4m,v07.0.0,-20.2036,-36.5707,-42.1659,-23.076,-21.9339,-21.5075,-21.948,-22.0677,-23.2636,-29.1277,-20.4804,-36.6348,-41.0425,-24.0313
RA,G2,SolLevanteDragons_1920x1080p24_hdr10.y4m,v08.0.0,-20.4683,-36.9131,-43.7211,-23.462,-22.3473,-21.8884,-21.2126,-21.3565,-23.6575,-29.6709,-20.8262,-37.0054,-42.8021,-24.4959
RA,G2,SolLevanteDragons_1920x1080p24_hdr10.y4m,v09.0.0,-23.4992,-39.9951,-46.1926,-26.4663,-25.3277,-24.8344,-24.6747,-24.71,-26.6751,-32.4182,-23.9954,-40.4697,-45.5153,-27.6668
RA,G2,SolLevanteDragons_1920x1080p24_hdr10.y4m,v10.0.0,-24.212,-39.206,-46.3577,-27.0122,-26.0995,-25.6535,-24.5624,-24.7095,-27.2414,-32.5895,-24.708,-39.6986,-45.7734,-28.1684
RA,G2,SolLevanteDragons_1920x1080p24_hdr10.y4m,v11.0.0,-25.231,-44.3107,-53.3495,-28.9145,-26.9303,-26.5283,-26.9574,-27.0827,-28.9629,-36.1257,-25.4115,-44.6307,-52.0606,-29.8391
RA,G2,SolLevanteDragons_1920x1080p24_hdr10.y4m,v12.0.0,-25.2661,-44.3259,-53.1665,-28.9268,-26.8579,-26.4885,-26.6768,-26.7984,-28.9571,-36.193,-25.5026,-44.6024,-51.7765,-29.8873
RA,G2,SolLevanteDragons_1920x1080p24_hdr10.y4m,v13.0.0,-25.638,-44.4003,-53.0051,-29.2358,-34.8326,-26.823,-26.6964,-26.8474,-29.2233,-36.3032,-25.8277,-44.5581,-51.6051,-30.1384
RA,G2,SolLevanteDragons_1920x1080p24_hdr10.y4m,v14.0.0,-25.4882,-44.1607,-52.6763,-29.0572,-34.7467,-26.682,-26.9106,-27.0467,-29.0824,-36.1184,-25.6597,-44.3116,-51.3133,-29.9482
RA,G2,SolLevanteDragons_1920x1080p24_hdr10.y4m,v15.0.0,-25.4855,-44.1597,-52.6758,-29.0549,-34.7442,-26.6785,-26.9156,-27.05,-29.0802,-36.1167,-25.6574,-44.3107,-51.3133,-29.9463
RA,G2,SolLevanteFace_1920x1080p24_hdr10.y4m,v02.0.0,-6.0875,-33.475,-34.3868,-9.0902,-7.6827,-7.1087,-8.4817,-8.2495,-6.8258,-13.8429,-5.0717,-19.6341,-27.744,-5.9552
RA,G2,SolLevanteFace_1920x1080p24_hdr10.y4m,v03.0.0,-15.2538,-26.7423,-36.7985,-16.9424,-16.2907,-15.9476,-21.0342,-20.3327,-14.9596,-22.3804,-13.8906,-24.8176,-34.1481,-14.6455
RA,G2,SolLevanteFace_1920x1080p24_hdr10.y4m,v04.0.0,-20.2722,-42.6314,-49.5004,-23.2485,-20.776,-20.8397,-27.3702,-26.6424,-19.7461,-31.2296,-18.6297,-43.2505,-44.1258,-19.9925
RA,G2,SolLevanteFace_1920x1080p24_hdr10.y4m,v05.0.0,-23.6426,-45.6403,-50.9815,-26.473,-23.3543,-23.7869,-28.8124,-28.1833,-22.591,-34.5959,-21.7662,-46.1108,-46.8659,-23.1681
RA,G2,SolLevanteFace_1920x1080p24_hdr10.y4m,v06.0.0,-26.2496,-53.5449,-62.353,-29.9523,-26.1827,-26.5074,-32.1772,-31.4925,-25.4253,-39.47,-24.1424,-51.8026,-56.1904,-25.7439
RA,G2,SolLevanteFace_1920x1080p24_hdr10.y4m,v07.0.0,-27.678,-55.2731,-66.3637,-31.6311,-27.5893,-27.9037,-33.8564,-33.1653,-26.9159,-42.5924,-25.2758,-57.3226,-63.6329,-27.1451
RA,G2,SolLevanteFace_1920x1080p24_hdr10.y4m,v08.0.0,-27.8343,-56.9127,-67.7795,-32.037,-27.5981,-27.9603,-32.7145,-32.1164,-27.106,-42.4346,-25.4683,-58.1668,-65.44,-27.3936
RA,G2,SolLevanteFace_1920x1080p24_hdr10.y4m,v09.0.0,-30.7526,-56.1233,-66.1427,-34.4724,-29.9266,-30.4278,-35.2848,-34.5992,-29.7143,-43.4853,-29.2457,-60.2668,-66.2524,-31.0975
RA,G2,SolLevanteFace_1920x1080p24_hdr10.y4m,v10.0.0,-32.1172,-55.1855,-66.5191,-35.6711,-31.2073,-31.7948,-35.623,-35.0585,-31.0209,-45.7816,-30.5097,-59.6244,-66.0936,-32.2764
RA,G2,SolLevanteFace_1920x1080p24_hdr10.y4m,v11.0.0,-31.8992,-59.6186,-70.338,-35.8854,-30.9894,-31.6427,-34.5096,-34.0531,-30.7454,-46.0466,-30.1066,-61.0193,-68.2749,-31.9306
RA,G2,SolLevanteFace_1920x1080p24_hdr10.y4m,v12.0.0,-31.9787,-62.4546,-71.2583,-36.2165,-30.9029,-31.6134,-34.4705,-34.0189,-30.8039,-46.6529,-30.2045,-62.4464,-68.6619,-32.0795
RA,G2,SolLevanteFace_1920x1080p24_hdr10.y4m,v13.0.0,-32.0252,-56.9266,-68.5409,-35.6895,-34.3455,-31.6833,-34.1985,-33.7156,-30.7601,-45.7642,-30.3428,-60.6645,-66.9788,-32.1195
RA,G2,SolLevanteFace_1920x1080p24_hdr10.y4m,v14.0.0,-31.8145,-57.602,-68.7211,-35.553,-34.2712,-31.5155,-34.1748,-33.698,-30.5819,-45.5995,-30.088,-60.8052,-67.1742,-31.8839
RA,G2,SolLevanteFace_1920x1080p24_hdr10.y4m,v15.0.0,-31.7995,-57.5536,-68.7014,-35.5396,-34.2349,-31.4805,-34.2015,-33.715,-30.5588,-45.6467,-30.049,-60.6969,-66.9702,-31.8379
RA,G2,SparksTruck_2048x1080_5994_hdr10.y4m,v02.0.0,-2.3122,-41.5694,-50.5436,-5.5607,-2.6821,-2.5395,-4.1367,-4.0079,-3.0809,-12.0462,-2.3503,-41.5793,-50.7202,-3.4046
RA,G2,SparksTruck_2048x1080_5994_hdr10.y4m,v03.0.0,-11.8774,-47.2902,-57.6506,-14.8741,-11.774,-11.9206,-21.6376,-20.4986,-12.2314,-21.301,-11.9327,-47.3013,-57.7842,-13.0132
RA,G2,SparksTruck_2048x1080_5994_hdr10.y4m,v04.0.0,-17.0898,-56.4125,-64.8023,-20.4458,-16.6151,-16.9814,-26.2659,-25.3277,-17.2091,-28.3722,-17.1437,-56.4323,-64.9138,-18.4008
RA,G2,SparksTruck_2048x1080_5994_hdr10.y4m,v05.0.0,-19.1047,-58.3698,-66.4221,-22.5265,-18.3772,-18.708,-28.5008,-27.3993,-19.1404,-30.4058,-19.1646,-58.3608,-66.5134,-20.4904
RA,G2,SparksTruck_2048x1080_5994_hdr10.y4m,v06.0.0,-21.9758,-59.7749,-70.652,-25.4006,-21.3764,-21.6062,-31.1661,-30.5762,-22.1926,-33.0985,-22.0351,-59.7806,-70.7135,-23.3769
RA,G2,SparksTruck_2048x1080_5994_hdr10.y4m,v07.0.0,-22.8336,-62.2278,-68.5912,-26.2998,-22.3929,-22.5391,-32.4727,-31.8572,-23.1018,-34.7723,-22.9008,-62.1846,-68.6792,-24.2855
RA,G2,SparksTruck_2048x1080_5994_hdr10.y4m,v08.0.0,-23.5391,-63.4169,-67.4858,-26.9437,-22.7917,-23.049,-32.8112,-32.2323,-23.7823,-35.4032,-23.6152,-63.4084,-67.5821,-24.9772
RA,G2,SparksTruck_2048x1080_5994_hdr10.y4m,v09.0.0,-25.5572,-63.377,-70.2864,-28.9175,-24.9967,-24.9582,-35.1753,-34.5733,-26.2869,-37.0475,-25.6455,-63.3668,-70.3681,-26.9529
RA,G2,SparksTruck_2048x1080_5994_hdr10.y4m,v10.0.0,-26.4032,-60.5365,-69.7141,-29.5367,-25.6304,-25.5719,-35.8826,-35.2727,-26.9093,-36.8341,-26.4918,-60.5105,-69.7972,-27.7372
RA,G2,SparksTruck_2048x1080_5994_hdr10.y4m,v11.0.0,-25.9622,-62.5596,-69.0527,-29.1749,-25.6031,-25.0795,-35.5519,-35.2113,-26.9234,-36.3753,-26.1004,-62.5621,-69.1328,-27.3566
RA,G2,SparksTruck_2048x1080_5994_hdr10.y4m,v12.0.0,-26.3384,-62.8249,-68.6296,-29.5202,-25.8884,-25.3459,-36.33,-35.7923,-27.2778,-37.2188,-26.4733,-62.8135,-68.7013,-27.7252
RA,G2,SparksTruck_2048x1080_5994_hdr10.y4m,v13.0.0,-26.3883,-62.181,-70.2713,-29.6371,-23.8288,-25.5674,-36.561,-36.1059,-27.3452,-37.7814,-26.5273,-62.1885,-70.3532,-27.7894
RA,G2,SparksTruck_2048x1080_5994_hdr10.y4m,v14.0.0,-25.9688,-61.7239,-69.9844,-29.2148,-23.4873,-25.1412,-35.9579,-35.4802,-26.9361,-37.2915,-26.1071,-61.7306,-70.0634,-27.3626
RA,G2,SparksTruck_2048x1080_5994_hdr10.y4m,v15.0.0,-25.9565,-61.789,-69.8657,-29.1989,-23.4746,-25.1181,-35.9509,-35.4447,-26.9164,-37.3185,-26.0938,-61.7976,-69.9462,-27.3479
Still,F1,animals_00.y4m,v02.0.0,-2.0283,-15.2001,-23.7721,-3.7068,-3.1935,-2.6214,-2.9732,-2.9657,-4.6621,-6.3335,-2.0283,-15.2001,-23.7721,-2.8635
Still,F1,animals_00.y4m,v03.0.0,-2.8485,-17.0582,-25.3236,-4.623,-3.0352,-3.3886,-3.7623,-3.5019,-5.4134,-7.3418,-2.8485,-17.0582,-25.3236,-3.739
Still,F1,animals_00.y4m,v04.0.0,-4.5574,-19.4488,-28.8411,-6.4672,-3.2409,-5.2266,-4.4811,-4.0401,-6.9554,-9.4072,-4.5574,-19.4488,-28.8411,-5.4851
Still,F1,animals_00.y4m,v05.0.0,-4.7045,-21.489,-30.5017,-6.7631,-3.5352,-5.3196,-5.3922,-4.671,-7.2022,-9.9037,-4.7045,-21.489,-30.5017,-5.7696
Still,F1,animals_00.y4m,v06.0.0,-5.5139,-23.2277,-31.2663,-7.6321,-4.7671,-6.3921,-6.719,-6.1686,-8.5653,-11.0083,-5.5139,-23.2277,-31.2663,-6.6611
Still,F1,animals_00.y4m,v07.0.0,-5.2946,-23.6368,-31.8857,-7.4779,-4.1675,-6.4082,-6.7173,-6.246,-8.5862,-11.038,-5.2946,-23.6368,-31.8857,-6.5163
Still,F1,animals_00.y4m,v08.0.0,-5.4587,-23.7363,-32.4265,-7.6539,-4.6194,-6.4733,-7.0623,-6.6276,-8.7096,-11.1978,-5.4587,-23.7363,-32.4265,-6.6759
Still,F1,animals_00.y4m,v09.0.0,-7.7329,-22.6315,-31.0505,-9.6051,-8.5275,-8.8954,-10.7345,-10.3214,-10.9873,-12.599,-7.7329,-22.6315,-31.0505,-8.6975
Still,F1,animals_00.y4m,v10.0.0,-7.9969,-21.9763,-30.4154,-9.7613,-8.0746,-8.9624,-11.3703,-10.4621,-10.814,-12.6809,-7.9969,-21.9763,-30.4154,-8.915
Still,F1,animals_00.y4m,v11.0.0,-7.7383,-22.0851,-31.0917,-9.5615,-7.58,-8.8117,-11.0619,-10.2986,-10.6311,-12.4697,-7.7383,-22.0851,-31.0917,-8.678
Still,F1,animals_00.y4m,v12.0.0,-7.6666,-21.8961,-30.8663,-9.4757,-7.8613,-8.6911,-10.7138,-10.1442,-10.5585,-12.3785,-7.6666,-21.8961,-30.8663,-8.5999
Still,F1,animals_00.y4m,v13.0.0,-7.6074,-22.0547,-30.89,-9.4364,-8.048,-8.5836,-10.7909,-10.1382,-10.4738,-12.3294,-7.6074,-22.0547,-30.89,-8.5519
Still,F1,animals_00.y4m,v14.0.0,-7.7151,-22.0278,-30.9352,-9.5272,-8.2267,-8.7532,-11.0666,-10.3415,-10.4877,-12.4445,-7.7151,-22.0278,-30.9352,-8.6521
Still,F1,animals_00.y4m,v15.0.0,-7.7151,-22.0278,-30.9352,-9.5272,-8.2267,-8.7532,-11.0666,-10.3415,-10.4877,-12.4445,-7.7151,-22.0278,-30.9352,-8.6521
Still,F1,animals_03.y4m,v02.0.0,-1.3789,-14.3092,-13.4302,-2.374,-2.1602,-1.1948,-1.67,-1.8656,-1.9856,-4.1366,-1.3789,-14.3092,-13.4302,-1.9041
Still,F1,animals_03.y4m,v03.0.0,-2.271,-16.9974,-16.7193,-3.4393,-3.516,-2.3108,-3.2091,-2.831,-3.0532,-5.3388,-2.271,-16.9974,-16.7193,-2.8772
Still,F1,animals_03.y4m,v04.0.0,-4.0898,-22.8504,-21.1834,-5.5415,-3.6576,-4.2151,-4.9141,-4.1327,-4.5427,-7.7806,-4.0898,-22.8504,-21.1834,-4.8344
Still,F1,animals_03.y4m,v05.0.0,-4.3133,-23.9336,-21.8456,-5.8215,-4.2281,-4.4528,-5.4545,-4.6369,-4.9029,-8.2187,-4.3133,-23.9336,-21.8456,-5.1311
Still,F1,animals_03.y4m,v06.0.0,-5.2137,-25.7377,-24.1615,-6.8247,-5.7223,-5.7108,-6.7541,-6.1736,-6.3906,-9.4272,-5.2137,-25.7377,-24.1615,-6.0963
Still,F1,animals_03.y4m,v07.0.0,-4.8585,-26.8513,-24.6719,-6.5729,-5.0318,-5.4457,-6.6555,-5.9651,-6.0473,-9.6213,-4.8585,-26.8513,-24.6719,-5.8075
Still,F1,animals_03.y4m,v08.0.0,-4.8215,-26.2565,-23.8009,-6.4839,-5.213,-5.2491,-6.6423,-6.1401,-5.9218,-9.2966,-4.8215,-26.2565,-23.8009,-5.7474
Still,F1,animals_03.y4m,v09.0.0,-8.3806,-25.6403,-23.4834,-9.7086,-9.6533,-9.0714,-11.8671,-11.0352,-9.5184,-11.8373,-8.3806,-25.6403,-23.4834,-9.0513
Still,F1,animals_03.y4m,v10.0.0,-8.5795,-25.362,-22.9474,-9.8527,-9.7093,-9.1629,-13.3052,-11.8764,-9.5797,-11.8675,-8.5795,-25.362,-22.9474,-9.2281
Still,F1,animals_03.y4m,v11.0.0,-8.2987,-25.2517,-22.5945,-9.5651,-9.8454,-9.1142,-12.7054,-11.4929,-9.5088,-11.6726,-8.2987,-25.2517,-22.5945,-8.9533
Still,F1,animals_03.y4m,v12.0.0,-8.2636,-24.8837,-22.8867,-9.5347,-9.6028,-9.0324,-12.3162,-11.2435,-9.4176,-11.6089,-8.2636,-24.8837,-22.8867,-8.9195
Still,F1,animals_03.y4m,v13.0.0,-8.1485,-25.2415,-22.6216,-9.4303,-8.4201,-8.9507,-12.3569,-11.2762,-9.3001,-11.4857,-8.1485,-25.2415,-22.6216,-8.813
Still,F1,animals_03.y4m,v14.0.0,-8.252,-25.3432,-23.2278,-9.5559,-8.516,-8.9724,-12.9654,-11.5708,-9.2904,-11.6584,-8.252,-25.3432,-23.2278,-8.9266
Still,F1,animals_03.y4m,v15.0.0,-8.252,-25.3432,-23.2278,-9.5559,-8.516,-8.9724,-12.9654,-11.5708,-9.2904,-11.6584,-8.252,-25.3432,-23.2278,-8.9266
Still,F1,animals_09.y4m,v02.0.0,-3.8052,-7.7953,-8.8438,-4.2792,-3.765,-3.6286,-5.3552,-5.308,-3.5803,-4.9369,-3.8052,-7.7953,-8.8438,-4.0772
Still,F1,animals_09.y4m,v03.0.0,-5.9135,-7.8617,-9.5253,-6.2028,-5.3701,-5.7666,-7.3191,-6.9366,-5.6898,-6.4401,-5.9135,-7.8617,-9.5253,-6.0634
Still,F1,animals_09.y4m,v04.0.0,-8.0381,-15.5232,-18.617,-8.9825,-6.1224,-7.7322,-10.6106,-9.2649,-7.7271,-9.476,-8.0381,-15.5232,-18.617,-8.5589
Still,F1,animals_09.y4m,v05.0.0,-8.6461,-16.3729,-18.1274,-9.5488,-6.9178,-8.2718,-11.3894,-10.1927,-8.332,-9.972,-8.6461,-16.3729,-18.1274,-9.1641
Still,F1,animals_09.y4m,v06.0.0,-10.1638,-18.7565,-20.4825,-11.1598,-8.7201,-9.9539,-12.2086,-11.426,-10.0421,-11.8033,-10.1638,-18.7565,-20.4825,-10.7412
Still,F1,animals_09.y4m,v07.0.0,-10.478,-22.1205,-22.3788,-11.7202,-8.6902,-10.2732,-12.7167,-12.0113,-10.4474,-12.2976,-10.478,-22.1205,-22.3788,-11.1769
Still,F1,animals_09.y4m,v08.0.0,-10.599,-20.8809,-22.4105,-11.7617,-8.4915,-10.0915,-13.4308,-12.7804,-10.3051,-12.1891,-10.599,-20.8809,-22.4105,-11.2477
Still,F1,animals_09.y4m,v09.0.0,-13.502,-20.7848,-21.3947,-14.2929,-13.485,-13.1729,-18.2833,-16.9698,-13.3869,-14.1912,-13.502,-20.7848,-21.3947,-13.9158
Still,F1,animals_09.y4m,v10.0.0,-13.9127,-19.8629,-22.03,-14.6401,-13.6305,-13.2935,-18.3098,-17.7886,-13.5372,-14.463,-13.9127,-19.8629,-22.03,-14.2833
Still,F1,animals_09.y4m,v11.0.0,-13.6374,-19.6084,-20.1484,-14.2843,-13.3508,-13.1198,-18.1172,-17.7196,-13.245,-14.3252,-13.6374,-19.6084,-20.1484,-13.9717
Still,F1,animals_09.y4m,v12.0.0,-13.4679,-19.7662,-20.3862,-14.158,-13.5684,-13.0496,-17.9794,-17.0508,-13.1873,-14.1505,-13.4679,-19.7662,-20.3862,-13.8232
Still,F1,animals_09.y4m,v13.0.0,-13.4793,-19.8545,-19.9935,-14.1586,-13.3815,-13.0456,-18.1995,-17.1834,-13.1664,-13.9171,-13.4793,-19.8545,-19.9935,-13.837
Still,F1,animals_09.y4m,v14.0.0,-13.9132,-19.9436,-20.1161,-14.5557,-13.8413,-13.3251,-18.5621,-17.9394,-13.4562,-14.3733,-13.9132,-19.9436,-20.1161,-14.2511
Still,F1,animals_09.y4m,v15.0.0,-13.9132,-19.9436,-20.1161,-14.5557,-13.8413,-13.3251,-18.5621,-17.9394,-13.4562,-14.3733,-13.9132,-19.9436,-20.1161,-14.2511
Still,F1,buildings_02.y4m,v02.0.0,-2.3244,-25.0,-27.3501,-4.761,-5.2421,-4.2182,-4.7822,-4.8982,-6.8034,-10.4565,-2.3244,-25.0,-27.3501,-3.3032
Still,F1,buildings_02.y4m,v03.0.0,-3.8361,-25.6149,-27.8847,-6.183,-7.3546,-5.7716,-5.9328,-5.9728,-8.3347,-11.3949,-3.8361,-25.6149,-27.8847,-4.8012
Still,F1,buildings_02.y4m,v04.0.0,-6.913,-33.0579,-35.3722,-9.6966,-10.3862,-9.4288,-8.9995,-8.6135,-11.6998,-15.6341,-6.913,-33.0579,-35.3722,-8.0708
Still,F1,buildings_02.y4m,v05.0.0,-10.6546,-36.5039,-37.7743,-13.3514,-14.376,-13.38,-16.3633,-15.6246,-16.3126,-19.3193,-10.6546,-36.5039,-37.7743,-11.844
Still,F1,buildings_02.y4m,v06.0.0,-11.2057,-37.6575,-39.0051,-14.0209,-14.7711,-14.2415,-16.9047,-16.1472,-17.0659,-20.1005,-11.2057,-37.6575,-39.0051,-12.4455
Still,F1,buildings_02.y4m,v07.0.0,-11.543,-38.4257,-40.5615,-14.4273,-15.6349,-15.1223,-17.567,-16.7286,-17.7746,-20.8077,-11.543,-38.4257,-40.5615,-12.8219
Still,F1,buildings_02.y4m,v08.0.0,-13.6343,-40.5092,-41.9554,-16.4912,-16.7957,-17.2002,-21.0741,-20.293,-20.4094,-22.6405,-13.6343,-40.5092,-41.9554,-14.9221
Still,F1,buildings_02.y4m,v09.0.0,-15.4078,-40.125,-41.7782,-18.0491,-17.6065,-18.3901,-23.8375,-22.928,-22.0352,-23.7702,-15.4078,-40.125,-41.7782,-16.5855
Still,F1,buildings_02.y4m,v10.0.0,-16.4884,-39.908,-41.8355,-18.9852,-17.6178,-18.9983,-25.756,-24.2223,-22.5889,-24.3616,-16.4884,-39.908,-41.8355,-17.6221
Still,F1,buildings_02.y4m,v11.0.0,-15.815,-40.8398,-42.6957,-18.5086,-17.0365,-18.5275,-25.4605,-24.0457,-22.2099,-24.237,-15.815,-40.8398,-42.6957,-17.0014
Still,F1,buildings_02.y4m,v12.0.0,-16.8907,-41.0296,-43.4651,-19.5166,-18.4763,-19.6946,-27.4096,-25.9173,-23.5231,-25.0175,-16.8907,-41.0296,-43.4651,-18.065
Still,F1,buildings_02.y4m,v13.0.0,-17.1989,-41.5746,-42.8607,-19.7833,-17.5738,-19.7414,-27.6666,-26.0663,-23.6162,-25.3728,-17.1989,-41.5746,-42.8607,-18.3549
Still,F1,buildings_02.y4m,v14.0.0,-17.4285,-41.7418,-42.8645,-19.9985,-17.7392,-19.9632,-27.9754,-26.5007,-23.7788,-25.5101,-17.4285,-41.7418,-42.8645,-18.5861
Still,F1,buildings_02.y4m,v15.0.0,-17.4285,-41.7418,-42.8645,-19.9985,-17.7392,-19.9632,-27.9754,-26.5007,-23.7788,-25.5101,-17.4285,-41.7418,-42.8645,-18.5861
Still,F1,buildings_03.y4m,v02.0.0,-1.1592,-18.4205,-21.4632,-2.8168,-2.4671,-1.6229,-1.7126,-1.6901,-3.8305,-5.5734,-1.1592,-18.4205,-21.4632,-1.8048
Still,F1,buildings_03.y4m,v03.0.0,-1.6568,-22.0385,-23.3978,-3.5112,-1.8928,-2.0071,-4.0246,-2.6539,-4.2704,-6.5545,-1.6568,-22.0385,-23.3978,-2.3875
Still,F1,buildings_03.y4m,v04.0.0,-3.8365,-30.2476,-30.7418,-6.218,-2.3259,-4.0321,-4.889,-3.2737,-6.7153,-9.5211,-3.8365,-30.2476,-30.7418,-4.7802
Still,F1,buildings_03.y4m,v05.0.0,-3.8328,-30.1963,-30.8296,-6.2185,-2.529,-3.9703,-4.7982,-3.4068,-6.8041,-9.6061,-3.8328,-30.1963,-30.8296,-4.8041
Still,F1,buildings_03.y4m,v06.0.0,-4.5307,-30.762,-32.01,-6.9961,-3.4066,-4.9726,-6.2601,-4.8728,-7.9353,-10.5433,-4.5307,-30.762,-32.01,-5.5572
Still,F1,buildings_03.y4m,v07.0.0,-4.1672,-30.9295,-32.4953,-6.616,-2.8441,-4.8626,-6.1369,-4.7862,-7.793,-10.2852,-4.1672,-30.9295,-32.4953,-5.2514
Still,F1,buildings_03.y4m,v08.0.0,-4.1396,-30.8434,-32.3,-6.6036,-2.8461,-4.9741,-6.4144,-5.0105,-7.7798,-10.2715,-4.1396,-30.8434,-32.3,-5.2139
Still,F1,buildings_03.y4m,v09.0.0,-5.8015,-29.8888,-31.4687,-8.0315,-6.4779,-7.1858,-10.7808,-9.3335,-9.991,-11.4526,-5.8015,-29.8888,-31.4687,-6.7561
Still,F1,buildings_03.y4m,v10.0.0,-6.0676,-29.7494,-30.9469,-8.2495,-5.7701,-7.1644,-10.4934,-8.99,-9.7632,-11.6033,-6.0676,-29.7494,-30.9469,-6.9958
Still,F1,buildings_03.y4m,v11.0.0,-5.6111,-30.179,-31.5272,-7.8864,-5.399,-6.8318,-10.227,-8.8594,-9.5528,-11.3005,-5.6111,-30.179,-31.5272,-6.5671
Still,F1,buildings_03.y4m,v12.0.0,-5.6027,-30.0536,-31.3186,-7.8494,-5.441,-6.713,-10.363,-8.823,-9.5163,-11.3247,-5.6027,-30.0536,-31.3186,-6.5552
Still,F1,buildings_03.y4m,v13.0.0,-5.5092,-30.084,-31.4941,-7.7733,-6.4292,-6.6496,-9.7671,-8.64,-9.4166,-11.2043,-5.5092,-30.084,-31.4941,-6.4632
Still,F1,buildings_03.y4m,v14.0.0,-5.5745,-30.2123,-31.4193,-7.829,-6.6147,-6.7522,-9.7857,-8.6429,-9.5049,-11.2644,-5.5745,-30.2123,-31.4193,-6.5279
Still,F1,buildings_03.y4m,v15.0.0,-5.5745,-30.2123,-31.4193,-7.829,-6.6147,-6.7522,-9.7857,-8.6429,-9.5049,-11.2644,-5.5745,-30.2123,-31.4193,-6.5279
Still,F1,church.y4m,v02.0.0,-4.1279,-4.0775,-3.8486,-4.1143,-2.6647,-3.8616,-4.2016,-4.1568,-3.9783,-3.8175,-4.1279,-4.0775,-3.8486,-4.0814
Still,F1,church.y4m,v03.0.0,-6.5098,-5.6216,-4.7804,-6.3793,-5.096,-6.7011,-6.3795,-6.1958,-6.5096,-5.599,-6.5098,-5.6216,-4.7804,-6.2714
Still,F1,church.y4m,v04.0.0,-10.7548,-15.3723,-15.7151,-11.2673,-8.2759,-10.6685,-10.4135,-10.0164,-11.1287,-12.2591,-10.7548,-15.3723,-15.7151,-11.6141
Still,F1,church.y4m,v05.0.0,-12.0704,-16.2947,-17.1904,-12.5684,-9.6463,-11.8015,-12.2477,-11.9238,-12.3195,-13.4575,-12.0704,-16.2947,-17.1904,-12.9286
Still,F1,church.y4m,v06.0.0,-13.5373,-18.8217,-19.3398,-14.134,-11.0094,-13.3904,-13.1123,-13.0849,-13.9169,-15.6834,-13.5373,-18.8217,-19.3398,-14.5752
Still,F1,church.y4m,v07.0.0,-14.4723,-21.3556,-22.4579,-15.2819,-11.7141,-14.3946,-13.8385,-13.9281,-15.1128,-17.6754,-14.4723,-21.3556,-22.4579,-15.8244
Still,F1,church.y4m,v08.0.0,-14.6281,-21.5899,-23.0195,-15.4614,-11.6677,-14.4169,-14.7928,-14.6853,-15.2452,-17.6606,-14.6281,-21.5899,-23.0195,-15.9986
Still,F1,church.y4m,v09.0.0,-17.173,-21.3057,-22.5994,-17.6871,-14.174,-16.8378,-18.304,-18.0019,-17.3413,-18.8217,-17.173,-21.3057,-22.5994,-17.995
Still,F1,church.y4m,v10.0.0,-17.8383,-21.8547,-22.3847,-18.3003,-14.6936,-17.2932,-20.7327,-19.7991,-17.8228,-19.2629,-17.8383,-21.8547,-22.3847,-18.587
Still,F1,church.y4m,v11.0.0,-17.4982,-21.3402,-22.3865,-17.97,-14.9615,-16.9354,-20.3425,-19.5097,-17.4792,-18.6864,-17.4982,-21.3402,-22.3865,-18.2442
Still,F1,church.y4m,v12.0.0,-17.4162,-21.367,-22.5945,-17.9129,-14.4475,-16.8936,-19.4243,-18.7305,-17.4879,-18.651,-17.4162,-21.367,-22.5945,-18.1994
Still,F1,church.y4m,v13.0.0,-17.5662,-22.7964,-23.6082,-18.1921,-18.424,-16.9916,-20.469,-19.6574,-17.8154,-19.44,-17.5662,-22.7964,-23.6082,-18.5475
Still,F1,church.y4m,v14.0.0,-17.9555,-23.1527,-23.3416,-18.5397,-18.8964,-17.4126,-21.351,-20.3041,-18.0854,-19.6346,-17.9555,-23.1527,-23.3416,-18.8907
Still,F1,church.y4m,v15.0.0,-17.9555,-23.1527,-23.3416,-18.5397,-18.8964,-17.4126,-21.351,-20.3041,-18.0854,-19.6346,-17.9555,-23.1527,-23.3416,-18.8907
Still,F1,fireworks_01.y4m,v02.0.0,-1.0465,-24.7181,-27.4602,-3.6265,-2.6788,-0.6603,-2.3149,-2.5191,-2.4612,-9.4407,-1.0465,-24.7181,-27.4602,-1.6634
Still,F1,fireworks_01.y4m,v03.0.0,-1.7983,-27.4825,-29.5253,-4.5433,-1.9339,-1.3499,-5.4485,-5.0462,-3.3397,-10.8066,-1.7983,-27.4825,-29.5253,-2.4553
Still,F1,fireworks_01.y4m,v04.0.0,-4.2077,-34.2715,-37.687,-7.5707,-2.9848,-3.7368,-6.6509,-6.1886,-5.4058,-13.5859,-4.2077,-34.2715,-37.687,-4.9909
Still,F1,fireworks_01.y4m,v05.0.0,-4.4788,-35.4957,-39.3252,-7.9903,-3.915,-3.9721,-7.3687,-6.7653,-5.8302,-14.019,-4.4788,-35.4957,-39.3252,-5.3038
Still,F1,fireworks_01.y4m,v06.0.0,-5.1434,-37.3096,-41.8665,-8.7646,-4.0978,-4.8958,-8.6221,-8.0244,-6.9664,-14.8214,-5.1434,-37.3096,-41.8665,-6.0182
Still,F1,fireworks_01.y4m,v07.0.0,-5.2622,-37.1924,-41.2613,-8.7971,-3.7573,-4.9227,-6.8981,-6.9208,-6.6918,-14.7625,-5.2622,-37.1924,-41.2613,-6.1319
Still,F1,fireworks_01.y4m,v08.0.0,-5.3896,-37.5786,-40.9324,-8.8969,-4.3023,-5.0193,-9.2186,-8.8232,-7.0131,-14.915,-5.3896,-37.5786,-40.9324,-6.2581
Still,F1,fireworks_01.y4m,v09.0.0,-8.9171,-37.3069,-39.2799,-11.9819,-11.1571,-9.4256,-13.3534,-13.2031,-11.6074,-17.7322,-8.9171,-37.3069,-39.2799,-9.6591
Still,F1,fireworks_01.y4m,v10.0.0,-9.151,-38.0181,-38.2442,-12.2247,-11.0385,-9.5018,-15.4298,-14.3695,-11.6981,-17.9134,-9.151,-38.0181,-38.2442,-9.9033
Still,F1,fireworks_01.y4m,v11.0.0,-8.6305,-39.2824,-40.9566,-11.9334,-10.9578,-9.7125,-14.7804,-14.1107,-11.8297,-18.0249,-8.6305,-39.2824,-40.9566,-9.441
Still,F1,fireworks_01.y4m,v12.0.0,-8.6147,-39.1373,-40.4355,-11.8865,-10.8579,-9.6101,-14.8478,-14.0189,-11.6421,-17.8339,-8.6147,-39.1373,-40.4355,-9.4154
Still,F1,fireworks_01.y4m,v13.0.0,-8.5908,-38.7533,-39.4579,-11.7861,-8.348,-9.6217,-14.8593,-14.3689,-11.6151,-17.7369,-8.5908,-38.7533,-39.4579,-9.3801
Still,F1,fireworks_01.y4m,v14.0.0,-8.6968,-38.9101,-39.495,-11.8863,-8.4272,-9.6865,-15.0097,-14.319,-11.6727,-17.7104,-8.6968,-38.9101,-39.495,-9.4876
Still,F1,fireworks_01.y4m,v15.0.0,-8.6968,-38.9101,-39.495,-11.8863,-8.4272,-9.6865,-15.0097,-14.319,-11.6727,-17.7104,-8.6968,-38.9101,-39.495,-9.4876
Still,F1,flowerfield.y4m,v02.0.0,-2.729,-3.2506,-3.6841,-2.7996,-1.5434,-2.097,-3.581,-3.5889,-2.5815,-2.4951,-2.729,-3.2506,-3.6841,-2.9231
Still,F1,flowerfield.y4m,v03.0.0,-3.9467,-3.1116,-2.7039,-3.8151,-2.737,-3.4177,-4.0882,-4.3616,-3.7613,-2.9916,-3.9467,-3.1116,-2.7039,-3.6239
Still,F1,flowerfield.y4m,v04.0.0,-6.1254,-7.3465,-7.8285,-6.2911,-4.0042,-5.51,-6.471,-6.6944,-6.3663,-6.1357,-6.1254,-7.3465,-7.8285,-6.5616
Still,F1,flowerfield.y4m,v05.0.0,-7.1063,-8.7634,-9.345,-7.3329,-4.5175,-6.4464,-7.0554,-7.3607,-7.2616,-7.2447,-7.1063,-8.7634,-9.345,-7.697
Still,F1,flowerfield.y4m,v06.0.0,-8.447,-9.6832,-10.354,-8.6275,-6.0176,-7.8551,-9.0967,-9.2505,-8.6868,-8.3864,-8.447,-9.6832,-10.354,-8.9233
Still,F1,flowerfield.y4m,v07.0.0,-8.5284,-9.4451,-10.318,-8.6816,-6.3057,-8.0256,-9.4201,-9.6281,-8.7396,-8.4442,-8.5284,-9.4451,-10.318,-8.9266
Still,F1,flowerfield.y4m,v08.0.0,-8.9408,-9.7151,-10.3919,-9.0655,-6.3307,-8.0961,-10.1443,-9.9465,-8.8513,-8.7372,-8.9408,-9.7151,-10.3919,-9.2654
Still,F1,flowerfield.y4m,v09.0.0,-12.0684,-9.8624,-10.8516,-11.8595,-11.6777,-11.6519,-14.4211,-14.0291,-11.9236,-10.8663,-12.0684,-9.8624,-10.8516,-11.4967
Still,F1,flowerfield.y4m,v10.0.0,-12.9735,-10.2207,-11.118,-12.6955,-12.0524,-12.1751,-16.5015,-15.5992,-12.3172,-11.5103,-12.9735,-10.2207,-11.118,-12.2213
Still,F1,flowerfield.y4m,v11.0.0,-12.6098,-9.7813,-10.2354,-12.2956,-11.527,-11.8604,-15.8333,-15.0834,-11.8722,-11.0727,-12.6098,-9.7813,-10.2354,-11.7725
Still,F1,flowerfield.y4m,v12.0.0,-12.5253,-9.5206,-10.3356,-12.2115,-11.8679,-11.9575,-15.1204,-14.7898,-11.9576,-10.9114,-12.5253,-9.5206,-10.3356,-11.6843
Still,F1,flowerfield.y4m,v13.0.0,-12.2401,-9.6263,-10.3288,-11.9682,-12.6251,-11.6833,-15.2326,-14.5535,-11.6881,-10.8212,-12.2401,-9.6263,-10.3288,-11.5121
Still,F1,flowerfield.y4m,v14.0.0,-12.2484,-9.6073,-10.3116,-11.9734,-12.6183,-11.6846,-15.2134,-14.5565,-11.683,-10.8143,-12.2484,-9.6073,-10.3116,-11.5119
Still,F1,flowerfield.y4m,v15.0.0,-12.2484,-9.6073,-10.3116,-11.9734,-12.6183,-11.6846,-15.2134,-14.5565,-11.683,-10.8143,-12.2484,-9.6073,-10.3116,-11.5119
Still,F1,flowers_08.y4m,v02.0.0,-2.036,-6.1729,-10.9337,-2.6704,-3.8248,-3.3695,-3.1404,-3.0752,-3.8403,-4.7619,-2.036,-6.1729,-10.9337,-2.5346
Still,F1,flowers_08.y4m,v03.0.0,-3.053,-7.1806,-11.4539,-3.6621,-3.7996,-4.1606,-3.9271,-3.2501,-4.5141,-5.5923,-3.053,-7.1806,-11.4539,-3.5352
Still,F1,flowers_08.y4m,v04.0.0,-4.9699,-9.7863,-16.9348,-5.7977,-4.8295,-6.4735,-4.9351,-4.3325,-6.5885,-8.2081,-4.9699,-9.7863,-16.9348,-5.5736
Still,F1,flowers_08.y4m,v05.0.0,-5.3124,-11.4904,-18.4165,-6.2661,-5.0874,-6.688,-5.588,-4.9925,-7.0089,-8.8572,-5.3124,-11.4904,-18.4165,-6.0657
Still,F1,flowers_08.y4m,v06.0.0,-6.0981,-13.0629,-19.8302,-7.123,-6.1948,-7.8177,-6.6059,-6.0868,-8.2943,-9.8431,-6.0981,-13.0629,-19.8302,-6.9449
Still,F1,flowers_08.y4m,v07.0.0,-5.7631,-13.1153,-20.1749,-6.8411,-6.0524,-7.7794,-6.9783,-6.3711,-8.1851,-9.8086,-5.7631,-13.1153,-20.1749,-6.673
Still,F1,flowers_08.y4m,v08.0.0,-6.1679,-13.3022,-20.5776,-7.2361,-6.3051,-8.3817,-8.0297,-7.168,-8.6909,-10.1147,-6.1679,-13.3022,-20.5776,-7.0652
Still,F1,flowers_08.y4m,v09.0.0,-8.3043,-12.3653,-19.7537,-9.0633,-8.9882,-10.2189,-10.7316,-9.972,-10.4965,-11.2968,-8.3043,-12.3653,-19.7537,-8.8719
Still,F1,flowers_08.y4m,v10.0.0,-8.7962,-12.1755,-18.9801,-9.4537,-8.6134,-10.4769,-11.4018,-10.2265,-10.5281,-11.5185,-8.7962,-12.1755,-18.9801,-9.3078
Still,F1,flowers_08.y4m,v11.0.0,-8.5327,-12.0096,-19.1692,-9.2187,-8.4157,-10.2481,-10.6916,-9.6704,-10.3994,-11.1788,-8.5327,-12.0096,-19.1692,-9.0695
Still,F1,flowers_08.y4m,v12.0.0,-8.5251,-11.9107,-19.2228,-9.2081,-8.6826,-10.28,-10.6502,-9.7224,-10.3765,-11.2571,-8.5251,-11.9107,-19.2228,-9.0563
Still,F1,flowers_08.y4m,v13.0.0,-8.4648,-12.0891,-19.1283,-9.1572,-9.7476,-10.087,-10.2809,-9.5713,-10.2696,-11.1334,-8.4648,-12.0891,-19.1283,-9.0024
Still,F1,flowers_08.y4m,v14.0.0,-8.5771,-12.0289,-19.122,-9.2556,-9.9115,-10.2259,-10.6619,-9.7332,-10.3595,-11.235,-8.5771,-12.0289,-19.122,-9.0997
Still,F1,flowers_08.y4m,v15.0.0,-8.5771,-12.0289,-19.122,-9.2556,-9.9115,-10.2259,-10.6619,-9.7332,-10.3595,-11.235,-8.5771,-12.0289,-19.122,-9.0997
Still,F1,flowers_12.y4m,v02.0.0,-3.055,-17.6217,-20.0997,-4.6397,-3.0855,-3.3479,-3.3665,-3.8318,-3.8203,-7.4218,-3.055,-17.6217,-20.0997,-3.7902
Still,F1,flowers_12.y4m,v03.0.0,-4.8449,-19.8828,-21.262,-6.421,-4.658,-4.9688,-5.7245,-5.6425,-6.0443,-9.0477,-4.8449,-19.8828,-21.262,-5.5954
Still,F1,flowers_12.y4m,v04.0.0,-6.939,-24.5892,-27.5287,-8.8655,-4.4607,-6.9146,-4.9505,-5.817,-7.9028,-11.9055,-6.939,-24.5892,-27.5287,-7.8455
Still,F1,flowers_12.y4m,v05.0.0,-7.2019,-25.0777,-28.5122,-9.18,-4.7836,-7.171,-5.6977,-6.5402,-8.3409,-12.3116,-7.2019,-25.0777,-28.5122,-8.1525
Still,F1,flowers_12.y4m,v06.0.0,-8.3503,-27.5802,-30.6499,-10.4668,-6.8166,-8.7356,-7.7009,-8.4183,-10.0466,-13.9574,-8.3503,-27.5802,-30.6499,-9.3792
Still,F1,flowers_12.y4m,v07.0.0,-8.0315,-27.6055,-30.7733,-10.1827,-6.5683,-8.5477,-7.6451,-8.4435,-9.8627,-13.8163,-8.0315,-27.6055,-30.7733,-9.0904
Still,F1,flowers_12.y4m,v08.0.0,-8.2587,-27.8602,-30.8525,-10.4082,-6.7961,-8.737,-10.2256,-9.7303,-10.0581,-13.9633,-8.2587,-27.8602,-30.8525,-9.316
Still,F1,flowers_12.y4m,v09.0.0,-10.8292,-27.1154,-30.1568,-12.6394,-10.5274,-11.3942,-13.3568,-13.0909,-12.5313,-15.5874,-10.8292,-27.1154,-30.1568,-11.6898
Still,F1,flowers_12.y4m,v10.0.0,-11.3377,-26.9704,-29.803,-13.0599,-10.1793,-11.8409,-14.4972,-13.8427,-12.6877,-15.8919,-11.3377,-26.9704,-29.803,-12.1699
Still,F1,flowers_12.y4m,v11.0.0,-11.1975,-27.4849,-30.4082,-12.9815,-10.2256,-11.6766,-14.066,-13.6563,-12.6293,-15.8496,-11.1975,-27.4849,-30.4082,-12.0553
Still,F1,flowers_12.y4m,v12.0.0,-11.0278,-27.2491,-29.9629,-12.793,-10.134,-11.3789,-12.3604,-12.6134,-12.3739,-15.6656,-11.0278,-27.2491,-29.9629,-11.8778
Still,F1,flowers_12.y4m,v13.0.0,-10.9531,-27.569,-30.081,-12.7496,-11.2656,-11.3604,-12.6489,-12.7306,-12.3615,-15.6537,-10.9531,-27.569,-30.081,-11.8162
Still,F1,flowers_12.y4m,v14.0.0,-11.15,-27.4695,-30.2706,-12.9282,-11.5527,-11.6415,-14.0217,-13.5732,-12.5559,-15.7971,-11.15,-27.4695,-30.2706,-12.0064
Still,F1,flowers_12.y4m,v15.0.0,-11.15,-27.4695,-30.2706,-12.9282,-11.5527,-11.6415,-14.0217,-13.5732,-12.5559,-15.7971,-11.15,-27.4695,-30.2706,-12.0064
Still,F1,food_02.y4m,v02.0.0,-5.278,-13.706,-19.8681,-6.5018,-5.5844,-4.9649,-7.2141,-7.6824,-5.293,-7.4551,-5.278,-13.706,-19.8681,-5.8296
Still,F1,food_02.y4m,v03.0.0,-7.5639,-16.33,-22.519,-8.8297,-7.9385,-6.9967,-9.1317,-9.4891,-7.662,-9.2663,-7.5639,-16.33,-22.519,-8.1358
Still,F1,food_02.y4m,v04.0.0,-10.0297,-22.6752,-32.3435,-11.9405,-8.3528,-9.245,-11.0645,-11.2034,-9.8575,-12.9825,-10.0297,-22.6752,-32.3435,-10.86
Still,F1,food_02.y4m,v05.0.0,-10.6294,-25.491,-34.2388,-12.755,-9.448,-9.7237,-11.6694,-12.0751,-10.5136,-13.8577,-10.6294,-25.491,-34.2388,-11.5756
Still,F1,food_02.y4m,v06.0.0,-11.9122,-27.138,-35.8601,-14.0819,-10.9325,-11.5125,-13.0572,-13.3993,-12.2964,-15.4942,-11.9122,-27.138,-35.8601,-12.8903
Still,F1,food_02.y4m,v07.0.0,-12.0721,-28.3088,-37.2828,-14.3829,-11.1759,-11.6194,-13.5404,-13.791,-12.5144,-15.977,-12.0721,-28.3088,-37.2828,-13.1123
Still,F1,food_02.y4m,v08.0.0,-12.6571,-29.5157,-37.7055,-14.9962,-11.1244,-11.8652,-15.3875,-15.0103,-12.6777,-16.515,-12.6571,-29.5157,-37.7055,-13.7057
Still,F1,food_02.y4m,v09.0.0,-14.8556,-28.3773,-36.6405,-16.8043,-15.6056,-14.6193,-18.8602,-18.5948,-15.7043,-17.9123,-14.8556,-28.3773,-36.6405,-15.7091
Still,F1,food_02.y4m,v10.0.0,-15.5442,-28.7274,-36.458,-17.4216,-15.1566,-14.8619,-19.9341,-19.1997,-15.8623,-18.5035,-15.5442,-28.7274,-36.458,-16.3802
Still,F1,food_02.y4m,v11.0.0,-15.4143,-28.171,-36.0027,-17.2463,-15.1301,-14.6986,-19.7748,-19.127,-15.6267,-18.2595,-15.4143,-28.171,-36.0027,-16.2321
Still,F1,food_02.y4m,v12.0.0,-15.2779,-27.5762,-36.2844,-17.104,-14.682,-14.5478,-17.4173,-17.9456,-15.6214,-18.0511,-15.2779,-27.5762,-36.2844,-16.084
Still,F1,food_02.y4m,v13.0.0,-15.2559,-28.187,-36.3772,-17.1274,-13.9447,-14.496,-17.7673,-18.1434,-15.5679,-18.1773,-15.2559,-28.187,-36.3772,-16.0836
Still,F1,food_02.y4m,v14.0.0,-15.5592,-27.8556,-36.5712,-17.3865,-14.4376,-14.8031,-20.0628,-19.498,-15.7414,-18.2333,-15.5592,-27.8556,-36.5712,-16.3697
Still,F1,food_02.y4m,v15.0.0,-15.5592,-27.8556,-36.5712,-17.3865,-14.4376,-14.8031,-20.0628,-19.498,-15.7414,-18.2333,-15.5592,-27.8556,-36.5712,-16.3697
Still,F1,fountain.y4m,v02.0.0,-3.1115,-6.4063,-7.9818,-3.5685,-4.6894,-2.8594,-4.7818,-5.1142,-3.9652,-4.2685,-3.1115,-6.4063,-7.9818,-3.4371
Still,F1,fountain.y4m,v03.0.0,-4.477,-7.7153,-9.4652,-4.9356,-6.4098,-4.255,-6.205,-6.6365,-5.5942,-5.3858,-4.477,-7.7153,-9.4652,-4.8174
Still,F1,fountain.y4m,v04.0.0,-8.1118,-20.7347,-22.9424,-9.6915,-8.9967,-8.0085,-10.3069,-10.6132,-9.8154,-11.5539,-8.1118,-20.7347,-22.9424,-9.2047
Still,F1,fountain.y4m,v05.0.0,-8.7795,-22.2161,-25.0229,-10.5039,-9.5162,-8.6491,-11.8063,-12.0015,-10.6963,-12.3925,-8.7795,-22.2161,-25.0229,-9.9838
Still,F1,fountain.y4m,v06.0.0,-9.7334,-24.6466,-28.5863,-11.7254,-10.5757,-9.8725,-12.9889,-13.2522,-12.1625,-13.8774,-9.7334,-24.6466,-28.5863,-11.1171
Still,F1,fountain.y4m,v07.0.0,-10.0828,-26.7128,-31.2441,-12.3179,-10.9033,-10.1648,-13.5025,-13.8652,-12.6676,-14.6218,-10.0828,-26.7128,-31.2441,-11.6219
Still,F1,fountain.y4m,v08.0.0,-10.5221,-28.2509,-34.1006,-12.9799,-11.2904,-10.4264,-14.5863,-14.9475,-13.1032,-15.3527,-10.5221,-28.2509,-34.1006,-12.1774
Still,F1,fountain.y4m,v09.0.0,-14.2818,-26.9904,-32.9268,-16.1134,-15.7144,-14.3159,-19.0069,-18.8799,-16.4426,-17.8999,-14.2818,-26.9904,-32.9268,-15.5114
Still,F1,fountain.y4m,v10.0.0,-15.0402,-27.3512,-33.8855,-16.8674,-15.6833,-14.9166,-21.23,-20.3973,-17.0271,-18.6848,-15.0402,-27.3512,-33.8855,-16.2779
Still,F1,fountain.y4m,v11.0.0,-14.881,-26.6894,-33.5742,-16.6664,-15.5462,-14.7807,-20.4679,-19.8818,-16.8053,-18.4481,-14.881,-26.6894,-33.5742,-16.0902
Still,F1,fountain.y4m,v12.0.0,-14.759,-25.9894,-32.398,-16.4421,-15.3525,-14.693,-20.3526,-19.718,-16.6873,-18.1558,-14.759,-25.9894,-32.398,-15.9098
Still,F1,fountain.y4m,v13.0.0,-14.7138,-26.3711,-32.6298,-16.4408,-13.3672,-14.6502,-20.5166,-19.7272,-16.6652,-18.3114,-14.7138,-26.3711,-32.6298,-15.8964
Still,F1,fountain.y4m,v14.0.0,-15.0792,-26.8384,-33.2368,-16.8263,-13.7348,-14.9503,-20.5912,-20.0333,-17.0016,-18.6747,-15.0792,-26.8384,-33.2368,-16.2751
Still,F1,fountain.y4m,v15.0.0,-15.0792,-26.8384,-33.2368,-16.8263,-13.7348,-14.9503,-20.5912,-20.0333,-17.0016,-18.6747,-15.0792,-26.8384,-33.2368,-16.2751
Still,F1,lady.y4m,v02.0.0,-3.3407,-9.1775,-5.6196,-3.9026,-1.5838,-3.4982,-3.0359,-3.1637,-4.0243,-4.2238,-3.3407,-9.1775,-5.6196,-3.6033
Still,F1,lady.y4m,v03.0.0,-4.9015,-11.36,-7.1358,-5.4913,-2.628,-5.1509,-4.8536,-5.0886,-6.0449,-5.8491,-4.9015,-11.36,-7.1358,-5.19
Still,F1,lady.y4m,v04.0.0,-7.6783,-23.1329,-16.1549,-9.2606,-3.4298,-7.8197,-6.018,-6.2348,-8.6165,-10.5783,-7.6783,-23.1329,-16.1549,-8.3577
Still,F1,lady.y4m,v05.0.0,-8.4864,-25.3762,-18.8974,-10.3022,-5.8025,-8.7704,-7.2591,-7.5822,-9.7893,-11.4822,-8.4864,-25.3762,-18.8974,-9.2564
Still,F1,lady.y4m,v06.0.0,-9.8396,-29.1136,-21.455,-11.9098,-6.4408,-10.5263,-9.1288,-9.7574,-11.8526,-13.5206,-9.8396,-29.1136,-21.455,-10.7139
Still,F1,lady.y4m,v07.0.0,-10.1962,-33.4343,-24.1604,-12.7082,-6.9045,-10.7748,-10.0779,-10.743,-12.3576,-14.8119,-10.1962,-33.4343,-24.1604,-11.2357
Still,F1,lady.y4m,v08.0.0,-10.2489,-32.3365,-26.0363,-12.7886,-6.2138,-10.657,-10.5368,-11.0649,-12.3365,-14.7024,-10.2489,-32.3365,-26.0363,-11.302
Still,F1,lady.y4m,v09.0.0,-14.1119,-30.0447,-23.265,-15.7923,-10.4522,-15.3443,-15.7474,-16.0189,-16.2683,-17.0709,-14.1119,-30.0447,-23.265,-14.8294
Still,F1,lady.y4m,v10.0.0,-14.5511,-29.3308,-22.5869,-16.062,-10.6052,-15.7695,-17.8606,-17.309,-16.5432,-16.665,-14.5511,-29.3308,-22.5869,-15.1939
Still,F1,lady.y4m,v11.0.0,-14.2623,-33.2352,-26.2959,-16.3369,-10.4466,-15.5516,-17.2396,-16.6651,-16.4208,-19.14,-14.2623,-33.2352,-26.2959,-15.1602
Still,F1,lady.y4m,v12.0.0,-14.1158,-31.2057,-23.4325,-15.8808,-10.4064,-15.124,-16.587,-16.3402,-16.0733,-18.6538,-14.1158,-31.2057,-23.4325,-14.8887
Still,F1,lady.y4m,v13.0.0,-14.2564,-32.6116,-24.2683,-16.1473,-13.5741,-15.2302,-17.114,-16.6394,-16.1877,-18.696,-14.2564,-32.6116,-24.2683,-15.0764
Still,F1,lady.y4m,v14.0.0,-14.2416,-33.6156,-24.9175,-16.247,-13.4657,-15.1966,-17.501,-16.9388,-16.2126,-18.8999,-14.2416,-33.6156,-24.9175,-15.1107
Still,F1,lady.y4m,v15.0.0,-14.2416,-33.6156,-24.9175,-16.247,-13.4657,-15.1966,-17.501,-16.9388,-16.2126,-18.8999,-14.2416,-33.6156,-24.9175,-15.1107
Still,F1,landscape_05.y4m,v02.0.0,-2.0932,-9.2009,-14.369,-3.0912,-3.65,-2.8262,-2.5384,-2.7831,-3.3712,-5.0085,-2.0932,-9.2009,-14.369,-2.777
Still,F1,landscape_05.y4m,v03.0.0,-3.4082,-10.077,-15.7875,-4.3806,-3.577,-4.0539,-4.1402,-3.861,-4.7593,-6.0151,-3.4082,-10.077,-15.7875,-4.0764
Still,F1,landscape_05.y4m,v04.0.0,-5.6327,-14.0671,-21.2366,-6.8765,-4.7054,-6.3751,-5.3532,-5.1579,-6.9566,-8.9383,-5.6327,-14.0671,-21.2366,-6.4801
Still,F1,landscape_05.y4m,v05.0.0,-5.9636,-17.0696,-23.1392,-7.4341,-5.4726,-6.6406,-5.9441,-5.7802,-7.527,-9.7845,-5.9636,-17.0696,-23.1392,-6.9822
Still,F1,landscape_05.y4m,v06.0.0,-7.1118,-18.5896,-25.3301,-8.6623,-7.3744,-8.1682,-7.7808,-7.5415,-9.0946,-11.252,-7.1118,-18.5896,-25.3301,-8.2054
Still,F1,landscape_05.y4m,v07.0.0,-6.9782,-19.3482,-26.5232,-8.6591,-7.0556,-8.1392,-8.0047,-7.9217,-9.2134,-11.4132,-6.9782,-19.3482,-26.5232,-8.1756
Still,F1,landscape_05.y4m,v08.0.0,-7.062,-19.7382,-26.8357,-8.7739,-6.7511,-8.1014,-9.0634,-8.5629,-9.2072,-11.4819,-7.062,-19.7382,-26.8357,-8.2713
Still,F1,landscape_05.y4m,v09.0.0,-9.6757,-19.0683,-26.0897,-11.0316,-10.15,-10.6659,-12.4494,-11.8167,-11.6435,-13.224,-9.6757,-19.0683,-26.0897,-10.5815
Still,F1,landscape_05.y4m,v10.0.0,-10.0894,-18.9851,-25.9147,-11.3819,-9.2434,-10.7863,-12.3819,-11.658,-11.6132,-13.4892,-10.0894,-18.9851,-25.9147,-10.9621
Still,F1,landscape_05.y4m,v11.0.0,-9.8878,-18.6319,-25.5931,-11.1674,-9.2105,-10.6251,-11.5665,-11.0544,-11.4045,-13.2636,-9.8878,-18.6319,-25.5931,-10.7583
Still,F1,landscape_05.y4m,v12.0.0,-9.8117,-18.4646,-25.6072,-11.0859,-9.185,-10.4443,-10.9393,-10.8179,-11.341,-13.175,-9.8117,-18.4646,-25.6072,-10.6785
Still,F1,landscape_05.y4m,v13.0.0,-9.7141,-18.6447,-25.8529,-11.0237,-10.0647,-10.3572,-10.8599,-10.7208,-11.238,-13.1688,-9.7141,-18.6447,-25.8529,-10.6042
Still,F1,landscape_05.y4m,v14.0.0,-9.896,-18.8302,-26.1144,-11.209,-10.3583,-10.6053,-11.5053,-11.0587,-11.4038,-13.3757,-9.896,-18.8302,-26.1144,-10.7887
Still,F1,landscape_05.y4m,v15.0.0,-9.896,-18.8302,-26.1144,-11.209,-10.3583,-10.6053,-11.5053,-11.0587,-11.4038,-13.3757,-9.896,-18.8302,-26.1144,-10.7887
Still,F1,landscape_15.y4m,v02.0.0,-1.8378,-21.7251,-23.6472,-3.9078,-3.4295,-2.7121,-1.9192,-1.9027,-3.4666,-7.1823,-1.8378,-21.7251,-23.6472,-2.5893
Still,F1,landscape_15.y4m,v03.0.0,-2.7412,-25.0726,-24.4885,-4.9505,-3.4604,-3.7819,-3.2617,-2.9759,-4.6067,-8.6966,-2.7412,-25.0726,-24.4885,-3.5489
Still,F1,landscape_15.y4m,v04.0.0,-5.0582,-32.3854,-29.435,-7.7087,-6.2478,-6.1801,-4.4121,-4.3468,-6.88,-12.3945,-5.0582,-32.3854,-29.435,-6.0264
Still,F1,landscape_15.y4m,v05.0.0,-5.3412,-34.8688,-31.3018,-8.1916,-8.3034,-6.6206,-5.0416,-4.7256,-7.289,-13.5591,-5.3412,-34.8688,-31.3018,-6.3867
Still,F1,landscape_15.y4m,v06.0.0,-6.5121,-37.3826,-32.9957,-9.4688,-9.0717,-8.1456,-6.4219,-6.3003,-8.9501,-15.1857,-6.5121,-37.3826,-32.9957,-7.6177
Still,F1,landscape_15.y4m,v07.0.0,-6.3211,-40.084,-36.4076,-9.6596,-9.4082,-8.0915,-6.6908,-6.6831,-9.1035,-16.1485,-6.3211,-40.084,-36.4076,-7.5687
Still,F1,landscape_15.y4m,v08.0.0,-6.3689,-39.604,-35.2992,-9.6282,-9.0031,-8.0726,-7.2489,-6.9894,-9.0658,-15.9194,-6.3689,-39.604,-35.2992,-7.59
Still,F1,landscape_15.y4m,v09.0.0,-8.7746,-38.5674,-34.911,-11.6986,-10.9513,-9.9538,-10.8869,-10.6735,-11.2038,-17.1873,-8.7746,-38.5674,-34.911,-9.8354
Still,F1,landscape_15.y4m,v10.0.0,-9.1831,-38.5891,-34.3015,-11.998,-11.1069,-10.1227,-11.0857,-10.6519,-11.3304,-17.3321,-9.1831,-38.5891,-34.3015,-10.2206
Still,F1,landscape_15.y4m,v11.0.0,-9.0515,-38.8602,-34.7944,-11.9211,-10.793,-10.0503,-10.6641,-10.4447,-11.2434,-17.4186,-9.0515,-38.8602,-34.7944,-10.0989
Still,F1,landscape_15.y4m,v12.0.0,-9.0427,-38.5898,-35.5598,-11.9678,-11.0452,-10.0317,-10.5403,-10.2325,-11.2118,-17.4715,-9.0427,-38.5898,-35.5598,-10.1049
Still,F1,landscape_15.y4m,v13.0.0,-8.9361,-38.791,-35.0743,-11.8367,-9.502,-9.8426,-11.1673,-10.7465,-11.0673,-17.2697,-8.9361,-38.791,-35.0743,-9.9934
Still,F1,landscape_15.y4m,v14.0.0,-8.9562,-38.851,-34.4959,-11.8224,-9.5195,-9.8331,-10.7914,-10.4417,-11.0892,-17.2752,-8.9562,-38.851,-34.4959,-10.0029
Still,F1,landscape_15.y4m,v15.0.0,-8.9562,-38.851,-34.4959,-11.8224,-9.5195,-9.8331,-10.7914,-10.4417,-11.0892,-17.2752,-8.9562,-38.851,-34.4959,-10.0029
Still,F1,landscape_16.y4m,v02.0.0,-1.4275,-20.9108,-18.468,-3.4582,-2.928,-1.6675,-1.4833,-1.4801,-1.8809,-7.2302,-1.4275,-20.9108,-18.468,-1.8927
Still,F1,landscape_16.y4m,v03.0.0,-2.8108,-23.6483,-25.4738,-4.9686,-4.3308,-2.9202,-2.9811,-2.5274,-3.294,-10.0061,-2.8108,-23.6483,-25.4738,-3.2974
Still,F1,landscape_16.y4m,v04.0.0,-4.8753,-24.4763,-28.0094,-6.9818,-5.2303,-5.0559,-5.528,-4.3679,-5.0647,-11.2899,-4.8753,-24.4763,-28.0094,-5.3618
Still,F1,landscape_16.y4m,v05.0.0,-5.1535,-24.8829,-27.6654,-7.2352,-5.4246,-5.2541,-5.6024,-4.6634,-5.3052,-11.5495,-5.1535,-24.8829,-27.6654,-5.6398
Still,F1,landscape_16.y4m,v06.0.0,-6.7004,-26.679,-30.2992,-8.9648,-7.6582,-7.1391,-7.0852,-6.4447,-7.1746,-13.8229,-6.7004,-26.679,-30.2992,-7.2158
Still,F1,landscape_16.y4m,v07.0.0,-6.3458,-23.3613,-27.0904,-8.2437,-7.1951,-6.7663,-7.5543,-6.696,-6.7993,-12.5515,-6.3458,-23.3613,-27.0904,-6.8103
Still,F1,landscape_16.y4m,v08.0.0,-6.8419,-24.4822,-28.8348,-8.8198,-6.8782,-6.5929,-7.6893,-6.8506,-6.6585,-13.0162,-6.8419,-24.4822,-28.8348,-7.2983
Still,F1,landscape_16.y4m,v09.0.0,-9.1103,-25.1014,-29.4263,-10.9338,-10.2652,-9.0798,-11.9367,-11.0175,-9.4788,-14.8804,-9.1103,-25.1014,-29.4263,-9.5046
Still,F1,landscape_16.y4m,v10.0.0,-9.6949,-25.2866,-28.713,-11.4207,-9.5647,-9.0288,-11.6882,-10.9819,-9.3245,-15.3263,-9.6949,-25.2866,-28.713,-10.0565
Still,F1,landscape_16.y4m,v11.0.0,-9.4087,-24.9687,-29.2695,-11.184,-9.6996,-8.9245,-11.4749,-10.728,-9.1322,-15.7454,-9.4087,-24.9687,-29.2695,-9.7815
Still,F1,landscape_16.y4m,v12.0.0,-8.8117,-24.7543,-29.7974,-10.6233,-9.5137,-8.5784,-11.4331,-10.5258,-9.0092,-15.1266,-8.8117,-24.7543,-29.7974,-9.1979
Still,F1,landscape_16.y4m,v13.0.0,-8.6974,-23.7058,-27.7324,-10.3682,-8.7399,-8.5529,-11.3164,-10.3709,-8.8532,-14.7635,-8.6974,-23.7058,-27.7324,-9.0672
Still,F1,landscape_16.y4m,v14.0.0,-9.4208,-23.6717,-27.6542,-11.0273,-9.5277,-8.8333,-12.0667,-10.9598,-9.1298,-15.3334,-9.4208,-23.6717,-27.6542,-9.7712
Still,F1,landscape_16.y4m,v15.0.0,-9.4208,-23.6717,-27.6542,-11.0273,-9.5277,-8.8333,-12.0667,-10.9598,-9.1298,-15.3334,-9.4208,-23.6717,-27.6542,-9.7712
Still,F1,landscape_18.y4m,v02.0.0,-1.0505,-26.987,-37.5159,-4.2262,-2.4212,-1.6136,-1.9731,-1.5876,-3.1715,-8.5512,-1.0505,-26.987,-37.5159,-1.8739
Still,F1,landscape_18.y4m,v03.0.0,-1.8802,-31.7622,-39.1013,-5.2592,-3.3776,-2.5782,-3.4163,-2.5137,-4.0992,-10.0657,-1.8802,-31.7622,-39.1013,-2.7577
Still,F1,landscape_18.y4m,v04.0.0,-4.2946,-39.3586,-45.4932,-8.2144,-5.7612,-4.9986,-4.5518,-3.7261,-6.5419,-13.3607,-4.2946,-39.3586,-45.4932,-5.2969
Still,F1,landscape_18.y4m,v05.0.0,-4.5285,-41.6252,-46.9406,-8.6393,-8.2533,-5.3925,-5.0243,-3.8757,-6.8429,-14.4163,-4.5285,-41.6252,-46.9406,-5.5939
Still,F1,landscape_18.y4m,v06.0.0,-5.4856,-45.3962,-48.4845,-9.8625,-9.3943,-6.6028,-5.7554,-4.9568,-8.3309,-15.9673,-5.4856,-45.3962,-48.4845,-6.6175
Still,F1,landscape_18.y4m,v07.0.0,-5.6493,-46.8341,-50.2982,-10.1867,-10.8583,-7.0278,-6.5843,-5.8086,-8.713,-15.9717,-5.6493,-46.8341,-50.2982,-6.8296
Still,F1,landscape_18.y4m,v08.0.0,-5.7456,-47.2712,-49.4272,-10.2698,-10.1732,-7.0569,-7.0188,-6.1388,-8.7782,-16.067,-5.7456,-47.2712,-49.4272,-6.9205
Still,F1,landscape_18.y4m,v09.0.0,-8.3028,-47.0949,-48.4086,-12.4321,-12.1388,-9.4876,-11.2452,-10.3448,-11.7204,-17.7812,-8.3028,-47.0949,-48.4086,-9.3636
Still,F1,landscape_18.y4m,v10.0.0,-8.6069,-45.4108,-48.4605,-12.5783,-10.7977,-9.5435,-12.1377,-10.8666,-11.7038,-17.3856,-8.6069,-45.4108,-48.4605,-9.6376
Still,F1,landscape_18.y4m,v11.0.0,-8.2498,-47.7689,-50.9509,-12.6056,-10.2254,-9.2687,-11.7212,-10.6276,-11.545,-18.5135,-8.2498,-47.7689,-50.9509,-9.3472
Still,F1,landscape_18.y4m,v12.0.0,-8.2334,-47.6805,-50.4653,-12.5461,-10.8772,-9.1739,-11.7449,-10.631,-11.4091,-18.4328,-8.2334,-47.6805,-50.4653,-9.3188
Still,F1,landscape_18.y4m,v13.0.0,-8.2446,-47.1923,-50.2615,-12.4618,-8.5026,-9.34,-11.4551,-10.512,-11.6121,-18.3496,-8.2446,-47.1923,-50.2615,-9.3173
Still,F1,landscape_18.y4m,v14.0.0,-8.2284,-47.1637,-50.6587,-12.5271,-8.4412,-9.1943,-11.3849,-10.416,-11.4422,-18.4185,-8.2284,-47.1637,-50.6587,-9.3154
Still,F1,landscape_18.y4m,v15.0.0,-8.2284,-47.1637,-50.6587,-12.5271,-8.4412,-9.1943,-11.3849,-10.416,-11.4422,-18.4185,-8.2284,-47.1637,-50.6587,-9.3154
Still,F1,landscape_25.y4m,v02.0.0,-0.9833,-22.761,-44.1165,-3.1234,-2.0225,-1.1821,-0.1635,-0.3323,-2.1951,-7.35,-0.9833,-22.761,-44.1165,-1.6947
Still,F1,landscape_25.y4m,v03.0.0,-1.8529,-27.0918,-48.1172,-4.2389,-0.0915,-1.5295,-2.4373,-1.7613,-2.2089,-8.7922,-1.8529,-27.0918,-48.1172,-2.6509
Still,F1,landscape_25.y4m,v04.0.0,-3.8919,-30.2995,-52.6819,-6.4396,-0.7923,-3.7952,-2.4879,-1.985,-4.0688,-10.9399,-3.8919,-30.2995,-52.6819,-4.7484
Still,F1,landscape_25.y4m,v05.0.0,-4.1027,-31.4934,-53.8645,-6.737,-1.4891,-3.9652,-2.4495,-2.0971,-4.4264,-11.5373,-4.1027,-31.4934,-53.8645,-5.0346
Still,F1,landscape_25.y4m,v06.0.0,-4.7987,-34.8825,-57.1266,-7.6652,-1.2581,-4.9222,-3.3983,-3.0727,-5.5776,-13.1383,-4.7987,-34.8825,-57.1266,-5.8687
Still,F1,landscape_25.y4m,v07.0.0,-4.9514,-34.0229,-54.6273,-7.6568,-1.1153,-4.8638,-3.836,-3.3201,-5.4256,-13.1305,-4.9514,-34.0229,-54.6273,-6.0232
Still,F1,landscape_25.y4m,v08.0.0,-4.9459,-35.1011,-55.484,-7.7278,-0.9399,-4.8666,-3.2562,-3.0405,-5.4344,-13.3621,-4.9459,-35.1011,-55.484,-6.0421
Still,F1,landscape_25.y4m,v09.0.0,-8.0523,-35.5134,-56.4409,-10.6723,-7.7558,-8.5037,-10.2674,-9.8889,-9.5377,-15.9378,-8.0523,-35.5134,-56.4409,-8.9574
Still,F1,landscape_25.y4m,v10.0.0,-8.1553,-34.7493,-54.9348,-10.6992,-6.9369,-8.3773,-10.4315,-10.1429,-9.5245,-15.989,-8.1553,-34.7493,-54.9348,-9.0672
Still,F1,landscape_25.y4m,v11.0.0,-7.9999,-34.4008,-55.4987,-10.568,-6.6321,-8.3393,-8.9144,-8.7167,-9.3786,-15.7657,-7.9999,-34.4008,-55.4987,-8.9181
Still,F1,landscape_25.y4m,v12.0.0,-7.9796,-34.2645,-54.5086,-10.5113,-7.0881,-8.2337,-10.196,-9.8612,-9.3796,-15.7394,-7.9796,-34.2645,-54.5086,-8.8822
Still,F1,landscape_25.y4m,v13.0.0,-7.9882,-33.7685,-52.9841,-10.4243,-7.8117,-8.1797,-8.9062,-9.163,-9.2223,-15.5382,-7.9882,-33.7685,-52.9841,-8.8728
Still,F1,landscape_25.y4m,v14.0.0,-8.0629,-33.5673,-52.9735,-10.4877,-7.9536,-8.2878,-8.5042,-8.8821,-9.2678,-15.6124,-8.0629,-33.5673,-52.9735,-8.9436
Still,F1,landscape_25.y4m,v15.0.0,-8.0629,-33.5673,-52.9735,-10.4877,-7.9536,-8.2878,-8.5042,-8.8821,-9.2678,-15.6124,-8.0629,-33.5673,-52.9735,-8.9436
Still,F1,landscape_26.y4m,v02.0.0,-2.3256,-36.8237,-37.2445,-5.3518,-3.452,-2.7823,-2.9512,-3.3291,-4.5266,-7.6951,-2.3256,-36.8237,-37.2445,-3.2461
Still,F1,landscape_26.y4m,v03.0.0,-3.4736,-39.3837,-38.4449,-6.6097,-3.6926,-3.9752,-4.0712,-4.2208,-5.7233,-8.8646,-3.4736,-39.3837,-38.4449,-4.4325
Still,F1,landscape_26.y4m,v04.0.0,-5.9544,-45.7246,-41.6924,-9.3541,-5.8885,-6.7028,-6.2091,-6.1447,-8.2081,-11.7295,-5.9544,-45.7246,-41.6924,-7.0177
Still,F1,landscape_26.y4m,v05.0.0,-6.6354,-47.1348,-42.567,-10.0907,-7.9123,-7.4088,-7.5408,-7.6013,-9.2025,-12.7994,-6.6354,-47.1348,-42.567,-7.745
Still,F1,landscape_26.y4m,v06.0.0,-7.4822,-50.0608,-44.2871,-11.1451,-7.8243,-8.4184,-8.8495,-8.5535,-10.3229,-14.1119,-7.4822,-50.0608,-44.2871,-8.6658
Still,F1,landscape_26.y4m,v07.0.0,-7.8541,-51.7991,-44.0923,-11.5595,-8.7232,-9.0535,-9.0267,-8.9665,-11.0066,-14.7284,-7.8541,-51.7991,-44.0923,-9.0724
Still,F1,landscape_26.y4m,v08.0.0,-8.2495,-51.9538,-44.6174,-11.9556,-8.4301,-9.4281,-9.9932,-9.9919,-11.3795,-14.9956,-8.2495,-51.9538,-44.6174,-9.4659
Still,F1,landscape_26.y4m,v09.0.0,-10.6395,-51.2078,-44.4585,-14.0345,-10.5713,-11.3605,-13.0687,-13.0536,-13.5389,-16.6754,-10.6395,-51.2078,-44.4585,-11.7235
Still,F1,landscape_26.y4m,v10.0.0,-11.3596,-50.3886,-44.5823,-14.6465,-10.1918,-11.7299,-14.3921,-13.6837,-13.8336,-17.145,-11.3596,-50.3886,-44.5823,-12.4271
Still,F1,landscape_26.y4m,v11.0.0,-11.1399,-51.0854,-45.7341,-14.5392,-10.0815,-11.6502,-14.3126,-13.7488,-13.7625,-17.1651,-11.1399,-51.0854,-45.7341,-12.2251
Still,F1,landscape_26.y4m,v12.0.0,-11.0916,-51.1241,-45.5078,-14.4816,-9.848,-11.4881,-14.4712,-13.7546,-13.6986,-17.0078,-11.0916,-51.1241,-45.5078,-12.172
Still,F1,landscape_26.y4m,v13.0.0,-11.0553,-51.0976,-44.7035,-14.4192,-10.9619,-11.3784,-13.6664,-13.3088,-13.6418,-16.7733,-11.0553,-51.0976,-44.7035,-12.1265
Still,F1,landscape_26.y4m,v14.0.0,-11.2903,-51.3851,-45.2317,-14.6631,-11.284,-11.6274,-13.3736,-13.3968,-13.8664,-17.0796,-11.2903,-51.3851,-45.2317,-12.3702
Still,F1,landscape_26.y4m,v15.0.0,-11.2903,-51.3851,-45.2317,-14.6631,-11.284,-11.6274,-13.3736,-13.3968,-13.8664,-17.0796,-11.2903,-51.3851,-45.2317,-12.3702
Still,F1,landscape_28.y4m,v02.0.0,-1.2593,-11.2944,-13.8853,-2.4049,-2.9363,-1.8919,-1.8632,-1.6627,-2.5711,-5.4323,-1.2593,-11.2944,-13.8853,-1.9241
Still,F1,landscape_28.y4m,v03.0.0,-2.1008,-13.8789,-18.4315,-3.5582,-4.6763,-2.761,-3.5271,-2.4556,-3.3413,-6.664,-2.1008,-13.8789,-18.4315,-2.9135
Still,F1,landscape_28.y4m,v04.0.0,-4.7156,-18.2839,-24.8494,-6.4622,-6.5719,-5.7218,-4.8555,-3.9774,-6.1336,-10.0328,-4.7156,-18.2839,-24.8494,-5.7012
Still,F1,landscape_28.y4m,v05.0.0,-5.0047,-19.7348,-25.7743,-6.8162,-6.1115,-5.9541,-5.2656,-4.3798,-6.5322,-10.4529,-5.0047,-19.7348,-25.7743,-6.0861
Still,F1,landscape_28.y4m,v06.0.0,-5.7205,-21.9533,-27.6967,-7.7115,-7.0501,-7.0867,-6.2868,-5.4081,-7.7143,-11.9857,-5.7205,-21.9533,-27.6967,-6.9253
Still,F1,landscape_28.y4m,v07.0.0,-5.3631,-22.4425,-27.8093,-7.4491,-7.0657,-7.0884,-5.9082,-5.3751,-7.3616,-11.8575,-5.3631,-22.4425,-27.8093,-6.6388
Still,F1,landscape_28.y4m,v08.0.0,-6.1217,-24.1402,-30.1803,-8.3653,-7.8855,-7.7537,-8.0041,-6.8356,-8.5674,-12.8558,-6.1217,-24.1402,-30.1803,-7.4709
Still,F1,landscape_28.y4m,v09.0.0,-8.8184,-23.6063,-29.8256,-10.725,-9.0185,-9.9868,-11.5575,-10.5165,-11.0459,-14.5738,-8.8184,-23.6063,-29.8256,-9.9043
Still,F1,landscape_28.y4m,v10.0.0,-9.2967,-23.1067,-29.8336,-11.1031,-8.6284,-10.3273,-12.3746,-10.8178,-11.1351,-14.7418,-9.2967,-23.1067,-29.8336,-10.3377
Still,F1,landscape_28.y4m,v11.0.0,-8.9912,-23.0121,-30.0653,-10.8575,-8.4455,-10.1114,-12.1037,-10.543,-11.0128,-15.017,-8.9912,-23.0121,-30.0653,-10.0657
Still,F1,landscape_28.y4m,v12.0.0,-9.1305,-23.1943,-30.1913,-10.9904,-8.2337,-10.04,-12.5535,-10.9261,-11.1139,-15.2453,-9.1305,-23.1943,-30.1913,-10.1977
Still,F1,landscape_28.y4m,v13.0.0,-9.0636,-23.3936,-29.7988,-10.9216,-9.606,-9.9739,-12.6529,-10.9902,-10.9474,-15.0682,-9.0636,-23.3936,-29.7988,-10.1314
Still,F1,landscape_28.y4m,v14.0.0,-9.1535,-23.4974,-29.8048,-10.9972,-9.8134,-10.131,-12.3845,-10.8523,-11.0922,-15.0705,-9.1535,-23.4974,-29.8048,-10.2122
Still,F1,landscape_28.y4m,v15.0.0,-9.1535,-23.4974,-29.8048,-10.9972,-9.8134,-10.131,-12.3845,-10.8523,-11.0922,-15.0705,-9.1535,-23.4974,-29.8048,-10.2122
Still,F1,lodge.y4m,v02.0.0,-1.9558,-9.5608,-5.2107,-2.4978,-3.6439,-2.6756,-2.3832,-2.3209,-2.3318,-3.7752,-1.9558,-9.5608,-5.2107,-2.4784
Still,F1,lodge.y4m,v03.0.0,-3.3365,-10.7877,-6.4843,-3.8766,-4.2607,-3.9903,-3.3206,-3.1707,-3.5736,-5.1061,-3.3365,-10.7877,-6.4843,-3.8437
Still,F1,lodge.y4m,v04.0.0,-5.4286,-19.5687,-10.7748,-6.4416,-5.6345,-6.0903,-5.2976,-4.8724,-5.5052,-8.9617,-5.4286,-19.5687,-10.7748,-6.4176
Still,F1,lodge.y4m,v05.0.0,-5.6301,-23.8414,-12.8797,-6.9688,-5.9545,-6.2896,-5.6647,-5.2084,-5.8788,-9.8721,-5.6301,-23.8414,-12.8797,-6.919
Still,F1,lodge.y4m,v06.0.0,-7.3537,-24.6883,-13.4476,-8.5911,-7.2225,-8.2566,-7.4116,-7.1925,-7.7902,-11.5,-7.3537,-24.6883,-13.4476,-8.575
Still,F1,lodge.y4m,v07.0.0,-7.2116,-27.0936,-16.6042,-8.7708,-7.3063,-8.07,-7.5016,-7.2367,-7.8049,-12.5208,-7.2116,-27.0936,-16.6042,-8.7258
Still,F1,lodge.y4m,v08.0.0,-7.1331,-27.1893,-17.0007,-8.7256,-7.2983,-7.9543,-7.7926,-7.5546,-7.8366,-12.3749,-7.1331,-27.1893,-17.0007,-8.6799
Still,F1,lodge.y4m,v09.0.0,-10.1974,-26.2463,-15.5577,-11.3371,-9.1022,-10.6032,-12.3054,-11.7855,-10.4381,-14.2087,-10.1974,-26.2463,-15.5577,-11.2909
Still,F1,lodge.y4m,v10.0.0,-10.6469,-26.8314,-15.8471,-11.7857,-8.4902,-10.7771,-12.5143,-11.7625,-10.5205,-14.6847,-10.6469,-26.8314,-15.8471,-11.743
Still,F1,lodge.y4m,v11.0.0,-10.3187,-26.6721,-16.021,-11.4933,-8.3086,-10.511,-11.7365,-11.2144,-10.2666,-14.6995,-10.3187,-26.6721,-16.021,-11.4371
Still,F1,lodge.y4m,v12.0.0,-10.3782,-26.7387,-16.2266,-11.5633,-8.101,-10.4721,-11.6884,-11.1777,-10.3261,-14.8005,-10.3782,-26.7387,-16.2266,-11.5033
Still,F1,lodge.y4m,v13.0.0,-10.3343,-26.826,-16.4087,-11.5441,-10.538,-10.4898,-11.8132,-11.3023,-10.2819,-14.9848,-10.3343,-26.826,-16.4087,-11.4723
Still,F1,lodge.y4m,v14.0.0,-10.4398,-26.9436,-16.3977,-11.6454,-10.6319,-10.5242,-12.0138,-11.4997,-10.358,-15.0441,-10.4398,-26.9436,-16.3977,-11.5756
Still,F1,lodge.y4m,v15.0.0,-10.4398,-26.9436,-16.3977,-11.6454,-10.6319,-10.5242,-12.0138,-11.4997,-10.358,-15.0441,-10.4398,-26.9436,-16.3977,-11.5756
Still,F1,party.y4m,v02.0.0,-3.509,-10.1598,-9.951,-4.5641,-2.4175,-3.3044,-5.7901,-6.2631,-4.3961,-4.417,-3.509,-10.1598,-9.951,-3.9767
Still,F1,party.y4m,v03.0.0,-5.4471,-10.4221,-8.115,-6.0772,-4.708,-5.0889,-7.117,-8.3172,-6.641,-6.1059,-5.4471,-10.4221,-8.115,-5.7613
Still,F1,party.y4m,v04.0.0,-9.2789,-21.7517,-20.3012,-11.1693,-7.3457,-8.8244,-11.2536,-11.6426,-10.2845,-11.4643,-9.2789,-21.7517,-20.3012,-10.0886
Still,F1,party.y4m,v05.0.0,-10.4367,-24.9671,-22.8898,-12.6521,-8.9851,-9.6948,-15.4282,-15.1452,-11.4841,-12.3256,-10.4367,-24.9671,-22.8898,-11.3361
Still,F1,party.y4m,v06.0.0,-11.5325,-29.1383,-26.3407,-14.1434,-9.5377,-11.3115,-16.6266,-16.5985,-13.5299,-14.1094,-11.5325,-29.1383,-26.3407,-12.5511
Still,F1,party.y4m,v07.0.0,-12.0503,-32.3185,-28.8785,-15.0388,-10.2097,-11.6492,-17.3202,-17.0017,-14.215,-15.2132,-12.0503,-32.3185,-28.8785,-13.2127
Still,F1,party.y4m,v08.0.0,-12.1531,-31.4097,-28.718,-15.0304,-10.5818,-11.4967,-16.5935,-16.8461,-13.9347,-14.9678,-12.1531,-31.4097,-28.718,-13.2953
Still,F1,party.y4m,v09.0.0,-14.746,-29.7661,-27.0195,-16.9337,-13.0844,-14.7816,-19.5739,-19.7472,-16.8889,-16.9174,-14.746,-29.7661,-27.0195,-15.6405
Still,F1,party.y4m,v10.0.0,-15.6699,-30.5092,-27.2055,-17.7786,-13.3023,-14.9991,-24.3392,-22.7834,-17.0103,-17.6621,-15.6699,-30.5092,-27.2055,-16.5217
Still,F1,party.y4m,v11.0.0,-15.4771,-32.7563,-30.1242,-18.0786,-13.318,-14.9454,-22.9339,-22.0443,-17.0533,-19.6293,-15.4771,-32.7563,-30.1242,-16.5818
Still,F1,party.y4m,v12.0.0,-15.5972,-31.5922,-29.6264,-18.0387,-13.2046,-15.0395,-25.0456,-23.2264,-17.2652,-19.4857,-15.5972,-31.5922,-29.6264,-16.6383
Still,F1,party.y4m,v13.0.0,-15.5925,-31.7774,-29.0449,-18.0069,-12.5382,-14.9316,-24.655,-23.0662,-17.1478,-19.3147,-15.5925,-31.7774,-29.0449,-16.6182
Still,F1,party.y4m,v14.0.0,-15.8958,-32.906,-30.2706,-18.4526,-12.9285,-15.2324,-24.6271,-23.0628,-17.3358,-19.7367,-15.8958,-32.906,-30.2706,-16.9973
Still,F1,party.y4m,v15.0.0,-15.8958,-32.906,-30.2706,-18.4526,-12.9285,-15.2324,-24.6271,-23.0628,-17.3358,-19.7367,-15.8958,-32.906,-30.2706,-16.9973
Still,F1,river.y4m,v02.0.0,-2.2819,-5.3917,-15.0091,-3.1901,-2.6054,-2.481,-2.5046,-2.6641,-3.006,-3.0549,-2.2819,-5.3917,-15.0091,-3.0989
Still,F1,river.y4m,v03.0.0,-4.1833,-7.4547,-15.6088,-5.0332,-3.6985,-4.2151,-5.8352,-5.646,-5.0586,-4.8362,-4.1833,-7.4547,-15.6088,-4.9676
Still,F1,river.y4m,v04.0.0,-6.4734,-11.4873,-25.3358,-7.8878,-4.1793,-6.2722,-8.0875,-7.5323,-7.1971,-7.8918,-6.4734,-11.4873,-25.3358,-7.732
Still,F1,river.y4m,v05.0.0,-7.1556,-15.167,-35.7453,-9.3987,-4.9067,-6.8709,-9.2914,-8.5789,-8.2488,-9.5074,-7.1556,-15.167,-35.7453,-9.1034
Still,F1,river.y4m,v06.0.0,-9.2245,-16.0132,-35.5919,-11.2264,-7.3352,-9.2886,-11.5347,-10.6716,-10.492,-10.9575,-9.2245,-16.0132,-35.5919,-10.9596
Still,F1,river.y4m,v07.0.0,-9.6558,-17.8112,-42.3725,-12.2337,-7.6558,-9.5769,-12.5266,-11.7423,-11.0144,-12.57,-9.6558,-17.8112,-42.3725,-11.8191
Still,F1,river.y4m,v08.0.0,-9.5533,-17.6771,-43.1832,-12.2019,-6.9506,-9.2114,-12.3023,-11.6118,-10.8283,-12.3622,-9.5533,-17.6771,-43.1832,-11.7506
Still,F1,river.y4m,v09.0.0,-13.2434,-18.2573,-43.3533,-15.5815,-12.7518,-12.9411,-17.1142,-16.2276,-14.4715,-14.9797,-13.2434,-18.2573,-43.3533,-15.1221
Still,F1,river.y4m,v10.0.0,-13.8383,-18.8182,-43.455,-16.1369,-13.1196,-13.5849,-19.6115,-17.6268,-14.849,-15.4267,-13.8383,-18.8182,-43.455,-15.6855
Still,F1,river.y4m,v11.0.0,-13.5617,-18.4051,-43.6515,-15.9105,-12.4505,-13.315,-19.0997,-17.3676,-14.5995,-15.8257,-13.5617,-18.4051,-43.6515,-15.4377
Still,F1,river.y4m,v12.0.0,-13.6873,-18.1261,-43.4986,-15.9858,-12.973,-13.3973,-19.509,-17.6167,-14.6265,-15.4816,-13.6873,-18.1261,-43.4986,-15.5077
Still,F1,river.y4m,v13.0.0,-13.7293,-18.4701,-43.3456,-16.0213,-14.2073,-13.4333,-19.8563,-17.8504,-14.6797,-15.5761,-13.7293,-18.4701,-43.3456,-15.5651
Still,F1,river.y4m,v14.0.0,-13.6206,-18.4538,-42.7803,-15.8634,-14.107,-13.3692,-19.4052,-17.4125,-14.5567,-15.5126,-13.6206,-18.4538,-42.7803,-15.4369
Still,F1,river.y4m,v15.0.0,-13.6206,-18.4538,-42.7803,-15.8634,-14.107,-13.3692,-19.4052,-17.4125,-14.5567,-15.5126,-13.6206,-18.4538,-42.7803,-15.4369
Still,F1,santa.y4m,v02.0.0,-2.6953,-5.3483,-3.8153,-2.8839,-2.8879,-2.5542,-4.2582,-3.878,-3.0307,-2.8348,-2.6953,-5.3483,-3.8153,-2.9159
Still,F1,santa.y4m,v03.0.0,-4.4461,-7.1388,-4.3072,-4.5832,-4.8328,-4.2271,-6.6762,-6.1964,-4.8267,-4.5192,-4.4461,-7.1388,-4.3072,-4.5989
Still,F1,santa.y4m,v04.0.0,-8.1934,-15.952,-12.6811,-8.9408,-7.184,-7.8028,-10.141,-9.7254,-8.7053,-10.1229,-8.1934,-15.952,-12.6811,-8.9619
Still,F1,santa.y4m,v05.0.0,-9.5501,-18.1227,-14.7693,-10.4161,-8.4039,-9.0747,-11.6215,-11.1792,-10.1173,-11.7014,-9.5501,-18.1227,-14.7693,-10.4103
Still,F1,santa.y4m,v06.0.0,-10.829,-20.866,-16.8821,-11.8774,-9.0571,-10.5717,-12.819,-12.5434,-11.7704,-13.3282,-10.829,-20.866,-16.8821,-11.8513
Still,F1,santa.y4m,v07.0.0,-11.393,-23.6865,-17.9071,-12.6315,-9.3686,-11.1424,-13.4517,-13.2302,-12.5396,-14.581,-11.393,-23.6865,-17.9071,-12.5913
Still,F1,santa.y4m,v08.0.0,-11.6559,-24.1884,-18.3105,-12.9269,-9.6506,-11.2209,-14.3328,-14.0848,-12.7523,-14.869,-11.6559,-24.1884,-18.3105,-12.9055
Still,F1,santa.y4m,v09.0.0,-15.2278,-24.0292,-18.6835,-16.1577,-13.1172,-14.7096,-18.2171,-17.8045,-16.1049,-17.1581,-15.2278,-24.0292,-18.6835,-16.0939
Still,F1,santa.y4m,v10.0.0,-16.0566,-24.2783,-18.7593,-16.9142,-14.3969,-15.3043,-19.1807,-18.8898,-16.6508,-17.6763,-16.0566,-24.2783,-18.7593,-16.8199
Still,F1,santa.y4m,v11.0.0,-15.6039,-24.0238,-18.1079,-16.468,-14.0465,-14.8734,-19.1993,-18.5196,-16.1539,-17.5063,-15.6039,-24.0238,-18.1079,-16.386
Still,F1,santa.y4m,v12.0.0,-15.3631,-23.2933,-17.521,-16.167,-13.7565,-14.7292,-18.5889,-17.853,-16.0311,-17.1745,-15.3631,-23.2933,-17.521,-16.0869
Still,F1,santa.y4m,v13.0.0,-15.7095,-25.0823,-19.0885,-16.7102,-15.4891,-15.0289,-19.9926,-19.1903,-16.5383,-18.4196,-15.7095,-25.0823,-19.0885,-16.657
Still,F1,santa.y4m,v14.0.0,-16.2954,-25.8564,-19.8745,-17.2936,-16.0796,-15.3816,-20.3637,-19.6444,-16.9065,-19.0165,-16.2954,-25.8564,-19.8745,-17.2596
Still,F1,santa.y4m,v15.0.0,-16.2954,-25.8564,-19.8745,-17.2936,-16.0796,-15.3816,-20.3637,-19.6444,-16.9065,-19.0165,-16.2954,-25.8564,-19.8745,-17.2596
Still,F1,seafood.y4m,v02.0.0,-2.9057,-8.4662,-9.8381,-3.5713,-3.9653,-3.0234,-3.4254,-3.6894,-3.5408,-5.8015,-2.9057,-8.4662,-9.8381,-3.4166
Still,F1,seafood.y4m,v03.0.0,-4.4273,-9.6099,-11.2263,-5.0687,-5.1766,-4.4786,-4.6711,-5.0,-5.1171,-6.9445,-4.4273,-9.6099,-11.2263,-4.9243
Still,F1,seafood.y4m,v04.0.0,-7.0058,-15.6147,-18.2905,-8.095,-6.4377,-7.1824,-7.341,-7.3478,-7.6608,-11.1121,-7.0058,-15.6147,-18.2905,-7.8218
Still,F1,seafood.y4m,v05.0.0,-7.5664,-20.6135,-25.8478,-9.3371,-7.2162,-7.6836,-8.7415,-8.5027,-8.6002,-13.2441,-7.5664,-20.6135,-25.8478,-8.852
Still,F1,seafood.y4m,v06.0.0,-8.8211,-22.0776,-28.2298,-10.684,-8.8304,-9.3322,-10.2046,-10.0932,-10.2937,-14.8234,-8.8211,-22.0776,-28.2298,-10.177
Still,F1,seafood.y4m,v07.0.0,-9.0682,-24.2321,-31.0427,-11.2158,-8.7612,-9.524,-10.7742,-10.5623,-10.5384,-16.0254,-9.0682,-24.2321,-31.0427,-10.6193
Still,F1,seafood.y4m,v08.0.0,-9.6823,-24.2827,-32.534,-11.8517,-9.0678,-9.8567,-11.9502,-11.7674,-11.0856,-16.5299,-9.6823,-24.2827,-32.534,-11.244
Still,F1,seafood.y4m,v09.0.0,-13.0989,-23.2909,-32.0164,-14.7583,-12.4482,-13.344,-15.3966,-15.297,-14.1935,-18.4741,-13.0989,-23.2909,-32.0164,-14.2754
Still,F1,seafood.y4m,v10.0.0,-13.5565,-23.805,-32.1988,-15.2001,-12.0836,-13.5947,-17.177,-16.3776,-14.4329,-18.8897,-13.5565,-23.805,-32.1988,-14.7246
Still,F1,seafood.y4m,v11.0.0,-13.4418,-23.6218,-32.0072,-15.0764,-11.6344,-13.4081,-17.0633,-16.2913,-14.2687,-18.9655,-13.4418,-23.6218,-32.0072,-14.6042
Still,F1,seafood.y4m,v12.0.0,-13.586,-23.5971,-31.6415,-15.176,-12.1707,-13.5721,-17.7289,-16.7605,-14.4166,-18.9809,-13.586,-23.5971,-31.6415,-14.7235
Still,F1,seafood.y4m,v13.0.0,-13.544,-23.6467,-31.3415,-15.1223,-13.1055,-13.5681,-17.6587,-16.7872,-14.4537,-18.8611,-13.544,-23.6467,-31.3415,-14.6753
Still,F1,seafood.y4m,v14.0.0,-13.6998,-23.6419,-30.9635,-15.2353,-13.2417,-13.6405,-17.9413,-16.8855,-14.4853,-19.0462,-13.6998,-23.6419,-30.9635,-14.8048
Still,F1,seafood.y4m,v15.0.0,-13.6998,-23.6419,-30.9635,-15.2353,-13.2417,-13.6405,-17.9413,-16.8855,-14.4853,-19.0462,-13.6998,-23.6419,-30.9635,-14.8048
Still,F1,snow_00.y4m,v02.0.0,-1.1488,-20.5531,-29.2382,-3.5452,-2.0691,-1.4467,-1.8413,-1.9258,-2.5168,-6.7068,-1.1488,-20.5531,-29.2382,-1.8554
Still,F1,snow_00.y4m,v03.0.0,-1.8959,-20.869,-30.4175,-4.3622,-3.5929,-2.3554,-2.6834,-2.8,-3.7523,-7.336,-1.8959,-20.869,-30.4175,-2.6172
Still,F1,snow_00.y4m,v04.0.0,-4.4479,-24.6117,-38.5403,-7.2538,-5.1139,-5.4064,-3.823,-3.8408,-6.1072,-10.2054,-4.4479,-24.6117,-38.5403,-5.2204
Still,F1,snow_00.y4m,v05.0.0,-4.6824,-26.0514,-40.798,-7.6715,-5.6253,-5.516,-4.9723,-4.7679,-6.5046,-10.7432,-4.6824,-26.0514,-40.798,-5.5213
Still,F1,snow_00.y4m,v06.0.0,-5.4296,-28.6967,-43.6234,-8.6578,-6.8637,-6.5604,-6.439,-6.1913,-7.7801,-12.0269,-5.4296,-28.6967,-43.6234,-6.347
Still,F1,snow_00.y4m,v07.0.0,-5.5719,-28.3256,-45.4985,-8.8664,-6.8621,-6.6278,-6.5091,-6.6051,-7.901,-11.8765,-5.5719,-28.3256,-45.4985,-6.5114
Still,F1,snow_00.y4m,v08.0.0,-5.5974,-28.4954,-45.1549,-8.8913,-6.5172,-6.4224,-6.3173,-6.4208,-7.6573,-11.9531,-5.5974,-28.4954,-45.1549,-6.5297
Still,F1,snow_00.y4m,v09.0.0,-9.2822,-26.2845,-45.1346,-12.0668,-11.0464,-10.7813,-11.3161,-11.027,-11.6147,-13.9556,-9.2822,-26.2845,-45.1346,-10.0083
Still,F1,snow_00.y4m,v10.0.0,-9.7421,-26.6658,-44.0733,-12.4603,-11.186,-10.9458,-12.0305,-11.3432,-11.5519,-14.6198,-9.7421,-26.6658,-44.0733,-10.453
Still,F1,snow_00.y4m,v11.0.0,-9.6156,-26.8446,-44.7044,-12.3612,-10.7416,-10.8898,-11.7772,-11.0635,-11.6385,-14.8699,-9.6156,-26.8446,-44.7044,-10.3288
Still,F1,snow_00.y4m,v12.0.0,-9.4956,-26.7029,-44.3924,-12.2463,-10.4703,-10.8094,-10.86,-10.4845,-11.5285,-14.6919,-9.4956,-26.7029,-44.3924,-10.208
Still,F1,snow_00.y4m,v13.0.0,-9.4616,-26.7584,-44.879,-12.2311,-9.8269,-10.7862,-11.2453,-10.8562,-11.451,-14.4968,-9.4616,-26.7584,-44.879,-10.1756
Still,F1,snow_00.y4m,v14.0.0,-9.6665,-26.8173,-44.7067,-12.4023,-9.9852,-10.96,-11.5513,-11.1094,-11.636,-14.6456,-9.6665,-26.8173,-44.7067,-10.3738
Still,F1,snow_00.y4m,v15.0.0,-9.6665,-26.8173,-44.7067,-12.4023,-9.9852,-10.96,-11.5513,-11.1094,-11.636,-14.6456,-9.6665,-26.8173,-44.7067,-10.3738
Still,F1,trees.y4m,v02.0.0,-2.6054,-11.1359,-11.3992,-3.5219,-3.1683,-2.9353,-2.8137,-2.9235,-2.8964,-7.7907,-2.6054,-11.1359,-11.3992,-3.3586
Still,F1,trees.y4m,v03.0.0,-4.6353,-14.4975,-15.5459,-5.782,-4.007,-4.4642,-3.514,-3.7035,-4.7959,-9.5512,-4.6353,-14.4975,-15.5459,-5.54
Still,F1,trees.y4m,v04.0.0,-6.7654,-19.5707,-21.1684,-8.2643,-4.3628,-6.2961,-5.2751,-5.2036,-6.6591,-12.7234,-6.7654,-19.5707,-21.1684,-7.9644
Still,F1,trees.y4m,v05.0.0,-7.186,-22.6889,-24.847,-9.0505,-4.5352,-6.6513,-5.6463,-5.6078,-7.2458,-13.712,-7.186,-22.6889,-24.847,-8.6633
Still,F1,trees.y4m,v06.0.0,-8.8544,-24.7285,-26.4368,-10.7491,-6.6534,-8.6241,-7.4401,-7.5535,-9.212,-15.3381,-8.8544,-24.7285,-26.4368,-10.3705
Still,F1,trees.y4m,v07.0.0,-8.6748,-25.2717,-27.3701,-10.6583,-6.4818,-8.4309,-7.6083,-7.6536,-9.0751,-15.4611,-8.6748,-25.2717,-27.3701,-10.2864
Still,F1,trees.y4m,v08.0.0,-9.4361,-27.0414,-29.0431,-11.5286,-7.414,-8.9427,-8.4007,-8.4138,-9.5493,-16.1806,-9.4361,-27.0414,-29.0431,-11.0936
Still,F1,trees.y4m,v09.0.0,-12.1283,-27.2218,-28.9026,-13.9456,-11.8702,-11.9034,-12.2375,-12.1271,-12.3894,-17.6498,-12.1283,-27.2218,-28.9026,-13.5096
Still,F1,trees.y4m,v10.0.0,-12.3914,-26.756,-27.752,-14.0789,-10.6688,-11.6901,-12.2149,-12.2897,-12.052,-17.6603,-12.3914,-26.756,-27.752,-13.6712
Still,F1,trees.y4m,v11.0.0,-12.2521,-26.5852,-27.9547,-13.946,-10.6087,-11.5196,-11.6959,-11.9433,-11.9269,-17.3155,-12.2521,-26.5852,-27.9547,-13.5406
Still,F1,trees.y4m,v12.0.0,-12.1548,-25.5542,-26.8553,-13.7266,-10.6877,-11.3988,-11.6413,-11.757,-11.8135,-17.0245,-12.1548,-25.5542,-26.8553,-13.3588
Still,F1,trees.y4m,v13.0.0,-12.002,-25.4988,-26.9608,-13.6028,-12.253,-11.2952,-11.401,-11.6951,-11.6875,-16.9197,-12.002,-25.4988,-26.9608,-13.2232
Still,F1,trees.y4m,v14.0.0,-12.0783,-25.3997,-27.1322,-13.6793,-12.3308,-11.3466,-11.6055,-11.7756,-11.7402,-16.9276,-12.0783,-25.3997,-27.1322,-13.2993
Still,F1,trees.y4m,v15.0.0,-12.0783,-25.3997,-27.1322,-13.6793,-12.3308,-11.3466,-11.6055,-11.7756,-11.7402,-16.9276,-12.0783,-25.3997,-27.1322,-13.2993
Still,F1,underwater_01.y4m,v02.0.0,-3.0279,-5.8477,-8.0959,-3.4727,-2.1208,-2.7794,-2.0241,-2.0781,-3.287,-4.2353,-3.0279,-5.8477,-8.0959,-3.4883
Still,F1,underwater_01.y4m,v03.0.0,-4.7405,-7.2011,-10.6396,-5.2103,-3.309,-4.587,-3.7574,-3.7121,-5.0622,-5.9447,-4.7405,-7.2011,-10.6396,-5.2136
Still,F1,underwater_01.y4m,v04.0.0,-6.9215,-16.0554,-22.124,-8.35,-3.7391,-6.7175,-4.6646,-4.6051,-7.6177,-10.777,-6.9215,-16.0554,-22.124,-8.2981
Still,F1,underwater_01.y4m,v05.0.0,-7.1787,-21.9459,-29.3945,-9.4785,-4.0585,-7.0074,-5.0656,-5.0757,-8.5494,-12.3171,-7.1787,-21.9459,-29.3945,-9.3361
Still,F1,underwater_01.y4m,v06.0.0,-8.8006,-24.1914,-31.791,-11.2009,-6.4291,-8.9387,-7.8986,-7.982,-10.688,-14.5517,-8.8006,-24.1914,-31.791,-11.049
Still,F1,underwater_01.y4m,v07.0.0,-8.8092,-26.6723,-35.7457,-11.6415,-6.625,-9.0943,-8.3916,-8.3079,-11.0228,-15.9878,-8.8092,-26.6723,-35.7457,-11.4141
Still,F1,underwater_01.y4m,v08.0.0,-8.8624,-26.2663,-35.7143,-11.6592,-6.2993,-8.9625,-8.7752,-8.6073,-11.0113,-15.8714,-8.8624,-26.2663,-35.7143,-11.4322
Still,F1,underwater_01.y4m,v09.0.0,-12.287,-25.7668,-35.1385,-14.5586,-11.6795,-12.6656,-13.8862,-13.579,-14.4294,-17.892,-12.287,-25.7668,-35.1385,-14.3642
Still,F1,underwater_01.y4m,v10.0.0,-12.3994,-25.7192,-35.066,-14.6364,-11.5044,-12.7383,-15.1013,-14.2248,-14.4533,-17.8469,-12.3994,-25.7192,-35.066,-14.4557
Still,F1,underwater_01.y4m,v11.0.0,-12.2383,-25.2261,-34.2617,-14.4118,-11.8408,-12.6996,-14.9461,-14.1865,-14.3514,-17.5364,-12.2383,-25.2261,-34.2617,-14.2424
Still,F1,underwater_01.y4m,v12.0.0,-12.1338,-25.15,-34.5798,-14.3364,-11.4788,-12.5744,-14.545,-13.738,-14.2861,-17.4992,-12.1338,-25.15,-34.5798,-14.1594
Still,F1,underwater_01.y4m,v13.0.0,-12.1037,-25.1738,-34.9872,-14.3388,-12.3251,-12.4459,-14.5468,-13.8063,-14.1904,-17.5415,-12.1037,-25.1738,-34.9872,-14.1536
Still,F1,underwater_01.y4m,v14.0.0,-12.2195,-25.5075,-34.9765,-14.4678,-12.4725,-12.5859,-14.8769,-14.0319,-14.3267,-17.7119,-12.2195,-25.5075,-34.9765,-14.2884
Still,F1,underwater_01.y4m,v15.0.0,-12.2195,-25.5075,-34.9765,-14.4678,-12.4725,-12.5859,-14.8769,-14.0319,-14.3267,-17.7119,-12.2195,-25.5075,-34.9765,-14.2884
Still,F2,Adventure_with_the_Windmills.y4m,v02.0.0,-0.619,0.0,0.0,-6.163,-1.3614,-1.185,-1.5796,-0.9782,-5.0479,-7.0678,-0.619,0.0,0.0,-1.2537
Still,F2,Adventure_with_the_Windmills.y4m,v03.0.0,-3.004,0.0,0.0,-9.4518,-2.4389,-2.6758,-2.6493,-1.9779,-6.5539,-10.6971,-3.004,0.0,0.0,-3.7467
Still,F2,Adventure_with_the_Windmills.y4m,v04.0.0,-4.7913,0.0,0.0,-11.5215,-4.2852,-4.5417,-4.9226,-4.0342,-9.2399,-14.3909,-4.7913,0.0,0.0,-5.7723
Still,F2,Adventure_with_the_Windmills.y4m,v05.0.0,-5.1977,0.0,0.0,-11.9244,-4.3419,-4.8322,-4.9697,-4.1464,-9.5055,-14.8022,-5.1977,0.0,0.0,-6.1922
Still,F2,Adventure_with_the_Windmills.y4m,v06.0.0,-5.6202,0.0,0.0,-13.5875,-5.0653,-5.4028,-5.0009,-4.4191,-11.1335,-16.908,-5.6202,0.0,0.0,-6.7582
Still,F2,Adventure_with_the_Windmills.y4m,v07.0.0,-5.684,0.0,0.0,-13.4616,-5.2095,-5.3753,-6.0934,-5.2657,-11.365,-16.9308,-5.684,0.0,0.0,-6.8531
Still,F2,Adventure_with_the_Windmills.y4m,v08.0.0,-6.3151,0.0,0.0,-14.1147,-5.618,-5.9298,-5.7534,-5.283,-11.6281,-17.2438,-6.3151,0.0,0.0,-7.4108
Still,F2,Adventure_with_the_Windmills.y4m,v09.0.0,-7.0554,0.0,0.0,-14.9313,-7.9747,-7.5267,-10.2695,-9.511,-13.5686,-18.1289,-7.0554,0.0,0.0,-8.1705
Still,F2,Adventure_with_the_Windmills.y4m,v10.0.0,-7.5458,0.0,0.0,-15.6707,-8.5014,-8.0333,-11.8779,-10.672,-13.8237,-18.8081,-7.5458,0.0,0.0,-8.6482
Still,F2,Adventure_with_the_Windmills.y4m,v11.0.0,-7.4183,0.0,0.0,-15.7638,-8.6886,-8.2521,-11.7969,-10.6313,-14.0685,-18.8714,-7.4183,0.0,0.0,-8.5264
Still,F2,Adventure_with_the_Windmills.y4m,v12.0.0,-7.4858,0.0,0.0,-15.6018,-8.6389,-8.2125,-12.0244,-10.7447,-14.0289,-18.7331,-7.4858,0.0,0.0,-8.5829
Still,F2,Adventure_with_the_Windmills.y4m,v13.0.0,-7.6164,0.0,0.0,-15.5677,-8.1956,-8.2822,-12.2315,-10.9731,-14.0377,-18.6127,-7.6164,0.0,0.0,-8.7112
Still,F2,Adventure_with_the_Windmills.y4m,v14.0.0,-7.6191,0.0,0.0,-15.5702,-8.1985,-8.2849,-12.2368,-10.9783,-14.0408,-18.6155,-7.6191,0.0,0.0,-8.7139
Still,F2,Adventure_with_the_Windmills.y4m,v15.0.0,-7.6191,0.0,0.0,-15.5702,-8.1985,-8.2849,-12.2368,-10.9783,-14.0408,-18.6155,-7.6191,0.0,0.0,-8.7139
Still,F2,Agapanthus_Postbloom2.y4m,v02.0.0,-6.7137,-4.6528,-11.8114,-6.7841,-5.8202,-6.7181,-5.7321,-5.9869,-6.5915,-6.4763,-6.7137,-4.6528,-11.8114,-6.6458
Still,F2,Agapanthus_Postbloom2.y4m,v03.0.0,-10.213,-6.6141,-11.516,-10.0503,-7.5573,-9.2871,-7.8488,-7.8567,-8.9906,-9.0087,-10.213,-6.6141,-11.516,-9.7785
Still,F2,Agapanthus_Postbloom2.y4m,v04.0.0,-13.74,-10.7566,-15.8403,-13.6448,-11.5548,-12.9328,-10.2192,-10.4753,-12.4326,-13.2095,-13.74,-10.7566,-15.8403,-13.4579
Still,F2,Agapanthus_Postbloom2.y4m,v05.0.0,-14.9982,-13.0804,-16.9907,-14.9626,-12.5162,-14.0897,-12.5156,-12.3858,-13.7554,-15.1959,-14.9982,-13.0804,-16.9907,-14.896
Still,F2,Agapanthus_Postbloom2.y4m,v06.0.0,-16.2887,-14.8917,-19.4027,-16.3263,-13.8461,-15.515,-13.4104,-13.3669,-15.1153,-17.0309,-16.2887,-14.8917,-19.4027,-16.2998
Still,F2,Agapanthus_Postbloom2.y4m,v07.0.0,-16.9036,-16.5909,-21.676,-17.0674,-15.0588,-16.5566,-15.0299,-14.9169,-16.1201,-18.2486,-16.9036,-16.5909,-21.676,-17.1322
Still,F2,Agapanthus_Postbloom2.y4m,v08.0.0,-17.6012,-17.1469,-20.6061,-17.6873,-15.1439,-16.8509,-15.5252,-15.1048,-16.5813,-19.0442,-17.6012,-17.1469,-20.6061,-17.7268
Still,F2,Agapanthus_Postbloom2.y4m,v09.0.0,-19.2823,-17.1028,-22.7037,-19.2819,-17.6951,-19.1732,-17.902,-17.8949,-18.7599,-20.0224,-19.2823,-17.1028,-22.7037,-19.1605
Still,F2,Agapanthus_Postbloom2.y4m,v10.0.0,-20.0207,-17.2945,-21.0644,-19.8954,-18.146,-19.43,-20.1895,-19.1424,-18.7256,-20.5199,-20.0207,-17.2945,-21.0644,-19.74
Still,F2,Agapanthus_Postbloom2.y4m,v11.0.0,-20.0678,-16.6496,-20.1243,-19.8648,-17.5715,-19.1539,-19.2347,-18.4918,-18.5035,-20.0772,-20.0678,-16.6496,-20.1243,-19.6403
Still,F2,Agapanthus_Postbloom2.y4m,v12.0.0,-19.9419,-17.0242,-19.5225,-19.7521,-17.7753,-19.3217,-18.6226,-17.8231,-18.5882,-20.128,-19.9419,-17.0242,-19.5225,-19.5724
Still,F2,Agapanthus_Postbloom2.y4m,v13.0.0,-19.8743,-17.5008,-19.7619,-19.7286,-21.6977,-18.8402,-18.6539,-18.1626,-18.4627,-20.3958,-19.8743,-17.5008,-19.7619,-19.5905
Still,F2,Agapanthus_Postbloom2.y4m,v14.0.0,-19.8925,-17.5184,-19.779,-19.7468,-21.7169,-18.8593,-18.6827,-18.1908,-18.482,-20.4137,-19.8925,-17.5184,-19.779,-19.6088
Still,F2,Agapanthus_Postbloom2.y4m,v15.0.0,-19.8925,-17.5184,-19.779,-19.7468,-21.7169,-18.8593,-18.6827,-18.1908,-18.482,-20.4137,-19.8925,-17.5184,-19.779,-19.6088
Still,F2,Baruch.y4m,v02.0.0,-0.4985,0.0,0.0,-7.3679,-0.5396,-1.0544,-1.8559,-1.3649,-6.6205,-9.4029,-0.4985,0.0,0.0,-1.1345
Still,F2,Baruch.y4m,v03.0.0,-2.4495,0.0,0.0,-9.3111,-2.2674,-2.8061,-4.526,-3.7609,-7.7523,-12.202,-2.4495,0.0,0.0,-3.1258
Still,F2,Baruch.y4m,v04.0.0,-4.4778,0.0,0.0,-11.3558,-3.7348,-4.1099,-4.7208,-3.7889,-9.4646,-14.3839,-4.4778,0.0,0.0,-5.2079
Still,F2,Baruch.y4m,v05.0.0,-5.0362,0.0,0.0,-11.9901,-4.6611,-5.0193,-5.8917,-5.197,-10.4194,-14.9026,-5.0362,0.0,0.0,-5.7763
Still,F2,Baruch.y4m,v06.0.0,-5.4179,0.0,0.0,-12.9268,-5.2315,-5.6233,-6.0979,-5.4793,-12.0308,-16.4642,-5.4179,0.0,0.0,-6.2899
Still,F2,Baruch.y4m,v07.0.0,-5.5777,0.0,0.0,-13.1258,-5.4059,-5.5747,-5.3861,-4.9505,-12.1986,-17.2862,-5.5777,0.0,0.0,-6.4882
Still,F2,Baruch.y4m,v08.0.0,-6.6156,0.0,0.0,-13.3657,-6.0128,-6.6708,-6.3877,-6.1157,-12.5073,-17.4877,-6.6156,0.0,0.0,-7.429
Still,F2,Baruch.y4m,v09.0.0,-7.1049,0.0,0.0,-14.3938,-7.5987,-8.1061,-10.181,-9.9683,-14.4123,-17.9771,-7.1049,0.0,0.0,-7.9399
Still,F2,Baruch.y4m,v10.0.0,-7.834,0.0,0.0,-15.1009,-8.1824,-8.5354,-11.6974,-10.9295,-15.0433,-19.1743,-7.834,0.0,0.0,-8.6846
Still,F2,Baruch.y4m,v11.0.0,-7.4199,0.0,0.0,-15.0653,-7.8168,-8.1212,-10.4844,-10.1538,-14.9196,-18.7775,-7.4199,0.0,0.0,-8.2691
Still,F2,Baruch.y4m,v12.0.0,-7.6737,0.0,0.0,-14.7873,-7.9411,-8.3591,-10.9764,-10.4311,-14.9051,-18.726,-7.6737,0.0,0.0,-8.5086
Still,F2,Baruch.y4m,v13.0.0,-7.8724,0.0,0.0,-15.5613,-8.9632,-8.6899,-10.8999,-10.6466,-15.1304,-18.9127,-7.8724,0.0,0.0,-8.7152
Still,F2,Baruch.y4m,v14.0.0,-7.8749,0.0,0.0,-15.5636,-8.9661,-8.6925,-10.9045,-10.6511,-15.1334,-18.9152,-7.8749,0.0,0.0,-8.7177
Still,F2,Baruch.y4m,v15.0.0,-7.8749,0.0,0.0,-15.5636,-8.9661,-8.6925,-10.9045,-10.6511,-15.1334,-18.9152,-7.8749,0.0,0.0,-8.7177
Still,F2,Berlin-Fernsehturm.y4m,v02.0.0,-3.1664,-12.3261,-8.9809,-3.8603,-4.4412,-4.1154,-4.4105,-4.1661,-4.6891,-8.1345,-3.1664,-12.3261,-8.9809,-3.9333
Still,F2,Berlin-Fernsehturm.y4m,v03.0.0,-5.3857,-13.6629,-10.5039,-6.0047,-5.7902,-5.6411,-3.1553,-3.1837,-6.0078,-9.9337,-5.3857,-13.6629,-10.5039,-6.0647
Still,F2,Berlin-Fernsehturm.y4m,v04.0.0,-8.5946,-21.3101,-17.1542,-9.5928,-9.0259,-8.8465,-8.8833,-8.0749,-9.6078,-15.3619,-8.5946,-21.3101,-17.1542,-9.7594
Still,F2,Berlin-Fernsehturm.y4m,v05.0.0,-10.4762,-24.5354,-23.788,-11.7811,-10.5787,-10.5062,-9.3042,-9.2382,-11.6357,-17.74,-10.4762,-24.5354,-23.788,-12.048
Still,F2,Berlin-Fernsehturm.y4m,v06.0.0,-11.9224,-29.0447,-25.5958,-13.4052,-12.079,-11.9575,-12.1294,-11.636,-13.445,-19.8857,-11.9224,-29.0447,-25.5958,-13.7162
Still,F2,Berlin-Fernsehturm.y4m,v07.0.0,-12.4802,-30.287,-25.9876,-13.9936,-12.848,-12.7727,-10.1302,-10.819,-14.0789,-20.7154,-12.4802,-30.287,-25.9876,-14.3352
Still,F2,Berlin-Fernsehturm.y4m,v08.0.0,-13.8206,-31.9996,-27.7985,-15.3837,-14.5322,-14.5125,-11.7478,-12.0499,-15.3418,-23.6475,-13.8206,-31.9996,-27.7985,-15.7175
Still,F2,Berlin-Fernsehturm.y4m,v09.0.0,-15.1496,-30.197,-27.805,-16.4959,-15.2571,-15.3031,-14.2024,-13.7416,-16.2413,-22.171,-15.1496,-30.197,-27.805,-16.7673
Still,F2,Berlin-Fernsehturm.y4m,v10.0.0,-15.6783,-27.7451,-28.0725,-16.8458,-15.435,-15.4731,-14.0852,-13.8799,-16.6682,-20.0753,-15.6783,-27.7451,-28.0725,-17.1668
Still,F2,Berlin-Fernsehturm.y4m,v11.0.0,-15.602,-29.8849,-25.261,-16.7522,-15.8882,-16.0557,-16.5318,-15.1109,-16.9638,-23.1727,-15.602,-29.8849,-25.261,-16.9998
Still,F2,Berlin-Fernsehturm.y4m,v12.0.0,-15.3963,-29.1276,-25.1079,-16.5211,-15.6172,-15.6142,-15.1604,-14.9619,-16.5443,-22.1495,-15.3963,-29.1276,-25.1079,-16.7527
Still,F2,Berlin-Fernsehturm.y4m,v13.0.0,-15.3022,-28.1449,-24.9931,-16.3766,-16.9233,-15.7534,-14.8058,-14.3351,-16.6487,-22.2858,-15.3022,-28.1449,-24.9931,-16.6303
Still,F2,Berlin-Fernsehturm.y4m,v14.0.0,-15.3429,-28.1837,-25.0295,-16.4171,-16.9603,-15.7933,-14.8817,-14.4089,-16.6939,-22.3276,-15.3429,-28.1837,-25.0295,-16.6713
Still,F2,Berlin-Fernsehturm.y4m,v15.0.0,-15.3429,-28.1837,-25.0295,-16.4171,-16.9603,-15.7933,-14.8817,-14.4089,-16.6939,-22.3276,-15.3429,-28.1837,-25.0295,-16.6713
Still,F2,Big_Easy_chair.y4m,v02.0.0,-8.6202,-3.6783,-6.4856,-8.3422,-5.3444,-6.3056,-5.7944,-7.049,-7.2168,-6.1651,-8.6202,-3.6783,-6.4856,-8.1104
Still,F2,Big_Easy_chair.y4m,v03.0.0,-12.9921,-6.0957,-9.0165,-12.5328,-9.482,-10.379,-12.5035,-12.73,-11.2081,-9.9251,-12.9921,-6.0957,-9.0165,-12.0887
Still,F2,Big_Easy_chair.y4m,v04.0.0,-16.4715,-13.1899,-17.9392,-16.4242,-12.2974,-13.0135,-17.7221,-17.1644,-14.5643,-14.4126,-16.4715,-13.1899,-17.9392,-16.3748
Still,F2,Big_Easy_chair.y4m,v05.0.0,-20.0373,-18.7824,-20.7753,-20.0552,-14.9997,-16.1098,-20.6164,-20.1249,-18.0333,-18.8326,-20.0373,-18.7824,-20.7753,-20.1668
Still,F2,Big_Easy_chair.y4m,v06.0.0,-21.2876,-21.5242,-24.8327,-21.5004,-17.0031,-17.9667,-21.203,-20.456,-19.6477,-21.2248,-21.2876,-21.5242,-24.8327,-21.7814
Still,F2,Big_Easy_chair.y4m,v07.0.0,-23.4603,-24.7307,-26.5889,-23.6825,-18.5114,-19.65,-25.8266,-24.2944,-21.369,-22.9884,-23.4603,-24.7307,-26.5889,-23.9866
Still,F2,Big_Easy_chair.y4m,v08.0.0,-23.7467,-25.3799,-28.9256,-24.0879,-18.1157,-19.5096,-22.7873,-23.5047,-21.7775,-23.4748,-23.7467,-25.3799,-28.9256,-24.478
Still,F2,Big_Easy_chair.y4m,v09.0.0,-25.7411,-26.8783,-28.1042,-25.9081,-21.2699,-21.9903,-26.2606,-26.8204,-24.0036,-24.8151,-25.7411,-26.8783,-28.1042,-26.1096
Still,F2,Big_Easy_chair.y4m,v10.0.0,-26.3202,-26.0123,-28.565,-26.43,-22.0111,-22.5676,-27.6659,-27.2841,-24.3231,-25.0753,-26.3202,-26.0123,-28.565,-26.5662
Still,F2,Big_Easy_chair.y4m,v11.0.0,-26.4474,-25.9661,-27.5211,-26.482,-22.2164,-22.579,-30.779,-29.7591,-24.3412,-24.7655,-26.4474,-25.9661,-27.5211,-26.5593
Still,F2,Big_Easy_chair.y4m,v12.0.0,-25.8715,-26.3288,-25.9874,-25.9141,-21.8671,-22.2601,-29.1762,-28.0869,-23.939,-24.5782,-25.8715,-26.3288,-25.9874,-26.0031
Still,F2,Big_Easy_chair.y4m,v13.0.0,-25.9499,-26.27,-28.8018,-26.1044,-23.7501,-22.2507,-31.6774,-29.3665,-24.1064,-24.9768,-25.9499,-26.27,-28.8018,-26.2676
Still,F2,Big_Easy_chair.y4m,v14.0.0,-26.0277,-26.3489,-28.8824,-26.1823,-23.8083,-22.3131,-31.7785,-29.4699,-24.1786,-25.0536,-26.0277,-26.3489,-28.8824,-26.3466
Still,F2,Big_Easy_chair.y4m,v15.0.0,-26.0277,-26.3489,-28.8824,-26.1823,-23.8083,-22.3131,-31.7785,-29.4699,-24.1786,-25.0536,-26.0277,-26.3489,-28.8824,-26.3466
Still,F2,Butterfly.y4m,v02.0.0,-4.9242,-5.8028,-9.1571,-5.2123,-5.2053,-5.7316,-6.0716,-6.1948,-6.0638,-5.6902,-4.9242,-5.8028,-9.1571,-5.3809
Still,F2,Butterfly.y4m,v03.0.0,-8.0382,-7.425,-10.8755,-8.1712,-8.051,-8.4326,-9.3939,-8.851,-8.9363,-7.6596,-8.0382,-7.425,-10.8755,-8.2297
Still,F2,Butterfly.y4m,v04.0.0,-10.7062,-18.0054,-20.2925,-11.6819,-11.0032,-11.4153,-11.2853,-11.4769,-12.3204,-12.6366,-10.7062,-18.0054,-20.2925,-12.2433
Still,F2,Butterfly.y4m,v05.0.0,-11.7499,-26.4562,-29.851,-13.7199,-11.9428,-12.2283,-13.3659,-13.5219,-14.1211,-15.8675,-11.7499,-26.4562,-29.851,-14.8053
Still,F2,Butterfly.y4m,v06.0.0,-14.2803,-29.2181,-33.0061,-16.3145,-14.8917,-14.7656,-17.0561,-16.5747,-16.9129,-18.1576,-14.2803,-29.2181,-33.0061,-17.4234
Still,F2,Butterfly.y4m,v07.0.0,-15.514,-31.3025,-36.3865,-17.7125,-16.2932,-16.2235,-17.8941,-17.8414,-18.5916,-22.0565,-15.514,-31.3025,-36.3865,-18.9017
Still,F2,Butterfly.y4m,v08.0.0,-15.9111,-32.7269,-38.3443,-18.269,-16.6022,-16.4984,-18.1774,-17.9299,-19.2033,-21.8958,-15.9111,-32.7269,-38.3443,-19.5017
Still,F2,Butterfly.y4m,v09.0.0,-17.2698,-32.3443,-37.2326,-19.3841,-19.0436,-18.5781,-20.1754,-19.9584,-20.4488,-21.6111,-17.2698,-32.3443,-37.2326,-20.4908
Still,F2,Butterfly.y4m,v10.0.0,-17.1404,-32.2553,-37.4179,-19.2667,-18.2982,-18.0605,-20.1455,-19.8564,-19.9719,-21.0884,-17.1404,-32.2553,-37.4179,-20.3669
Still,F2,Butterfly.y4m,v11.0.0,-17.4293,-32.2574,-36.6869,-19.4887,-18.465,-18.1376,-20.7187,-20.3915,-19.9892,-22.4147,-17.4293,-32.2574,-36.6869,-20.5697
Still,F2,Butterfly.y4m,v12.0.0,-17.0238,-32.0153,-37.1254,-19.1384,-18.6203,-17.8697,-19.7114,-19.3197,-19.5504,-21.9462,-17.0238,-32.0153,-37.1254,-20.2183
Still,F2,Butterfly.y4m,v13.0.0,-17.3798,-32.2577,-37.349,-19.479,-16.779,-18.405,-20.4414,-20.4165,-20.0831,-22.5711,-17.3798,-32.2577,-37.349,-20.5483
Still,F2,Butterfly.y4m,v14.0.0,-17.4135,-32.2887,-37.379,-19.5123,-16.7997,-18.4341,-20.5033,-20.4769,-20.1222,-22.604,-17.4135,-32.2887,-37.379,-20.5817
Still,F2,Butterfly.y4m,v15.0.0,-17.4135,-32.2887,-37.379,-19.5123,-16.7997,-18.4341,-20.5033,-20.4769,-20.1222,-22.604,-17.4135,-32.2887,-37.379,-20.5817
Still,F2,Cecret_Lake_Panorama.y4m,v02.0.0,-0.9714,-11.1188,-14.8575,-1.9218,-1.9818,-1.8882,-1.4982,-1.1928,-2.6675,-4.3928,-0.9714,-11.1188,-14.8575,-1.5419
Still,F2,Cecret_Lake_Panorama.y4m,v03.0.0,-2.0144,-13.7404,-16.8124,-3.0748,-2.5257,-2.6942,-0.8386,-0.6069,-3.0117,-5.5172,-2.0144,-13.7404,-16.8124,-2.6268
Still,F2,Cecret_Lake_Panorama.y4m,v04.0.0,-3.596,-15.7467,-22.5748,-4.9209,-4.3914,-4.7095,-2.3136,-2.1798,-5.1018,-7.8817,-3.596,-15.7467,-22.5748,-4.4197
Still,F2,Cecret_Lake_Panorama.y4m,v05.0.0,-3.8629,-17.2282,-24.0471,-5.2427,-4.5269,-4.8537,-4.1921,-3.414,-5.4068,-8.7251,-3.8629,-17.2282,-24.0471,-4.8374
Still,F2,Cecret_Lake_Panorama.y4m,v06.0.0,-4.4374,-18.2502,-25.9861,-5.9837,-5.6018,-5.8168,-4.231,-3.5034,-6.5456,-9.7933,-4.4374,-18.2502,-25.9861,-5.5717
Still,F2,Cecret_Lake_Panorama.y4m,v07.0.0,-4.5426,-19.4792,-27.7089,-6.2255,-5.7678,-5.998,-5.4813,-5.093,-6.832,-10.5969,-4.5426,-19.4792,-27.7089,-5.7986
Still,F2,Cecret_Lake_Panorama.y4m,v08.0.0,-4.6536,-19.7505,-27.8986,-6.3438,-6.226,-6.433,-4.372,-4.3009,-7.139,-10.8208,-4.6536,-19.7505,-27.8986,-5.9263
Still,F2,Cecret_Lake_Panorama.y4m,v09.0.0,-6.3185,-19.9787,-28.2368,-7.8942,-9.0642,-8.8302,-10.7574,-10.3412,-9.8033,-11.8998,-6.3185,-19.9787,-28.2368,-7.4037
Still,F2,Cecret_Lake_Panorama.y4m,v10.0.0,-5.9058,-20.8933,-28.8838,-7.5886,-8.7127,-8.44,-10.2256,-9.3029,-9.3044,-12.0122,-5.9058,-20.8933,-28.8838,-7.168
Still,F2,Cecret_Lake_Panorama.y4m,v11.0.0,-6.1753,-20.1085,-28.4187,-7.7839,-8.8421,-8.7209,-9.4504,-9.0579,-9.5994,-11.7642,-6.1753,-20.1085,-28.4187,-7.3156
Still,F2,Cecret_Lake_Panorama.y4m,v12.0.0,-6.1969,-20.2688,-28.7989,-7.8041,-8.5196,-8.4243,-9.8676,-9.3716,-9.6003,-11.884,-6.1969,-20.2688,-28.7989,-7.3428
Still,F2,Cecret_Lake_Panorama.y4m,v13.0.0,-6.1713,-20.1328,-28.8213,-7.8131,-7.579,-8.3106,-10.4407,-9.7431,-9.5039,-12.0439,-6.1713,-20.1328,-28.8213,-7.317
Still,F2,Cecret_Lake_Panorama.y4m,v14.0.0,-6.1757,-20.1363,-28.8249,-7.8175,-7.5835,-8.3161,-10.4528,-9.755,-9.5101,-12.0483,-6.1757,-20.1363,-28.8249,-7.3215
Still,F2,Cecret_Lake_Panorama.y4m,v15.0.0,-6.1757,-20.1363,-28.8249,-7.8175,-7.5835,-8.3161,-10.4528,-9.755,-9.5101,-12.0483,-6.1757,-20.1363,-28.8249,-7.3215
Still,F2,Claudette.y4m,v02.0.0,-0.84,-42.1827,-49.4267,-4.2423,-1.8374,-1.7479,-1.6296,-0.9937,-3.4425,-11.3717,-0.84,-42.1827,-49.4267,-1.8186
Still,F2,Claudette.y4m,v03.0.0,-2.5403,-44.185,-52.0185,-5.9535,-1.733,-2.848,-0.8634,-0.042,-3.853,-13.064,-2.5403,-44.185,-52.0185,-3.5539
Still,F2,Claudette.y4m,v04.0.0,-4.5113,-48.2383,-61.7141,-8.5426,-3.5255,-4.9659,-0.855,-0.3773,-6.0712,-16.8279,-4.5113,-48.2383,-61.7141,-5.8051
Still,F2,Claudette.y4m,v05.0.0,-4.7511,-50.0114,-60.0671,-8.6889,-3.267,-4.8581,-1.8308,-1.4059,-6.2198,-17.3593,-4.7511,-50.0114,-60.0671,-6.0975
Still,F2,Claudette.y4m,v06.0.0,-5.4275,-55.2732,-62.2771,-9.8794,-5.3025,-6.2944,-4.5963,-4.1454,-7.7967,-19.5451,-5.4275,-55.2732,-62.2771,-6.919
Still,F2,Claudette.y4m,v07.0.0,-5.7271,-55.2058,-63.9734,-10.273,-5.0613,-6.4539,-3.2596,-2.8723,-8.086,-20.6372,-5.7271,-55.2058,-63.9734,-7.2882
Still,F2,Claudette.y4m,v08.0.0,-5.6618,-58.4775,-67.1209,-10.5681,-5.3011,-6.5166,-4.344,-4.1597,-8.1869,-21.1505,-5.6618,-58.4775,-67.1209,-7.2602
Still,F2,Claudette.y4m,v09.0.0,-7.3683,-58.7888,-66.3893,-12.1953,-8.5904,-8.9696,-9.0337,-8.663,-11.067,-22.7102,-7.3683,-58.7888,-66.3893,-8.936
Still,F2,Claudette.y4m,v10.0.0,-7.1366,-57.6075,-68.4166,-11.9496,-7.9076,-8.4022,-8.4093,-7.955,-10.4957,-22.3668,-7.1366,-57.6075,-68.4166,-8.7238
Still,F2,Claudette.y4m,v11.0.0,-7.4038,-58.371,-66.1897,-12.0484,-8.1766,-8.6981,-7.1301,-6.9535,-10.8595,-22.4643,-7.4038,-58.371,-66.1897,-8.9468
Still,F2,Claudette.y4m,v12.0.0,-7.3825,-59.6542,-68.5985,-12.142,-8.2451,-8.7386,-8.2386,-8.0967,-10.6562,-22.4811,-7.3825,-59.6542,-68.5985,-8.9171
Still,F2,Claudette.y4m,v13.0.0,-7.4157,-58.6376,-68.3793,-12.1819,-8.8733,-8.8471,-9.2737,-8.8636,-11.0642,-22.411,-7.4157,-58.6376,-68.3793,-8.9578
Still,F2,Claudette.y4m,v14.0.0,-7.4222,-58.6425,-68.3836,-12.1883,-8.8794,-8.8549,-9.2923,-8.8819,-11.0732,-22.4178,-7.4222,-58.6425,-68.3836,-8.9645
Still,F2,Claudette.y4m,v15.0.0,-7.4222,-58.6425,-68.3836,-12.1883,-8.8794,-8.8549,-9.2923,-8.8819,-11.0732,-22.4178,-7.4222,-58.6425,-68.3836,-8.9645
Still,F2,Collage_Oppeln.y4m,v02.0.0,-2.4893,-9.5528,-10.8306,-3.1902,-2.8222,-3.4596,-3.7924,-3.1618,-4.3965,-6.467,-2.4893,-9.5528,-10.8306,-3.0953
Still,F2,Collage_Oppeln.y4m,v03.0.0,-4.7061,-10.7638,-11.5937,-5.296,-4.1041,-5.0507,-3.3787,-2.7898,-5.3075,-8.1017,-4.7061,-10.7638,-11.5937,-5.1988
Still,F2,Collage_Oppeln.y4m,v04.0.0,-7.599,-18.085,-19.3692,-8.6404,-7.0025,-8.0704,-6.9089,-6.3065,-8.8988,-12.7147,-7.599,-18.085,-19.3692,-8.5712
Still,F2,Collage_Oppeln.y4m,v05.0.0,-8.8069,-19.8648,-21.0705,-9.8864,-8.2077,-9.3531,-8.3727,-7.9408,-10.1549,-14.3893,-8.8069,-19.8648,-21.0705,-9.9232
Still,F2,Collage_Oppeln.y4m,v06.0.0,-9.5278,-22.3299,-22.5848,-10.7419,-9.1977,-10.1221,-9.7567,-9.0677,-11.2565,-15.9756,-9.5278,-22.3299,-22.5848,-10.8192
Still,F2,Collage_Oppeln.y4m,v07.0.0,-9.9062,-23.3377,-23.7009,-11.1889,-9.9863,-10.8295,-10.6602,-9.9699,-11.8553,-16.9258,-9.9062,-23.3377,-23.7009,-11.2929
Still,F2,Collage_Oppeln.y4m,v08.0.0,-10.6061,-24.3168,-24.2612,-11.8995,-10.7569,-11.5643,-12.1946,-11.128,-12.6526,-17.4446,-10.6061,-24.3168,-24.2612,-12.0056
Still,F2,Collage_Oppeln.y4m,v09.0.0,-11.8677,-24.7117,-24.2842,-13.0626,-12.4189,-13.017,-13.4348,-12.7343,-14.1102,-18.3407,-11.8677,-24.7117,-24.2842,-13.1132
Still,F2,Collage_Oppeln.y4m,v10.0.0,-12.1175,-24.9579,-24.4592,-13.3009,-12.6163,-13.2346,-15.2944,-13.8291,-14.1627,-18.3599,-12.1175,-24.9579,-24.4592,-13.356
Still,F2,Collage_Oppeln.y4m,v11.0.0,-11.7304,-24.7363,-24.3735,-12.9296,-12.3831,-12.9583,-14.8736,-13.3785,-13.9615,-18.1261,-11.7304,-24.7363,-24.3735,-12.9905
Still,F2,Collage_Oppeln.y4m,v12.0.0,-11.8597,-24.0198,-23.7987,-12.9792,-12.3905,-13.0279,-15.2777,-13.5573,-13.8365,-17.8682,-11.8597,-24.0198,-23.7987,-13.049
Still,F2,Collage_Oppeln.y4m,v13.0.0,-11.77,-24.2075,-23.9705,-12.9156,-13.1946,-12.9819,-14.8271,-13.5407,-14.0968,-17.9866,-11.77,-24.2075,-23.9705,-12.9724
Still,F2,Collage_Oppeln.y4m,v14.0.0,-11.7778,-24.2147,-23.9779,-12.9233,-13.202,-12.9903,-14.8434,-13.5568,-14.1062,-17.9943,-11.7778,-24.2147,-23.9779,-12.9803
Still,F2,Collage_Oppeln.y4m,v15.0.0,-11.7778,-24.2147,-23.9779,-12.9233,-13.202,-12.9903,-14.8434,-13.5568,-14.1062,-17.9943,-11.7778,-24.2147,-23.9779,-12.9803
Still,F2,Corona_Arch.y4m,v02.0.0,-2.907,-10.1419,-1.0657,-3.1034,-2.9024,-3.5004,-1.4382,-1.8067,-3.1962,-2.8948,-2.907,-10.1419,-1.0657,-2.9609
Still,F2,Corona_Arch.y4m,v03.0.0,-4.3436,-8.2612,-3.9989,-4.4827,-4.0347,-4.5462,-2.6941,-3.1269,-4.1909,-4.31,-4.3436,-8.2612,-3.9989,-4.3844
Still,F2,Corona_Arch.y4m,v04.0.0,-6.9842,-25.0211,-10.3808,-7.9241,-6.6096,-7.2936,-5.9605,-6.3554,-6.8983,-8.116,-6.9842,-25.0211,-10.3808,-7.7544
Still,F2,Corona_Arch.y4m,v05.0.0,-7.6098,-26.0511,-12.1701,-8.6323,-7.9821,-8.2329,-7.3563,-7.3188,-7.7256,-9.0398,-7.6098,-26.0511,-12.1701,-8.5665
Still,F2,Corona_Arch.y4m,v06.0.0,-8.3993,-30.7011,-14.8264,-9.7117,-8.9976,-9.2789,-7.7377,-7.7534,-9.003,-10.5593,-8.3993,-30.7011,-14.8264,-9.6626
Still,F2,Corona_Arch.y4m,v07.0.0,-8.786,-32.4173,-15.1679,-10.1628,-9.2136,-9.4774,-8.2517,-8.0044,-9.6347,-10.9127,-8.786,-32.4173,-15.1679,-10.0751
Still,F2,Corona_Arch.y4m,v08.0.0,-9.7138,-33.2455,-19.1906,-11.2485,-10.3529,-10.6571,-10.7247,-10.2838,-10.6114,-11.9934,-9.7138,-33.2455,-19.1906,-11.1937
Still,F2,Corona_Arch.y4m,v09.0.0,-12.0068,-32.4702,-18.9718,-13.2678,-13.0745,-13.0833,-14.0518,-14.5103,-13.6473,-13.8318,-12.0068,-32.4702,-18.9718,-13.1454
Still,F2,Corona_Arch.y4m,v10.0.0,-12.0194,-31.1483,-19.1952,-13.2192,-12.9654,-12.9702,-14.6781,-14.8904,-13.4077,-13.6421,-12.0194,-31.1483,-19.1952,-13.1679
Still,F2,Corona_Arch.y4m,v11.0.0,-11.9771,-31.031,-18.8961,-13.158,-13.4157,-13.2489,-15.2951,-15.498,-13.4769,-13.6053,-11.9771,-31.031,-18.8961,-13.1038
Still,F2,Corona_Arch.y4m,v12.0.0,-11.8664,-30.7895,-17.1692,-12.9605,-13.101,-13.0371,-14.1012,-14.1518,-13.3229,-13.2861,-11.8664,-30.7895,-17.1692,-12.8559
Still,F2,Corona_Arch.y4m,v13.0.0,-11.7332,-31.7417,-17.6823,-12.9039,-12.2741,-12.8848,-14.6161,-14.3331,-13.2141,-13.3516,-11.7332,-31.7417,-17.6823,-12.786
Still,F2,Corona_Arch.y4m,v14.0.0,-11.7447,-31.7562,-17.695,-12.9157,-12.2846,-12.8984,-14.6461,-14.3625,-13.2296,-13.3637,-11.7447,-31.7562,-17.695,-12.7979
Still,F2,Corona_Arch.y4m,v15.0.0,-11.7447,-31.7562,-17.695,-12.9157,-12.2846,-12.8984,-14.6461,-14.3625,-13.2296,-13.3637,-11.7447,-31.7562,-17.695,-12.7979
Still,F2,Correfocs_Festa_Major_del_Clot.y4m,v02.0.0,-4.0733,-8.527,-5.5961,-4.3457,-4.7984,-4.9629,-0.8421,-2.6736,-5.0957,-5.047,-4.0733,-8.527,-5.5961,-4.2294
Still,F2,Correfocs_Festa_Major_del_Clot.y4m,v03.0.0,-9.7541,-11.9635,-7.9723,-9.7556,-8.4353,-9.0206,-5.8553,-6.6625,-8.3072,-9.1442,-9.7541,-11.9635,-7.9723,-9.5353
Still,F2,Correfocs_Festa_Major_del_Clot.y4m,v04.0.0,-12.75,-16.8389,-15.1957,-13.0627,-12.199,-12.7593,-8.4794,-9.717,-12.0375,-13.5054,-12.75,-16.8389,-15.1957,-13.0617
Still,F2,Correfocs_Festa_Major_del_Clot.y4m,v05.0.0,-13.6392,-17.6275,-17.1928,-14.0042,-12.7996,-13.319,-8.1085,-9.4841,-12.8019,-14.6876,-13.6392,-17.6275,-17.1928,-14.1321
Still,F2,Correfocs_Festa_Major_del_Clot.y4m,v06.0.0,-14.6454,-23.6406,-20.2309,-15.3445,-13.761,-14.3516,-10.2756,-11.4329,-14.031,-16.8395,-14.6454,-23.6406,-20.2309,-15.5551
Still,F2,Correfocs_Festa_Major_del_Clot.y4m,v07.0.0,-15.4414,-26.2379,-21.0272,-16.246,-14.7361,-15.3777,-10.8788,-12.0094,-15.1386,-18.2512,-15.4414,-26.2379,-21.0272,-16.4136
Still,F2,Correfocs_Festa_Major_del_Clot.y4m,v08.0.0,-15.9038,-27.3103,-21.5067,-16.7368,-15.7974,-16.2806,-13.2421,-14.2823,-15.9868,-18.8513,-15.9038,-27.3103,-21.5067,-16.8793
Still,F2,Correfocs_Festa_Major_del_Clot.y4m,v09.0.0,-17.1217,-27.6748,-21.8133,-17.8637,-17.1034,-17.4931,-15.2027,-16.1435,-17.5107,-19.7351,-17.1217,-27.6748,-21.8133,-17.9434
Still,F2,Correfocs_Festa_Major_del_Clot.y4m,v10.0.0,-17.2424,-26.2367,-21.6353,-17.8885,-16.7543,-17.1996,-16.5231,-17.1398,-17.0628,-19.6171,-17.2424,-26.2367,-21.6353,-18.0282
Still,F2,Correfocs_Festa_Major_del_Clot.y4m,v11.0.0,-17.1571,-24.8679,-20.9105,-17.6925,-17.0944,-17.4892,-15.6471,-16.1303,-17.3745,-19.2311,-17.1571,-24.8679,-20.9105,-17.8069
Still,F2,Correfocs_Festa_Major_del_Clot.y4m,v12.0.0,-17.438,-25.4548,-20.6453,-17.9789,-17.3277,-17.6975,-15.7362,-16.9353,-17.5997,-19.4956,-17.438,-25.4548,-20.6453,-18.0356
Still,F2,Correfocs_Festa_Major_del_Clot.y4m,v13.0.0,-17.3978,-26.0886,-20.425,-17.9466,-18.6525,-17.1053,-16.766,-17.3041,-17.0366,-19.3162,-17.3978,-26.0886,-20.425,-18.0047
Still,F2,Correfocs_Festa_Major_del_Clot.y4m,v14.0.0,-17.414,-26.1025,-20.4404,-17.9626,-18.6674,-17.1219,-16.7969,-17.3336,-17.054,-19.3319,-17.414,-26.1025,-20.4404,-18.021
Still,F2,Correfocs_Festa_Major_del_Clot.y4m,v15.0.0,-17.414,-26.1025,-20.4404,-17.9626,-18.6674,-17.1219,-16.7969,-17.3336,-17.054,-19.3319,-17.414,-26.1025,-20.4404,-18.021
Still,F2,Crepuscular_rays_at_Sunset_near_Waterberg_Plateau.y4m,v02.0.0,-2.1115,-3.6717,-2.5876,-2.1954,-1.8795,-2.4027,-2.7633,-2.4137,-2.0662,-2.9052,-2.1115,-3.6717,-2.5876,-2.1763
Still,F2,Crepuscular_rays_at_Sunset_near_Waterberg_Plateau.y4m,v03.0.0,-3.5885,-5.0877,-3.5777,-3.6472,-3.0039,-3.7528,-3.1283,-3.0842,-3.3838,-3.9883,-3.5885,-5.0877,-3.5777,-3.6192
Still,F2,Crepuscular_rays_at_Sunset_near_Waterberg_Plateau.y4m,v04.0.0,-6.1792,-15.0427,-11.2261,-6.8111,-5.5313,-6.3449,-6.5902,-6.0644,-6.6273,-8.6245,-6.1792,-15.0427,-11.2261,-6.8297
Still,F2,Crepuscular_rays_at_Sunset_near_Waterberg_Plateau.y4m,v05.0.0,-6.657,-17.0638,-13.4167,-7.4439,-6.1057,-6.9778,-8.39,-7.8575,-7.3994,-9.9995,-6.657,-17.0638,-13.4167,-7.5514
Still,F2,Crepuscular_rays_at_Sunset_near_Waterberg_Plateau.y4m,v06.0.0,-7.4596,-20.3746,-16.0736,-8.4544,-7.4587,-8.2002,-7.94,-8.0617,-8.7246,-11.5003,-7.4596,-20.3746,-16.0736,-8.6124
Still,F2,Crepuscular_rays_at_Sunset_near_Waterberg_Plateau.y4m,v07.0.0,-8.1379,-22.0884,-17.9774,-9.2355,-8.0001,-8.7301,-9.4619,-9.4083,-9.432,-12.568,-8.1379,-22.0884,-17.9774,-9.3668
Still,F2,Crepuscular_rays_at_Sunset_near_Waterberg_Plateau.y4m,v08.0.0,-8.1794,-23.0361,-18.0082,-9.3248,-8.3669,-8.9499,-10.5973,-10.4569,-9.8604,-12.6824,-8.1794,-23.0361,-18.0082,-9.4578
Still,F2,Crepuscular_rays_at_Sunset_near_Waterberg_Plateau.y4m,v09.0.0,-10.2491,-22.7106,-17.4142,-11.1549,-12.4497,-12.0171,-16.1556,-15.5183,-12.773,-14.0949,-10.2491,-22.7106,-17.4142,-11.2511
Still,F2,Crepuscular_rays_at_Sunset_near_Waterberg_Plateau.y4m,v10.0.0,-10.4348,-23.7096,-17.6016,-11.3924,-12.2829,-12.076,-16.2227,-15.456,-12.8417,-14.6137,-10.4348,-23.7096,-17.6016,-11.5053
Still,F2,Crepuscular_rays_at_Sunset_near_Waterberg_Plateau.y4m,v11.0.0,-10.2923,-22.3289,-17.1344,-11.1843,-12.2707,-11.9786,-15.2792,-14.799,-12.7202,-14.2673,-10.2923,-22.3289,-17.1344,-11.324
Still,F2,Crepuscular_rays_at_Sunset_near_Waterberg_Plateau.y4m,v12.0.0,-10.3376,-22.1062,-16.857,-11.192,-12.1594,-11.8879,-15.4293,-14.7147,-12.5676,-14.0662,-10.3376,-22.1062,-16.857,-11.3133
Still,F2,Crepuscular_rays_at_Sunset_near_Waterberg_Plateau.y4m,v13.0.0,-10.2805,-22.7068,-17.2579,-11.1928,-10.9166,-11.9882,-15.4723,-14.9595,-12.674,-14.1567,-10.2805,-22.7068,-17.2579,-11.304
Still,F2,Crepuscular_rays_at_Sunset_near_Waterberg_Plateau.y4m,v14.0.0,-10.2929,-22.7257,-17.2767,-11.2057,-10.9265,-12.0039,-15.5109,-14.9977,-12.6909,-14.1716,-10.2929,-22.7257,-17.2767,-11.317
Still,F2,Crepuscular_rays_at_Sunset_near_Waterberg_Plateau.y4m,v15.0.0,-10.2929,-22.7257,-17.2767,-11.2057,-10.9265,-12.0039,-15.5109,-14.9977,-12.6909,-14.1716,-10.2929,-22.7257,-17.2767,-11.317
Still,F2,Esquibien_Jean_Perrot.y4m,v02.0.0,-0.9052,-43.284,-35.68,-3.9976,-1.2074,-1.0792,-0.2634,-0.4867,-2.9678,-7.747,-0.9052,-43.284,-35.68,-1.8933
Still,F2,Esquibien_Jean_Perrot.y4m,v03.0.0,-2.0957,-45.8158,-37.763,-5.312,-2.3491,-2.0694,-1.7937,-1.6305,-4.0814,-9.4357,-2.0957,-45.8158,-37.763,-3.1454
Still,F2,Esquibien_Jean_Perrot.y4m,v04.0.0,-4.5831,-53.6321,-46.7639,-8.417,-4.8194,-4.8614,-4.3827,-4.1955,-7.3639,-13.3965,-4.5831,-53.6321,-46.7639,-6.0807
Still,F2,Esquibien_Jean_Perrot.y4m,v05.0.0,-5.2188,-54.4434,-47.4018,-9.0478,-5.1982,-5.4392,-7.2078,-7.3456,-8.3757,-14.5198,-5.2188,-54.4434,-47.4018,-6.7728
Still,F2,Esquibien_Jean_Perrot.y4m,v06.0.0,-5.9464,-59.1653,-50.647,-10.2769,-6.6724,-6.5022,-6.5984,-6.8956,-9.3599,-16.7091,-5.9464,-59.1653,-50.647,-7.7314
Still,F2,Esquibien_Jean_Perrot.y4m,v07.0.0,-6.26,-60.152,-51.9364,-10.5944,-7.2555,-7.1577,-9.0005,-8.7952,-10.131,-17.304,-6.26,-60.152,-51.9364,-8.1031
Still,F2,Esquibien_Jean_Perrot.y4m,v08.0.0,-7.0641,-61.8668,-52.5298,-11.507,-8.0314,-7.9605,-11.7519,-11.4477,-11.1907,-18.3486,-7.0641,-61.8668,-52.5298,-8.9481
Still,F2,Esquibien_Jean_Perrot.y4m,v09.0.0,-9.9046,-61.8578,-53.6026,-14.1582,-10.9109,-10.915,-14.3521,-15.1391,-14.7328,-20.8707,-9.9046,-61.8578,-53.6026,-11.687
Still,F2,Esquibien_Jean_Perrot.y4m,v10.0.0,-9.8483,-63.3411,-54.2629,-14.2125,-11.145,-11.0332,-18.3081,-17.3266,-14.8052,-21.245,-9.8483,-63.3411,-54.2629,-11.6932
Still,F2,Esquibien_Jean_Perrot.y4m,v11.0.0,-10.282,-63.2941,-53.4563,-14.5413,-11.5035,-11.3218,-16.9472,-17.1558,-15.1591,-21.3279,-10.282,-63.2941,-53.4563,-12.0955
Still,F2,Esquibien_Jean_Perrot.y4m,v12.0.0,-11.2772,-65.0802,-55.9277,-15.675,-12.9343,-12.6466,-18.6988,-18.9043,-16.7846,-22.8616,-11.2772,-65.0802,-55.9277,-13.1421
Still,F2,Esquibien_Jean_Perrot.y4m,v13.0.0,-11.2358,-64.419,-53.9792,-15.5122,-10.8371,-12.4476,-18.7747,-19.1843,-16.3253,-22.5685,-11.2358,-64.419,-53.9792,-13.0732
Still,F2,Esquibien_Jean_Perrot.y4m,v14.0.0,-11.2449,-64.427,-53.9882,-15.5213,-10.844,-12.457,-18.8026,-19.2117,-16.338,-22.5781,-11.2449,-64.427,-53.9882,-13.0826
Still,F2,Esquibien_Jean_Perrot.y4m,v15.0.0,-11.2449,-64.427,-53.9882,-15.5213,-10.844,-12.457,-18.8026,-19.2117,-16.338,-22.5781,-11.2449,-64.427,-53.9882,-13.0826
Still,F2,Florac-Le_Vibron-Source_du_Pecher.y4m,v02.0.0,-1.0717,-15.8811,-13.7622,-2.1952,-2.1588,-2.0934,-1.75,-0.7028,-2.3971,-4.3066,-1.0717,-15.8811,-13.7622,-1.7211
Still,F2,Florac-Le_Vibron-Source_du_Pecher.y4m,v03.0.0,-2.4222,-16.345,-14.2134,-3.502,-2.9114,-2.9424,-0.139,0.0813,-2.9852,-5.3534,-2.4222,-16.345,-14.2134,-3.0495
Still,F2,Florac-Le_Vibron-Source_du_Pecher.y4m,v04.0.0,-4.3186,-18.458,-18.3771,-5.485,-4.3776,-4.8821,-3.6023,-2.9019,-5.1794,-7.3833,-4.3186,-18.458,-18.3771,-5.0856
Still,F2,Florac-Le_Vibron-Source_du_Pecher.y4m,v05.0.0,-4.6632,-20.3845,-22.8032,-6.0592,-4.8481,-5.1873,-3.5157,-3.022,-5.809,-8.1564,-4.6632,-20.3845,-22.8032,-5.7697
Still,F2,Florac-Le_Vibron-Source_du_Pecher.y4m,v06.0.0,-5.4921,-22.8315,-26.6322,-7.115,-5.8019,-6.2767,-4.7649,-3.9976,-6.8522,-9.9366,-5.4921,-22.8315,-26.6322,-6.7607
Still,F2,Florac-Le_Vibron-Source_du_Pecher.y4m,v07.0.0,-5.6264,-22.5425,-27.4259,-7.2902,-6.221,-6.6103,-5.5783,-4.9959,-7.1546,-10.0368,-5.6264,-22.5425,-27.4259,-6.9884
Still,F2,Florac-Le_Vibron-Source_du_Pecher.y4m,v08.0.0,-5.7303,-22.775,-28.1333,-7.4378,-6.3894,-6.7733,-6.0558,-5.6967,-7.4843,-10.3131,-5.7303,-22.775,-28.1333,-7.1702
Still,F2,Florac-Le_Vibron-Source_du_Pecher.y4m,v09.0.0,-7.3876,-23.0723,-28.4921,-8.9524,-9.3866,-9.1712,-10.0415,-9.9086,-10.0696,-11.3635,-7.3876,-23.0723,-28.4921,-8.6352
Still,F2,Florac-Le_Vibron-Source_du_Pecher.y4m,v10.0.0,-6.4447,-23.1512,-28.9006,-8.1143,-8.952,-8.9113,-11.1051,-10.1492,-8.9331,-11.4295,-6.4447,-23.1512,-28.9006,-7.9439
Still,F2,Florac-Le_Vibron-Source_du_Pecher.y4m,v11.0.0,-7.2603,-23.0968,-27.682,-8.7917,-8.9806,-9.014,-9.3399,-9.0661,-9.7505,-11.2984,-7.2603,-23.0968,-27.682,-8.5211
Still,F2,Florac-Le_Vibron-Source_du_Pecher.y4m,v12.0.0,-7.2746,-23.3616,-28.1282,-8.8179,-8.6842,-8.8138,-11.0979,-10.4104,-9.8115,-11.3658,-7.2746,-23.3616,-28.1282,-8.5216
Still,F2,Florac-Le_Vibron-Source_du_Pecher.y4m,v13.0.0,-7.2205,-22.764,-27.9871,-8.7295,-8.2804,-8.7457,-10.1561,-9.4654,-9.809,-11.4504,-7.2205,-22.764,-27.9871,-8.4738
Still,F2,Florac-Le_Vibron-Source_du_Pecher.y4m,v14.0.0,-7.2269,-22.7697,-27.9925,-8.7358,-8.2857,-8.7525,-10.1728,-9.4816,-9.8169,-11.4571,-7.2269,-22.7697,-27.9925,-8.4804
Still,F2,Florac-Le_Vibron-Source_du_Pecher.y4m,v15.0.0,-7.2269,-22.7697,-27.9925,-8.7358,-8.2857,-8.7525,-10.1728,-9.4816,-9.8169,-11.4571,-7.2269,-22.7697,-27.9925,-8.4804
Still,F2,Fontaine_Place_Stanislas.y4m,v02.0.0,-2.7593,-10.4751,-20.0914,-3.8366,-3.9712,-4.0902,-2.712,-2.92,-4.7965,-7.8697,-2.7593,-10.4751,-20.0914,-3.3903
Still,F2,Fontaine_Place_Stanislas.y4m,v03.0.0,-5.2607,-12.7253,-25.5525,-6.4248,-5.2917,-5.6815,-2.6895,-2.2255,-5.501,-10.0202,-5.2607,-12.7253,-25.5525,-5.9517
Still,F2,Fontaine_Place_Stanislas.y4m,v04.0.0,-7.6943,-16.4867,-30.1398,-9.0219,-8.4486,-8.8405,-4.2516,-4.3945,-8.7008,-13.1734,-7.6943,-16.4867,-30.1398,-8.658
Still,F2,Fontaine_Place_Stanislas.y4m,v05.0.0,-8.5329,-17.9485,-30.1253,-9.8523,-8.5894,-9.173,-5.3885,-5.2365,-9.4723,-13.9782,-8.5329,-17.9485,-30.1253,-9.5558
Still,F2,Fontaine_Place_Stanislas.y4m,v06.0.0,-9.3931,-19.5817,-32.8755,-10.8755,-10.1959,-10.6596,-6.8089,-6.4984,-10.6128,-16.1626,-9.3931,-19.5817,-32.8755,-10.5883
Still,F2,Fontaine_Place_Stanislas.y4m,v07.0.0,-9.8872,-20.6902,-33.889,-11.499,-11.0799,-11.4967,-7.7347,-7.4117,-11.5839,-17.092,-9.8872,-20.6902,-33.889,-11.1821
Still,F2,Fontaine_Place_Stanislas.y4m,v08.0.0,-10.748,-22.1005,-36.3052,-12.4947,-12.1326,-12.5192,-9.4511,-8.8002,-12.6727,-18.5012,-10.748,-22.1005,-36.3052,-12.1132
Still,F2,Fontaine_Place_Stanislas.y4m,v09.0.0,-12.0529,-22.6052,-35.4294,-13.6192,-13.411,-13.7568,-11.6263,-11.7005,-14.4132,-19.4992,-12.0529,-22.6052,-35.4294,-13.2241
Still,F2,Fontaine_Place_Stanislas.y4m,v10.0.0,-12.1601,-22.182,-35.5796,-13.6976,-13.6586,-13.9819,-12.9053,-11.93,-14.3707,-19.3794,-12.1601,-22.182,-35.5796,-13.3334
Still,F2,Fontaine_Place_Stanislas.y4m,v11.0.0,-11.9523,-22.0928,-36.1022,-13.5069,-13.2147,-13.5944,-12.5472,-12.1306,-14.0823,-19.3826,-11.9523,-22.0928,-36.1022,-13.1206
Still,F2,Fontaine_Place_Stanislas.y4m,v12.0.0,-12.6523,-21.7872,-35.7489,-14.149,-14.4235,-14.7263,-13.7384,-13.2458,-14.923,-19.8761,-12.6523,-21.7872,-35.7489,-13.7754
Still,F2,Fontaine_Place_Stanislas.y4m,v13.0.0,-12.6951,-22.4043,-35.3368,-14.1986,-14.9404,-14.5846,-13.7712,-13.2036,-15.1194,-19.8888,-12.6951,-22.4043,-35.3368,-13.8234
Still,F2,Fontaine_Place_Stanislas.y4m,v14.0.0,-12.7053,-22.4133,-35.3444,-14.2086,-14.95,-14.5952,-13.7931,-13.225,-15.1319,-19.8992,-12.7053,-22.4133,-35.3444,-13.8338
Still,F2,Fontaine_Place_Stanislas.y4m,v15.0.0,-12.7053,-22.4133,-35.3444,-14.2086,-14.95,-14.5952,-13.7931,-13.225,-15.1319,-19.8992,-12.7053,-22.4133,-35.3444,-13.8338
Still,F2,Genmaicha_Tea.y4m,v02.0.0,-4.0225,-14.6038,-9.7659,-4.786,-5.0281,-4.8453,-6.1004,-6.2009,-5.7024,-12.589,-4.0225,-14.6038,-9.7659,-4.7054
Still,F2,Genmaicha_Tea.y4m,v03.0.0,-7.0901,-17.102,-12.1905,-7.7943,-6.9793,-6.7499,-8.3125,-7.9498,-7.8051,-12.1896,-7.0901,-17.102,-12.1905,-7.7041
Still,F2,Genmaicha_Tea.y4m,v04.0.0,-9.9758,-27.1892,-19.5886,-11.1853,-10.8154,-10.4367,-10.1964,-10.5305,-11.1001,-19.4663,-9.9758,-27.1892,-19.5886,-11.1497
Still,F2,Genmaicha_Tea.y4m,v05.0.0,-11.3587,-27.9625,-19.7792,-12.4882,-13.3289,-13.4051,-12.3111,-11.9505,-12.4799,-20.4467,-11.3587,-27.9625,-19.7792,-12.5274
Still,F2,Genmaicha_Tea.y4m,v06.0.0,-12.3342,-31.0703,-23.8993,-13.7758,-14.6654,-14.3643,-13.5747,-13.2045,-14.421,-22.8018,-12.3342,-31.0703,-23.8993,-13.7689
Still,F2,Genmaicha_Tea.y4m,v07.0.0,-12.7879,-32.5341,-22.508,-14.1747,-15.1405,-15.0927,-13.9836,-14.3179,-15.157,-23.1304,-12.7879,-32.5341,-22.508,-14.2099
Still,F2,Genmaicha_Tea.y4m,v08.0.0,-16.0693,-33.2238,-25.7573,-17.3883,-18.2593,-18.3048,-18.2855,-17.2232,-17.8497,-23.2427,-16.0693,-33.2238,-25.7573,-17.39
Still,F2,Genmaicha_Tea.y4m,v09.0.0,-18.1049,-35.1554,-27.4562,-19.3706,-20.1838,-20.1674,-19.6568,-19.7283,-20.1797,-27.5229,-18.1049,-35.1554,-27.4562,-19.3039
Still,F2,Genmaicha_Tea.y4m,v10.0.0,-18.3903,-32.4527,-25.8989,-19.4338,-20.0409,-20.1303,-19.5731,-19.0242,-19.7872,-22.9356,-18.3903,-32.4527,-25.8989,-19.4033
Still,F2,Genmaicha_Tea.y4m,v11.0.0,-18.1786,-35.4325,-26.9831,-19.422,-19.0034,-18.8745,-19.2948,-19.3234,-19.561,-26.9562,-18.1786,-35.4325,-26.9831,-19.3636
Still,F2,Genmaicha_Tea.y4m,v12.0.0,-18.3482,-33.2884,-26.6189,-19.4565,-18.7605,-18.8871,-19.3229,-19.1728,-19.6284,-26.6999,-18.3482,-33.2884,-26.6189,-19.4189
Still,F2,Genmaicha_Tea.y4m,v13.0.0,-18.5064,-34.9191,-24.5682,-19.5992,-20.256,-19.2187,-19.2474,-19.0835,-19.8774,-25.7429,-18.5064,-34.9191,-24.5682,-19.544
Still,F2,Genmaicha_Tea.y4m,v14.0.0,-18.5325,-34.9398,-24.5944,-19.625,-20.2863,-19.2493,-19.2935,-19.1287,-19.9122,-25.7694,-18.5325,-34.9398,-24.5944,-19.5703
Still,F2,Genmaicha_Tea.y4m,v15.0.0,-18.5325,-34.9398,-24.5944,-19.625,-20.2863,-19.2493,-19.2935,-19.1287,-19.9122,-25.7694,-18.5325,-34.9398,-24.5944,-19.5703
Still,F2,Homestead_in_Montana.y4m,v02.0.0,-2.8242,-3.811,-3.5389,-2.918,-1.367,-2.0086,-1.6322,-1.8395,-2.1734,-2.7626,-2.8242,-3.811,-3.5389,-2.9583
Still,F2,Homestead_in_Montana.y4m,v03.0.0,-4.9814,-5.0909,-5.1016,-4.998,-3.0283,-3.8185,-2.8603,-2.9534,-3.9399,-4.5677,-4.9814,-5.0909,-5.1016,-4.9668
Still,F2,Homestead_in_Montana.y4m,v04.0.0,-8.1566,-12.8197,-11.5824,-8.6185,-6.2834,-7.2578,-7.1217,-6.5861,-7.4056,-8.6285,-8.1566,-12.8197,-11.5824,-8.877
Still,F2,Homestead_in_Montana.y4m,v05.0.0,-9.1574,-15.2728,-14.816,-9.8332,-8.0447,-8.7187,-7.5098,-7.4276,-8.1637,-10.9664,-9.1574,-15.2728,-14.816,-10.2955
Still,F2,Homestead_in_Montana.y4m,v06.0.0,-10.6365,-16.9568,-17.0883,-11.3634,-9.9558,-10.6843,-8.4492,-9.1674,-10.2208,-13.0134,-10.6365,-16.9568,-17.0883,-11.9103
Still,F2,Homestead_in_Montana.y4m,v07.0.0,-10.9275,-17.568,-16.6774,-11.6428,-10.0509,-10.9612,-9.4619,-9.6725,-10.3537,-13.1069,-10.9275,-17.568,-16.6774,-12.1661
Still,F2,Homestead_in_Montana.y4m,v08.0.0,-11.6718,-17.1589,-18.2021,-12.3671,-10.8408,-11.67,-9.8378,-10.1013,-11.1543,-14.1704,-11.6718,-17.1589,-18.2021,-12.9058
Still,F2,Homestead_in_Montana.y4m,v09.0.0,-14.232,-17.2881,-18.0492,-14.6381,-14.2966,-14.8285,-15.0778,-14.5755,-14.0187,-15.1081,-14.232,-17.2881,-18.0492,-14.9071
Still,F2,Homestead_in_Montana.y4m,v10.0.0,-14.5766,-16.7386,-17.928,-14.9047,-14.5609,-15.0801,-14.9859,-15.4817,-14.3997,-15.4036,-14.5766,-16.7386,-17.928,-15.1142
Still,F2,Homestead_in_Montana.y4m,v11.0.0,-14.1918,-15.7623,-16.7603,-14.443,-13.5419,-14.3637,-14.9911,-14.8221,-13.6243,-14.9502,-14.1918,-15.7623,-16.7603,-14.6127
Still,F2,Homestead_in_Montana.y4m,v12.0.0,-14.4613,-16.468,-16.8715,-14.7193,-14.2402,-14.815,-15.9961,-15.5905,-14.0643,-15.4476,-14.4613,-16.468,-16.8715,-14.8957
Still,F2,Homestead_in_Montana.y4m,v13.0.0,-14.1448,-17.1941,-17.7798,-14.5358,-14.9016,-14.5277,-13.9809,-14.3409,-13.9369,-15.0417,-14.1448,-17.1941,-17.7798,-14.7973
Still,F2,Homestead_in_Montana.y4m,v14.0.0,-14.1603,-17.2087,-17.7943,-14.5513,-14.9174,-14.5444,-14.0102,-14.3693,-13.9539,-15.0572,-14.1603,-17.2087,-17.7943,-14.8128
Still,F2,Homestead_in_Montana.y4m,v15.0.0,-14.1603,-17.2087,-17.7943,-14.5513,-14.9174,-14.5444,-14.0102,-14.3693,-13.9539,-15.0572,-14.1603,-17.2087,-17.7943,-14.8128
Still,F2,Madeira_151_Funchal_Mercado_dos_Lavradores.y4m,v02.0.0,-3.5525,-2.5986,-4.0226,-3.5259,-3.2052,-3.3248,-2.3317,-2.9712,-3.1201,-3.422,-3.5525,-2.5986,-4.0226,-3.4857
Still,F2,Madeira_151_Funchal_Mercado_dos_Lavradores.y4m,v03.0.0,-5.6811,-3.9002,-4.7818,-5.5425,-4.3894,-4.8353,-2.502,-3.4163,-4.4996,-4.9085,-5.6811,-3.9002,-4.7818,-5.3925
Still,F2,Madeira_151_Funchal_Mercado_dos_Lavradores.y4m,v04.0.0,-8.2405,-8.3409,-10.6113,-8.3721,-6.6403,-7.298,-3.4706,-4.5169,-6.6049,-8.2272,-8.2405,-8.3409,-10.6113,-8.4102
Still,F2,Madeira_151_Funchal_Mercado_dos_Lavradores.y4m,v05.0.0,-9.1358,-10.3651,-13.8789,-9.4508,-7.0907,-7.9594,-5.7194,-6.5641,-7.6534,-9.6476,-9.1358,-10.3651,-13.8789,-9.6841
Still,F2,Madeira_151_Funchal_Mercado_dos_Lavradores.y4m,v06.0.0,-10.2588,-12.1821,-15.5293,-10.6395,-8.7597,-9.4641,-5.5478,-6.4072,-8.9944,-11.4704,-10.2588,-12.1821,-15.5293,-10.9503
Still,F2,Madeira_151_Funchal_Mercado_dos_Lavradores.y4m,v07.0.0,-10.5265,-12.51,-15.9637,-10.9198,-8.6471,-9.6608,-5.6301,-6.5963,-9.159,-11.8604,-10.5265,-12.51,-15.9637,-11.2467
Still,F2,Madeira_151_Funchal_Mercado_dos_Lavradores.y4m,v08.0.0,-11.2253,-12.7452,-16.4743,-11.5829,-9.5853,-10.4425,-9.0726,-9.1689,-9.8988,-12.6325,-11.2253,-12.7452,-16.4743,-11.8888
Still,F2,Madeira_151_Funchal_Mercado_dos_Lavradores.y4m,v09.0.0,-13.0624,-12.8129,-16.0854,-13.2081,-12.4617,-12.6916,-12.3374,-12.5154,-12.3461,-13.5536,-13.0624,-12.8129,-16.0854,-13.2999
Still,F2,Madeira_151_Funchal_Mercado_dos_Lavradores.y4m,v10.0.0,-13.4246,-12.8726,-15.7905,-13.5133,-12.3424,-12.7859,-14.1988,-13.345,-12.1602,-13.6701,-13.4246,-12.8726,-15.7905,-13.5792
Still,F2,Madeira_151_Funchal_Mercado_dos_Lavradores.y4m,v11.0.0,-13.3761,-12.5196,-15.131,-13.4154,-12.492,-12.8433,-13.9392,-13.3397,-12.1017,-13.5387,-13.3761,-12.5196,-15.131,-13.4503
Still,F2,Madeira_151_Funchal_Mercado_dos_Lavradores.y4m,v12.0.0,-13.2429,-12.3599,-15.1082,-13.2853,-12.235,-12.5634,-13.3194,-12.9937,-11.9011,-13.4298,-13.2429,-12.3599,-15.1082,-13.3146
Still,F2,Madeira_151_Funchal_Mercado_dos_Lavradores.y4m,v13.0.0,-13.1572,-12.6059,-15.41,-13.237,-13.1987,-12.476,-13.1529,-13.1066,-11.9165,-13.3295,-13.1572,-12.6059,-15.41,-13.2979
Still,F2,Madeira_151_Funchal_Mercado_dos_Lavradores.y4m,v14.0.0,-13.1667,-12.6154,-15.4196,-13.2465,-13.2073,-12.4857,-13.1728,-13.126,-11.9266,-13.3391,-13.1667,-12.6154,-15.4196,-13.3075
Still,F2,Madeira_151_Funchal_Mercado_dos_Lavradores.y4m,v15.0.0,-13.1667,-12.6154,-15.4196,-13.2465,-13.2073,-12.4857,-13.1728,-13.126,-11.9266,-13.3391,-13.1667,-12.6154,-15.4196,-13.3075
Still,F2,Madeira_159_Funchal_Mercado_dos_Lavradores.y4m,v02.0.0,-2.0017,-6.0823,-8.1857,-2.5092,-2.5089,-2.4346,-4.4691,-4.1544,-3.6291,-4.8657,-2.0017,-6.0823,-8.1857,-2.6366
Still,F2,Madeira_159_Funchal_Mercado_dos_Lavradores.y4m,v03.0.0,-4.5149,-7.7256,-8.817,-4.886,-4.4493,-4.6064,-4.8558,-4.7098,-4.9677,-6.4352,-4.5149,-7.7256,-8.817,-4.9435
Still,F2,Madeira_159_Funchal_Mercado_dos_Lavradores.y4m,v04.0.0,-6.4452,-11.0881,-12.7576,-6.9935,-6.2913,-6.5779,-8.4212,-7.4608,-7.338,-9.3956,-6.4452,-11.0881,-12.7576,-7.0887
Still,F2,Madeira_159_Funchal_Mercado_dos_Lavradores.y4m,v05.0.0,-7.21,-14.1511,-18.9432,-8.1553,-6.7665,-7.044,-9.581,-8.8173,-8.4435,-11.768,-7.21,-14.1511,-18.9432,-8.459
Still,F2,Madeira_159_Funchal_Mercado_dos_Lavradores.y4m,v06.0.0,-8.0605,-15.0412,-20.7823,-9.057,-7.853,-8.1498,-11.1167,-10.4367,-9.5186,-13.0313,-8.0605,-15.0412,-20.7823,-9.3946
Still,F2,Madeira_159_Funchal_Mercado_dos_Lavradores.y4m,v07.0.0,-8.2993,-15.6158,-22.2845,-9.3763,-7.808,-8.3247,-10.4551,-9.9452,-9.6958,-13.4812,-8.2993,-15.6158,-22.2845,-9.7961
Still,F2,Madeira_159_Funchal_Mercado_dos_Lavradores.y4m,v08.0.0,-9.0756,-16.6878,-23.628,-10.2061,-9.1129,-9.3056,-11.5267,-11.2466,-10.6775,-14.8191,-9.0756,-16.6878,-23.628,-10.6383
Still,F2,Madeira_159_Funchal_Mercado_dos_Lavradores.y4m,v09.0.0,-10.5564,-16.9924,-23.1765,-11.5204,-11.8031,-11.5934,-15.3671,-14.4212,-12.8022,-15.6198,-10.5564,-16.9924,-23.1765,-11.8355
Still,F2,Madeira_159_Funchal_Mercado_dos_Lavradores.y4m,v10.0.0,-10.6309,-16.4501,-21.9959,-11.488,-11.5613,-11.2329,-15.5398,-14.4152,-12.3184,-15.1464,-10.6309,-16.4501,-21.9959,-11.7861
Still,F2,Madeira_159_Funchal_Mercado_dos_Lavradores.y4m,v11.0.0,-10.67,-16.3858,-22.911,-11.5619,-11.8755,-11.5725,-16.3272,-14.8063,-12.5588,-15.561,-10.67,-16.3858,-22.911,-11.8753
Still,F2,Madeira_159_Funchal_Mercado_dos_Lavradores.y4m,v12.0.0,-10.6674,-16.1426,-22.6689,-11.5333,-11.801,-11.4247,-16.1947,-15.167,-12.3032,-15.0486,-10.6674,-16.1426,-22.6689,-11.8301
Still,F2,Madeira_159_Funchal_Mercado_dos_Lavradores.y4m,v13.0.0,-10.6734,-16.2063,-22.9178,-11.5522,-10.9709,-11.4156,-17.791,-16.1262,-12.4815,-15.2259,-10.6734,-16.2063,-22.9178,-11.8481
Still,F2,Madeira_159_Funchal_Mercado_dos_Lavradores.y4m,v14.0.0,-10.6784,-16.211,-22.9221,-11.557,-10.9751,-11.4205,-17.802,-16.137,-12.4874,-15.2308,-10.6784,-16.211,-22.9221,-11.853
Still,F2,Madeira_159_Funchal_Mercado_dos_Lavradores.y4m,v15.0.0,-10.6784,-16.211,-22.9221,-11.557,-10.9751,-11.4205,-17.802,-16.137,-12.4874,-15.2308,-10.6784,-16.211,-22.9221,-11.853
Still,F2,MagicKindom.y4m,v02.0.0,-2.0637,-11.7723,-11.4289,-2.8189,-2.6178,-2.524,-1.6127,-2.793,-3.6413,-4.0953,-2.0637,-11.7723,-11.4289,-2.5222
Still,F2,MagicKindom.y4m,v03.0.0,-3.5853,-15.935,-16.1705,-4.613,-3.6862,-4.0049,-2.4923,-2.6917,-4.3738,-5.8505,-3.5853,-15.935,-16.1705,-4.1458
Still,F2,MagicKindom.y4m,v04.0.0,-5.3025,-18.7631,-18.6923,-6.4704,-5.2531,-5.9167,-3.439,-3.9289,-6.229,-8.0677,-5.3025,-18.7631,-18.6923,-6.026
Still,F2,MagicKindom.y4m,v05.0.0,-5.9255,-20.1463,-20.2007,-7.1343,-6.0188,-6.6048,-4.9473,-5.1004,-7.069,-8.9172,-5.9255,-20.1463,-20.2007,-6.7893
Still,F2,MagicKindom.y4m,v06.0.0,-6.4149,-22.895,-21.1106,-7.7886,-6.1655,-6.8806,-6.1977,-6.4303,-7.8063,-9.9064,-6.4149,-22.895,-21.1106,-7.4721
Still,F2,MagicKindom.y4m,v07.0.0,-6.684,-23.7088,-21.4549,-8.0984,-6.4463,-7.2232,-6.6399,-7.0523,-8.1586,-10.3534,-6.684,-23.7088,-21.4549,-7.7959
Still,F2,MagicKindom.y4m,v08.0.0,-7.1717,-25.8907,-21.0993,-8.6437,-6.7809,-7.6975,-7.2688,-7.8696,-8.5799,-10.9703,-7.1717,-25.8907,-21.0993,-8.3326
Still,F2,MagicKindom.y4m,v09.0.0,-8.6173,-26.4527,-20.9739,-10.0001,-9.6719,-9.7972,-11.2946,-11.42,-10.7936,-12.2107,-8.6173,-26.4527,-20.9739,-9.5749
Still,F2,MagicKindom.y4m,v10.0.0,-8.7742,-25.631,-21.476,-10.0942,-9.2312,-9.7584,-10.9649,-11.0367,-10.6084,-12.3133,-8.7742,-25.631,-21.476,-9.7356
Still,F2,MagicKindom.y4m,v11.0.0,-8.6205,-27.0723,-20.9241,-9.9795,-9.3012,-9.6422,-11.4188,-11.3268,-10.6663,-12.3729,-8.6205,-27.0723,-20.9241,-9.6327
Still,F2,MagicKindom.y4m,v12.0.0,-8.5357,-26.3284,-21.5847,-9.894,-9.062,-9.4179,-11.6001,-11.5946,-10.5778,-12.2089,-8.5357,-26.3284,-21.5847,-9.5236
Still,F2,MagicKindom.y4m,v13.0.0,-8.537,-26.4902,-20.6675,-9.8644,-9.5507,-9.5111,-10.8357,-10.6822,-10.406,-12.1289,-8.537,-26.4902,-20.6675,-9.4922
Still,F2,MagicKindom.y4m,v14.0.0,-8.5417,-26.4945,-20.6711,-9.869,-9.5549,-9.5165,-10.8484,-10.6946,-10.4121,-12.1337,-8.5417,-26.4945,-20.6711,-9.4971
Still,F2,MagicKindom.y4m,v15.0.0,-8.5417,-26.4945,-20.6711,-9.869,-9.5549,-9.5165,-10.8484,-10.6946,-10.4121,-12.1337,-8.5417,-26.4945,-20.6711,-9.4971
Still,F2,Michigan_Stadium.y4m,v02.0.0,-1.4326,-1.1681,-3.1623,-1.496,-2.8452,-3.0716,-2.4583,-2.4512,-2.8326,-2.0889,-1.4326,-1.1681,-3.1623,-1.4954
Still,F2,Michigan_Stadium.y4m,v03.0.0,-3.3367,-1.8681,-4.9595,-3.3339,-3.6853,-4.3231,-2.9111,-2.4099,-3.4925,-3.3329,-3.3367,-1.8681,-4.9595,-3.2698
Still,F2,Michigan_Stadium.y4m,v04.0.0,-5.1317,-4.278,-10.5261,-5.3346,-6.1928,-6.8606,-5.1758,-4.6528,-6.1549,-5.8912,-5.1317,-4.278,-10.5261,-5.3279
Still,F2,Michigan_Stadium.y4m,v05.0.0,-5.6356,-5.9827,-12.2982,-5.9586,-7.2162,-7.771,-5.7196,-5.3563,-6.9243,-7.0561,-5.6356,-5.9827,-12.2982,-6.0825
Still,F2,Michigan_Stadium.y4m,v06.0.0,-6.1505,-7.4933,-13.287,-6.5495,-7.7282,-8.5011,-6.246,-6.1388,-7.6,-7.9082,-6.1505,-7.4933,-13.287,-6.7722
Still,F2,Michigan_Stadium.y4m,v07.0.0,-6.149,-7.8142,-13.9192,-6.5986,-7.9511,-8.7551,-7.1059,-6.7432,-7.8617,-8.3738,-6.149,-7.8142,-13.9192,-6.8629
Still,F2,Michigan_Stadium.y4m,v08.0.0,-6.3844,-8.2953,-14.7497,-6.8723,-8.3495,-9.046,-6.9928,-6.9139,-8.1514,-8.7086,-6.3844,-8.2953,-14.7497,-7.1617
Still,F2,Michigan_Stadium.y4m,v09.0.0,-7.7569,-7.9668,-13.9314,-8.0557,-10.7734,-11.0171,-10.7964,-10.2785,-10.258,-9.3676,-7.7569,-7.9668,-13.9314,-8.2094
Still,F2,Michigan_Stadium.y4m,v10.0.0,-8.0214,-8.2385,-14.417,-8.3317,-10.6467,-10.9842,-11.2402,-10.4176,-9.9903,-9.5723,-8.0214,-8.2385,-14.417,-8.5145
Still,F2,Michigan_Stadium.y4m,v11.0.0,-7.7886,-8.1577,-14.1488,-8.1045,-10.823,-11.0327,-10.9581,-10.0596,-9.8684,-9.4218,-7.7886,-8.1577,-14.1488,-8.3002
Still,F2,Michigan_Stadium.y4m,v12.0.0,-7.837,-7.6419,-14.382,-8.1309,-10.4508,-10.881,-11.0681,-10.3112,-9.8406,-9.2202,-7.837,-7.6419,-14.382,-8.2969
Still,F2,Michigan_Stadium.y4m,v13.0.0,-7.7414,-7.8102,-14.6184,-8.067,-10.5513,-10.9252,-11.2576,-10.3081,-9.757,-9.3091,-7.7414,-7.8102,-14.6184,-8.2409
Still,F2,Michigan_Stadium.y4m,v14.0.0,-7.7443,-7.8125,-14.6204,-8.0698,-10.5543,-10.9284,-11.2634,-10.3139,-9.7604,-9.3118,-7.7443,-7.8125,-14.6204,-8.2438
Still,F2,Michigan_Stadium.y4m,v15.0.0,-7.7443,-7.8125,-14.6204,-8.0698,-10.5543,-10.9284,-11.2634,-10.3139,-9.7604,-9.3118,-7.7443,-7.8125,-14.6204,-8.2438
Still,F2,OperaLamps.y4m,v02.0.0,-4.0131,-2.0181,-5.9672,-4.0118,-4.441,-4.8028,-3.2713,-3.5282,-4.0226,-4.4956,-4.0131,-2.0181,-5.9672,-3.9607
Still,F2,OperaLamps.y4m,v03.0.0,-6.9471,-4.7268,-7.2193,-6.8532,-6.0874,-6.8363,-4.3767,-4.3207,-5.5098,-7.1288,-6.9471,-4.7268,-7.2193,-6.6378
Still,F2,OperaLamps.y4m,v04.0.0,-9.099,-6.507,-12.6231,-9.1531,-8.2004,-9.215,-4.5852,-5.0979,-7.5463,-9.2962,-9.099,-6.507,-12.6231,-9.0429
Still,F2,OperaLamps.y4m,v05.0.0,-10.0053,-8.9479,-18.4461,-10.3987,-8.8307,-9.9165,-7.2903,-7.0849,-8.3928,-11.7076,-10.0053,-8.9479,-18.4461,-10.6413
Still,F2,OperaLamps.y4m,v06.0.0,-10.9805,-10.5964,-20.2564,-11.4567,-9.6033,-10.8575,-7.4593,-7.64,-9.4094,-13.3115,-10.9805,-10.5964,-20.2564,-11.796
Still,F2,OperaLamps.y4m,v07.0.0,-11.4589,-10.666,-20.973,-11.9297,-10.556,-11.7863,-7.664,-8.1395,-10.1761,-13.7019,-11.4589,-10.666,-20.973,-12.2981
Still,F2,OperaLamps.y4m,v08.0.0,-12.0245,-11.4496,-21.4811,-12.5024,-10.9063,-12.1232,-8.1154,-8.6568,-10.6997,-14.5039,-12.0245,-11.4496,-21.4811,-12.9015
Still,F2,OperaLamps.y4m,v09.0.0,-13.1798,-10.7961,-21.1278,-13.4731,-12.6984,-13.5737,-11.0964,-11.3648,-12.1463,-14.5369,-13.1798,-10.7961,-21.1278,-13.6462
Still,F2,OperaLamps.y4m,v10.0.0,-13.6299,-10.72,-20.3763,-13.8303,-12.7083,-13.7878,-12.2134,-11.8955,-11.8518,-14.6989,-13.6299,-10.72,-20.3763,-13.9294
Still,F2,OperaLamps.y4m,v11.0.0,-13.4781,-10.3662,-21.1293,-13.7153,-12.5896,-13.5794,-11.9217,-11.9982,-11.7363,-14.7333,-13.4781,-10.3662,-21.1293,-13.8486
Still,F2,OperaLamps.y4m,v12.0.0,-13.4865,-10.077,-20.9947,-13.7011,-12.5374,-13.5517,-11.0304,-11.291,-11.8313,-14.5089,-13.4865,-10.077,-20.9947,-13.7699
Still,F2,OperaLamps.y4m,v13.0.0,-13.497,-10.3187,-20.8372,-13.7162,-14.998,-13.5728,-11.0387,-11.3906,-11.5949,-14.5921,-13.497,-10.3187,-20.8372,-13.7932
Still,F2,OperaLamps.y4m,v14.0.0,-13.5027,-10.3237,-20.8413,-13.7218,-15.0036,-13.5791,-11.0509,-11.4025,-11.6013,-14.5974,-13.5027,-10.3237,-20.8413,-13.7988
Still,F2,OperaLamps.y4m,v15.0.0,-13.5027,-10.3237,-20.8413,-13.7218,-15.0036,-13.5791,-11.0509,-11.4025,-11.6013,-14.5974,-13.5027,-10.3237,-20.8413,-13.7988
Still,F2,Orion_Nebula.y4m,v02.0.0,-2.9099,-2.253,0.3053,-2.714,-2.1849,-2.4646,-4.3211,-4.0657,-1.8703,-3.1633,-2.9099,-2.253,0.3053,-2.6345
Still,F2,Orion_Nebula.y4m,v03.0.0,-4.8025,-3.224,-2.4399,-4.611,-3.3654,-3.6402,-5.6114,-5.5499,-3.6733,-4.4826,-4.8025,-3.224,-2.4399,-4.5295
Still,F2,Orion_Nebula.y4m,v04.0.0,-6.4405,-8.0699,-7.271,-6.608,-4.5598,-5.1203,-6.6067,-6.3958,-5.1715,-7.4906,-6.4405,-8.0699,-7.271,-6.7569
Still,F2,Orion_Nebula.y4m,v05.0.0,-7.8588,-7.8944,-8.5097,-7.9069,-5.5031,-6.0618,-9.0096,-8.9802,-6.3027,-7.7552,-7.8588,-7.8944,-8.5097,-8.0298
Still,F2,Orion_Nebula.y4m,v06.0.0,-9.0834,-12.6357,-12.9431,-9.4786,-7.2702,-7.7799,-11.0298,-10.3859,-8.184,-10.6558,-9.0834,-12.6357,-12.9431,-9.7568
Still,F2,Orion_Nebula.y4m,v07.0.0,-9.4201,-13.6961,-14.2315,-9.8998,-7.4145,-7.913,-10.5965,-10.328,-8.3096,-11.8242,-9.4201,-13.6961,-14.2315,-10.2018
Still,F2,Orion_Nebula.y4m,v08.0.0,-9.7966,-13.6882,-13.7273,-10.2081,-7.6308,-8.1308,-12.5717,-11.0418,-8.5311,-12.0883,-9.7966,-13.6882,-13.7273,-10.4769
Still,F2,Orion_Nebula.y4m,v09.0.0,-12.4492,-11.746,-14.0052,-12.5117,-11.0956,-11.581,-14.3502,-14.5582,-11.7153,-13.3862,-12.4492,-11.746,-14.0052,-12.6013
Still,F2,Orion_Nebula.y4m,v10.0.0,-13.1162,-11.8536,-13.6093,-13.096,-11.9188,-12.0027,-16.851,-16.1692,-12.2926,-13.3486,-13.1162,-11.8536,-13.6093,-13.1594
Still,F2,Orion_Nebula.y4m,v11.0.0,-12.6961,-10.2073,-13.0116,-12.6054,-11.7964,-11.8834,-17.4252,-15.9547,-11.8739,-12.4615,-12.6961,-10.2073,-13.0116,-12.6396
Still,F2,Orion_Nebula.y4m,v12.0.0,-12.713,-10.9486,-12.608,-12.6285,-11.7173,-11.9034,-17.1125,-16.4185,-11.8934,-12.9506,-12.713,-10.9486,-12.608,-12.6437
Still,F2,Orion_Nebula.y4m,v13.0.0,-12.785,-11.1177,-14.0473,-12.7853,-12.7094,-11.8541,-17.0416,-15.3421,-12.0008,-13.3774,-12.785,-11.1177,-14.0473,-12.8588
Still,F2,Orion_Nebula.y4m,v14.0.0,-12.8385,-11.1761,-14.1014,-12.8391,-12.7452,-11.8992,-17.1299,-15.4301,-12.0472,-13.4328,-12.8385,-11.1761,-14.1014,-12.9131
Still,F2,Orion_Nebula.y4m,v15.0.0,-12.8385,-11.1761,-14.1014,-12.8391,-12.7452,-11.8992,-17.1299,-15.4301,-12.0472,-13.4328,-12.8385,-11.1761,-14.1014,-12.9131
Still,F2,Saint_Catherine-Caravaggio.y4m,v02.0.0,-4.1689,-14.896,-10.2189,-4.9083,-4.5628,-4.2888,-6.1515,-6.174,-5.7116,-7.5463,-4.1689,-14.896,-10.2189,-4.7576
Still,F2,Saint_Catherine-Caravaggio.y4m,v03.0.0,-7.7246,-20.3123,-13.3201,-8.5137,-6.727,-7.057,-6.0349,-6.1163,-7.7349,-10.2846,-7.7246,-20.3123,-13.3201,-8.3592
Still,F2,Saint_Catherine-Caravaggio.y4m,v04.0.0,-10.4153,-26.4145,-20.8607,-11.5934,-9.4136,-9.6937,-9.2369,-9.6505,-10.8241,-14.7327,-10.4153,-26.4145,-20.8607,-11.385
Still,F2,Saint_Catherine-Caravaggio.y4m,v05.0.0,-10.8454,-30.2878,-21.2952,-12.1919,-9.6873,-10.052,-10.9967,-10.9976,-11.5216,-15.9446,-10.8454,-30.2878,-21.2952,-11.9641
Still,F2,Saint_Catherine-Caravaggio.y4m,v06.0.0,-11.8863,-34.9958,-24.5114,-13.5281,-11.1152,-11.3767,-13.0928,-12.8452,-13.11,-18.0243,-11.8863,-34.9958,-24.5114,-13.2465
Still,F2,Saint_Catherine-Caravaggio.y4m,v07.0.0,-12.6208,-37.2548,-26.6762,-14.4137,-11.2167,-11.6505,-14.1415,-13.8844,-13.7915,-19.8553,-12.6208,-37.2548,-26.6762,-14.1065
Still,F2,Saint_Catherine-Caravaggio.y4m,v08.0.0,-13.1506,-40.9907,-28.6707,-15.1915,-11.6338,-12.2196,-14.7099,-14.8047,-14.192,-20.2558,-13.1506,-40.9907,-28.6707,-14.7704
Still,F2,Saint_Catherine-Caravaggio.y4m,v09.0.0,-14.9341,-40.7956,-26.5808,-16.6927,-13.4034,-13.9377,-17.0261,-17.4449,-16.3863,-21.9908,-14.9341,-40.7956,-26.5808,-16.3301
Still,F2,Saint_Catherine-Caravaggio.y4m,v10.0.0,-15.1458,-40.948,-27.6483,-16.934,-13.6726,-13.9927,-19.4742,-18.7447,-16.6079,-21.8574,-15.1458,-40.948,-27.6483,-16.5502
Still,F2,Saint_Catherine-Caravaggio.y4m,v11.0.0,-15.2476,-39.7097,-26.7622,-16.9269,-13.7785,-14.2054,-18.5464,-18.0899,-16.5284,-21.5421,-15.2476,-39.7097,-26.7622,-16.6013
Still,F2,Saint_Catherine-Caravaggio.y4m,v12.0.0,-15.2497,-39.8183,-26.871,-16.9443,-14.1027,-14.3294,-18.8419,-18.3374,-16.7372,-21.8549,-15.2497,-39.8183,-26.871,-16.5981
Still,F2,Saint_Catherine-Caravaggio.y4m,v13.0.0,-15.1616,-38.9577,-26.046,-16.7904,-14.4046,-14.3577,-19.8443,-18.6056,-16.4701,-21.572,-15.1616,-38.9577,-26.046,-16.4711
Still,F2,Saint_Catherine-Caravaggio.y4m,v14.0.0,-15.1792,-38.976,-26.0669,-16.8082,-14.4156,-14.3738,-19.8854,-18.6461,-16.4908,-21.5907,-15.1792,-38.976,-26.0669,-16.4893
Still,F2,Saint_Catherine-Caravaggio.y4m,v15.0.0,-15.1792,-38.976,-26.0669,-16.8082,-14.4156,-14.3738,-19.8854,-18.6461,-16.4908,-21.5907,-15.1792,-38.976,-26.0669,-16.4893
Still,F2,Streptopelia_orientalis.y4m,v02.0.0,-4.6476,-4.0956,-5.5542,-4.6651,-2.1212,-3.4609,-4.1687,-4.6973,-3.6249,-4.6236,-4.6476,-4.0956,-5.5542,-4.643
Still,F2,Streptopelia_orientalis.y4m,v03.0.0,-7.6176,-5.2488,-6.1956,-7.4067,-4.5653,-6.2351,-5.0281,-5.654,-5.8219,-6.2525,-7.6176,-5.2488,-6.1956,-7.206
Still,F2,Streptopelia_orientalis.y4m,v04.0.0,-10.1807,-8.3881,-11.272,-10.1418,-6.649,-8.6629,-7.9932,-8.275,-8.0651,-9.5337,-10.1807,-8.3881,-11.272,-10.061
Still,F2,Streptopelia_orientalis.y4m,v05.0.0,-10.8275,-12.3625,-13.154,-11.0524,-7.3071,-9.2644,-9.1903,-8.9828,-8.9278,-11.3609,-10.8275,-12.3625,-13.154,-11.2664
Still,F2,Streptopelia_orientalis.y4m,v06.0.0,-12.2394,-13.9817,-14.0479,-12.4488,-9.1116,-10.9964,-11.466,-11.5079,-10.4974,-12.9452,-12.2394,-13.9817,-14.0479,-12.6734
Still,F2,Streptopelia_orientalis.y4m,v07.0.0,-12.3897,-14.235,-14.6155,-12.6248,-8.811,-10.9985,-10.5256,-10.5794,-10.5534,-13.3231,-12.3897,-14.235,-14.6155,-12.8483
Still,F2,Streptopelia_orientalis.y4m,v08.0.0,-12.9849,-13.8813,-14.6692,-13.1316,-9.4454,-11.5945,-11.5022,-11.3951,-11.0754,-13.3729,-12.9849,-13.8813,-14.6692,-13.2708
Still,F2,Streptopelia_orientalis.y4m,v09.0.0,-15.1693,-13.8972,-13.4596,-15.0069,-13.213,-14.4556,-14.371,-14.4046,-13.6954,-14.7738,-15.1693,-13.8972,-13.4596,-14.902
Still,F2,Streptopelia_orientalis.y4m,v10.0.0,-15.8364,-13.9629,-13.8098,-15.6203,-13.5304,-14.9034,-16.0147,-15.8071,-13.8864,-14.9268,-15.8364,-13.9629,-13.8098,-15.4641
Still,F2,Streptopelia_orientalis.y4m,v11.0.0,-15.758,-13.4548,-13.8368,-15.5207,-13.4169,-14.7396,-15.6577,-15.4124,-13.9158,-14.7665,-15.758,-13.4548,-13.8368,-15.3331
Still,F2,Streptopelia_orientalis.y4m,v12.0.0,-15.8067,-13.4814,-13.9465,-15.5707,-13.2858,-14.6801,-14.6905,-14.9903,-13.9397,-14.8632,-15.8067,-13.4814,-13.9465,-15.3758
Still,F2,Streptopelia_orientalis.y4m,v13.0.0,-15.7011,-13.8754,-13.6341,-15.486,-16.5795,-14.6197,-16.2545,-15.982,-13.8074,-14.8515,-15.7011,-13.8754,-13.6341,-15.3394
Still,F2,Streptopelia_orientalis.y4m,v14.0.0,-15.7151,-13.8884,-13.6473,-15.4999,-16.5929,-14.6336,-16.2778,-16.0047,-13.8209,-14.8655,-15.7151,-13.8884,-13.6473,-15.3532
Still,F2,Streptopelia_orientalis.y4m,v15.0.0,-15.7151,-13.8884,-13.6473,-15.4999,-16.5929,-14.6336,-16.2778,-16.0047,-13.8209,-14.8655,-15.7151,-13.8884,-13.6473,-15.3532
Still,F2,Swallowtail.y4m,v02.0.0,-3.0308,-3.1336,-4.1779,-3.1061,-3.2403,-3.0913,-4.1326,-4.087,-3.0136,-3.1959,-3.0308,-3.1336,-4.1779,-3.1196
Still,F2,Swallowtail.y4m,v03.0.0,-4.7523,-5.4572,-6.1392,-4.8784,-4.3238,-4.5172,-4.0224,-4.6139,-4.6099,-5.2031,-4.7523,-5.4572,-6.1392,-4.9067
Still,F2,Swallowtail.y4m,v04.0.0,-7.6199,-10.1447,-13.0643,-8.0688,-6.9872,-7.3142,-6.2875,-7.0294,-7.4147,-8.6812,-7.6199,-10.1447,-13.0643,-8.1982
Still,F2,Swallowtail.y4m,v05.0.0,-8.4978,-13.1277,-16.4093,-9.2096,-7.9171,-8.1031,-8.0048,-8.3706,-8.4095,-10.2211,-8.4978,-13.1277,-16.4093,-9.4352
Still,F2,Swallowtail.y4m,v06.0.0,-9.6787,-15.4273,-18.8228,-10.5298,-9.3371,-9.5198,-9.7806,-10.0903,-9.8965,-11.999,-9.6787,-15.4273,-18.8228,-10.8047
Still,F2,Swallowtail.y4m,v07.0.0,-9.9031,-16.0485,-19.6231,-10.8162,-9.9537,-9.9384,-10.1595,-10.2356,-10.2385,-12.4976,-9.9031,-16.0485,-19.6231,-11.1084
Still,F2,Swallowtail.y4m,v08.0.0,-10.9726,-19.8482,-20.3175,-12.0309,-10.5746,-10.6219,-11.1633,-11.2592,-11.4704,-13.9658,-10.9726,-19.8482,-20.3175,-12.3784
Still,F2,Swallowtail.y4m,v09.0.0,-13.672,-19.3629,-19.4426,-14.3473,-13.7828,-13.2193,-14.7138,-14.7743,-13.9928,-15.6025,-13.672,-19.3629,-19.4426,-14.5611
Still,F2,Swallowtail.y4m,v10.0.0,-14.0099,-19.2782,-20.0784,-14.6731,-13.7572,-13.3461,-16.2253,-15.8983,-13.9108,-15.9732,-14.0099,-19.2782,-20.0784,-14.8802
Still,F2,Swallowtail.y4m,v11.0.0,-13.9195,-19.8064,-19.3639,-14.5761,-13.8424,-13.2352,-16.0997,-15.6884,-13.7928,-15.8988,-13.9195,-19.8064,-19.3639,-14.7903
Still,F2,Swallowtail.y4m,v12.0.0,-13.8367,-19.2991,-19.0174,-14.4506,-13.8607,-13.1864,-15.8265,-15.4927,-13.7168,-15.7938,-13.8367,-19.2991,-19.0174,-14.6505
Still,F2,Swallowtail.y4m,v13.0.0,-13.7909,-19.7855,-18.4232,-14.401,-13.1212,-13.1023,-15.7308,-15.5638,-13.7599,-15.6914,-13.7909,-19.7855,-18.4232,-14.6063
Still,F2,Swallowtail.y4m,v14.0.0,-13.8035,-19.798,-18.4359,-14.4135,-13.1315,-13.1141,-15.7541,-15.5864,-13.7736,-15.7039,-13.8035,-19.798,-18.4359,-14.6189
Still,F2,Swallowtail.y4m,v15.0.0,-13.8035,-19.798,-18.4359,-14.4135,-13.1315,-13.1141,-15.7541,-15.5864,-13.7736,-15.7039,-13.8035,-19.798,-18.4359,-14.6189
Still,F2,Washington_Monument.y4m,v02.0.0,-1.6183,-21.5777,-24.2321,-3.2048,-1.891,-2.3108,-1.7568,-1.523,-3.4802,-6.7718,-1.6183,-21.5777,-24.2321,-2.3015
Still,F2,Washington_Monument.y4m,v03.0.0,-2.6965,-24.0546,-27.1138,-4.4683,-2.2996,-2.9649,-0.2378,-0.4415,-4.1652,-8.3617,-2.6965,-24.0546,-27.1138,-3.4327
Still,F2,Washington_Monument.y4m,v04.0.0,-5.0939,-30.6685,-33.8242,-7.2597,-4.7644,-5.5245,-3.8541,-3.9612,-6.8943,-11.9949,-5.0939,-30.6685,-33.8242,-6.1276
Still,F2,Washington_Monument.y4m,v05.0.0,-5.6006,-29.5562,-34.2423,-7.7245,-5.0193,-5.7962,-4.4128,-4.4953,-7.5675,-12.6764,-5.6006,-29.5562,-34.2423,-6.6541
Still,F2,Washington_Monument.y4m,v06.0.0,-6.2654,-34.4687,-36.113,-8.6351,-5.869,-6.5556,-5.4306,-5.3348,-8.399,-14.4436,-6.2654,-34.4687,-36.113,-7.4874
Still,F2,Washington_Monument.y4m,v07.0.0,-6.7946,-37.864,-41.8279,-9.5602,-6.6096,-7.2897,-6.9676,-6.8895,-9.3297,-17.1882,-6.7946,-37.864,-41.8279,-8.169
Still,F2,Washington_Monument.y4m,v08.0.0,-6.9711,-38.1541,-41.2713,-9.762,-7.2468,-7.9439,-6.5925,-6.7538,-9.7768,-17.2037,-6.9711,-38.1541,-41.2713,-8.339
Still,F2,Washington_Monument.y4m,v09.0.0,-8.3273,-38.3911,-41.6445,-10.8923,-9.6109,-9.6463,-10.4665,-10.4726,-11.8721,-18.2585,-8.3273,-38.3911,-41.6445,-9.5953
Still,F2,Washington_Monument.y4m,v10.0.0,-8.4894,-39.7892,-43.4484,-11.2751,-9.8349,-9.9099,-12.0312,-11.2663,-12.1618,-19.0567,-8.4894,-39.7892,-43.4484,-9.8351
Still,F2,Washington_Monument.y4m,v11.0.0,-8.2912,-38.2591,-42.3183,-10.9452,-10.0596,-9.7605,-12.0766,-12.4554,-11.863,-18.6425,-8.2912,-38.2591,-42.3183,-9.5859
Still,F2,Washington_Monument.y4m,v12.0.0,-8.2695,-38.2761,-41.0199,-10.8632,-9.8191,-9.6488,-13.2952,-12.6432,-11.8171,-18.1591,-8.2695,-38.2761,-41.0199,-9.5362
Still,F2,Washington_Monument.y4m,v13.0.0,-8.1813,-39.3184,-40.4068,-10.8317,-9.6155,-9.6927,-12.4592,-11.6337,-11.8849,-18.4473,-8.1813,-39.3184,-40.4068,-9.475
Still,F2,Washington_Monument.y4m,v14.0.0,-8.1928,-39.3297,-40.4175,-10.8432,-9.6257,-9.7047,-12.487,-11.6611,-11.8988,-18.4598,-8.1928,-39.3297,-40.4175,-9.4868
Still,F2,Washington_Monument.y4m,v15.0.0,-8.1928,-39.3297,-40.4175,-10.8432,-9.6257,-9.7047,-12.487,-11.6611,-11.8988,-18.4598,-8.1928,-39.3297,-40.4175,-9.4868
Still,F2,Wasserfassstelle_von_1898_im_Schanerloch.y4m,v02.0.0,-2.0186,-37.8257,-39.9521,-5.1204,-2.8759,-2.9608,-2.3945,-2.7491,-4.026,-8.6663,-2.0186,-37.8257,-39.9521,-2.8213
Still,F2,Wasserfassstelle_von_1898_im_Schanerloch.y4m,v03.0.0,-3.8299,-39.3114,-40.1198,-6.8204,-4.0732,-4.2838,-1.9906,-2.734,-5.0619,-10.544,-3.8299,-39.3114,-40.1198,-4.644
Still,F2,Wasserfassstelle_von_1898_im_Schanerloch.y4m,v04.0.0,-5.7874,-41.3118,-46.4844,-9.2357,-6.0732,-6.5637,-4.6568,-4.5718,-7.2615,-13.3779,-5.7874,-41.3118,-46.4844,-6.8872
Still,F2,Wasserfassstelle_von_1898_im_Schanerloch.y4m,v05.0.0,-6.1759,-43.3584,-45.5872,-9.6289,-6.2551,-6.7254,-4.5609,-5.157,-7.5496,-13.9592,-6.1759,-43.3584,-45.5872,-7.3251
Still,F2,Wasserfassstelle_von_1898_im_Schanerloch.y4m,v06.0.0,-6.9688,-42.5436,-49.8733,-10.7311,-7.1228,-7.6441,-6.0648,-6.1159,-8.9124,-15.4396,-6.9688,-42.5436,-49.8733,-8.2788
Still,F2,Wasserfassstelle_von_1898_im_Schanerloch.y4m,v07.0.0,-7.2215,-44.7203,-50.3359,-11.2193,-7.7457,-8.2035,-7.2349,-7.4442,-9.3797,-16.359,-7.2215,-44.7203,-50.3359,-8.632
Still,F2,Wasserfassstelle_von_1898_im_Schanerloch.y4m,v08.0.0,-7.4053,-48.3794,-54.169,-11.8092,-8.1606,-8.5464,-6.4638,-6.7405,-9.7609,-17.1156,-7.4053,-48.3794,-54.169,-8.908
Still,F2,Wasserfassstelle_von_1898_im_Schanerloch.y4m,v09.0.0,-8.8024,-49.6159,-54.3505,-13.2313,-10.4809,-10.4234,-9.9957,-10.5974,-12.0296,-18.5593,-8.8024,-49.6159,-54.3505,-10.275
Still,F2,Wasserfassstelle_von_1898_im_Schanerloch.y4m,v10.0.0,-8.8385,-49.1836,-53.686,-13.1891,-9.8725,-10.0187,-11.2774,-11.293,-11.801,-18.7535,-8.8385,-49.1836,-53.686,-10.3173
Still,F2,Wasserfassstelle_von_1898_im_Schanerloch.y4m,v11.0.0,-8.6956,-48.7787,-55.0082,-13.0093,-10.0969,-10.1623,-10.5517,-10.3874,-11.7434,-18.3928,-8.6956,-48.7787,-55.0082,-10.1733
Still,F2,Wasserfassstelle_von_1898_im_Schanerloch.y4m,v12.0.0,-8.649,-46.9365,-54.2167,-12.8866,-9.7419,-9.9632,-10.4004,-10.3781,-11.4527,-18.325,-8.649,-46.9365,-54.2167,-10.0859
Still,F2,Wasserfassstelle_von_1898_im_Schanerloch.y4m,v13.0.0,-8.6344,-48.8681,-56.1821,-12.9881,-9.7137,-10.2506,-11.5436,-11.314,-11.7693,-18.3582,-8.6344,-48.8681,-56.1821,-10.0901
Still,F2,Wasserfassstelle_von_1898_im_Schanerloch.y4m,v14.0.0,-8.6407,-48.8731,-56.1876,-12.9943,-9.7195,-10.2573,-11.5586,-11.3287,-11.7771,-18.3647,-8.6407,-48.8731,-56.1876,-10.0965
Still,F2,Wasserfassstelle_von_1898_im_Schanerloch.y4m,v15.0.0,-8.6407,-48.8731,-56.1876,-12.9943,-9.7195,-10.2573,-11.5586,-11.3287,-11.7771,-18.3647,-8.6407,-48.8731,-56.1876,-10.0965
Still,F2,Zoo_de_la_Barben.y4m,v02.0.0,-5.757,-3.5903,-3.5158,-5.5534,-4.4705,-4.9931,-8.0909,-6.8528,-4.5574,-3.3491,-5.757,-3.5903,-3.5158,-5.4126
Still,F2,Zoo_de_la_Barben.y4m,v03.0.0,-7.6705,-4.9423,-2.4439,-7.3023,-6.6145,-7.0992,-7.6487,-7.5054,-6.3361,-7.3936,-7.6705,-4.9423,-2.4439,-7.047
Still,F2,Zoo_de_la_Barben.y4m,v04.0.0,-11.2548,-13.0522,-13.599,-11.5079,-8.6708,-9.8592,-11.0712,-10.7417,-9.9936,-13.1817,-11.2548,-13.0522,-13.599,-11.5781
Still,F2,Zoo_de_la_Barben.y4m,v05.0.0,-12.8633,-14.8851,-16.3567,-13.1779,-10.7785,-11.6796,-13.3166,-13.1367,-11.4318,-14.0053,-12.8633,-14.8851,-16.3567,-13.3109
Still,F2,Zoo_de_la_Barben.y4m,v06.0.0,-14.4708,-18.0893,-18.8664,-14.9132,-12.5279,-13.3335,-15.5622,-14.4893,-13.2889,-17.029,-14.4708,-18.0893,-18.8664,-15.1024
Still,F2,Zoo_de_la_Barben.y4m,v07.0.0,-15.0237,-20.1824,-19.4253,-15.5521,-13.326,-14.0343,-14.8765,-14.7203,-14.1562,-17.5985,-15.0237,-20.1824,-19.4253,-15.7785
Still,F2,Zoo_de_la_Barben.y4m,v08.0.0,-15.6291,-19.6017,-19.5728,-16.0666,-14.2149,-14.8827,-16.4468,-15.6224,-14.8914,-17.9559,-15.6291,-19.6017,-19.5728,-16.2628
Still,F2,Zoo_de_la_Barben.y4m,v09.0.0,-17.7025,-19.6059,-20.328,-17.9499,-16.7065,-17.0262,-19.1313,-18.7479,-17.2964,-18.9776,-17.7025,-19.6059,-20.328,-18.0723
Still,F2,Zoo_de_la_Barben.y4m,v10.0.0,-17.5046,-20.4443,-18.5815,-17.7209,-16.5486,-16.9308,-19.9899,-19.5242,-16.9939,-17.7815,-17.5046,-20.4443,-18.5815,-17.8518
Still,F2,Zoo_de_la_Barben.y4m,v11.0.0,-17.3404,-19.56,-19.7386,-17.5898,-16.5599,-16.8376,-19.3365,-19.1757,-17.0326,-19.3991,-17.3404,-19.56,-19.7386,-17.7397
Still,F2,Zoo_de_la_Barben.y4m,v12.0.0,-17.4219,-19.523,-18.4271,-17.5893,-16.5454,-16.9019,-19.7527,-19.3475,-17.0259,-18.453,-17.4219,-19.523,-18.4271,-17.6885
Still,F2,Zoo_de_la_Barben.y4m,v13.0.0,-17.3942,-19.3209,-20.0798,-17.645,-18.2715,-16.9698,-19.8057,-19.2785,-16.9972,-20.0324,-17.3942,-19.3209,-20.0798,-17.7839
Still,F2,Zoo_de_la_Barben.y4m,v14.0.0,-17.4369,-19.3635,-20.1263,-17.688,-18.3115,-17.0177,-19.8835,-19.3539,-17.047,-20.0811,-17.4369,-19.3635,-20.1263,-17.8271
Still,F2,Zoo_de_la_Barben.y4m,v15.0.0,-17.4369,-19.3635,-20.1263,-17.688,-18.3115,-17.0177,-19.8835,-19.3539,-17.047,-20.0811,-17.4369,-19.3635,-20.1263,-17.8271
