TestCfg,EncodeMethod,CodecName,EncodePreset,Class,Name,OrigRes,FPS,BitDepth,CodedRes,QP,Bitrate(kbps),PSNR_Y,PSNR_U,PSNR_V,SSIM_Y(dB),MS-SSIM_Y(dB),VMAF_Y,VMAF_Y-NEG,PSNR-HVS,CIEDE2000,APSNR_Y,APSNR_U,APSNR_V,CAMBI,EncT[s],DecT[s],EncInstr,DecInstr,EncCycles,DecCycles,EncMD5,DecMD5
AI,aom,av2,0,A1,BoxingPractice_3840x2160_5994fps_10bit_420.y4m,3840x2160,60.00,10,3840x2160,85,170400.863137,44.306073,49.737276,49.790530,15.562237,22.751907,99.860239,99.820283,46.501359,44.574455,44.306045,49.737222,49.790504,0.011340,960978.49,20.71,5257138305031291,86892582489,2458152965805996,55915356098,36f476c2b2c2b300fb93315c6713f7e0,
AI,aom,av2,0,A1,BoxingPractice_3840x2160_5994fps_10bit_420.y4m,3840x2160,60.00,10,3840x2160,110,61079.704296,41.943344,47.386410,47.161709,13.759445,19.750879,99.774555,98.818127,41.894633,42.420775,41.943318,47.386293,47.161683,1.106898,711417.53,18.85,3828305366216218,86803732322,1841659254286991,52084809105,10b68a6b7952b0fc40f357af3cf99669,
AI,aom,av2,0,A1,BoxingPractice_3840x2160_5994fps_10bit_420.y4m,3840x2160,60.00,10,3840x2160,135,30220.211788,40.020836,45.010521,44.853069,12.849223,17.874362,93.899351,91.595124,38.461988,40.605946,40.020817,45.010260,44.853017,1.295247,495720.76,16.68,2646953675820618,81597516598,1287616105964712,46226362936,49d9ffd956b199c0ec6bedd202fd21ab,
AI,aom,av2,0,A1,BoxingPractice_3840x2160_5994fps_10bit_420.y4m,3840x2160,60.00,10,3840x2160,160,14909.106893,37.406686,42.327215,42.329753,11.704693,15.548122,80.876100,78.097660,34.534325,38.356565,37.406645,42.326629,42.329314,1.274740,257829.91,15.48,1394202080461326,76003526242,671856174720611,43066891317,c99cf3b2283c338e3c8cb5fed6ce4fbe,
AI,aom,av2,0,A1,BoxingPractice_3840x2160_5994fps_10bit_420.y4m,3840x2160,60.00,10,3840x2160,185,7005.058941,34.243074,39.436574,39.577366,10.380487,12.906962,61.789902,58.762358,30.491029,35.700806,34.242911,39.435500,39.576041,1.150251,124370.09,12.73,652372809925249,62800123699,322617062325955,35933752579,54a3fba4fd99fc3a6b1e6dc54c9a3fd0,
AI,aom,av2,0,A1,BoxingPractice_3840x2160_5994fps_10bit_420.y4m,3840x2160,60.00,10,3840x2160,210,3117.970030,30.923903,36.562919,36.617078,9.116780,10.334748,40.221822,37.590599,26.728067,32.943051,30.923727,36.561154,36.615544,0.783571,56230.58,10.90,287786151252330,58249006588,149998687538931,30857409644,4f4f95b3bffb8ee022d3f03dbb05276a,
AI,aom,av2,0,A1,Crosswalk_3840x2160_5994fps_10bit_420.y4m,3840x2160,60.00,10,3840x2160,85,67785.718282,43.668644,49.519302,52.895587,14.067710,21.370684,99.061793,97.708889,45.297441,44.400594,43.668303,49.519057,52.895245,0.020335,640292.94,13.12,3568283045684479,47837216278,1645129289075648,35558465660,4f3a05ae09d7cd837aa4672dd9776fe6,
AI,aom,av2,0,A1,Crosswalk_3840x2160_5994fps_10bit_420.y4m,3840x2160,60.00,10,3840x2160,110,21424.607393,42.701544,48.482147,51.665214,13.434505,19.814273,94.350901,92.596164,42.782217,43.452806,42.699199,48.481777,51.664772,0.248035,307633.38,13.58,1592327512946234,56932153702,786075956045328,38133865136,f025402a5db654d5d3fc33539e9ec8fb,
AI,aom,av2,0,A1,Crosswalk_3840x2160_5994fps_10bit_420.y4m,3840x2160,60.00,10,3840x2160,135,10514.717283,41.740904,47.279136,49.898790,13.065098,18.504344,85.913135,83.734617,40.559467,42.425103,41.734972,47.278723,49.898152,0.314289,173555.16,11.30,894705863472855,54570408744,442572830225374,31754673969,fdca74fc5249e0c771101ff8101a791d,
AI,aom,av2,0,A1,Crosswalk_3840x2160_5994fps_10bit_420.y4m,3840x2160,60.00,10,3840x2160,160,5367.320679,40.200591,45.410639,47.475769,12.630769,16.686284,71.170202,68.706104,37.774159,40.830838,40.191422,45.409819,47.475108,0.300896,78375.77,11.54,396062435233201,60783985665,200959263342942,32608138830,3665a789d703c59b0e3fb75f2226c427,
AI,aom,av2,0,A1,Crosswalk_3840x2160_5994fps_10bit_420.y4m,3840x2160,60.00,10,3840x2160,185,2746.229770,37.950777,42.890373,44.543822,12.168116,14.494638,50.389968,48.107398,34.672063,38.543748,37.941238,42.888986,44.542037,0.243079,32756.60,10.32,161314735186641,59450878870,84883772899930,29262168593,b37d04b664407f9ceaff308c0ea4ca12,
AI,aom,av2,0,A1,Crosswalk_3840x2160_5994fps_10bit_420.y4m,3840x2160,60.00,10,3840x2160,210,1393.054945,35.042440,40.091388,41.262348,11.656002,12.147635,27.464790,25.730197,31.383092,35.671208,35.034652,40.087267,41.253287,0.219177,17881.33,9.11,85737518395310,56767458852,48431848948567,25918091947,19ff910e543bccc01f8958c1f7af73cc,
AI,aom,av2,0,A1,FoodMarket2_3840x2160_5994fps_10bit_420.y4m,3840x2160,60.00,10,3840x2160,85,153400.119880,45.259890,50.807823,51.077973,16.952933,24.247494,99.814941,99.766665,47.475008,46.002515,45.259809,50.807551,51.077631,0.005563,866911.30,17.70,4761778915430244,69809888681,2238222026970482,48014954100,365a23bfc88c656f9c03daa0946e2c60,
AI,aom,av2,0,A1,FoodMarket2_3840x2160_5994fps_10bit_420.y4m,3840x2160,60.00,10,3840x2160,110,75487.456543,43.035426,47.913125,48.181690,15.367524,21.230526,99.685396,99.621234,42.421395,43.537418,43.035350,47.912627,48.180990,0.007822,588390.79,15.73,4062596759800670,75758182679,1985208238882846,56917006420,ebd26c05b0d29f75be5a1fef4ada8167,
AI,aom,av2,0,A1,FoodMarket2_3840x2160_5994fps_10bit_420.y4m,3840x2160,60.00,10,3840x2160,135,38653.634366,40.279911,45.042822,45.207741,13.590838,17.870681,97.854510,95.505830,37.672986,40.826445,40.279535,45.041975,45.206005,0.010558,501805.74,14.94,2668801104475091,62220541709,1296215397828348,41592867847,cae90172aa775c838c15436ca5c1c737,
AI,aom,av2,0,A1,FoodMarket2_3840x2160_5994fps_10bit_420.y4m,3840x2160,60.00,10,3840x2160,160,19029.930070,36.954763,42.144092,42.194892,11.538594,14.288794,78.799571,76.492262,33.224009,37.782394,36.953862,42.142296,42.190126,0.018121,267291.41,13.74,1447308147817901,58984191417,691956748847188,38399364323,6e9888f1c736f5e6b167cc3cfa971101,
AI,aom,av2,0,A1,FoodMarket2_3840x2160_5994fps_10bit_420.y4m,3840x2160,60.00,10,3840x2160,185,8679.656344,33.420267,39.181827,39.179513,9.535278,10.905708,53.638096,51.837716,29.175574,34.560290,33.419132,39.180049,39.175908,0.054227,125284.57,12.94,646371636273580,61474057990,323754364048671,36476186260,9a8e18c3092212f3e679b8110e735cfe,
AI,aom,av2,0,A1,FoodMarket2_3840x2160_5994fps_10bit_420.y4m,3840x2160,60.00,10,3840x2160,210,3645.762238,30.040197,36.409540,36.256195,8.036935,8.080731,31.234182,30.335540,25.672952,31.520847,30.039696,36.406796,36.251536,0.108180,48063.07,11.38,247813005935321,57224217081,128048316657499,32211242921,6664d01f00f15875279d08d7ff4c7bfd,
AI,aom,av2,0,A1,Neon1224_3840x2160_2997fps.y4m,3840x2160,30.00,10,3840x2160,85,77134.977023,47.909398,51.925279,51.561068,20.005634,25.838254,99.878304,99.841211,48.448086,49.716670,47.902040,51.912443,51.512836,0.885463,670319.60,19.27,3616115434649746,83048593515,1733614259632808,53086514428,935252fc2d9c0b38a6c6eee9162b03bd,
AI,aom,av2,0,A1,Neon1224_3840x2160_2997fps.y4m,3840x2160,30.00,10,3840x2160,110,35674.197802,44.108804,48.646208,48.150157,17.375592,21.819114,99.789309,99.739183,43.331931,46.513135,44.095042,48.634296,48.098516,1.110080,644643.48,18.19,3420279412666717,82157379786,1669848751948126,50228058814,b716a488b40f3faa43ac46e9aaa00b09,
AI,aom,av2,0,A1,Neon1224_3840x2160_2997fps.y4m,3840x2160,30.00,10,3840x2160,135,16391.312687,40.932552,45.366369,44.809104,15.593581,19.015607,98.637421,97.381554,39.264167,43.609127,40.916153,45.356439,44.756587,1.612882,448175.36,16.96,2405731900644623,87076949779,1166309457572346,47164218130,bbba2ff4b78c6efa0f35b0883dea376f,
AI,aom,av2,0,A1,Neon1224_3840x2160_2997fps.y4m,3840x2160,30.00,10,3840x2160,160,8011.260739,37.968353,41.905186,41.332342,14.019443,16.463344,87.974673,85.462604,35.163639,40.772841,37.949731,41.894052,41.270151,1.832666,218109.04,14.30,1523604569350351,81665530747,748752751726133,52070454071,f8fde16bbd80c7dcb902583e6b8ba8ab,
AI,aom,av2,0,A1,Neon1224_3840x2160_2997fps.y4m,3840x2160,30.00,10,3840x2160,185,3856.823177,34.717859,38.369112,37.627450,12.425196,13.683727,69.677179,66.948401,30.945124,37.663198,34.698302,38.353976,37.549924,1.752660,123138.84,11.60,863705502676806,65418839548,425352574860171,42638457135,ea83d2cf19fa622b95a1c237be2b3ece,
AI,aom,av2,0,A1,Neon1224_3840x2160_2997fps.y4m,3840x2160,30.00,10,3840x2160,210,1727.584416,31.295427,34.849165,33.826522,10.984749,10.937926,47.154569,45.025481,26.935149,34.388432,31.275538,34.829357,33.729137,1.199850,79488.54,11.43,443831944632403,68805042963,213379885047633,32970660338,5446ccf2e6106416a6d03943ceca3f16,
AI,aom,av2,0,A1,NocturneDance_3840x2160p_10bit_60fps.y4m,3840x2160,60.00,10,3840x2160,85,165014.816000,49.202978,46.202503,50.134212,21.233189,25.057181,99.273844,97.530484,47.627823,47.199723,49.202310,46.201960,50.132883,0.221517,667392.71,21.79,3427328515517719,93118321420,1713541950457886,59514472634,4e8b6e26d4f47fb76374acfaf85d126e,
AI,aom,av2,0,A1,NocturneDance_3840x2160p_10bit_60fps.y4m,3840x2160,60.00,10,3840x2160,110,75738.784000,45.125364,42.839851,47.494247,17.740270,20.644473,93.965483,91.634369,41.975866,43.855381,45.124599,42.838856,47.493101,0.498188,675055.78,18.93,3443392859331974,81590575268,1732213125973554,52382382775,0721858b21019e3de8c7993c239c84dc,
AI,aom,av2,0,A1,NocturneDance_3840x2160p_10bit_60fps.y4m,3840x2160,60.00,10,3840x2160,135,32825.232000,41.147790,40.381678,45.412438,14.594845,16.476377,81.020889,78.598307,37.082062,41.107512,41.147078,40.380184,45.411258,0.603301,425354.07,14.89,2190809414057703,62047287525,1089071267130037,41306099377,a6b01219f39b2560c7ce64adab5faf74,
AI,aom,av2,0,A1,NocturneDance_3840x2160p_10bit_60fps.y4m,3840x2160,60.00,10,3840x2160,160,13393.648000,37.350160,38.383185,43.433115,11.993184,12.582923,56.612047,54.928235,32.857492,38.515251,37.349520,38.381849,43.431874,0.947535,216322.39,15.13,1119464207167354,64909629453,555186702887297,42190517399,f7d9bac3a1db16e58935cfea2b103414,
AI,aom,av2,0,A1,NocturneDance_3840x2160p_10bit_60fps.y4m,3840x2160,60.00,10,3840x2160,185,4451.152000,33.851676,36.368019,41.416930,10.099082,9.242953,30.352262,29.673950,29.238883,35.931237,33.850919,36.366841,41.416006,1.043705,84882.35,11.40,426798508962182,59196669183,218937904833116,32212583778,ed58398d449463b39348406d061ee8c7,
AI,aom,av2,0,A1,NocturneDance_3840x2160p_10bit_60fps.y4m,3840x2160,60.00,10,3840x2160,210,922.048000,31.054839,34.779334,39.637254,9.019446,6.946778,8.137245,7.977072,26.509137,33.935552,31.054154,34.777774,39.634574,1.835590,23680.64,9.74,114653031390534,58598587456,63664531954251,28278248980,3c6eae9e928892f1a68acc9c568f3324,
AI,aom,av2,0,A1,PierSeaSide_3840x2160_2997fps_10bit_420_v2.y4m,3840x2160,30.00,10,3840x2160,85,49291.243416,46.820810,49.295430,47.026256,18.669628,25.674168,99.846791,99.807607,47.961632,46.789354,46.814956,49.287784,47.021796,0.000310,481167.80,17.81,2601693477893726,80421734235,1248094247764532,49194694120,f976b645149cbedbf07ed0bba5b3749b,
AI,aom,av2,0,A1,PierSeaSide_3840x2160_2997fps_10bit_420_v2.y4m,3840x2160,30.00,10,3840x2160,110,22665.439872,44.894476,47.283277,45.264450,17.556552,23.544977,99.756522,99.116411,44.599623,45.158397,44.881269,47.271583,45.253646,0.002417,437596.80,13.51,2477564257336792,64550824764,1225252321731533,40100204256,c78c2724683144d30395e6c534a1fd31,
AI,aom,av2,0,A1,PierSeaSide_3840x2160_2997fps_10bit_420_v2.y4m,3840x2160,30.00,10,3840x2160,135,11237.423328,42.362636,45.015574,43.628457,16.172172,20.954502,94.255951,92.138378,40.389021,43.368374,42.342834,45.004536,43.616687,0.005407,339531.08,13.17,1851498174896657,64789765164,885468043007221,36983996069,c560715d373b166b3e4c4dcb10d83f6c,
AI,aom,av2,0,A1,PierSeaSide_3840x2160_2997fps_10bit_420_v2.y4m,3840x2160,30.00,10,3840x2160,160,5436.669888,39.168124,42.268418,41.586097,14.396902,17.923755,80.807079,78.356616,35.804388,41.094505,39.145639,42.258171,41.574911,0.012026,174754.22,12.86,950324123022446,66978523242,454815132113101,36049172022,41fc04320224bfffbdb77a63fee87c24,
AI,aom,av2,0,A1,PierSeaSide_3840x2160_2997fps_10bit_420_v2.y4m,3840x2160,30.00,10,3840x2160,185,2479.973544,35.704063,39.338998,39.352139,12.524503,14.778596,59.477797,57.072312,31.515343,38.421503,35.683745,39.331486,39.342065,0.028337,83669.04,10.64,432825024903779,57042723182,217252506784621,30282730550,8634ea5fb5631fe34277a4ba132348f1,
AI,aom,av2,0,A1,PierSeaSide_3840x2160_2997fps_10bit_420_v2.y4m,3840x2160,30.00,10,3840x2160,210,1038.328632,32.214957,36.276603,37.074805,10.813659,11.715081,33.681312,31.619412,27.679406,35.434775,32.198206,36.268728,37.062835,0.051382,36292.08,9.63,179903455104812,53830369855,97584976843244,27439073189,ebf63f01cc602206425e10afddfe98c3,
AI,aom,av2,0,A1,Tango_3840x2160_5994fps_10bit_420.y4m,3840x2160,60.00,10,3840x2160,85,185522.829171,42.561891,50.328212,49.352402,13.439918,21.623818,99.775000,99.735016,46.149279,44.231537,42.561767,50.328010,49.347916,0.001959,928033.26,13.79,6528107558458195,70735068528,2591652498111649,38557978804,90671999a8ef9f69c5a5db09c3f5f525,
AI,aom,av2,0,A1,Tango_3840x2160_5994fps_10bit_420.y4m,3840x2160,60.00,10,3840x2160,110,38679.528472,40.353723,49.341732,47.501534,11.442061,18.134968,97.845221,96.145762,41.090550,42.443733,40.353491,49.341523,47.496606,0.311005,594975.98,15.33,3200712920904506,68016712740,1531119056527803,42698357401,a0344686fed3bddea5d832ee34bc319b,
AI,aom,av2,0,A1,Tango_3840x2160_5994fps_10bit_420.y4m,3840x2160,60.00,10,3840x2160,135,18450.957043,39.341113,47.916007,45.555673,10.994127,16.674961,90.034715,87.927792,38.450154,41.269668,39.340986,47.915769,45.552515,0.470483,318474.60,14.32,1676548451868997,65853015071,817361088018252,40058719450,495d450904ad903718e8dc94f9471522,
AI,aom,av2,0,A1,Tango_3840x2160_5994fps_10bit_420.y4m,3840x2160,60.00,10,3840x2160,160,9299.436563,37.778707,45.853999,43.002695,10.479878,14.880594,75.740735,73.389251,35.419554,39.604965,37.778580,45.852759,43.000758,0.529851,157867.41,14.82,818723807791277,76662699003,405097149052219,41232059004,7113d81811de0f467535f9404ba192dc,
AI,aom,av2,0,A1,Tango_3840x2160_5994fps_10bit_420.y4m,3840x2160,60.00,10,3840x2160,185,4627.132867,35.508007,43.166066,40.088002,9.864532,12.771907,55.816839,53.532114,32.122373,37.360633,35.507820,43.163926,40.087398,0.483894,71949.90,11.11,373593908612286,60798224597,185595787927372,31224838044,f1423cbf96218058dfc4f23573ef5d84,
AI,aom,av2,0,A1,Tango_3840x2160_5994fps_10bit_420.y4m,3840x2160,60.00,10,3840x2160,210,2250.005994,32.679038,40.099665,36.996525,9.210701,10.578175,34.643685,32.840005,28.801135,34.615825,32.678768,40.095548,36.995319,0.304928,27906.01,9.00,172486025421084,61622866328,77940558721817,25143632918,4fd114c4f9f9a8cbf9ba3f4c4f2d53c1,
AI,aom,av2,0,A1,TimeLapse_3840x2160_5994fps_10bit_420.y4m,3840x2160,60.00,10,3840x2160,85,213993.222777,45.379634,50.166117,51.898269,18.240163,25.827397,97.026939,95.615548,49.058816,45.802825,45.368573,50.164877,51.869491,0.005367,913410.09,20.06,5069252814790215,87746659599,2369896975768594,54494312172,7942a24eb6884d9ab0cb17f7156a0199,
AI,aom,av2,0,A1,TimeLapse_3840x2160_5994fps_10bit_420.y4m,3840x2160,60.00,10,3840x2160,110,98499.740260,42.103623,47.283158,49.354820,15.434379,21.594890,93.523897,91.603057,42.919282,42.954597,42.087956,47.281823,49.330042,0.007818,897417.70,17.21,5282186854563671,78149209561,2514681305261493,50891662211,a7a0f793a070e6e2c5a5cbc6d688710f,
AI,aom,av2,0,A1,TimeLapse_3840x2160_5994fps_10bit_420.y4m,3840x2160,60.00,10,3840x2160,135,44616.167832,38.765968,44.786204,46.851148,12.698926,17.445430,85.225312,82.734820,37.143747,40.139723,38.749236,44.785107,46.833186,0.011424,750538.55,14.92,4088389304958970,62742865460,1955860023373844,41321942144,f98f969551695340f0245bb07b101eff,
AI,aom,av2,0,A1,TimeLapse_3840x2160_5994fps_10bit_420.y4m,3840x2160,60.00,10,3840x2160,160,18703.680320,35.428579,42.409677,44.320529,10.342552,13.638152,68.239050,65.603291,32.301666,37.309071,35.408188,42.408548,44.312391,0.014871,405384.89,13.49,2260235806328115,60708120214,1064804986640348,37639830422,63c8f49ec52aad913f701d11ae31e7c2,
AI,aom,av2,0,A1,TimeLapse_3840x2160_5994fps_10bit_420.y4m,3840x2160,60.00,10,3840x2160,185,7452.627373,32.323222,39.896843,41.775075,8.655331,10.510554,46.279430,43.854584,28.477132,34.433109,32.298300,39.896098,41.772850,0.012067,135085.25,12.50,710561119771099,61466245237,349054862165632,35502512104,45ec891f54aaa9558e897c5d15efb144,
AI,aom,av2,0,A1,TimeLapse_3840x2160_5994fps_10bit_420.y4m,3840x2160,60.00,10,3840x2160,210,2881.598402,29.455079,37.031793,39.095747,7.506484,8.148897,27.574143,25.531473,25.317240,31.576662,29.428693,37.029340,39.087970,0.008857,47717.65,9.06,297353521025489,58167738682,166930490185700,33405935753,a3227399bf3f023f89a8946b277533ba,
AI,aom,av2,0,A2,Aerial3200_1920x1080_5994_10bit_420.y4m,1920x1080,60.00,10,1920x1080,85,137122.189810,43.393100,44.938845,45.192808,16.770948,24.919031,99.527429,98.175827,48.759245,41.101789,43.379157,44.935758,45.188880,0.000115,409618.07,7.53,2978276577036420,37474308788,1393977659355938,26587883456,27a24b5cb7e1752f996946d1063ed110,
AI,aom,av2,0,A2,Aerial3200_1920x1080_5994_10bit_420.y4m,1920x1080,60.00,10,1920x1080,110,63418.693307,38.866427,42.460990,43.124845,12.551263,19.418854,94.995201,93.094775,41.024583,37.869961,38.827475,42.457155,43.120872,0.000921,635716.59,6.60,3581664176572379,28380697650,1657965231562801,17960386013,c71b503b2f292735ac2c5ad278f44699,
AI,aom,av2,0,A2,Aerial3200_1920x1080_5994_10bit_420.y4m,1920x1080,60.00,10,1920x1080,135,26358.441558,34.943472,40.405227,41.274363,9.181822,14.743362,83.603068,81.496473,34.387939,35.004027,34.900678,40.402689,41.271199,0.005291,560276.82,5.63,3189714121796660,24541158269,1467586707154732,15487068892,9fae4a39a8d09786d3e1a3a1b9a05604,
AI,aom,av2,0,A2,Aerial3200_1920x1080_5994_10bit_420.y4m,1920x1080,60.00,10,1920x1080,160,10061.330669,31.651808,38.561151,39.602355,6.771034,10.919881,61.395465,59.517103,29.203971,32.479344,31.620795,38.559267,39.600260,0.014008,215950.65,4.32,1341821846499995,19614456684,609216264505041,12756777774,bc9616d3a3b88c159d05ee1de4417997,
AI,aom,av2,0,A2,Aerial3200_1920x1080_5994_10bit_420.y4m,1920x1080,60.00,10,1920x1080,185,3527.336663,28.826999,36.831873,37.906557,5.215747,7.814608,33.372803,32.373573,25.295229,30.152238,28.809801,36.830512,37.903702,0.049946,69476.94,3.41,377103071842713,14901080821,179361380137293,9582358381,b2ba9402c463c2471d208c1d9caf0ee5,
AI,aom,av2,0,A2,Aerial3200_1920x1080_5994_10bit_420.y4m,1920x1080,60.00,10,1920x1080,210,1187.884116,26.432273,35.188045,36.047936,4.350297,5.595071,13.157055,12.938489,22.468799,28.068880,26.423586,35.185984,36.043852,0.101939,22048.93,3.17,116611718401763,17037810714,58319307194682,9118467538,9578d58fed1e1a19889c445769f94d95,
AI,aom,av2,0,A2,Boat_1920x1080_5994_10bit_420.y4m,1920x1080,60.00,10,1920x1080,85,178806.297702,43.918301,45.837760,46.779592,20.586171,29.021853,99.866587,99.817681,51.219870,43.407794,43.918286,45.837714,46.779561,0.172605,414814.39,9.77,2447027887453684,43016315163,1094950513128172,26311425097,79924bb6e9c222e518a198f8ebf115fc,
AI,aom,av2,0,A2,Boat_1920x1080_5994_10bit_420.y4m,1920x1080,60.00,10,1920x1080,110,97640.631369,38.872851,43.111065,44.043445,15.826471,23.460774,99.314359,97.588259,43.683368,39.833424,38.872822,43.111004,44.043378,0.182414,477425.65,5.97,3622761365789624,32397197190,1636225640086445,21165619495,0962ca28448ffe196e938c01ceb82e96,
AI,aom,av2,0,A2,Boat_1920x1080_5994_10bit_420.y4m,1920x1080,60.00,10,1920x1080,135,49558.649351,34.277210,40.842303,41.512561,11.544973,18.175828,91.395277,89.363373,36.067263,36.386496,34.277185,40.842198,41.512444,0.194158,812853.22,6.24,4805363072811209,27933097272,2138251741140475,17054165748,bf3826563bf68d11c3aa66702400d549,
AI,aom,av2,0,A2,Boat_1920x1080_5994_10bit_420.y4m,1920x1080,60.00,10,1920x1080,160,22773.946054,30.078231,38.083337,38.453044,7.946441,13.380062,73.619950,71.658260,29.303093,32.779306,30.078188,38.083096,38.452718,0.197863,459026.63,4.59,2679777615105006,20956109958,1203983328605893,12691392530,353a31acc9b1170b106906d4481e4747,
AI,aom,av2,0,A2,Boat_1920x1080_5994_10bit_420.y4m,1920x1080,60.00,10,1920x1080,185,8994.317682,26.331321,34.981560,34.836611,5.334155,9.374280,45.994042,44.470102,23.768807,29.330561,26.331272,34.980807,34.835784,0.169085,191698.44,3.80,1056911037665685,16742458399,498768854667719,10544927420,1eec8a2c1e0edebd2094cf56bd88461c,
AI,aom,av2,0,A2,Boat_1920x1080_5994_10bit_420.y4m,1920x1080,60.00,10,1920x1080,210,2946.445554,23.147766,31.717015,31.523239,3.647487,6.233542,17.789868,17.143330,19.457218,26.195083,23.147641,31.716173,31.521144,0.112609,60662.24,3.13,325504303461539,15707606758,159150861673291,8771190083,73eb7bcb8b6946934546c36d5a38d9b3,
AI,aom,av2,0,A2,CrowdRun_1920x1080p50.y4m,1920x1080,50.00,8,1920x1080,85,202065.986667,42.298214,42.543454,43.103447,16.400995,25.161372,99.873764,99.823954,49.119710,39.778916,42.298028,42.543342,43.103324,0.000275,415101.84,11.93,2465858168189199,52566053742,1091685751107020,31474822234,bb2aef6c9fb00ce3a79222998f329b19,
AI,aom,av2,0,A2,CrowdRun_1920x1080p50.y4m,1920x1080,50.00,8,1920x1080,110,102129.933333,37.502290,39.227175,39.939867,12.385864,20.084830,99.773049,99.619066,42.143956,36.368895,37.501613,39.226983,39.939685,0.001015,605639.30,9.26,3574901447361175,41672934519,1594707464972340,24951529358,6d45d936f86ce7beaf7c6f30e677d94f,
AI,aom,av2,0,A2,CrowdRun_1920x1080p50.y4m,1920x1080,50.00,8,1920x1080,135,48829.360000,33.280499,36.624552,37.193703,9.434606,15.988802,93.683955,91.384735,35.539405,33.457890,33.279545,36.624370,37.193426,0.002320,685225.99,5.55,4918331891546449,31575056762,1913392901143259,15471918430,14ad561e7e3195647e19fd989cc18b7c,
AI,aom,av2,0,A2,CrowdRun_1920x1080p50.y4m,1920x1080,50.00,8,1920x1080,160,21317.426667,29.378183,34.126630,34.470649,6.973074,12.094646,75.316183,73.068318,29.350236,30.637155,29.377274,34.126461,34.470259,0.008025,517796.47,5.65,3006780578286539,26329021673,1358895841018995,15535154418,6b7a8e0706513823a8ac9afc7c3b06cc,
AI,aom,av2,0,A2,CrowdRun_1920x1080p50.y4m,1920x1080,50.00,8,1920x1080,185,7992.213333,25.800257,31.851770,32.012241,5.082519,9.019174,47.584767,46.026106,24.068820,27.913219,25.799539,31.851483,32.011881,0.043676,212637.90,4.35,1220513202111937,21812987175,553950320578360,12078015209,93be90bc72d9dbc561186b57b5ff0f18,
AI,aom,av2,0,A2,CrowdRun_1920x1080p50.y4m,1920x1080,50.00,8,1920x1080,210,2372.480000,22.740077,30.109264,29.960858,3.600569,6.307835,19.019019,18.320094,19.617374,25.373051,22.739449,30.108802,29.960109,0.041200,63118.08,3.25,341180867447543,16035118864,166281197413962,9190605113,2260261f35ce827ec3f73107954041ef,
AI,aom,av2,0,A2,DinnerSceneCropped_1920x1080_2997fps_10bit_420.y4m,1920x1080,30.00,10,1920x1080,85,52597.746254,42.299941,43.936060,47.855335,13.374632,21.355004,94.223469,93.177341,46.001419,41.166384,42.299925,43.935921,47.855150,0.023801,581627.64,7.07,3132419441580577,30568301021,1475020309501306,18753140719,f241c554e22c3f04e1c5985dbd748a63,
AI,aom,av2,0,A2,DinnerSceneCropped_1920x1080_2997fps_10bit_420.y4m,1920x1080,30.00,10,1920x1080,110,4285.658342,37.691056,40.910980,46.079418,8.586308,15.013660,85.348831,84.124325,38.390158,37.984596,37.690833,40.910755,46.079173,1.548808,190717.21,2.97,1348365589948187,15047279946,641902910896135,10780241385,72df6f77672b9c1feac43c0eadaa5fc9,
AI,aom,av2,0,A2,DinnerSceneCropped_1920x1080_2997fps_10bit_420.y4m,1920x1080,30.00,10,1920x1080,135,1095.040959,37.189865,40.097589,45.491196,8.306337,14.117934,77.591023,75.952840,36.887213,37.315261,37.189716,40.097240,45.491040,3.265315,66209.31,2.76,342841875833895,14406774661,167584130333778,7767817142,68196257f08ad52c2d19b264bf605ba3,
AI,aom,av2,0,A2,DinnerSceneCropped_1920x1080_2997fps_10bit_420.y4m,1920x1080,30.00,10,1920x1080,160,552.719281,36.651585,39.800876,44.621634,8.172621,13.419142,64.425883,62.752601,35.592428,36.887092,36.651529,39.800576,44.621072,3.016590,27549.43,2.72,137471430155396,15587051074,69271808927017,7787240638,cb6a9cc7c0cbb00801ef94706e25a8a7,
AI,aom,av2,0,A2,DinnerSceneCropped_1920x1080_2997fps_10bit_420.y4m,1920x1080,30.00,10,1920x1080,185,279.456543,35.583078,39.260560,43.284397,7.975569,12.251243,45.897041,44.188990,33.577546,36.123808,35.582929,39.260112,43.281634,2.786911,9884.63,2.79,47302718598159,16526705126,25318421335853,8065106146,ea8e40439e7dac8214d377229fbe3cb7,
AI,aom,av2,0,A2,DinnerSceneCropped_1920x1080_2997fps_10bit_420.y4m,1920x1080,30.00,10,1920x1080,210,141.538462,33.832747,38.155688,41.431428,7.727079,10.727759,26.707552,25.286659,31.018889,34.839968,33.832189,38.148016,41.413206,2.461408,4875.69,2.49,22941199778364,15678104121,13249861503750,7267370382,5fb781c0f1fbf674be8e870ddee3529c,
AI,aom,av2,0,A2,FoodMarket_1920x1080_5994_10bit_420.y4m,1920x1080,60.00,10,1920x1080,85,93142.681319,42.537896,45.665210,46.228349,14.351033,22.800643,99.840187,99.791595,47.128331,41.778030,42.537851,45.665057,46.228222,0.025963,530658.42,7.79,2977557865699478,30847397522,1375197856488209,21038512397,eabf49f4e945cd9adb49308d6c0a0137,
AI,aom,av2,0,A2,FoodMarket_1920x1080_5994_10bit_420.y4m,1920x1080,60.00,10,1920x1080,110,32034.253746,39.255778,43.817420,44.574562,11.371947,18.191661,98.910129,97.107457,40.728793,39.397969,39.255536,43.817112,44.574099,0.202864,442368.68,5.21,2393159685701641,21141416316,1146139996132162,14307484278,ce1e034c8ca26a5726d81cecd1eafa51,
AI,aom,av2,0,A2,FoodMarket_1920x1080_5994_10bit_420.y4m,1920x1080,60.00,10,1920x1080,135,13837.250749,36.787872,42.252403,42.816831,9.677727,14.911452,88.987933,86.738736,35.854624,37.531919,36.787063,42.251946,42.814991,0.299688,287842.44,4.25,1614838433241630,16753826883,749404212798986,11733990638,1be9bca6965deac94d44c5049f3ef0f9,
AI,aom,av2,0,A2,FoodMarket_1920x1080_5994_10bit_420.y4m,1920x1080,60.00,10,1920x1080,160,5630.145854,34.083419,40.546873,40.718883,8.112422,11.748562,69.788033,67.527967,31.470892,35.465135,34.082320,40.545907,40.713357,0.511385,89386.55,3.70,647335588636019,16388068648,301852911374659,13356208853,349ed1ea752f2607f476397685d13105,
AI,aom,av2,0,A2,FoodMarket_1920x1080_5994_10bit_420.y4m,1920x1080,60.00,10,1920x1080,185,2115.772228,31.403794,38.455579,38.318994,6.900163,9.041238,47.801958,45.858325,27.807287,33.237814,31.402930,38.453847,38.310031,0.748029,29965.17,2.13,207151287784829,15086870193,83697035088920,5937093014,3a36d0bdf74d8f067b463887ba221657,
AI,aom,av2,0,A2,FoodMarket_1920x1080_5994_10bit_420.y4m,1920x1080,60.00,10,1920x1080,210,807.880120,29.043695,36.359054,35.933875,6.150327,7.119280,31.180707,29.844508,25.044829,31.140037,29.042930,36.350401,35.921689,0.534857,14303.96,2.84,72086471051783,16215884214,37833533816818,8123440030,955fa1a780e7d115e39d35ec5863e62a,
AI,aom,av2,0,A2,GregoryScarf_1080x1920p30_yuv420p10le_130frames.y4m,1080x1920,30.00,10,1080x1920,85,57575.624000,44.252209,49.682027,48.970087,18.173932,25.885704,99.851819,99.809543,49.028394,45.266814,44.215666,49.628165,48.933686,0.104357,331755.58,7.10,2426859608041324,37444932116,1129460611429789,25115770321,72712db0147d529a39d6e62832a72d43,
AI,aom,av2,0,A2,GregoryScarf_1080x1920p30_yuv420p10le_130frames.y4m,1080x1920,30.00,10,1080x1920,110,28895.120000,39.951323,46.222622,45.225924,14.678581,21.340686,99.737256,99.679643,42.147616,41.474786,39.880474,46.167546,45.179019,0.109077,513768.86,6.20,2874409001384125,29411985815,1341035692256716,16879199913,3eddca2ddb95474f7c9991aa76858890,
AI,aom,av2,0,A2,GregoryScarf_1080x1920p30_yuv420p10le_130frames.y4m,1080x1920,30.00,10,1080x1920,135,13478.184000,36.032123,42.936007,41.797871,11.557853,17.112780,99.442741,99.371986,35.954423,37.960880,35.939925,42.877702,41.743178,0.113072,497413.23,5.65,2855136410107549,23584987753,1303227394863174,15535963964,a7aaf33a35f1b38418b44a2a6a2c3f12,
AI,aom,av2,0,A2,GregoryScarf_1080x1920p30_yuv420p10le_130frames.y4m,1080x1920,30.00,10,1080x1920,160,5769.408000,32.375361,39.802585,38.854529,8.815395,13.121660,86.721565,84.704738,30.500980,34.654004,32.272543,39.741415,38.800527,0.108510,258831.88,4.45,1511709779414872,20267980097,677709500157529,12291558940,860a44244955eaf22de81d31dac785fe,
AI,aom,av2,0,A2,GregoryScarf_1080x1920p30_yuv420p10le_130frames.y4m,1080x1920,30.00,10,1080x1920,185,2222.544000,29.063723,36.866572,36.243463,6.697029,9.482231,60.532925,58.949184,25.963154,31.578077,28.964425,36.801398,36.206356,0.125049,84401.81,3.26,471837040879473,16218045160,217668955962052,9041161202,c3935bce860692069651236c3ecf43b4,
AI,aom,av2,0,A2,GregoryScarf_1080x1920p30_yuv420p10le_130frames.y4m,1080x1920,30.00,10,1080x1920,210,769.944000,26.174933,34.358038,33.614397,5.324222,6.474404,36.582477,35.704027,22.383456,28.801785,26.092837,34.305698,33.595772,0.122774,22268.88,2.49,153948399640274,17014996700,62189737491545,6974473397,ad30e7d6c04ad811d2cdcafb2588e8ee,
AI,aom,av2,0,A2,MeridianTalk_sdr_1920x1080p_5994_10bit.y4m,1920x1080,60.00,10,1920x1080,85,28481.230769,43.580680,46.845287,53.060606,14.329117,22.395274,96.560286,95.248318,46.753195,43.724168,43.580645,46.845266,53.060417,0.829964,288412.68,4.67,1586301521068252,19545237676,745301982229310,12740376829,11e0b725baa0912dd273a34cdc5fc6fa,
AI,aom,av2,0,A2,MeridianTalk_sdr_1920x1080p_5994_10bit.y4m,1920x1080,60.00,10,1920x1080,110,9945.414585,41.960835,46.162201,51.404476,13.188169,20.130242,93.443180,91.609800,43.206081,42.621085,41.960646,46.162150,51.404222,0.919647,181563.90,4.47,969905420931615,15305093505,468832089895891,12150403870,b452a76b1e5ef8edd01f6089d9c9dcd9,
AI,aom,av2,0,A2,MeridianTalk_sdr_1920x1080p_5994_10bit.y4m,1920x1080,60.00,10,1920x1080,135,4404.443556,40.254665,45.226309,49.286636,12.288203,17.845611,85.997148,83.757873,39.657439,41.384139,40.254332,45.226136,49.285974,0.959237,75754.45,2.87,521660095742895,16913788472,211577130030301,8003202273,25042b0903a660002c72f2cf79af830f,
AI,aom,av2,0,A2,MeridianTalk_sdr_1920x1080p_5994_10bit.y4m,1920x1080,60.00,10,1920x1080,160,2013.538462,38.174581,43.800442,46.556289,11.414615,15.374689,72.555827,69.736411,36.122142,39.764879,38.174273,43.799702,46.555045,0.999064,40960.23,2.97,216418038459099,15381172295,105228597351499,8385252043,8ada70149d452940b02880b976fd28c9,
AI,aom,av2,0,A2,MeridianTalk_sdr_1920x1080p_5994_10bit.y4m,1920x1080,60.00,10,1920x1080,185,939.108891,35.719801,41.932119,43.979914,10.640195,12.931836,53.193112,50.524476,32.739918,37.761076,35.719454,41.928992,43.973369,0.531221,16424.77,2.83,85193724044245,14908567025,42330992221613,7911974548,9abe1b35e4dc7cdc303964fbe635f1a6,
AI,aom,av2,0,A2,MeridianTalk_sdr_1920x1080p_5994_10bit.y4m,1920x1080,60.00,10,1920x1080,210,454.569431,32.938262,39.654559,41.238055,9.938593,10.707815,33.800234,31.588842,29.369420,35.152882,32.938052,39.649158,41.226164,0.351583,6029.85,2.21,39563284789518,16776849839,16840477844211,6182074179,e764bdc926a74b5aaf201059265ad02a,
AI,aom,av2,0,A2,Motorcycle_1920x1080_30fps_8bit.y4m,1920x1080,30.00,8,1920x1080,85,75308.328000,45.092006,46.588996,47.142237,20.832188,27.494315,99.869195,99.827989,49.084980,44.668157,45.090193,46.587888,47.139795,0.015436,272409.68,10.36,1611783878835836,46126720275,717755441819707,27969969793,8f2a461aa1c53ae0d49af03718a1d7d4,
AI,aom,av2,0,A2,Motorcycle_1920x1080_30fps_8bit.y4m,1920x1080,30.00,8,1920x1080,110,44362.496000,40.171059,42.845386,43.767635,17.402248,23.443355,99.784296,99.722081,43.265498,40.960181,40.169864,42.843557,43.763466,0.038731,279629.80,6.85,2111773114451817,38320072818,957155012141895,24327870552,e443c7b67530b45e2d0a3b8449041b53,
AI,aom,av2,0,A2,Motorcycle_1920x1080_30fps_8bit.y4m,1920x1080,30.00,8,1920x1080,135,23832.848000,35.377834,39.540921,40.932027,13.918893,19.368203,99.534487,99.459662,37.337030,37.384617,35.376631,39.539217,40.927741,0.103529,532575.00,6.70,3122321860287233,30866493001,1395972625458213,18330726523,4493dccd6db091b74f664b92451715b2,
AI,aom,av2,0,A2,Motorcycle_1920x1080_30fps_8bit.y4m,1920x1080,30.00,8,1920x1080,160,11244.232000,30.735460,36.593203,38.366703,10.446218,15.159749,88.703134,86.227823,31.337371,33.838708,30.733503,36.591388,38.362726,0.148584,432357.06,5.34,2500966871153745,22979304968,1132717124368290,14523852318,db87dddb916b41561a6b6f3c322c775d,
AI,aom,av2,0,A2,Motorcycle_1920x1080_30fps_8bit.y4m,1920x1080,30.00,8,1920x1080,185,4199.944000,26.487396,33.956796,35.944579,7.341067,11.005019,63.613790,61.312610,25.466304,30.370858,26.484801,33.954296,35.941346,0.177274,199335.01,4.29,1125783611522808,18567372914,519249921913163,11945353852,e51e7d8388032fbf61875bc412cb5983,
AI,aom,av2,0,A2,Motorcycle_1920x1080_30fps_8bit.y4m,1920x1080,30.00,8,1920x1080,210,1293.160000,23.316894,31.385467,33.240810,5.295003,7.529631,35.722613,33.934018,20.695273,27.222210,23.314809,31.382312,33.237083,0.057844,53499.53,3.81,288463477042555,15740580688,140353246379955,10672303067,947c2112bb5a1e22065d58ba6f1d624d,
AI,aom,av2,0,A2,OldTownCross_1920x1080p50.y4m,1920x1080,50.00,8,1920x1080,85,161024.826667,42.194949,41.441877,42.649279,15.128848,23.537881,99.194306,97.517713,47.776440,37.813748,42.194915,41.441859,42.649257,0.000001,583108.46,10.73,3324957242248168,46282007548,1521561565360534,28483814126,62154a0fbb21bedf14c69e734a840bbb,
AI,aom,av2,0,A2,OldTownCross_1920x1080p50.y4m,1920x1080,50.00,8,1920x1080,110,44324.986667,36.748916,39.094798,41.181771,9.566305,17.260333,95.207643,93.318692,40.553587,34.855565,36.748801,39.094765,41.181709,0.000583,442586.89,5.19,3365687909728759,27444628409,1511475353937119,18490849052,9e18901edea5d945a32eb26a7899de2e,
AI,aom,av2,0,A2,OldTownCross_1920x1080p50.y4m,1920x1080,50.00,8,1920x1080,135,18878.826667,34.450132,38.391492,39.596156,8.403299,15.451623,85.952895,83.796956,36.218668,33.566073,34.449963,38.391440,39.595811,0.012036,412089.05,3.93,3092252146209315,23704766198,1409293530108289,14070738505,f8fa662dc394a2df5ccd78327a8bd225,
AI,aom,av2,0,A2,OldTownCross_1920x1080p50.y4m,1920x1080,50.00,8,1920x1080,160,7985.893333,31.756897,37.454732,37.826019,6.996791,12.842499,66.730393,64.604972,31.003415,32.027139,31.756700,37.454677,37.825837,0.038844,197987.12,2.81,1431037167515382,18587801535,552904934219902,7832882166,d4e3e989ba4b14d860f8b9f507cba41e,
AI,aom,av2,0,A2,OldTownCross_1920x1080p50.y4m,1920x1080,50.00,8,1920x1080,185,2853.693333,28.814905,36.323736,36.139204,5.476549,9.647235,37.668570,36.222903,26.219686,30.207569,28.814678,36.323553,36.138755,0.031137,70869.41,2.82,417343814394867,15049136467,198651886022563,8498016824,f6e7772feabafcc33a7d1694bfcaf6a8,
AI,aom,av2,0,A2,OldTownCross_1920x1080p50.y4m,1920x1080,50.00,8,1920x1080,210,797.706667,26.179797,35.035004,34.834688,4.336114,6.655206,7.631332,7.157511,22.594083,28.212488,26.179596,35.032970,34.833904,0.031363,19234.50,2.52,108522018024114,13917682303,54822244198305,7589363484,c5cba0bfcd327033258647a99ecf28ff,
AI,aom,av2,0,A2,PedestrianArea_1920x1080p25.y4m,1920x1080,25.00,8,1920x1080,85,15815.160000,43.989471,47.681777,50.022216,15.251740,23.106469,99.817203,99.773684,47.066470,42.895604,43.988951,47.680775,50.018789,0.232534,263354.93,4.09,1813387400174396,21302446840,735480583117660,11402684346,2213668c2b1d1535413a1230673a8f34,
AI,aom,av2,0,A2,PedestrianArea_1920x1080p25.y4m,1920x1080,25.00,8,1920x1080,110,6806.400000,42.155092,45.904353,47.787067,14.009466,20.827454,99.710728,99.639841,42.933332,41.288917,42.152636,45.903199,47.779531,0.352703,245978.84,4.21,1297822070766453,18599946125,635627006087523,11548232337,2034204d99dccf274b8723d94e436d10,
AI,aom,av2,0,A2,PedestrianArea_1920x1080p25.y4m,1920x1080,25.00,8,1920x1080,135,3366.313333,40.046266,43.928009,45.277917,12.883606,18.516538,94.641129,92.534090,38.807493,39.511890,40.038676,43.922915,45.266089,0.486993,123511.22,3.09,832877601512071,18750332811,344963198233499,8664925170,e91ae8812c3c622414a0716fd81548ea,
AI,aom,av2,0,A2,PedestrianArea_1920x1080p25.y4m,1920x1080,25.00,8,1920x1080,160,1690.766667,37.333030,41.648358,42.476378,11.537650,15.838637,79.453480,76.983674,34.567299,37.254135,37.323782,41.639828,42.463885,0.600069,80286.06,3.66,454499020004773,17985808541,208263383678137,10228934174,f149f11b360bec96ea9308719301d0f9,
AI,aom,av2,0,A2,PedestrianArea_1920x1080p25.y4m,1920x1080,25.00,8,1920x1080,185,819.913333,34.139053,38.852898,39.313065,10.096825,12.914550,56.765326,54.250019,30.410719,34.468902,34.128180,38.836089,39.298215,0.657195,27438.98,2.86,153760257293236,14862312721,76617015601301,8625942693,cf9aab5f2a58861be4672a0e19d3b472,
AI,aom,av2,0,A2,PedestrianArea_1920x1080p25.y4m,1920x1080,25.00,8,1920x1080,210,366.220000,30.650784,36.127663,36.358714,8.704549,9.847455,28.629562,27.359253,26.476896,31.526406,30.638922,36.111877,36.341572,0.430249,9219.98,2.27,61512256971570,14842427385,25756125306353,6337960868,4fd6896ae2d6ae7adc607f46a83b8e98,
AI,aom,av2,0,A2,RitualDance_1920x1080_5994_10bit_420.y4m,1920x1080,60.00,10,1920x1080,85,28551.640360,48.547359,51.003162,52.033739,20.319920,26.616293,99.804148,99.592025,49.513597,49.741835,48.523533,50.979422,51.998441,0.343415,178940.73,4.93,1068019801853802,23845147353,502893430772705,14494495077,978e3a4b310eee97f36b8002dd0cb574,
AI,aom,av2,0,A2,RitualDance_1920x1080_5994_10bit_420.y4m,1920x1080,60.00,10,1920x1080,110,15138.733267,45.585744,48.636449,49.221405,18.556006,23.754049,99.216903,98.243007,45.065842,47.280027,45.553823,48.604910,49.176810,0.422856,193919.51,4.54,1076634738961945,21902647347,505251817913503,12539092647,fcf8834e45417fb78de06014c9ed861e,
AI,aom,av2,0,A2,RitualDance_1920x1080_5994_10bit_420.y4m,1920x1080,60.00,10,1920x1080,135,7739.476523,42.071045,45.963279,46.243397,16.372899,20.406520,93.922052,91.516400,40.124074,44.301067,42.032502,45.922040,46.192849,0.446619,129307.30,3.32,961706362621005,19010785205,442199206879341,11980022748,6fb589d2f08a714ff3f236f94ee6eb4e,
AI,aom,av2,0,A2,RitualDance_1920x1080_5994_10bit_420.y4m,1920x1080,60.00,10,1920x1080,160,3794.045954,38.358460,43.262304,43.271890,14.139860,16.931031,80.418455,77.448676,35.319954,40.958086,38.309664,43.217227,43.224640,0.529956,86546.74,3.66,490598272458322,17371404248,226702264682276,10026984406,9b3ceec51de47ea9c99dce4a0f303f22,
AI,aom,av2,0,A2,RitualDance_1920x1080_5994_10bit_420.y4m,1920x1080,60.00,10,1920x1080,185,1795.564436,34.719259,40.702469,40.555036,12.190833,13.774300,59.882292,56.661058,30.986036,38.131045,34.662577,40.652560,40.510102,0.616144,34398.86,2.63,184420269573500,14300934044,89194173208739,7372445612,5d52e167a221ea914f526a509eebb8f9,
AI,aom,av2,0,A2,RitualDance_1920x1080_5994_10bit_420.y4m,1920x1080,60.00,10,1920x1080,210,813.634366,31.216832,38.376749,37.726379,10.618387,10.958953,34.664498,32.055136,27.091742,35.112946,31.154276,38.317618,37.700691,0.334393,11042.47,2.50,75466181359471,16289594611,30842342642214,6989771435,4af513848f01eed567de3a268e5f1364,
AI,aom,av2,0,A2,Riverbed_1920x1080p25.y4m,1920x1080,25.00,8,1920x1080,85,37540.780000,43.308781,46.226791,48.299652,16.200071,24.827474,99.815532,99.765750,48.809292,41.398585,43.308754,46.226669,48.299095,0.000000,488720.72,6.57,2731563442837567,28632151033,1268754521527148,17681886400,8a19fcf30f63d0cfb5beb8ba008fcabe,
AI,aom,av2,0,A2,Riverbed_1920x1080p25.y4m,1920x1080,25.00,8,1920x1080,110,16751.666667,40.177331,42.892878,45.449736,13.567399,20.757717,99.672129,99.609476,41.582490,38.367824,40.177217,42.892554,45.448699,0.000002,351669.30,4.66,2492489001205879,26954534727,1192574111374147,16621143443,fd076bc6e7d988b4a764d0a0ee27c9d5,
AI,aom,av2,0,A2,Riverbed_1920x1080p25.y4m,1920x1080,25.00,8,1920x1080,135,7932.406667,37.022310,40.687054,43.864574,11.141055,16.840877,97.112806,94.909872,35.694482,35.999590,37.022048,40.686472,43.863716,0.000037,350623.59,4.64,1949940003224783,21999935174,913861287362915,12754149045,78b92dff9282515a6f61a655dc27bb8b,
AI,aom,av2,0,A2,Riverbed_1920x1080p25.y4m,1920x1080,25.00,8,1920x1080,160,3629.033333,33.648731,38.729882,42.277857,8.775457,12.944460,75.113989,73.042813,30.653094,33.514659,33.648340,38.729001,42.277029,0.000500,128944.07,3.25,915200057118450,20521595239,360138173211435,9090464578,fdefab317dc805dbb9aaa2e776625fc9,
AI,aom,av2,0,A2,Riverbed_1920x1080p25.y4m,1920x1080,25.00,8,1920x1080,185,1509.180000,30.282548,37.003826,40.244229,6.761481,9.372058,46.314736,44.876165,26.411618,30.892466,30.282008,37.002954,40.242143,0.002404,57624.97,3.23,309043306639951,15353911553,148670869020925,9073713312,db13c9040ae0cd5a4de6f9ccf5e483a3,
AI,aom,av2,0,A2,Riverbed_1920x1080p25.y4m,1920x1080,25.00,8,1920x1080,210,561.993333,27.165354,35.718799,39.338706,5.322397,6.366596,23.687670,23.172286,22.982101,28.487483,27.164875,35.714257,39.334788,0.016596,20295.99,3.19,106860589808040,17550059622,53526604028331,9158642339,b05d0dbe7c99e139c75dbe039d261b31,
AI,aom,av2,0,A2,RushFieldCuts_1920x1080_2997.y4m,1920x1080,30.00,8,1920x1080,85,72175.192807,45.641332,47.337226,48.293974,20.517516,27.740022,99.872464,99.803581,50.327694,43.001117,45.641140,47.336378,48.293343,0.001224,296391.74,6.83,2147787504421489,33175832734,1008487882750604,23642028068,3c7a7a333e2ba5776872dd95cc9383eb,
AI,aom,av2,0,A2,RushFieldCuts_1920x1080_2997.y4m,1920x1080,30.00,8,1920x1080,110,37154.981019,39.709686,43.171515,44.260135,14.404343,20.879926,98.177516,96.388003,42.058072,38.486367,39.708937,43.171405,44.260016,0.005460,479256.82,6.31,2909395183232419,28593604233,1345737715220591,18244615015,634f46fabcf067116e2c6f545505ba81,
AI,aom,av2,0,A2,RushFieldCuts_1920x1080_2997.y4m,1920x1080,30.00,8,1920x1080,135,17596.243756,35.525242,40.293725,41.493278,11.386617,16.512154,89.502493,87.473900,35.742513,35.413684,35.525200,40.293540,41.493164,0.028211,580349.97,5.99,3309170257505279,27617307188,1514478173771031,16444348029,a20064aec038c5e5ead7844549cc03ca,
AI,aom,av2,0,A2,RushFieldCuts_1920x1080_2997.y4m,1920x1080,30.00,8,1920x1080,160,8461.098901,31.853761,37.546811,38.990088,9.120425,13.166187,72.346192,70.092539,30.334843,32.655521,31.853737,37.546638,38.989731,0.237127,367237.72,4.71,2072190415308433,21507698681,958849925193981,13074094809,c56ba939aba16bcb5543199c52c15575,
AI,aom,av2,0,A2,RushFieldCuts_1920x1080_2997.y4m,1920x1080,30.00,8,1920x1080,185,3688.943057,28.082243,34.979514,36.446595,6.941245,10.061755,48.362468,46.604599,25.215916,29.914756,28.082183,34.979038,36.446119,0.388412,144898.43,3.83,803104434496191,18023789437,374780868739419,10751332819,13566fcbdd13ff1bb25e55de687eb2e5,
AI,aom,av2,0,A2,RushFieldCuts_1920x1080_2997.y4m,1920x1080,30.00,8,1920x1080,210,1259.932068,24.431974,32.437954,34.141742,5.019046,6.651746,24.353071,23.567159,20.621229,27.017323,24.431891,32.435576,34.140709,0.323965,50043.55,3.09,271051667414791,15466472318,131187751919427,8566191319,d48f97c7d8391b8c7bf15eb2d0eab7cc,
AI,aom,av2,0,A2,Skater227_1920x1080_30fps.y4m,1920x1080,30.00,10,1920x1080,85,5081.992000,50.744876,57.516977,57.910554,21.996628,27.769892,99.812910,99.766544,50.586340,50.855672,50.689754,57.509375,57.880930,0.834534,152825.17,3.79,813393659890670,16590623729,395433415099137,10526227377,b8c73d5acccc5b6049dd814a62673cab,
AI,aom,av2,0,A2,Skater227_1920x1080_30fps.y4m,1920x1080,30.00,10,1920x1080,110,2469.208000,48.433487,54.836737,55.392700,20.513655,24.879166,99.604641,98.927904,46.836036,48.636717,48.314918,54.825099,55.366952,0.873097,115783.64,3.64,599544167991229,16909537140,299863380972303,10161469231,3530296e1ccccc747e164ca446c064e9,
AI,aom,av2,0,A2,Skater227_1920x1080_30fps.y4m,1920x1080,30.00,10,1920x1080,135,1222.696000,45.743514,51.639978,52.407805,19.036604,21.842627,94.382792,92.213965,43.011789,46.013371,45.566473,51.614480,52.379645,0.963310,45157.55,2.26,298515448456272,15097205332,126108750099841,6350244855,e028cfda1851867182e5e8061338c6db,
AI,aom,av2,0,A2,Skater227_1920x1080_30fps.y4m,1920x1080,30.00,10,1920x1080,160,616.736000,42.759746,48.062314,49.084465,17.752614,18.835375,81.524559,78.860045,39.269686,42.993930,42.584396,48.034866,49.063873,0.960863,23345.83,2.19,175019967165763,15419175802,80863820363253,8103766192,39c58497be5ad71b1d01bd1ed0388aa0,
AI,aom,av2,0,A2,Skater227_1920x1080_30fps.y4m,1920x1080,30.00,10,1920x1080,185,318.256000,39.548245,44.464607,45.402970,16.646775,16.017413,62.689897,59.758623,35.671233,39.671874,39.433018,44.432831,45.369589,0.561622,11646.50,2.15,92547195140354,16577587591,32525338675556,6015215807,1ee7935a5e2c00b66426e0da49176b66,
AI,aom,av2,0,A2,Skater227_1920x1080_30fps.y4m,1920x1080,30.00,10,1920x1080,210,168.696000,36.065543,40.899384,41.846476,15.494449,13.320863,40.637833,37.833292,32.079126,36.269734,36.001683,40.856785,41.807480,0.305627,6284.02,2.14,46460147563465,16532615854,17555198565884,5954484480,e554467e0203c7e401899a8ff0e7b2d2,
AI,aom,av2,0,A2,ToddlerFountainCropped_1080x1080p2997_yuv420p10le_130frames.y4m,1080x1080,30.00,10,1080x1080,85,49833.958042,43.057268,47.012333,45.318676,17.718421,25.992496,99.858869,99.804801,49.332763,40.896932,43.057140,47.012194,45.318532,0.033358,203399.40,4.73,1467866587921347,28143313908,568028893145970,13231147623,fe9044b12cf53370a6ca048ff2480b52,
AI,aom,av2,0,A2,ToddlerFountainCropped_1080x1080p2997_yuv420p10le_130frames.y4m,1080x1080,30.00,10,1080x1080,110,24853.058941,38.031107,45.473062,43.775164,13.118451,20.500113,99.732515,99.668416,42.230419,38.059775,38.030814,45.472658,43.774813,0.057266,399267.37,4.42,2306575320100483,20997653911,1046169732665353,11947694512,5dea4b3c4242c504bfdd72db15d4ca00,
AI,aom,av2,0,A2,ToddlerFountainCropped_1080x1080p2997_yuv420p10le_130frames.y4m,1080x1080,30.00,10,1080x1080,135,10586.005994,33.648966,43.872053,42.253883,9.185972,15.373756,97.952410,95.811603,35.034324,35.127751,33.648625,43.871442,42.252988,0.118936,431983.46,3.53,2534596869733543,15885664097,1132753339092338,9646615310,0a721723fea3e92cb0cd5d54ed7f6c06,
AI,aom,av2,0,A2,ToddlerFountainCropped_1080x1080p2997_yuv420p10le_130frames.y4m,1080x1080,30.00,10,1080x1080,160,3924.499500,30.079714,42.172373,40.500370,6.358236,11.093749,76.644577,74.700258,29.131356,32.438295,30.079368,42.171153,40.498959,0.238492,144906.66,1.98,1028639544964928,12079661906,404604901164145,5517637215,4b8c1f6fc7dc8d8321a0aa4dd93a23a4,
AI,aom,av2,0,A2,ToddlerFountainCropped_1080x1080p2997_yuv420p10le_130frames.y4m,1080x1080,30.00,10,1080x1080,185,1324.891109,27.273583,40.117713,38.062678,4.676296,8.056401,48.889826,47.551715,24.771553,30.028164,27.273291,40.114643,38.059273,0.286464,44854.30,1.30,318203385952210,8877674308,125262928009516,3628759477,25935f44c6d49f7e030051252742ebec,
AI,aom,av2,0,A2,ToddlerFountainCropped_1080x1080p2997_yuv420p10le_130frames.y4m,1080x1080,30.00,10,1080x1080,210,452.491508,24.963929,38.254677,37.084992,3.666960,5.909002,25.428271,24.882606,21.541297,27.763820,24.963678,38.248077,37.076924,0.187295,17581.19,1.70,95884719356277,8361357246,46148101956025,4792600926,c76af55495f7ed9dc1561a5f5a9c75db,
AI,aom,av2,0,A2,TreesAndGrass_1920_1080_30fps_8bit.y4m,1920x1080,30.00,8,1920x1080,85,150421.064000,42.806520,44.779656,46.404141,20.881791,28.615781,99.869481,99.824932,50.589003,44.586567,42.804310,44.764319,46.395667,0.000176,242565.59,10.15,1838911161818365,55506755821,677430395653444,28465098243,7703214522c353ac8bd294b46a915498,
AI,aom,av2,0,A2,TreesAndGrass_1920_1080_30fps_8bit.y4m,1920x1080,30.00,8,1920x1080,110,94478.624000,37.333468,40.817075,43.574877,16.373164,23.518909,99.775812,99.718963,43.866225,39.963942,37.329997,40.790108,43.562684,0.000533,628656.16,9.86,3816928389439193,45184026222,1667244225289304,26631931427,202558a37081935ac0f378d90512ca28,
AI,aom,av2,0,A2,TreesAndGrass_1920_1080_30fps_8bit.y4m,1920x1080,30.00,8,1920x1080,135,51644.472000,31.954698,37.396725,41.611595,11.917949,18.217293,99.256158,99.029479,36.394681,35.306900,31.948903,37.359562,41.599457,0.002003,807729.08,5.76,6287856989314280,33714953387,2777553164853623,20355377872,4321ec25ee620d7fe398b1caadbb2e90,
AI,aom,av2,0,A2,TreesAndGrass_1920_1080_30fps_8bit.y4m,1920x1080,30.00,8,1920x1080,160,22705.496000,26.947795,34.782255,39.978052,7.727391,13.021227,88.673602,86.228521,29.071912,30.851454,26.938677,34.736312,39.972684,0.007395,772006.18,5.44,4567251841385124,24850356390,2030369166048577,14867827313,9932e1fd67bcc9e7103eb7862a20343e,
AI,aom,av2,0,A2,TreesAndGrass_1920_1080_30fps_8bit.y4m,1920x1080,30.00,8,1920x1080,185,5866.880000,22.588774,32.986556,38.145971,3.904161,7.692791,59.995264,57.980460,22.216785,26.869000,22.575815,32.948804,38.143500,0.029981,283130.39,3.55,1627380391996125,14890196185,737523557607473,9821828988,567c065f0bac7a8714626b6f67acf89e,
AI,aom,av2,0,A2,TreesAndGrass_1920_1080_30fps_8bit.y4m,1920x1080,30.00,8,1920x1080,210,942.632000,20.471007,31.615395,35.905329,2.218139,4.133550,39.256488,37.880967,18.454410,24.610201,20.443267,31.586982,35.900101,0.082304,55193.75,3.22,296702433934507,15146884018,144320126457044,9062132291,71cc47c96a37afb531f71e2d3cdca9ae,
AI,aom,av2,0,A2,TunnelFlag_1920x1080_5994_10bit_420.y4m,1920x1080,60.00,10,1920x1080,85,81583.488511,44.052230,48.294290,50.307738,17.707283,25.532911,99.883892,99.850557,48.689584,44.447204,44.048818,48.290453,50.304187,0.011494,290947.16,5.89,2060864358822244,32061758474,812573912177664,16462547714,98a264b1d64935deb656884693c2ce7f,
AI,aom,av2,0,A2,TunnelFlag_1920x1080_5994_10bit_420.y4m,1920x1080,60.00,10,1920x1080,110,39910.073926,40.438347,46.195535,48.847196,15.089601,22.157040,99.828087,99.777578,43.448957,41.802090,40.432167,46.191245,48.843833,0.027259,320039.07,4.49,2257927882333835,24168175767,893736285013451,12533022813,3d9d7512ecaa8da536f5b6e3c8219021,
AI,aom,av2,0,A2,TunnelFlag_1920x1080_5994_10bit_420.y4m,1920x1080,60.00,10,1920x1080,135,18823.064935,36.998295,44.289933,47.315397,12.868903,19.287940,99.680441,99.608431,38.142376,39.280922,36.992041,44.286980,47.312835,0.029998,417299.05,4.75,2397139835717420,20351200450,1093537499921069,13108681380,be2c6fd744eed0363d0c0f4492eee7c2,
AI,aom,av2,0,A2,TunnelFlag_1920x1080_5994_10bit_420.y4m,1920x1080,60.00,10,1920x1080,160,9590.729271,33.765849,42.128227,45.289619,11.336032,17.041343,99.351480,99.262412,33.014281,36.741012,33.761772,42.122968,45.275745,0.024446,233344.44,4.00,1334625512368517,14679947245,609469614254722,10939174245,dd133931764185b45890ff894f1249f3,
AI,aom,av2,0,A2,TunnelFlag_1920x1080_5994_10bit_420.y4m,1920x1080,60.00,10,1920x1080,185,5119.040959,30.305641,39.706650,42.393931,9.704014,14.297443,89.849863,87.004978,28.081176,33.818234,30.304141,39.703021,42.386573,0.014562,112435.07,3.17,682271869178896,13888311151,315607309781944,9471646061,242e1a4242ddcca5602fc44e3fac6943,
AI,aom,av2,0,A2,TunnelFlag_1920x1080_5994_10bit_420.y4m,1920x1080,60.00,10,1920x1080,210,2574.513487,26.393911,36.510546,40.126189,7.729743,10.929299,66.992713,64.332062,23.039191,30.351755,26.392879,36.485325,40.095349,0.006673,56110.66,2.97,310607815136062,12152324006,147602454530200,8162796534,165a269aea5760eebf905d6d626d9685,
AI,aom,av2,0,A2,Vertical_bees_1080x1920_2997.y4m,1080x1920,30.00,8,1080x1920,85,27239.544456,47.089959,49.499529,50.616888,20.844975,27.650202,99.493370,98.863047,49.405961,47.276044,47.085172,49.485922,50.607169,0.010571,239617.99,6.04,1340603397496272,27706640504,624410294545517,16435843479,9bda132965bba33f10eb0ca05266a5e7,
AI,aom,av2,0,A2,Vertical_bees_1080x1920_2997.y4m,1080x1920,30.00,8,1080x1920,110,14892.003996,43.565472,46.184052,47.818435,18.380954,24.135197,97.677805,96.108320,43.970540,44.176147,43.563376,46.178154,47.811454,0.020466,280746.94,5.33,1559096970338336,25602181678,733238765586236,14658808858,d2a91507c79aca14b804511f81ec9391,
AI,aom,av2,0,A2,Vertical_bees_1080x1920_2997.y4m,1080x1920,30.00,8,1080x1920,135,7951.440559,39.782541,42.517777,44.819266,15.600304,20.334581,90.781010,88.361342,38.328044,40.709560,39.781271,42.515479,44.811605,0.032492,265212.88,4.35,1656049168872558,21390120818,749176654012764,12838963625,6ca62c249833d632bfcb402eb1003707,
AI,aom,av2,0,A2,Vertical_bees_1080x1920_2997.y4m,1080x1920,30.00,8,1080x1920,160,4067.324675,35.814210,38.692425,41.985653,12.782732,16.460333,75.890835,73.167064,32.995726,37.019462,35.813175,38.691346,41.971246,0.073328,129994.31,3.20,925581991937825,20936784006,363048563414549,8974822502,2fd67a46b761922010bdee323b20f455,
AI,aom,av2,0,A2,Vertical_bees_1080x1920_2997.y4m,1080x1920,30.00,8,1080x1920,185,1934.505495,31.874409,35.411934,39.022926,10.257030,12.772846,53.157383,50.792230,28.197297,33.506962,31.873676,35.410867,38.979002,0.082659,52835.35,2.96,386361539226194,16884411423,178526503389109,10795652652,9c69a1c5261c450fe250e829a2470aa8,
AI,aom,av2,0,A2,Vertical_bees_1080x1920_2997.y4m,1080x1920,30.00,8,1080x1920,210,823.616384,28.055273,32.809096,35.693065,8.211097,9.270275,25.707544,24.592376,23.901545,30.109135,28.054561,32.807379,35.532381,0.061070,26253.35,2.94,144990164057024,17762196933,69210235922349,8428103683,8e90e6bf1825d588ec7475800684a8cb,
AI,aom,av2,0,A2,WorldCup_1920x1080_30p.y4m,1920x1080,30.00,8,1920x1080,85,14993.928000,48.465825,52.120070,52.008710,21.321856,27.273171,99.870494,99.829983,49.209455,47.981463,48.461353,52.112828,52.004625,0.378175,367792.26,5.87,2064428789746776,25245769845,960613863233673,16144030580,745ee5c30eda5f023ae052cb7c49caf7,
AI,aom,av2,0,A2,WorldCup_1920x1080_30p.y4m,1920x1080,30.00,8,1920x1080,110,7898.104000,45.301869,49.663535,49.597137,19.143276,23.835445,99.659842,98.870854,44.599620,45.503316,45.294640,49.658294,49.593475,0.405284,345986.94,4.71,1904195054033136,22482335380,904688066028312,12968978993,8128ce10f75d2980e1e801d9924f708c,
AI,aom,av2,0,A2,WorldCup_1920x1080_30p.y4m,1920x1080,30.00,8,1920x1080,135,4235.768000,41.762840,47.018579,46.939490,16.701189,20.209132,95.083302,92.592429,39.846985,42.774883,41.752378,47.015006,46.935919,0.452238,188859.55,3.45,1372590321696117,21732815285,527445433958701,9602656613,b3c43d3dd8da6d85c1970af9bd7503ee,
AI,aom,av2,0,A2,WorldCup_1920x1080_30p.y4m,1920x1080,30.00,8,1920x1080,160,2192.688000,37.988629,44.074846,43.736100,14.190113,16.528549,82.928163,79.680896,35.116019,39.680413,37.977318,44.071218,43.732165,0.423899,129980.40,3.14,1017237745207818,19630295241,363012051270166,8785531474,200b81fd422e6d916764442ca7652d67,
AI,aom,av2,0,A2,WorldCup_1920x1080_30p.y4m,1920x1080,30.00,8,1920x1080,185,1083.864000,34.200614,40.618419,40.331871,12.018019,13.124018,64.762211,61.128166,30.659536,36.244375,34.190959,40.615334,40.328617,0.475223,95958.85,3.65,616857833676665,15302434883,259009910160528,10213683667,80bf5bed80a03612eef1c782a3a62b5b,
AI,aom,av2,0,A2,WorldCup_1920x1080_30p.y4m,1920x1080,30.00,8,1920x1080,210,523.048000,30.544676,37.111893,36.927104,10.414522,10.413535,43.762190,40.456090,26.653471,32.773698,30.534560,37.105849,36.916620,0.200895,46209.96,3.27,302228707598337,17198364267,125692926711780,9391316983,a99726b3660fb2ad09a103f4e46143c2,
AI,aom,av2,0,A3,ControlledBurn_1280x720p30_420.y4m,1280x720,30.00,8,1280x720,85,38447.136000,44.162598,49.271081,48.817102,19.364893,27.171046,97.484639,96.289916,48.171910,43.895798,44.161945,49.269808,48.815340,0.734592,154326.72,2.89,1116049279141242,14935435502,430927363783576,8067912667,ed86947b8e99ea41ae4d2036941b20f2,
AI,aom,av2,0,A3,ControlledBurn_1280x720p30_420.y4m,1280x720,30.00,8,1280x720,110,22326.976000,39.380691,46.564415,46.180623,15.718004,22.686485,95.021408,93.305992,42.925833,40.312073,39.380140,46.563301,46.179060,0.754199,230117.98,3.23,1347545001380602,13274332907,603035069932231,8699481165,dd7be0c34503d1a93c927f951bf830ca,
AI,aom,av2,0,A3,ControlledBurn_1280x720p30_420.y4m,1280x720,30.00,8,1280x720,135,11481.696000,34.612437,43.823459,43.647884,11.870866,17.929300,87.821744,85.769562,36.573976,36.629403,34.612074,43.822475,43.646834,0.766449,274930.98,2.50,1678473820347973,12660054501,773344295348186,7316378479,85c1f432e10ff89f3ebb693506cade6a,
AI,aom,av2,0,A3,ControlledBurn_1280x720p30_420.y4m,1280x720,30.00,8,1280x720,160,4809.936000,30.118466,41.187034,41.269774,8.139616,13.167202,71.761789,69.635221,30.019419,33.010291,30.118160,41.186159,41.268717,0.742554,180643.58,2.07,1027880689411274,9640106968,469503382708344,5724791568,1dd9b65dafc45179fc8e9fe22c74dbbc,
AI,aom,av2,0,A3,ControlledBurn_1280x720p30_420.y4m,1280x720,30.00,8,1280x720,185,1583.232000,26.512348,38.645588,38.502141,5.465012,9.055595,47.801852,46.056533,24.580289,29.878713,26.512094,38.643361,38.500828,0.906981,53600.04,1.25,367786649221515,7594138429,149704804282527,3499280039,d208a10f651f4aa87e55b56e06ab4769,
AI,aom,av2,0,A3,ControlledBurn_1280x720p30_420.y4m,1280x720,30.00,8,1280x720,210,471.112000,23.917802,36.005628,36.148270,4.080519,6.286581,26.071877,24.894714,20.881450,27.295637,23.917611,36.001910,36.140649,1.366667,19515.27,1.49,106398850076738,7853810399,50971463834054,4171691600,51e4f82315ab1ac87c7e8b5a442981ad,
AI,aom,av2,0,A3,DrivingPOV_1280x720p_5994_10bit_420.y4m,1280x720,60.00,10,1280x720,85,67518.177822,43.536606,46.122332,45.203645,17.555526,25.715358,99.731344,98.968910,48.992736,41.582603,43.536061,46.122103,45.202990,0.000569,205491.83,4.18,1162582892302483,17127938634,536348184673212,11240393223,b70e9a3a2df4e571d33b698a65d65355,
AI,aom,av2,0,A3,DrivingPOV_1280x720p_5994_10bit_420.y4m,1280x720,60.00,10,1280x720,110,33753.654346,38.751057,43.248347,43.238279,13.641417,20.716807,97.798467,96.190170,42.563163,38.615283,38.748881,43.248046,43.237373,0.026607,205744.33,2.43,1460642279565995,14031607526,574573315740030,6798978895,402d38b275cae1e7f3775c4fbe0d4945,
AI,aom,av2,0,A3,DrivingPOV_1280x720p_5994_10bit_420.y4m,1280x720,60.00,10,1280x720,135,15357.026973,34.555561,40.695876,41.510118,11.065960,17.797439,91.592663,89.516817,37.075398,35.856808,34.553143,40.695621,41.509209,0.439037,200172.30,1.95,1430600423257452,12113395212,559012658345009,5435816639,befdaedde9f53f9f677d0f5e11dd5779,
AI,aom,av2,0,A3,DrivingPOV_1280x720p_5994_10bit_420.y4m,1280x720,60.00,10,1280x720,160,6166.201798,30.896273,38.409850,39.654979,8.619757,14.560398,77.747185,75.376005,31.152155,33.196429,30.893862,38.409384,39.654424,0.617698,142957.14,1.96,786069055158741,9204365259,371397258343504,5473294865,f755a818cca1228f7111d9281c161c5a,
AI,aom,av2,0,A3,DrivingPOV_1280x720p_5994_10bit_420.y4m,1280x720,60.00,10,1280x720,185,2334.417582,27.848676,36.080166,37.693812,6.694153,11.314490,55.476495,53.178975,26.024603,30.656825,27.847293,36.079290,37.692585,0.495151,51931.05,1.55,285644369208950,7151532879,133958979366681,4309433573,c8819cdab09eb1611fc04f79ff5a1bba,
AI,aom,av2,0,A3,DrivingPOV_1280x720p_5994_10bit_420.y4m,1280x720,60.00,10,1280x720,210,909.330669,25.250549,33.862849,35.677617,5.301075,8.414496,30.609282,28.873286,22.100993,28.216024,25.250040,33.861257,35.675112,0.163517,17349.47,1.40,91803420027877,7438853746,45331974671754,3994655394,d6a65f0c3524b2bc7b1c53d3c296da29,
AI,aom,av2,0,A3,Johnny_1280x720_60.y4m,1280x720,60.00,8,1280x720,85,20754.336000,45.007278,49.191784,49.745799,16.549776,23.618703,97.406647,96.369497,45.280963,45.106230,45.007198,49.191676,49.745748,9.502258,154363.67,2.30,851095007512988,9259811050,400359787613135,6123465206,9fd51f89620c0e99d2172e74faf7b337,
AI,aom,av2,0,A3,Johnny_1280x720_60.y4m,1280x720,60.00,8,1280x720,110,9296.608000,42.449528,47.640610,48.096782,14.921148,21.330043,95.573853,94.076147,42.608344,43.350902,42.449274,47.640400,48.096416,11.005633,80853.52,1.72,574438633876552,9382678668,225815707159804,4845769610,2a298826069a912bb9114d385ea48582,
AI,aom,av2,0,A3,Johnny_1280x720_60.y4m,1280x720,60.00,8,1280x720,135,4504.912000,39.841243,45.436621,45.743209,13.382900,19.082110,90.930381,88.894133,39.209465,41.447311,39.840927,45.436353,45.742440,10.598486,85801.87,1.81,530294443137884,7616134477,241274946700471,5400243464,f3e4eaeb9e62889af64bface29e472d9,
AI,aom,av2,0,A3,Johnny_1280x720_60.y4m,1280x720,60.00,8,1280x720,160,2265.040000,36.864928,42.665967,43.220880,11.581320,16.487138,81.529373,78.792778,35.163068,39.185068,36.864606,42.665017,43.218858,10.755402,50487.05,1.45,295969536802548,7063612888,131819593020421,4032166346,734e835db4c5241e428f3d02534ac542,
AI,aom,av2,0,A3,Johnny_1280x720_60.y4m,1280x720,60.00,8,1280x720,185,1112.896000,33.601504,39.412607,39.866705,9.817161,13.820955,65.196215,62.095132,30.826155,36.489260,33.601155,39.409325,39.861716,10.204252,25526.03,1.31,146496508553749,7260744428,66679826240448,3756104569,ecaa9b491bf0b465be0545f14e621f5b,
AI,aom,av2,0,A3,Johnny_1280x720_60.y4m,1280x720,60.00,8,1280x720,210,558.512000,30.418251,35.780777,36.589502,8.738846,11.719738,42.694567,39.528026,26.755430,33.483611,30.416829,35.778055,36.583808,9.134077,9304.47,1.25,49758268587105,7498230392,24453558728712,3585897804,2459318827148a73283a1ce40311fb38,
AI,aom,av2,0,A3,KristenAndSara_1280x720_60.y4m,1280x720,60.00,8,1280x720,85,22372.064000,45.481300,48.763699,49.546760,17.175453,24.246252,97.591779,96.560178,45.507584,44.502756,45.481286,48.763560,49.546677,7.330597,141068.50,2.37,782441077696246,9660202616,365642672502460,6345781438,374adf9471f2bacf0172587c0a8e94fc,
AI,aom,av2,0,A3,KristenAndSara_1280x720_60.y4m,1280x720,60.00,8,1280x720,110,11370.448000,42.864518,46.933324,47.781505,15.702554,22.034508,95.819382,94.212848,42.836822,42.771787,42.864426,46.933138,47.781245,8.792349,74411.19,1.73,529531481159103,10254279806,207812856139825,4847497940,c5dcd007c9c899faa5ed9727daccad7e,
AI,aom,av2,0,A3,KristenAndSara_1280x720_60.y4m,1280x720,60.00,8,1280x720,135,5892.240000,39.817576,44.775101,45.510930,14.109572,19.415600,90.888449,88.624878,39.054274,40.814421,39.817286,44.774469,45.509788,8.580352,91217.40,1.92,524236062986455,9623066800,237358732481396,5305683991,da1ed7b122392dd1e52575a10b62f133,
AI,aom,av2,0,A3,KristenAndSara_1280x720_60.y4m,1280x720,60.00,8,1280x720,160,3045.456000,36.433084,42.082286,42.756524,12.383784,16.460477,80.665239,77.490918,34.649909,38.424160,36.432653,42.080559,42.754955,8.217624,42923.00,1.48,301947242295939,8231572829,119870125544142,4107021156,67888bc8c8ee796bda0dde2726110e87,
AI,aom,av2,0,A3,KristenAndSara_1280x720_60.y4m,1280x720,60.00,8,1280x720,185,1532.928000,32.708442,39.162535,39.707286,10.487523,13.370952,63.848698,60.271616,30.006347,35.558025,32.708072,39.159537,39.705554,6.630314,28647.95,1.27,158365831646580,7000923672,74019840825144,3549434874,76918137044b779f69fc9ed0f590594f,
AI,aom,av2,0,A3,KristenAndSara_1280x720_60.y4m,1280x720,60.00,8,1280x720,210,727.200000,29.050266,35.440390,36.206567,8.835951,10.530042,43.434902,39.795738,25.530990,32.383591,29.049801,35.436831,36.203318,6.237432,12741.57,1.33,71148942530672,7315848549,33451667977457,3740967580,0b13469d73ecd19936b41ee198cb788f,
AI,aom,av2,0,A3,RollerCoaster_1280x720p_5994_10bit_420.y4m,1280x720,60.00,10,1280x720,85,35100.803197,45.946438,46.820269,47.040400,19.619937,27.027675,99.855781,99.811135,49.595645,44.044138,45.944736,46.818013,47.038145,0.121157,296526.10,2.83,1679604812704812,12092486769,773319463362318,7598254923,bbf8c76d818fd5e8d01a5a39b99ce9cd,
AI,aom,av2,0,A3,RollerCoaster_1280x720p_5994_10bit_420.y4m,1280x720,60.00,10,1280x720,110,17424.527473,41.706513,43.576384,44.507709,15.909544,22.498448,99.753603,99.282589,43.304485,41.134527,41.701476,43.572106,44.504385,0.182904,242105.61,1.95,1641280557766145,10947646626,676130510568860,5451060330,21db7b26c568fc0cdde04cb67cde1801,
AI,aom,av2,0,A3,RollerCoaster_1280x720p_5994_10bit_420.y4m,1280x720,60.00,10,1280x720,135,8243.036963,37.820826,40.426176,41.885963,12.776414,18.324732,93.186631,90.934088,37.189289,38.185010,37.812469,40.421135,41.881390,0.227287,166403.00,1.49,1213275957084599,8825756557,464700208600625,4153859960,1377b70ffe4cfb7af3ef471194450c83,
AI,aom,av2,0,A3,RollerCoaster_1280x720p_5994_10bit_420.y4m,1280x720,60.00,10,1280x720,160,3843.420579,34.219383,37.340749,39.577702,10.290367,14.813720,76.950481,74.385549,31.849218,35.310858,34.211715,37.332604,39.569853,0.189660,126706.32,1.85,773171711255055,8316895974,335895501739369,5041747478,7608d6a74a1710c54d76011cbcf52ec2,
AI,aom,av2,0,A3,RollerCoaster_1280x720p_5994_10bit_420.y4m,1280x720,60.00,10,1280x720,185,1623.256743,30.679353,34.430709,37.437224,8.072477,11.310499,51.271219,48.838112,27.062229,32.483897,30.672784,34.421728,37.426069,0.136477,61280.68,1.34,390667839225324,7049847057,164077518378833,3766106300,3bf991323684faf47763fe5052603dc4,
AI,aom,av2,0,A3,RollerCoaster_1280x720p_5994_10bit_420.y4m,1280x720,60.00,10,1280x720,210,633.510490,27.490196,31.587997,35.348577,6.474424,8.268397,22.233666,20.955825,23.226322,29.732669,27.485950,31.571393,35.339036,0.079446,26244.02,1.82,168754262142334,7692477312,71143778303324,4890729839,1617316780c06c6cda59734dc712c232,
AI,aom,av2,0,A3,Vidyo3_1280x720p_60fps.y4m,1280x720,60.00,8,1280x720,85,22928.512000,45.497786,49.905508,49.704215,17.939568,24.818606,98.165265,96.708678,45.883726,44.352903,45.486723,49.905403,49.703892,2.222171,137383.03,1.81,949670319235414,10363823667,383679248029845,5054198318,873c9edf7ee52f66d2eeda59cb8d6fa5,
AI,aom,av2,0,A3,Vidyo3_1280x720p_60fps.y4m,1280x720,60.00,8,1280x720,110,11694.160000,42.814605,48.702150,47.812591,16.569506,22.473705,95.342702,93.422494,43.090737,42.577715,42.803343,48.701895,47.812067,2.909377,95784.40,1.72,686076649878288,9896252550,267505059109123,4791424077,e1b2c8a53061e0fb7daaf7046e9dc6b8,
AI,aom,av2,0,A3,Vidyo3_1280x720p_60fps.y4m,1280x720,60.00,8,1280x720,135,6345.984000,39.726183,47.026742,45.572713,14.951450,19.756709,88.825425,86.381911,39.181187,40.478114,39.723089,47.026077,45.572121,3.229296,93347.25,1.56,697734687226018,8596667090,317749920850306,5597224899,a7d2300c1ef04c71ac837f013fa0bc6f,
AI,aom,av2,0,A3,Vidyo3_1280x720p_60fps.y4m,1280x720,60.00,8,1280x720,160,3265.216000,35.943870,44.799596,42.729397,12.648721,16.264951,74.819166,71.988346,34.043717,37.720707,35.943223,44.796680,42.727931,3.201430,59461.47,1.27,429375563626317,6935248116,166061330242483,3604435127,11372a87e4f529a23277a55663905a15,
AI,aom,av2,0,A3,Vidyo3_1280x720p_60fps.y4m,1280x720,60.00,8,1280x720,185,1410.160000,31.780955,41.689286,39.831659,9.953753,12.082071,51.612309,48.702202,28.687790,34.392654,31.780193,41.683215,39.828153,2.864297,27371.12,1.08,210423686875777,6563899894,93666443678069,3866183927,e5c5f50e6f859693f5c7a2b52aaf35fd,
AI,aom,av2,0,A3,Vidyo3_1280x720p_60fps.y4m,1280x720,60.00,8,1280x720,210,474.576000,28.057281,39.169748,37.557765,7.841104,8.382123,24.313555,22.341658,24.298946,31.214631,28.056329,39.160226,37.548889,2.504475,6890.94,1.04,47482845192408,6550346195,19243759782977,2953690313,39cd3799d289fddc8b7e751e9a0ba8ae,
AI,aom,av2,0,A3,Vidyo4_1280x720p_60fps.y4m,1280x720,60.00,8,1280x720,85,23093.728000,45.639422,49.886930,50.066407,17.620440,25.084305,98.433645,97.299300,46.444072,44.539738,45.635246,49.886818,50.066029,1.960869,141808.72,1.84,969311003635141,10219795038,396084686972295,5142520531,20f474f3ec616e9d6aed8eb44768884e,
AI,aom,av2,0,A3,Vidyo4_1280x720p_60fps.y4m,1280x720,60.00,8,1280x720,110,10554.608000,42.515074,48.325557,48.390434,15.083690,21.432538,96.339437,94.647211,42.421766,42.475985,42.509676,48.325324,48.389562,2.134191,88739.12,1.58,611873583381092,9662230110,247847481880807,4404655956,13b8ad8b4c1be8a19aef81da3a0bbd82,
AI,aom,av2,0,A3,Vidyo4_1280x720p_60fps.y4m,1280x720,60.00,8,1280x720,135,5027.344000,39.500869,46.200018,46.107843,13.011686,18.043816,90.607158,88.283471,38.065722,40.197713,39.496249,46.199132,46.105006,2.087445,67038.17,1.73,480356152114174,8978727544,226212639068131,6241626143,f64ac7c6af6b8d96f3bf48e26bd6b019,
AI,aom,av2,0,A3,Vidyo4_1280x720p_60fps.y4m,1280x720,60.00,8,1280x720,160,2424.608000,36.431607,43.780496,43.232760,11.342560,15.222883,79.117866,76.072797,34.021974,37.707375,36.428370,43.779436,43.230022,2.106627,44713.93,1.58,241942472297488,7451509822,115014900105041,4369376583,97a5d06b493853831b8874c4be76e3da,
AI,aom,av2,0,A3,Vidyo4_1280x720p_60fps.y4m,1280x720,60.00,8,1280x720,185,1192.480000,33.222830,40.619396,39.953611,9.942586,12.903092,61.879284,58.525043,30.014264,34.914179,33.220828,40.616295,39.948359,2.247975,16020.88,1.12,110429982225344,6747896848,53613357821795,4078054018,eb09f37c2edde92fa6773a358a37d064,
AI,aom,av2,0,A3,Vidyo4_1280x720p_60fps.y4m,1280x720,60.00,8,1280x720,210,555.312000,29.758180,37.981892,36.945964,8.539531,10.294650,40.334557,37.213749,26.013849,32.032104,29.757524,37.972072,36.937913,2.071642,6727.73,1.23,47551630802835,7735492830,23112375669385,4536254614,16528a13aa92e1e0c1964ce2d78d7193,
AI,aom,av2,0,A3,WestWindEasy_1280x720p30_420.y4m,1280x720,30.00,8,1280x720,85,21488.152000,45.541848,50.593002,52.131207,20.093789,28.151148,99.895577,99.860692,49.349937,47.621612,45.540837,50.592355,52.130688,0.173403,139334.00,2.32,977304460742178,12204661130,389109127365775,6493837522,9951886cd00f64654fd2b943667200be,
AI,aom,av2,0,A3,WestWindEasy_1280x720p30_420.y4m,1280x720,30.00,8,1280x720,110,11756.256000,41.222848,48.704956,50.168254,17.054472,24.229851,99.852413,99.792551,44.467046,44.304966,41.217896,48.703765,50.167719,0.256893,188779.92,2.61,1123047620088047,11079007863,495334876953916,7056457394,01242d8940822619fe07a75a30b8088c,
AI,aom,av2,0,A3,WestWindEasy_1280x720p30_420.y4m,1280x720,30.00,8,1280x720,135,6114.616000,36.988356,46.983836,48.292728,13.846448,19.929855,99.692317,99.183034,38.433823,40.934396,36.981774,46.980818,48.290536,0.493271,219114.38,2.30,1287628576106575,9487720170,575814870974083,6296240390,cc83045fd2bfd6f4abdf9cb4f22a5fcc,
AI,aom,av2,0,A3,WestWindEasy_1280x720p30_420.y4m,1280x720,30.00,8,1280x720,160,2904.648000,32.775973,45.214393,46.304429,10.566770,15.458288,89.620825,86.635193,32.262505,37.302041,32.768782,45.203183,46.292495,1.125022,112542.82,1.32,846709668186024,7455259148,314293884934422,3697133165,493f7241819b89b83a5399834c3718d0,
AI,aom,av2,0,A3,WestWindEasy_1280x720p30_420.y4m,1280x720,30.00,8,1280x720,185,1229.328000,28.880487,42.701636,43.472542,7.809431,11.148054,69.817133,66.742004,26.760244,33.721476,28.873185,42.694917,43.456053,2.402694,74140.73,1.48,461334638448823,6887681169,196386953820285,4068713956,5b821d6e55cf1c5bd0409c706c01e25d,
AI,aom,av2,0,A3,WestWindEasy_1280x720p30_420.y4m,1280x720,30.00,8,1280x720,210,582.872000,25.563915,40.438466,40.990975,6.236832,7.930655,48.353325,45.937127,22.748841,30.604137,25.557781,40.402721,40.939620,2.404142,28837.20,1.02,224969680897957,6856546295,80530456708220,2869031595,061ff5adb9692aa341a7e99fe3a741e9,
AI,aom,av2,0,A4,BlueSky_360p25_v2.y4m,640x360,25.00,8,640x360,85,7268.700000,45.679896,45.207932,46.581496,21.773968,28.783261,99.876934,99.833574,50.841698,45.318961,45.679703,45.207549,46.580596,0.037395,17543.25,0.79,116690534305853,4466939680,49008036387157,2220198744,be4fe69c2f2794a6932d933ca5c93e13,
AI,aom,av2,0,A4,BlueSky_360p25_v2.y4m,640x360,25.00,8,640x360,110,4234.246667,40.728942,40.405423,43.527888,18.575023,25.283060,99.791408,99.735128,45.580282,41.689735,40.728747,40.405006,43.527394,0.084037,26100.26,0.63,174819000461421,3575344419,72893065067400,1768270126,5bf02e4f789295bd6abf8baf381c5714,
AI,aom,av2,0,A4,BlueSky_360p25_v2.y4m,640x360,25.00,8,640x360,135,2309.620000,35.785059,37.689302,41.762599,14.970195,21.244799,96.029716,93.971354,39.448329,38.716610,35.784949,37.688537,41.760866,0.127126,28149.63,0.48,200124242894429,2771327352,95014029232496,1678611883,1587cf691286b2cab9dcebcf137b6005,
AI,aom,av2,0,A4,BlueSky_360p25_v2.y4m,640x360,25.00,8,640x360,160,1121.886667,30.908591,35.591012,39.575699,11.408540,16.993337,80.957519,78.932218,32.839468,35.473678,30.908073,35.589507,39.570784,0.171101,24659.68,0.39,165272959882584,2261325859,68872205852613,1108660767,f6350d86956ec7d465b13efcc724d886,
AI,aom,av2,0,A4,BlueSky_360p25_v2.y4m,640x360,25.00,8,640x360,185,441.193333,26.475238,33.557789,37.594050,8.280313,12.375915,53.328351,51.729792,26.104607,31.983604,26.473168,33.556030,37.589416,0.214437,17273.18,0.34,92403754906226,1818338293,44316678396271,919432592,320b902190987c7dd15c580300087338,
AI,aom,av2,0,A4,BlueSky_360p25_v2.y4m,640x360,25.00,8,640x360,210,127.333333,22.883156,31.932362,35.546822,6.087888,8.657196,16.488393,15.815722,20.416313,28.783975,22.880730,31.925864,35.536073,0.213641,4314.38,0.26,28878236552353,1751175472,12048529304509,725235543,534c1a5b3b4eee5158f3b786c202b8f1,
AI,aom,av2,0,A4,RedKayak_360_2997.y4m,640x360,30.00,8,640x360,85,10522.917083,43.429544,46.540924,51.027399,17.507415,25.189506,99.829503,99.780703,48.888761,43.147577,43.427985,46.536971,51.024276,0.215079,40465.65,0.89,285192465689620,5125578932,136654741866640,3122983423,43fa080e6517583346de13fa19cf8ccf,
AI,aom,av2,0,A4,RedKayak_360_2997.y4m,640x360,30.00,8,640x360,110,5885.802198,38.197661,43.839556,49.573297,13.519855,20.479837,99.673267,99.615226,42.395084,39.619357,38.194920,43.829222,49.566928,0.225661,55062.31,0.77,368331118933960,4171056576,153793948222307,2151044899,3c2c269a778ab1974a6f652064b2a726,
AI,aom,av2,0,A4,RedKayak_360_2997.y4m,640x360,30.00,8,640x360,135,2611.412587,33.175549,41.626610,47.605839,9.776600,16.066018,94.597740,92.597186,36.113112,36.203887,33.170889,41.611276,47.592215,0.211796,46357.03,0.54,313866958190493,3204959926,129455079543834,1484673707,16de1ac43fb51655a89c31cb9d46a9aa,
AI,aom,av2,0,A4,RedKayak_360_2997.y4m,640x360,30.00,8,640x360,160,822.129870,29.082377,39.467146,45.776571,6.791424,12.146970,70.800452,69.129354,30.500617,33.143433,29.068463,39.448696,45.740414,0.204633,30865.80,0.57,169180464800867,2142928216,79120889457973,1534561783,f8b3a4fd01b908161d243b99dafb0b50,
AI,aom,av2,0,A4,RedKayak_360_2997.y4m,640x360,30.00,8,640x360,185,213.250749,26.419542,37.543546,43.252861,5.003543,8.966031,38.960449,37.772350,25.948670,30.675264,26.397089,37.526043,43.157961,0.195367,8233.04,0.34,43400067547992,1821868248,20910129995132,954715559,52a2e15d750674798b4dfc717bff31ef,
AI,aom,av2,0,A4,RedKayak_360_2997.y4m,640x360,30.00,8,640x360,210,78.217782,24.915665,35.380164,40.055981,4.311590,6.766215,13.997850,13.605378,22.948013,28.547687,24.895368,35.334259,39.835912,0.173734,2440.98,0.31,13020237419285,1799242102,6359007234614,873945769,7e00f089dac1ea21f559701fa6e71e34,
AI,aom,av2,0,A4,SnowMountain_640x360_2997.y4m,640x360,30.00,8,640x360,85,13260.795205,44.030831,47.647238,48.952537,20.759869,28.553390,96.843925,95.593314,50.891686,43.526976,44.030769,47.647033,48.952363,1.274476,40222.85,1.11,210995662175694,5054652737,104481434521060,2949446873,fbbf895a5768b32304c1043d2238e474,
AI,aom,av2,0,A4,SnowMountain_640x360_2997.y4m,640x360,30.00,8,640x360,110,8643.060939,38.309170,45.599386,47.219361,16.094950,23.846320,94.603441,92.772005,45.226209,40.268296,38.309140,45.598372,47.218135,1.170735,49843.46,0.74,335828114060884,4324792695,139202306110524,2065593183,a918f09b8a9fd8155e29881531f6bd14,
AI,aom,av2,0,A4,SnowMountain_640x360_2997.y4m,640x360,30.00,8,640x360,135,4891.132867,32.827985,43.651789,45.587864,11.779284,18.853197,87.622106,85.469315,38.283776,36.553297,32.827943,43.651223,45.587072,1.084720,67282.83,0.73,364563693848589,3437928988,174153601757115,1979547319,3c1b0bbe43691b029ff5156ae6dafeab,
AI,aom,av2,0,A4,SnowMountain_640x360_2997.y4m,640x360,30.00,8,640x360,160,2042.125874,27.668054,41.614237,43.370958,8.524572,14.473605,70.462863,68.117207,31.283830,32.694191,27.667956,41.607055,43.365758,0.939137,58238.86,0.56,312714355489838,2507423570,150609363079059,1506928829,f821c8c54ebcad45ce894ff1499c33ed,
AI,aom,av2,0,A4,SnowMountain_640x360_2997.y4m,640x360,30.00,8,640x360,185,664.759241,23.801828,39.711907,41.488284,6.105893,10.860631,41.860332,40.236127,25.054356,29.446059,23.801758,39.704287,41.476451,0.470388,33363.53,0.43,185527383420274,2061888846,86007148927420,1167724387,0042dfb572f0d159c60ea9d7e6f49a37,
AI,aom,av2,0,A4,SnowMountain_640x360_2997.y4m,640x360,30.00,8,640x360,210,178.661339,21.044959,37.620469,38.822287,4.373256,7.761084,11.081054,10.478755,20.001742,26.808838,21.044759,37.611486,38.781176,0.237270,9877.65,0.32,55364865366451,1718690569,25764139516051,878979543,8212f7cbbc63af463dd8742156e95f9d,
AI,aom,av2,0,A4,SpeedBag_640x360_2997.y4m,640x360,30.00,8,640x360,85,2317.602398,47.026330,49.772890,51.333986,19.137679,26.202601,99.855484,99.659876,48.882591,45.488906,47.021968,49.771888,51.326468,0.080011,22652.50,0.48,148334207105748,2730444172,63258715420421,1319555652,f5087b5caa9bac93ca6d4cfe2f8ffe08,
AI,aom,av2,0,A4,SpeedBag_640x360_2997.y4m,640x360,30.00,8,640x360,110,1204.827173,43.705096,47.341676,49.098751,17.466976,23.313522,99.214479,98.308821,44.304132,43.301787,43.700636,47.338833,49.089517,0.118800,24741.83,0.51,127533463407910,2329232887,63521646928570,1363008004,d31046e9145e6175512f38e5bb5ca1dd,
AI,aom,av2,0,A4,SpeedBag_640x360_2997.y4m,640x360,30.00,8,640x360,135,574.401598,40.060194,44.395556,46.484940,15.539389,20.170134,94.766906,92.385188,39.512081,40.650458,40.053908,44.383840,46.469148,0.129239,15932.41,0.44,84225566920162,2097870760,40739957084829,1206207065,b6cde2ab8824c809dd6849a3d899967b,
AI,aom,av2,0,A4,SpeedBag_640x360_2997.y4m,640x360,30.00,8,640x360,160,292.515485,36.861741,41.309090,43.650207,13.780287,17.051430,80.428623,77.529945,34.939347,37.851055,36.852756,41.299315,43.624474,0.165335,8969.82,0.36,45814774204786,1698273955,22865371658860,971833603,d99f7b258a8464ea68fd291406fd1515,
AI,aom,av2,0,A4,SpeedBag_640x360_2997.y4m,640x360,30.00,8,640x360,185,152.215784,33.380743,38.360597,40.848898,11.824439,13.678622,58.209530,55.316269,30.402783,34.703121,33.373427,38.345727,40.786264,0.166942,3948.91,0.31,20300071872127,1591494218,9983164387634,867445520,c08b630e9012a12b9ce7931585f81862,
AI,aom,av2,0,A4,SpeedBag_640x360_2997.y4m,640x360,30.00,8,640x360,210,77.674326,29.677372,35.193819,38.330544,9.918821,10.651510,30.933733,28.993238,26.090975,31.194248,29.655057,35.171314,38.253423,0.086677,1377.27,0.23,9274811953842,1659116697,3846116455452,656872858,ca077dd9b238664da5ea31298ea07270,
AI,aom,av2,0,A4,Stockholm_640x360_5994.y4m,640x360,60.00,8,640x360,85,21981.906094,42.598448,45.702899,45.215155,17.044134,26.234435,99.852545,98.513215,50.108592,41.322441,42.598409,45.702689,45.214980,0.002294,39753.57,1.00,269695816024392,5445916891,111013245448374,2773203722,939a8df81bd543819dbaeee0f7687fdf,
AI,aom,av2,0,A4,Stockholm_640x360_5994.y4m,640x360,60.00,8,640x360,110,11439.664336,37.795094,43.004858,42.414161,13.339409,21.475948,96.436161,94.380016,43.180229,38.106702,37.795040,43.004659,42.413877,0.024550,67887.77,1.02,371329661827766,4448185663,175528676859149,2734851426,febb53ee34baff852017e258d1450969,
AI,aom,av2,0,A4,Stockholm_640x360_5994.y4m,640x360,60.00,8,640x360,135,5405.794206,33.366596,40.742459,40.000383,10.120814,17.264918,87.066886,84.617411,36.400881,35.016455,33.366476,40.742018,39.999620,0.039263,51485.66,0.57,332545446967827,3396143141,143777958664179,1609084932,f62ba8bd8fe1d4d3f0f01ceef5f76131,
AI,aom,av2,0,A4,Stockholm_640x360_5994.y4m,640x360,60.00,8,640x360,160,2154.005994,29.319564,38.531795,37.909195,7.097525,12.896371,66.958630,64.480226,30.020199,31.923672,29.319308,38.530772,37.908447,0.050318,31589.50,0.41,211411566841843,2269022069,88194059173465,1152308646,99540e7925abf063aa8bc4aa1e63d48c,
AI,aom,av2,0,A4,Stockholm_640x360_5994.y4m,640x360,60.00,8,640x360,185,677.674326,25.942123,36.402943,36.105066,4.751519,8.799069,36.782134,34.991064,24.634276,29.138098,25.941484,36.399478,36.102883,0.052512,10555.21,0.29,70506505936696,1681387584,29483865743816,812094381,4fd40f5a5ba682c26344d2a57b5354f6,
AI,aom,av2,0,A4,Stockholm_640x360_5994.y4m,640x360,60.00,8,640x360,210,197.882118,23.538400,34.797522,34.556620,3.362701,5.634613,6.858450,6.452174,20.899235,26.732390,23.537511,34.790804,34.551084,0.062614,3464.53,0.28,18367793243328,1516847387,9008473717696,792357429,2f1621ad6d41bae98dfacf730365cdcc,
AI,aom,av2,0,A4,TouchdownPass_640x360_2997.y4m,640x360,30.00,8,640x360,85,10376.719281,42.325662,47.616112,47.909505,15.340480,23.853136,97.845087,96.323796,48.930437,42.204883,42.325565,47.615437,47.908940,0.000007,54006.79,0.88,364933229495420,5039246765,150838927931201,2472959403,c07be193d161506bdd994183512684f4,
AI,aom,av2,0,A4,TouchdownPass_640x360_2997.y4m,640x360,30.00,8,640x360,110,4254.897103,36.978586,45.458403,45.609980,9.942300,17.428806,94.756873,92.712848,40.810221,38.147689,36.976665,45.456971,45.608333,0.000145,84921.76,0.82,468270399355106,3905888457,219244594284627,2202251095,565a3c4825abbde64aacb432cc639506,
AI,aom,av2,0,A4,TouchdownPass_640x360_2997.y4m,640x360,30.00,8,640x360,135,1514.437562,33.467298,43.247810,42.738373,6.872929,12.484591,84.702136,82.591012,34.019724,35.201372,33.464155,43.245526,42.734398,0.020254,30813.13,0.50,205785110844412,2814099676,86049562508303,1396720536,65ad27ed8051d5f60852d061cc6127da,
AI,aom,av2,0,A4,TouchdownPass_640x360_2997.y4m,640x360,30.00,8,640x360,160,566.817183,30.967962,41.053125,39.305148,5.691937,9.601826,64.564299,62.674279,30.087781,33.128961,30.965842,41.046399,39.300497,0.962040,18288.81,0.44,97383897013534,2018236897,46741407792868,1192524009,18ab197a204631e48bd6b6d80a9bfdcd,
AI,aom,av2,0,A4,TouchdownPass_640x360_2997.y4m,640x360,30.00,8,640x360,185,229.938062,28.656637,39.242410,37.055943,5.135191,8.573120,47.815459,46.288199,27.124750,31.624585,28.655069,39.239722,37.049477,0.973235,6712.98,0.34,44679133715142,1825168245,18748967690258,939460051,8960a09d2085d21d67d6a711296d67b7,
AI,aom,av2,0,A4,TouchdownPass_640x360_2997.y4m,640x360,30.00,8,640x360,210,86.377622,26.009856,37.770559,35.748315,4.505753,6.871389,25.303515,24.534881,23.318095,29.923237,26.008286,37.755482,35.730909,0.729462,2388.54,0.25,16066592778801,1802801529,6674730708261,701215169,77922d0545bc448cd7382cbc796abe98,
AI,aom,av2,0,A5,FourPeople_480x270_60.y4m,480x270,60.00,8,480x270,85,10142.384000,44.817072,46.707469,47.611817,20.453653,28.996912,97.033390,95.945345,48.644034,43.077657,44.816994,46.707273,47.611442,2.172487,20190.30,0.59,106246056216850,2542628576,52303692390016,1567240005,0e2b01df4d23758294c2c7428cd87b77,
AI,aom,av2,0,A5,FourPeople_480x270_60.y4m,480x270,60.00,8,480x270,110,6101.520000,40.150768,43.704658,44.512915,17.273705,25.186426,94.954810,93.323679,44.040440,39.997916,40.150699,43.704040,44.512377,1.910125,20234.12,0.53,106439114537018,2501075647,52216647825767,1437999621,383314f6615827182f11b0d28388c137,
AI,aom,av2,0,A5,FourPeople_480x270_60.y4m,480x270,60.00,8,480x270,135,3355.024000,35.311483,40.678597,41.354677,13.605595,20.817405,89.509324,87.292267,38.060972,36.588497,35.311414,40.677875,41.353650,1.723978,28620.53,0.51,148752053418534,2063263063,73775490257704,1391400790,5622aa03aa4e676a78203fa8839ecdca,
AI,aom,av2,0,A5,FourPeople_480x270_60.y4m,480x270,60.00,8,480x270,160,1557.728000,30.606526,37.009321,37.884516,9.773436,15.962222,77.206928,74.268718,31.395230,32.951483,30.606302,37.006573,37.881629,1.359406,17084.90,0.27,114271400844815,1483572345,47711899560140,742182764,5deb2af4a63b77359869eb759138d2fb,
AI,aom,av2,0,A5,FourPeople_480x270_60.y4m,480x270,60.00,8,480x270,185,605.552000,26.565938,34.633737,35.101702,6.710477,11.618224,56.161343,53.249245,25.490843,29.647717,26.565820,34.632133,35.099519,0.974103,10350.41,0.24,55062924844621,1146491293,26438400399775,665273530,c7aa654c740a8096eb10bc17d8bb327f,
AI,aom,av2,0,A5,FourPeople_480x270_60.y4m,480x270,60.00,8,480x270,210,220.704000,23.540188,32.930470,33.246816,4.719556,7.934851,29.137799,27.201712,20.864487,26.715624,23.539829,32.928533,33.243533,1.261205,2739.05,0.17,18904841777167,1134507066,9314574366846,610706737,f41de4b8e2cf6f30af119a9c027e9678,
AI,aom,av2,0,A5,ParkJoy_480x270_50.y4m,480x270,50.00,8,480x270,85,12977.320000,44.140219,44.577574,45.336568,19.013799,26.004154,99.863459,99.819507,47.296493,43.138771,44.133750,44.562732,45.318912,1.883733,23738.34,0.59,128123208375903,2509911663,61415375965377,1579996552,977f43cdf96660f6b47018176e937094,
AI,aom,av2,0,A5,ParkJoy_480x270_50.y4m,480x270,50.00,8,480x270,110,7688.493333,38.659199,40.154175,42.191721,14.920700,21.543024,99.755254,99.545947,42.488145,39.065520,38.645901,40.131678,42.174468,4.036702,24056.86,0.51,131472804774060,2232373636,62077305108670,1367711864,ee14bdae2bd6af7213c0f030bb7c3768,
AI,aom,av2,0,A5,ParkJoy_480x270_50.y4m,480x270,50.00,8,480x270,135,3973.306667,33.359162,37.075035,40.006572,11.039599,17.294250,93.898735,91.766536,36.771507,35.351681,33.336653,37.052068,39.994180,4.803171,24897.94,0.34,168018885185191,1980786521,69530800567590,960125705,84a130d98677037a363e01cd1cdc0cb8,
AI,aom,av2,0,A5,ParkJoy_480x270_50.y4m,480x270,50.00,8,480x270,160,1525.840000,28.459689,34.831672,38.235715,7.663670,13.227467,74.757582,72.725158,30.596687,31.787017,28.426483,34.812100,38.225583,4.545612,23279.21,0.29,123208035587109,1384291350,59970580951302,776509059,ca3a91f02a172104c2e4f230de5bec0c,
AI,aom,av2,0,A5,ParkJoy_480x270_50.y4m,480x270,50.00,8,480x270,185,394.813333,24.890547,32.852599,36.557137,5.267250,9.517912,42.904193,41.502673,24.856279,28.871416,24.851258,32.831799,36.544959,4.541954,6956.64,0.20,45780437433252,1146759244,19427298601634,556255889,59941400c7630d6d977437b1534afcd7,
AI,aom,av2,0,A5,ParkJoy_480x270_50.y4m,480x270,50.00,8,480x270,210,118.666667,22.957800,31.218177,34.962053,4.170274,6.908800,13.285749,12.629957,21.056712,26.739737,22.929307,31.192976,34.928668,3.705464,1715.78,0.15,11499953851710,990757932,4791378815088,404259258,a29e48bd33be0c2750b22e79124043f5,
AI,aom,av2,0,A5,SparksElevator_480x270p_5994_10bit.y4m,480x270,60.00,10,480x270,85,10321.934066,43.009810,49.594537,47.207928,17.291052,24.953636,97.092696,95.688717,49.142831,43.048967,43.009735,49.593734,47.207277,0.304355,30496.48,0.56,161498729142011,2479590250,78825514115132,1509103973,6297bee70f3e82407a8fe1ef1fa93edf,
AI,aom,av2,0,A5,SparksElevator_480x270p_5994_10bit.y4m,480x270,60.00,10,480x270,110,4901.802198,37.993284,46.867884,44.129508,12.814357,19.575924,93.269891,91.426835,41.975550,39.366557,37.993096,46.866527,44.128755,0.283522,27746.79,0.34,187768742517798,1812996594,77484168645926,937225374,944c38ed6c1fb03b3245a1821fe685e6,
AI,aom,av2,0,A5,SparksElevator_480x270p_5994_10bit.y4m,480x270,60.00,10,480x270,135,2139.668332,34.034529,44.498338,41.323994,9.878822,15.667623,83.807301,81.692432,36.077211,36.246417,34.034251,44.495648,41.321725,0.300443,20008.65,0.27,132004539045852,1332659391,55876239381893,790336386,24b239bfe91486e1b509643a10d071fe,
AI,aom,av2,0,A5,SparksElevator_480x270p_5994_10bit.y4m,480x270,60.00,10,480x270,160,878.289710,30.559982,41.902626,38.455841,7.529158,12.636676,66.474436,64.223353,31.308795,33.331046,30.559456,41.893453,38.453050,0.261795,13097.65,0.28,71481923163586,1045524929,33578903078105,718525813,0d5791f69f8dad5e9b7b72771506d0db,
AI,aom,av2,0,A5,SparksElevator_480x270p_5994_10bit.y4m,480x270,60.00,10,480x270,185,304.239760,27.365100,39.524996,35.756123,5.169914,9.557100,41.375413,39.577760,26.837036,30.397375,27.364727,39.511783,35.750854,0.300245,4547.93,0.17,26440083329472,747760402,12535814009846,465979402,d99e18e40c88d06cf08d740a647c8a8e,
AI,aom,av2,0,A5,SparksElevator_480x270p_5994_10bit.y4m,480x270,60.00,10,480x270,210,102.857143,24.940639,37.128806,33.097895,3.694759,6.891402,13.037363,12.446732,23.113441,27.857787,24.940266,37.028685,33.089597,0.380604,1604.19,0.18,8583326822729,967020355,4172538721660,480022407,9ec7f4f2da76779fc685aad86b999986,
AI,aom,av2,0,A5,Vertical_Bayshore_270x480_2997.y4m,270x480,30.00,8,270x480,85,3666.597403,45.151003,53.375846,52.864067,18.856418,26.370514,97.661082,96.225762,47.856615,46.894806,45.149790,53.370029,52.855565,0.392548,29618.96,0.39,160251998440832,1624890971,76402921651883,1040642870,a44b6334e424aea18317dd77181d69d8,
AI,aom,av2,0,A5,Vertical_Bayshore_270x480_2997.y4m,270x480,30.00,8,270x480,110,1931.764236,40.129496,51.024821,50.778166,14.703135,21.528798,94.368436,92.400103,42.738884,42.739352,40.128496,51.016794,50.770849,0.617790,22801.14,0.35,121407232501757,1432585230,58749325800100,942650776,7093ee8b926c6c99c7bb40a6eda43b74,
AI,aom,av2,0,A5,Vertical_Bayshore_270x480_2997.y4m,270x480,30.00,8,270x480,135,775.672328,35.372986,48.722259,48.081840,10.655174,16.819053,86.547194,83.963440,37.118095,38.818272,35.370613,48.716374,48.071676,0.503401,16967.24,0.21,113636948137451,1131876893,47415872025019,589698177,c32a7d3b0db48e11edf61035e3b0c6ba,
AI,aom,av2,0,A5,Vertical_Bayshore_270x480_2997.y4m,270x480,30.00,8,270x480,160,183.320679,31.724049,46.471414,45.138738,7.272269,11.712876,71.158011,68.243182,31.325827,35.658560,31.719433,46.449571,45.126374,0.677851,6817.20,0.17,45526609123338,991819071,19045321349287,468783551,40c662d53f7ce94356b2bfc43fbbabe5,
AI,aom,av2,0,A5,Vertical_Bayshore_270x480_2997.y4m,270x480,30.00,8,270x480,185,83.212787,30.246832,43.012443,42.353493,6.596861,10.089554,51.669568,48.232668,28.743740,33.720476,30.244230,42.975866,42.304090,1.384878,3272.71,0.18,16986391534099,933938956,8372342740623,499454111,221f7226a95a9d009d07cce69f0e50ab,
AI,aom,av2,0,A5,Vertical_Bayshore_270x480_2997.y4m,270x480,30.00,8,270x480,210,43.020979,28.204838,39.323519,39.859240,5.944526,8.320244,23.337458,21.047362,25.752135,31.449485,28.203209,39.259397,39.818368,1.269353,1405.76,0.15,7435920249868,888075864,3663655314906,431776424,8a5f3806f4a51968e66058ba7a803572,
AI,aom,av2,0,B1,CosmosTreeTrunk_sdr_2048x858_25_8bit.y4m,2048x858,24.00,8,2048x858,85,40027.456000,42.400751,47.165582,48.367247,14.845863,23.824821,99.844706,99.795905,48.414854,44.368407,42.400463,47.163071,48.362908,0.327016,402089.20,6.04,2961282719477905,29089437257,1366134642391638,21268589378,7af3190af71c7c702dbf2fc33eeb8000,
AI,aom,av2,0,B1,CosmosTreeTrunk_sdr_2048x858_25_8bit.y4m,2048x858,24.00,8,2048x858,110,15394.553600,38.519977,44.243297,45.841506,11.527468,19.533127,98.933678,97.147286,41.991903,41.154288,38.517300,44.241310,45.836486,0.364328,552080.07,5.24,3012844801575501,21447724343,1411253381137700,14282906071,e28e1c288da817d537813e755e8e941f,
AI,aom,av2,0,B1,CosmosTreeTrunk_sdr_2048x858_25_8bit.y4m,2048x858,24.00,8,2048x858,135,6811.603200,35.746229,41.888741,43.575032,9.575231,15.928606,88.930910,86.523371,36.390901,38.727774,35.738659,41.886334,43.570537,0.408973,265076.92,3.03,1905631340021758,18181639107,740257705638580,8444739476,46f558217b1c2a11c4366b4308e5cec1,
AI,aom,av2,0,B1,CosmosTreeTrunk_sdr_2048x858_25_8bit.y4m,2048x858,24.00,8,2048x858,160,2915.929600,32.762499,39.918069,41.548119,7.490196,11.958231,67.855103,65.724916,31.071684,36.020047,32.756420,39.915152,41.546027,0.436839,153787.94,3.35,887192780135040,15988753688,402876193390115,9263112684,2f306c0fdd93f210f95eb9aeb5c200ef,
AI,aom,av2,0,B1,CosmosTreeTrunk_sdr_2048x858_25_8bit.y4m,2048x858,24.00,8,2048x858,185,1061.523200,29.697440,37.717417,39.389617,5.671520,8.437830,41.649223,40.330776,26.641546,33.145482,29.694118,37.715824,39.386493,0.643584,40859.60,2.09,282975263510402,12837884813,114128087372491,5862634323,1a1fd7d5957933f3af430cc98c2b410f,
AI,aom,av2,0,B1,CosmosTreeTrunk_sdr_2048x858_25_8bit.y4m,2048x858,24.00,8,2048x858,210,316.934400,26.991524,35.728308,37.499274,4.475085,5.973201,23.032513,22.507657,23.237528,30.607282,26.988998,35.724875,37.494009,1.108816,12824.18,1.87,86581143865952,13184793719,35822402482665,5222096526,cf2fc2c116110b21b6de4792db1d623d,
AI,aom,av2,0,B1,EuroTruckSimulator2_1920x1080p60_v2.y4m,1920x1080,60.00,8,1920x1080,85,218637.792000,42.757179,46.385416,46.731915,18.053192,26.728661,99.866418,99.827160,50.279606,42.818140,42.757157,46.385385,46.731888,0.013277,331745.93,8.88,2443570774076785,49955152185,926464250803178,24741878565,f5f5edb26af4bf177fe627fc22488547,
AI,aom,av2,0,B1,EuroTruckSimulator2_1920x1080p60_v2.y4m,1920x1080,60.00,8,1920x1080,110,110200.096000,37.171901,43.611735,44.336883,12.819258,20.761297,99.783850,99.723236,42.568276,38.581235,37.171864,43.611677,44.336807,0.026105,578835.15,6.97,4148835691785910,38175052068,1616523417067439,19436774536,81e52634d6c275feb0fc33912cfab446,
AI,aom,av2,0,B1,EuroTruckSimulator2_1920x1080p60_v2.y4m,1920x1080,60.00,8,1920x1080,135,46134.096000,32.696925,40.976583,41.993939,8.914957,15.602119,94.376441,92.120422,35.189587,34.847194,32.696895,40.976402,41.993766,0.099373,662811.07,5.04,4787649672620261,28249657542,1851107085929601,14065761157,e4a465085e5718418a08454fb2cee771,
AI,aom,av2,0,B1,EuroTruckSimulator2_1920x1080p60_v2.y4m,1920x1080,60.00,8,1920x1080,160,16394.848000,29.110070,38.159281,39.522234,5.991712,11.191187,77.881496,75.311952,28.912702,31.649975,29.110039,38.158935,39.521499,0.123025,304378.13,3.73,2164584299941773,21747585901,850055426816556,10398238048,da15de4caf367bcb2082b8bf488f52e2,
AI,aom,av2,0,B1,EuroTruckSimulator2_1920x1080p60_v2.y4m,1920x1080,60.00,8,1920x1080,185,5218.624000,26.343024,35.352168,37.168120,4.231784,7.982087,55.412371,53.079653,24.319060,29.007840,26.342986,35.351677,37.167158,0.157409,175146.55,2.99,1360101160204003,17489539400,489135162243556,8354309131,9cc97a6ce09bb61f6ecb6bb46518112b,
AI,aom,av2,0,B1,EuroTruckSimulator2_1920x1080p60_v2.y4m,1920x1080,60.00,8,1920x1080,210,1639.088000,24.138871,32.681957,34.272024,3.265900,5.619035,36.528473,34.495639,21.093651,26.744531,24.138827,32.680809,34.268317,0.065139,31246.08,2.61,221427116042811,14907794069,107841341673267,9609314837,7648949ce4849631720cb787c89baf9a,
AI,aom,av2,0,B1,GlassHalf_1920x1080p_24p_8bit_420.y4m,1920x1080,24.00,8,1920x1080,85,13546.739200,49.519300,51.791539,53.237390,24.477474,32.343019,98.969574,98.426880,53.611230,51.565582,49.518692,51.782423,53.229293,4.371272,288766.61,6.43,1707341833557588,26421477183,762453449554401,17431687241,5dcbbdf3e111780f3f77b9c1158868b7,
AI,aom,av2,0,B1,GlassHalf_1920x1080p_24p_8bit_420.y4m,1920x1080,24.00,8,1920x1080,110,7708.313600,45.651600,48.519973,49.878371,22.080882,28.869071,98.550339,97.226120,49.175591,48.781847,45.650729,48.504622,49.861411,2.524165,254373.59,4.45,1895345524829301,23815267400,872777675821591,15953881399,a35e1f8ec86e3e4faf9abb7282a06dfe,
AI,aom,av2,0,B1,GlassHalf_1920x1080p_24p_8bit_420.y4m,1920x1080,24.00,8,1920x1080,135,4294.246400,41.476235,45.285941,46.441780,18.770970,24.573664,96.379723,93.794365,43.445026,45.812264,41.475233,45.254392,46.413030,2.209642,223329.76,3.54,1632604370861924,21627525563,623733861477632,9862605657,f461e24964f2d60f2a25083bde93c249,
AI,aom,av2,0,B1,GlassHalf_1920x1080p_24p_8bit_420.y4m,1920x1080,24.00,8,1920x1080,160,2280.057600,36.994295,41.778755,42.681482,14.889449,19.428035,89.363718,85.192638,36.866153,42.044134,36.993221,41.740103,42.640649,1.951765,170725.18,3.29,1304607642351783,19830945594,476819634268501,9162695048,28111b95b862d7fe2c1245124d4cb92f,
AI,aom,av2,0,B1,GlassHalf_1920x1080p_24p_8bit_420.y4m,1920x1080,24.00,8,1920x1080,185,1100.032000,32.538020,37.735461,38.878003,11.285657,14.207827,72.922590,68.461992,30.899981,37.544072,32.536625,37.690780,38.823418,1.176866,99272.05,2.85,798904882082212,17258960543,277228042610247,7960728710,b0644411ad9dc1a25ab5304d722839a6,
AI,aom,av2,0,B1,GlassHalf_1920x1080p_24p_8bit_420.y4m,1920x1080,24.00,8,1920x1080,210,462.329600,28.773294,33.568700,34.695267,8.822941,10.072548,50.920261,46.729420,25.940328,33.241335,28.771325,33.505129,34.622192,0.449651,57420.82,2.75,374065073985200,13583549026,156013108738808,7766720598,2ef046ed6905c02cbf7cbbc17d04592a,
AI,aom,av2,0,B1,Life_1080p30_v2.y4m,1920x1080,30.00,8,1920x1080,85,58215.920000,43.801971,49.226233,48.550199,16.788007,24.990258,99.863998,98.883263,48.992048,45.518495,43.801899,49.225910,48.549929,0.212044,311455.24,6.13,2233849658000076,32852892426,869793534243493,17116223479,1aee008ab4fdc58a0533dbd90d6717f7,
AI,aom,av2,0,B1,Life_1080p30_v2.y4m,1920x1080,30.00,8,1920x1080,110,25876.448000,39.024516,46.288988,45.595984,12.448757,19.961897,97.329316,95.734888,42.521420,41.665415,39.024461,46.288528,45.595581,0.229597,469011.33,6.16,2693991062176497,25554729734,1224250822252330,16755333822,029982270f2c836b77de3c5f50dfb5be,
AI,aom,av2,0,B1,Life_1080p30_v2.y4m,1920x1080,30.00,8,1920x1080,135,8568.680000,35.201331,43.305468,42.386137,8.935024,15.269929,90.674532,88.611881,36.509623,38.396793,35.201255,43.304731,42.385747,0.285480,272056.74,4.69,2000370606989374,23437917736,927459400199836,16847852922,a068011eee186878df875d38a7a1c834,
AI,aom,av2,0,B1,Life_1080p30_v2.y4m,1920x1080,30.00,8,1920x1080,160,4063.272000,33.092697,40.221588,39.079532,8.064177,13.370394,78.059581,75.335593,32.805598,36.093275,33.092522,40.220777,39.078687,0.300080,171934.31,3.45,1277404944380541,20774484028,480208893196479,9625324279,fdd16e5bbcb6ce6ded65664698f5ed2f,
AI,aom,av2,0,B1,Life_1080p30_v2.y4m,1920x1080,30.00,8,1920x1080,185,2004.936000,30.505679,36.679017,35.502515,7.237527,11.509978,59.689682,56.623712,28.706560,33.443974,30.505268,36.676993,35.501632,0.327404,70430.40,2.79,499098262917182,16621684293,196678354965454,7780205790,937e28bde430f02f357240b870862a87,
AI,aom,av2,0,B1,Life_1080p30_v2.y4m,1920x1080,30.00,8,1920x1080,210,899.256000,27.354810,33.297960,31.878365,6.206498,9.091735,37.059676,34.161386,24.227046,30.416395,27.354311,33.294905,31.876889,0.146521,32137.48,3.19,176574113141933,16179938448,84879280192789,9067982691,58df20432daa4a9ad2641c0b1e432fd2,
AI,aom,av2,0,B1,MINECRAFT_1080p_60_8bit.y4m,1920x1080,60.00,8,1920x1080,85,124876.752000,45.844128,48.027069,47.670142,21.096406,28.241352,99.870356,99.830864,51.451049,45.768934,45.737935,47.986589,47.588777,0.405697,550499.22,6.44,4140877461579771,29925923630,1891383741393890,22414093759,cea4e1b300a7b7b63e5b2797d4496451,
AI,aom,av2,0,B1,MINECRAFT_1080p_60_8bit.y4m,1920x1080,60.00,8,1920x1080,110,75073.968000,40.243769,45.206356,44.345212,15.568397,22.418627,99.796151,99.737610,43.910055,41.842831,40.099141,45.171275,44.266199,0.299604,709517.17,5.32,5112214936908071,28036531033,1981443729225054,14869255528,5e093b3effb03339524454311f5c9169,
AI,aom,av2,0,B1,MINECRAFT_1080p_60_8bit.y4m,1920x1080,60.00,8,1920x1080,135,33775.968000,34.578867,42.542853,41.281901,10.224367,16.402910,97.552316,95.505904,36.302579,37.335972,34.452981,42.518031,41.211123,0.255761,635200.90,4.27,4738933423145333,22137813645,1773879115011143,11893452487,68783093ec5bcf555b834864058da65b,
AI,aom,av2,0,B1,MINECRAFT_1080p_60_8bit.y4m,1920x1080,60.00,8,1920x1080,160,11061.872000,30.380399,39.544729,38.344420,6.708922,11.377262,79.163379,76.699227,30.109170,33.421605,30.293552,39.529360,38.289243,0.198361,436467.47,4.13,2695233713886484,15504277506,1165602840424744,11413602095,eaaa92fa394368acd3dafd4cfc8ee6a4,
AI,aom,av2,0,B1,MINECRAFT_1080p_60_8bit.y4m,1920x1080,60.00,8,1920x1080,185,3901.632000,27.866989,36.608343,35.582264,5.010822,7.851903,56.251715,54.223307,25.849459,30.530921,27.801007,36.595623,35.546954,0.224975,165209.14,2.23,1387982042773792,12285872242,461371538063399,6197952646,ddf7d337b81ebea9c5b0c758aae8c48d,
AI,aom,av2,0,B1,MINECRAFT_1080p_60_8bit.y4m,1920x1080,60.00,8,1920x1080,210,1061.152000,25.229248,34.323514,33.192721,4.118169,5.511087,30.391632,29.336793,22.683590,28.101453,25.197911,34.320311,33.168755,0.370360,83577.25,3.47,556250909241084,14923189548,228675042276958,9608543814,42d6bfc7720004b6a768b8d9f81fa755,
AI,aom,av2,0,B1,Sniper_1920x1080P_30fps_8bit.y4m,1920x1080,30.00,8,1920x1080,85,54482.368000,45.481850,49.765640,50.263368,18.675410,25.176306,99.142081,98.815281,48.444900,44.988366,45.348051,49.654544,50.145060,0.259671,290670.02,5.64,1961305336244875,29987209563,811723192129878,15737043430,28274b7edfa03db14bd7ca96d356b36e,
AI,aom,av2,0,B1,Sniper_1920x1080P_30fps_8bit.y4m,1920x1080,30.00,8,1920x1080,110,27345.728000,40.535043,46.291914,47.006675,14.337088,20.096028,98.302058,97.848005,42.085838,41.316942,40.255972,46.195422,46.889209,0.273302,318645.17,4.91,2216763277248200,28316516146,889856479141225,13710032935,0819a6a2274ae05d9962cc2a2034fe24,
AI,aom,av2,0,B1,Sniper_1920x1080P_30fps_8bit.y4m,1920x1080,30.00,8,1920x1080,135,12341.088000,36.378718,44.006087,44.823014,11.097385,15.729016,93.265750,91.178259,36.534399,38.448875,35.962157,43.910838,44.693027,0.508637,278931.81,4.00,1984805821703802,23068779333,779037353990093,11183460486,4db81904765e3f0825d9acecee840e0e,
AI,aom,av2,0,B1,Sniper_1920x1080P_30fps_8bit.y4m,1920x1080,30.00,8,1920x1080,160,4877.160000,32.627160,41.785619,42.577458,8.771704,12.185964,75.580509,72.991416,31.875947,35.714389,32.166103,41.725266,42.479041,0.713887,187753.77,4.29,1090359139423182,19845579376,490505685074992,11897589761,00674186bc273cc27ef4e73f6fdb6587,
AI,aom,av2,0,B1,Sniper_1920x1080P_30fps_8bit.y4m,1920x1080,30.00,8,1920x1080,185,1322.440000,29.291694,39.349977,40.060358,7.138988,9.410602,52.925957,50.598163,27.901913,33.032893,28.803058,39.326789,39.992260,1.086202,97165.18,3.08,591346798072975,15301976014,257208542945858,8661532584,193ff58af0d21d60a314c4e4a44a8429,
AI,aom,av2,0,B1,Sniper_1920x1080P_30fps_8bit.y4m,1920x1080,30.00,8,1920x1080,210,398.536000,27.186045,37.003170,37.467042,6.278962,7.332904,30.389840,29.004201,24.825293,30.776733,26.852960,36.986111,37.402147,0.679519,20157.74,2.04,151975776159539,14613460969,56303823640964,5700718337,51a63a19a4915db5514a80e96d870f3f,
AI,aom,av2,0,B1,SolLevanteDragons_sdr_1920x1080_24_10bit.y4m,1920x1080,24.00,10,1920x1080,85,14680.307200,43.948369,47.388061,48.468556,14.777253,22.434404,99.688325,99.636814,46.629287,47.470046,43.896412,47.375350,48.409151,0.204790,294460.48,3.80,2001113292917800,21387629482,822314795135299,10618318691,93d70895ee3722cb6aaf37c0165cc1f8,
AI,aom,av2,0,B1,SolLevanteDragons_sdr_1920x1080_24_10bit.y4m,1920x1080,24.00,10,1920x1080,110,4734.822400,41.879163,45.776740,46.274379,13.195520,19.520244,99.453769,99.393130,41.957240,45.544980,41.807221,45.771117,46.208611,0.240856,230271.63,4.25,1207467345438195,20159343034,593794164882722,11726213384,0529d47d4fe7a30227f2cdddf94d37b6,
AI,aom,av2,0,B1,SolLevanteDragons_sdr_1920x1080_24_10bit.y4m,1920x1080,24.00,10,1920x1080,135,2205.766400,40.268727,43.598499,43.592145,12.433952,17.089766,88.625167,86.898775,38.235624,43.756354,40.215250,43.593435,43.500777,0.253399,91556.03,2.86,597287160170293,18179492437,255678791941321,7980573959,28fa8540c8329af57dbdc775dd63521d,
AI,aom,av2,0,B1,SolLevanteDragons_sdr_1920x1080_24_10bit.y4m,1920x1080,24.00,10,1920x1080,160,1021.772800,38.102709,40.983726,40.652223,11.662248,14.492860,64.375113,62.894506,34.705318,41.464749,38.064083,40.976247,40.519157,0.253242,37616.10,2.48,258476671230839,16023368900,105059688975361,6914045642,d65ff478c08a0277a34c1fc00def701b,
AI,aom,av2,0,B1,SolLevanteDragons_sdr_1920x1080_24_10bit.y4m,1920x1080,24.00,10,1920x1080,185,463.123200,35.571636,38.340820,37.597792,10.972672,12.053873,34.593619,33.773601,31.494717,38.800881,35.540064,38.329853,37.437927,0.254374,10431.50,2.13,71776257696956,16468721555,29150506225360,5989582177,c879c9d337b54b1f3fc5001838059535,
AI,aom,av2,0,B1,SolLevanteDragons_sdr_1920x1080_24_10bit.y4m,1920x1080,24.00,10,1920x1080,210,216.556800,32.882888,35.796055,34.902587,10.403663,9.919931,17.104848,16.943228,28.637244,36.022472,32.860260,35.789232,34.808324,0.165214,4528.61,2.06,30847659057204,16893990987,12646404409870,5758332467,9ad67fa575c58e9a229ddcd14069c23c,
AI,aom,av2,0,B1,SolLevanteFace_sdr_1920x1080_24_10bit.y4m,1920x1080,24.00,10,1920x1080,85,16256.684800,47.471204,48.331739,46.813194,20.210050,26.492037,97.617762,95.437234,49.967854,47.327941,47.471174,48.331664,46.813161,0.000000,366283.80,4.91,2560869945621086,25406270427,1241591314709287,17487061300,034ebd1fbcefccfdbbf2b01d707a1b2f,
AI,aom,av2,0,B1,SolLevanteFace_sdr_1920x1080_24_10bit.y4m,1920x1080,24.00,10,1920x1080,110,8179.795200,43.613776,47.423017,45.515912,16.697786,22.098152,91.864544,89.253914,44.589410,45.382528,43.613741,47.422740,45.515684,0.000000,502165.81,5.08,2687014009378850,22147182261,1303723978331035,13984479263,bd742a004a4e4cc349c1308283dfa1e9,
AI,aom,av2,0,B1,SolLevanteFace_sdr_1920x1080_24_10bit.y4m,1920x1080,24.00,10,1920x1080,135,3693.305600,39.328545,46.108870,43.676663,12.736373,17.281294,79.571445,76.373471,38.901170,42.752153,39.328450,46.108232,43.676154,0.000000,311281.55,4.43,1781778461776655,17580456399,817223669379928,12247622201,d2c713c9b0a408c9b7f02ee58e5187b5,
AI,aom,av2,0,B1,SolLevanteFace_sdr_1920x1080_24_10bit.y4m,1920x1080,24.00,10,1920x1080,160,1253.932800,35.275314,44.228377,41.267800,9.129587,12.587475,55.454792,52.694160,33.558756,39.756508,35.274992,44.227032,41.267341,0.000001,165231.36,3.12,1048473893206150,13132317019,446197895946741,8634152356,b74f43e6710b88d37d14e7700221384b,
AI,aom,av2,0,B1,SolLevanteFace_sdr_1920x1080_24_10bit.y4m,1920x1080,24.00,10,1920x1080,185,332.262400,32.494950,42.472888,38.931093,7.213031,9.121925,22.498208,21.412876,29.623225,37.296293,32.494275,42.467315,38.929396,0.000000,60195.44,2.39,409058504563072,12392576783,165585705510058,6737665937,83d3b32897bd67a5682d97d25569b4ed,
AI,aom,av2,0,B1,SolLevanteFace_sdr_1920x1080_24_10bit.y4m,1920x1080,24.00,10,1920x1080,210,108.492800,30.899253,40.716279,36.816860,6.807087,7.379554,3.332458,3.231297,27.567496,35.454096,30.898532,40.696574,36.811967,0.000000,13197.04,1.65,110829888373380,13027938602,47225502086057,6237205784,6e825f9364704fce89ea605ffe921d21,
AI,aom,av2,0,B1,STARCRAFT_1080p60.y4m,1920x1080,60.00,8,1920x1080,85,88272.560000,45.413502,50.460166,51.116741,19.267115,26.067654,99.014681,98.635746,49.697434,45.776693,45.413487,50.460039,51.116637,0.513555,290193.46,7.86,1724119853808273,32938889552,765729443430512,21251888207,487c8c50170d32a55bdce3ae42a317e2,
AI,aom,av2,0,B1,STARCRAFT_1080p60.y4m,1920x1080,60.00,8,1920x1080,110,47823.776000,40.850881,46.811667,47.690883,15.666965,21.604838,98.049776,96.844870,43.708691,42.587553,40.850865,46.811473,47.690751,0.705201,362329.19,6.63,2078568190118329,28728320937,952352881205035,18029117981,4ae84ca12f6c6390fb2523f6aaf165db,
AI,aom,av2,0,B1,STARCRAFT_1080p60.y4m,1920x1080,60.00,8,1920x1080,135,23309.568000,36.424337,43.295925,44.266182,12.399385,17.550035,91.628479,89.034886,37.960667,39.262499,36.424310,43.295699,44.266016,0.991441,389180.31,5.72,2308828441369791,24801999162,1025391735072868,15671432633,e866b87c743621c285aceb21c9e8c7be,
AI,aom,av2,0,B1,STARCRAFT_1080p60.y4m,1920x1080,60.00,8,1920x1080,160,10334.752000,32.427447,39.747417,40.772171,9.566809,13.709884,76.471949,73.519751,32.530315,35.957617,32.427393,39.746493,40.771556,1.150250,198918.38,3.37,1442798198258588,18998511822,555494364842461,9447135235,ec8d303773c2d885b650488b92e694f9,
AI,aom,av2,0,B1,STARCRAFT_1080p60.y4m,1920x1080,60.00,8,1920x1080,185,4234.112000,28.961395,36.675454,37.550774,7.500021,10.346325,53.817541,51.199252,27.670382,32.853763,28.961300,36.674923,37.549754,1.280242,168965.92,3.23,1169237302501867,15201728680,488611571125945,9704171346,a4669ffe11c2d21f00a3d5113722cf12,
AI,aom,av2,0,B1,STARCRAFT_1080p60.y4m,1920x1080,60.00,8,1920x1080,210,1556.240000,25.769829,33.835452,34.402433,6.099775,7.650114,29.510895,27.624715,23.422092,29.916576,25.769591,33.833696,34.400545,1.438524,97762.14,2.77,656201552433880,13938043143,267802440990319,7840869436,8a34f477b18b2b21782ebb8b4e5f69fc,
AI,aom,av2,0,B1,WITCHER3_1920x1080_60_8bit_420.y4m,1920x1080,60.00,8,1920x1080,85,120288.784000,43.353755,48.093298,48.643516,15.467064,22.768054,99.212965,98.093896,47.544744,43.238680,43.351329,48.089181,48.641408,0.182472,371159.22,6.18,2624333181477443,32929691752,1261428051485192,21722149459,070f973ea1551f7d3acc4ad981aafd43,
AI,aom,av2,0,B1,WITCHER3_1920x1080_60_8bit_420.y4m,1920x1080,60.00,8,1920x1080,110,48001.200000,38.536551,46.401389,46.332098,11.028782,17.341593,95.072684,92.977702,40.695148,39.977630,38.531452,46.397371,46.329521,0.460867,530995.91,5.63,2990260256048082,24868251494,1385020218260236,15312687066,50988dbda16cdd822f78ecba6bf481be,
AI,aom,av2,0,B1,WITCHER3_1920x1080_60_8bit_420.y4m,1920x1080,60.00,8,1920x1080,135,13560.560000,34.888779,44.716757,43.835919,7.945634,12.970118,83.227928,80.904472,35.161948,37.169302,34.883839,44.710843,43.833094,0.986415,323346.58,3.87,1890295967471623,17756395192,850307696950224,10660716678,8078f8e4cad65aa37df6a82acb0b0fb1,
AI,aom,av2,0,B1,WITCHER3_1920x1080_60_8bit_420.y4m,1920x1080,60.00,8,1920x1080,160,3400.704000,32.645891,43.023509,41.724233,6.499513,10.017144,62.210974,60.477610,31.482244,35.230844,32.642454,43.012595,41.720705,1.866269,127970.44,2.92,777718923150283,12962936873,342002201592274,8145162130,896134031b851b10f1e50694aa5370b7,
AI,aom,av2,0,B1,WITCHER3_1920x1080_60_8bit_420.y4m,1920x1080,60.00,8,1920x1080,185,1250.896000,31.115755,41.268010,39.928895,6.097276,8.629299,44.087631,42.816488,29.366723,33.896355,31.113652,41.253984,39.925198,3.035372,80394.91,2.61,534104068846252,14200564314,219777836426940,7408015710,3b83b513b407bcac0772e8e9ecba3c73,
AI,aom,av2,0,B1,WITCHER3_1920x1080_60_8bit_420.y4m,1920x1080,60.00,8,1920x1080,210,353.792000,29.110902,39.312179,37.592512,5.727932,7.420796,22.169006,21.614239,26.787504,32.396902,29.109242,39.287309,37.586855,3.120519,22562.23,1.94,194502045408922,15043958756,63008183874376,5414984968,16156686100d7b8e5ded29dd0e2e9572,
AI,aom,av2,0,B2,BigBuckBunnyStudio1_1920x1080_60fps_10bit_420_020_0149.y4m,1920x1080,60.00,10,1920x1080,85,41278.784000,50.101222,52.394043,52.367851,25.095056,30.904428,96.396309,95.307019,52.087174,51.270799,50.101180,52.393678,52.367211,0.127433,336631.31,5.28,1950823474712070,19956175442,886175927039299,14433255539,ee88dff27319295c2c49d81f1822a897,
AI,aom,av2,0,B2,BigBuckBunnyStudio1_1920x1080_60fps_10bit_420_020_0149.y4m,1920x1080,60.00,10,1920x1080,110,26231.360000,45.347258,48.315577,48.140821,21.617107,26.502197,94.374725,92.729332,46.203489,46.873365,45.347195,48.315094,48.139347,0.207933,358819.86,4.48,2046850861253933,17864908696,943190134067797,12267974557,e10ee5b19dd45af3bb7558827cd16699,
AI,aom,av2,0,B2,BigBuckBunnyStudio1_1920x1080_60fps_10bit_420_020_0149.y4m,1920x1080,60.00,10,1920x1080,135,15222.400000,40.211121,44.303901,44.131101,17.303616,21.648335,88.698185,86.434055,40.360177,42.425041,40.211062,44.303662,44.130118,0.406844,232369.98,3.61,1724357524652414,20580450547,648910456828919,10068979268,1341b5380ba8aef99f9c82051e2f7c7f,
AI,aom,av2,0,B2,BigBuckBunnyStudio1_1920x1080_60fps_10bit_420_020_0149.y4m,1920x1080,60.00,10,1920x1080,160,8383.408000,35.442129,40.672635,40.389308,13.898758,17.561007,77.909078,74.603780,34.960919,38.360980,35.442027,40.672350,40.388727,0.577982,240070.51,4.06,1490547318878312,19936187121,640848305416836,11287179585,36c8adc9c0bd84085dd5c9c6f4620d88,
AI,aom,av2,0,B2,BigBuckBunnyStudio1_1920x1080_60fps_10bit_420_020_0149.y4m,1920x1080,60.00,10,1920x1080,185,3901.808000,30.797243,37.390950,36.868435,10.727724,13.613566,60.178896,55.770563,29.544166,34.376237,30.797148,37.390388,36.867315,0.630271,154584.65,3.47,978307867679006,14944375798,414817080410511,9731940804,c65d3bac6cdaf6ad3d266695008f240f,
AI,aom,av2,0,B2,BigBuckBunnyStudio1_1920x1080_60fps_10bit_420_020_0149.y4m,1920x1080,60.00,10,1920x1080,210,1420.256000,26.790352,34.470362,33.877912,8.339453,9.910652,35.952275,31.355380,24.581189,30.590115,26.790287,34.469375,33.875904,0.563409,52335.71,2.03,429638944391807,13335679795,146148470269392,5684302895,747432e218881318173214f638eac90f,
AI,aom,av2,0,B2,Debugging_1920x1080_30fps_8bit_420.y4m,1920x1080,30.00,8,1920x1080,85,8926.488000,53.925061,52.808713,53.388469,37.181233,43.208094,97.329230,96.534170,59.426347,56.231781,53.919112,52.795104,53.353101,0.064123,174634.39,3.10,1132145067495853,10580925708,470799446816363,8503680568,a78e42e3eb389eb61f99e305d6cfef14,
AI,aom,av2,0,B2,Debugging_1920x1080_30fps_8bit_420.y4m,1920x1080,30.00,8,1920x1080,110,6203.312000,47.938399,49.421292,49.581833,30.444240,36.370668,96.553235,95.212868,54.331729,52.195256,47.932147,49.404529,49.543137,0.353012,165785.95,3.31,1098465516118048,13538780298,447071249943033,9117492330,924c478b5893ba0bc7be77d0f184ea15,
AI,aom,av2,0,B2,Debugging_1920x1080_30fps_8bit_420.y4m,1920x1080,30.00,8,1920x1080,135,4331.936000,42.184264,46.514144,45.938007,24.369630,29.657094,94.639744,92.165786,47.380441,47.647043,42.179161,46.496010,45.893606,0.793303,168471.68,2.99,1346897349174259,17242716829,470500506936201,8340409278,ad17f7cc2417a154dff6252518a171b4,
AI,aom,av2,0,B2,Debugging_1920x1080_30fps_8bit_420.y4m,1920x1080,30.00,8,1920x1080,160,3004.416000,36.582278,42.891197,41.413429,18.781442,22.865206,87.862243,84.215754,39.095878,41.767596,36.575200,42.867319,41.375541,3.395522,207934.88,3.80,1355562082321865,17426313128,558699751517341,10624556393,9d75e04e9166a414f31c5a9b9a980cb8,
AI,aom,av2,0,B2,Debugging_1920x1080_30fps_8bit_420.y4m,1920x1080,30.00,8,1920x1080,185,1836.648000,31.051348,38.131435,35.829000,12.899793,15.414772,68.747272,65.115387,30.734567,36.472799,31.043719,38.096040,35.811681,5.610612,185754.17,3.44,1247175589636254,16776354925,503760842866236,9682394250,cf4c30c27dcaa37fa6036264755b5e54,
AI,aom,av2,0,B2,Debugging_1920x1080_30fps_8bit_420.y4m,1920x1080,30.00,8,1920x1080,210,742.888000,25.542944,32.899405,32.609881,8.576311,9.946805,33.637397,31.403263,23.349007,31.223835,25.540447,32.880527,32.582709,6.082892,109950.21,2.40,763455299357674,13555386882,300033628066092,6766633147,1b96b78867ee0a112a9d8173c7f777e4,
AI,aom,av2,0,B2,MissionControlClip1_1920x1080_60fps_10bit_420_0450_0579.y4m,1920x1080,60.00,10,1920x1080,85,59234.256000,48.516298,48.329831,49.034181,25.923736,32.529215,97.543495,96.887578,52.754983,48.550113,48.485324,48.318168,49.021550,0.376171,419374.19,6.08,2586371471266263,22231436131,1116958195939808,16531257271,cc790c43327c0c82048f987de7cc2fdd,
AI,aom,av2,0,B2,MissionControlClip1_1920x1080_60fps_10bit_420_0450_0579.y4m,1920x1080,60.00,10,1920x1080,110,36054.224000,43.466249,44.097031,45.612096,22.850479,28.702158,96.477041,95.471198,47.513792,44.657637,43.437538,44.079588,45.597643,0.355096,474560.68,5.55,2857047986725613,19351392079,1258121879709256,15246450821,04f9e5d3e25b0fc532f97806c7edc8e5,
AI,aom,av2,0,B2,MissionControlClip1_1920x1080_60fps_10bit_420_0450_0579.y4m,1920x1080,60.00,10,1920x1080,135,21667.120000,38.284267,40.877509,42.945533,19.381768,24.572044,93.915794,92.284189,41.814627,40.938828,38.260477,40.855244,42.931318,0.358084,391823.88,4.06,2601489667514783,18016520664,1119846567867917,11901213618,52fccb7035a2c39924816620f6f0befc,
AI,aom,av2,0,B2,MissionControlClip1_1920x1080_60fps_10bit_420_0450_0579.y4m,1920x1080,60.00,10,1920x1080,160,13038.272000,32.978972,38.169861,40.177581,15.601970,20.225913,87.290237,84.353427,35.402236,37.006426,32.967103,38.155953,40.170876,0.351209,385222.59,4.29,2416869368980149,17681626243,1030021944307728,11872118489,500f2c0996c31f743e8d92e8b43b6922,
AI,aom,av2,0,B2,MissionControlClip1_1920x1080_60fps_10bit_420_0450_0579.y4m,1920x1080,60.00,10,1920x1080,185,7270.384000,27.579643,35.175549,37.005097,11.545609,15.461670,69.631511,65.823922,28.539760,32.705783,27.576541,35.172255,37.001844,0.264992,253605.60,3.28,2099602395469745,16730094333,885795630532607,11901269860,4f825412e816db33c9fc5948faf9ccd1,
AI,aom,av2,0,B2,MissionControlClip1_1920x1080_60fps_10bit_420_0450_0579.y4m,1920x1080,60.00,10,1920x1080,210,2614.048000,22.395573,31.286524,33.614223,7.491047,10.325724,41.005655,37.487149,21.949189,27.959928,22.356255,31.278875,33.608976,0.213303,193382.25,3.52,1296257580408036,14817502270,524703261295583,9852960190,5d6570901cc2fec544f4468f5dbb7c98,
AI,aom,av2,0,B2,MobileDeviceScreenSharing.y4m,1078x2220,15.00,8,1078x2220,85,3609.596000,54.926808,65.524958,65.534759,43.108734,50.547692,99.909469,99.893964,63.763613,70.030966,54.924145,65.501578,65.505661,0.003697,238458.63,2.83,1587553261649840,9454999471,648283185396905,7831643181,c571dbff964041add05300e9b2d8721a,
AI,aom,av2,0,B2,MobileDeviceScreenSharing.y4m,1078x2220,15.00,8,1078x2220,110,2689.600000,48.530004,61.560817,61.063674,36.619485,43.680855,99.899409,99.868250,57.904365,62.490965,48.528012,61.550109,61.039179,0.004006,181919.94,3.33,1517152625108509,19955866110,508085160486158,9309576216,2be1bb41fe061f58c58ce6539faebf78,
AI,aom,av2,0,B2,MobileDeviceScreenSharing.y4m,1078x2220,15.00,8,1078x2220,135,1877.184000,42.504573,57.652228,57.951172,30.636901,37.170563,99.850003,99.798352,51.501690,55.724618,42.503092,57.640344,57.931080,0.003093,237548.70,4.12,1666276642207919,20534702454,688073836102228,12309153716,9ac2859d33a3e732deca69f9cbdb521e,
AI,aom,av2,0,B2,MobileDeviceScreenSharing.y4m,1078x2220,15.00,8,1078x2220,160,1269.216000,36.917741,51.793415,52.996531,24.867419,30.666283,99.746359,99.651172,43.464774,46.076862,36.914179,51.714949,52.785643,0.002288,253374.70,4.64,1658490107940890,21022629331,684107099061303,12965603978,6ff17c43040a22b9419463f56e25d7e2,
AI,aom,av2,0,B2,MobileDeviceScreenSharing.y4m,1078x2220,15.00,8,1078x2220,185,881.940000,32.143576,46.508198,49.446632,19.767119,23.714885,98.630939,96.062170,35.147422,40.354824,32.139194,46.419194,49.331818,0.001391,213781.16,4.45,1440960024802786,20961250158,581857884117600,12641576470,db37f8ed83de7dd4b0faff5ffe0881fa,
AI,aom,av2,0,B2,MobileDeviceScreenSharing.y4m,1078x2220,15.00,8,1078x2220,210,621.856000,27.253759,40.771302,44.050086,14.862618,17.960681,79.857767,75.909038,27.109318,35.273330,27.249165,40.738108,43.983959,0.000646,134809.44,3.23,1174480224855613,20453542868,376496409312149,9045593526,2ac48762f4bba76a6a757b90295c4890,
AI,aom,av2,0,B2,SceneComposition_2.y4m,1920x1080,15.00,8,1920x1080,85,5195.032000,52.761304,57.973780,57.684287,31.458285,38.582985,97.185629,96.290488,57.388425,61.790010,52.741841,57.950305,57.653669,0.133114,193631.59,3.04,1219044156668686,10297223414,516803067846174,8210884709,9fbcddd81057f6fceff33af244d46749,
AI,aom,av2,0,B2,SceneComposition_2.y4m,1920x1080,15.00,8,1920x1080,110,3585.104000,47.306243,54.058541,54.048269,27.621272,33.630043,96.209636,94.717635,52.147700,56.333646,47.296012,54.047375,54.027112,0.127615,133834.55,2.47,1051369919561581,10374997464,373747691117912,6894644993,f2f08efe105b53b555399ae01a546e36,
AI,aom,av2,0,B2,SceneComposition_2.y4m,1920x1080,15.00,8,1920x1080,135,2362.988000,41.744469,49.385729,49.641136,23.468597,28.444241,94.014371,91.453665,46.029641,49.719562,41.740475,49.379775,49.632044,0.083156,204241.00,3.08,1265796791840667,13112262035,542519369932337,8510653289,98ee1656d6c6b61cd8caf9c53bdb2923,
AI,aom,av2,0,B2,SceneComposition_2.y4m,1920x1080,15.00,8,1920x1080,160,1487.472000,36.248752,44.817344,45.398201,18.720353,23.174016,86.947731,83.677843,39.091006,43.445532,36.247285,44.814125,45.391730,0.090244,149218.75,2.37,1185218282692616,12513424671,416705833325825,6618040849,cbc06ef277bac39a23d86b43c3899daa,
AI,aom,av2,0,B2,SceneComposition_2.y4m,1920x1080,15.00,8,1920x1080,185,892.256000,30.978182,40.056183,40.582461,14.296640,17.363622,69.977525,65.623087,31.665122,37.631235,30.977534,40.054940,40.577109,0.073116,129399.68,2.31,1076392033515480,13842384235,361340461381281,6475161222,63b5ea43e217ae98093fbd6cda54f88e,
AI,aom,av2,0,B2,SceneComposition_2.y4m,1920x1080,15.00,8,1920x1080,210,387.752000,25.203684,35.694485,35.291093,9.916885,11.761215,34.266640,30.861461,24.067542,33.033448,25.203490,35.693204,35.289559,0.068320,112017.41,2.72,769445549099639,12914813760,306250520000810,7733820606,b491536235243f1510d190da0940ea60,
AI,aom,av2,0,B2,Slides1_1920x1080_30fps_8bit_420.y4m,1920x1080,30.00,8,1920x1080,85,13804.544000,54.087278,55.039754,55.204200,38.512720,45.046562,98.573619,97.954958,60.619466,62.728521,54.085759,55.005025,55.194266,0.004170,208182.59,2.68,1669999589976317,11864494923,581394341960801,7498010565,9285b811a6f3daee0ac6de3baec456b6,
AI,aom,av2,0,B2,Slides1_1920x1080_30fps_8bit_420.y4m,1920x1080,30.00,8,1920x1080,110,10221.848000,47.157501,51.350477,52.078633,31.771274,38.099410,98.009664,96.870202,54.998228,56.950637,47.156933,51.323199,52.067900,0.005186,240923.91,4.09,1581502655911787,15163707096,647749626708587,11223769577,ba5d40dafbb6845b4fcc61c15ded735a,
AI,aom,av2,0,B2,Slides1_1920x1080_30fps_8bit_420.y4m,1920x1080,30.00,8,1920x1080,135,6815.664000,40.926583,46.465620,47.582988,25.676214,31.257874,96.096135,94.132744,47.765054,50.166418,40.924667,46.439598,47.575341,0.002993,315436.49,4.50,1965520650943547,19859497513,841028806826445,12377586833,e7474702a4ae291a2bd6753309aba341,
AI,aom,av2,0,B2,Slides1_1920x1080_30fps_8bit_420.y4m,1920x1080,30.00,8,1920x1080,160,4336.928000,35.175497,41.042438,42.341554,19.805740,24.071636,89.895909,86.459082,38.936917,43.269737,35.171826,41.020283,42.334980,0.002194,241579.82,3.23,1943183781387477,19740971298,674668285657379,9050532956,c8745e4ffdd404faa37b344239542e5e,
AI,aom,av2,0,B2,Slides1_1920x1080_30fps_8bit_420.y4m,1920x1080,30.00,8,1920x1080,185,2779.040000,30.032698,35.607984,36.851824,14.632831,17.750440,74.245421,70.390224,30.813813,37.638537,30.028213,35.585423,36.835082,0.001037,262471.24,4.28,1724281423396418,19089837245,706117712774489,11912917569,0c70c9181fc0f4e6e1523651675061e1,
AI,aom,av2,0,B2,Slides1_1920x1080_30fps_8bit_420.y4m,1920x1080,30.00,8,1920x1080,210,1523.896000,24.641724,30.005989,31.313367,9.243067,10.407927,45.015853,42.190818,22.709172,31.578955,24.636868,29.944669,31.294058,0.000425,153521.14,2.42,1287854359443719,14313861330,428754798654664,6752061473,236e46bef91489f57b7f2508277e02ca,
AI,aom,av2,0,B2,Slides2r_1920x1080_30fps_8bit_420.y4m,1920x1080,30.00,8,1920x1080,85,3574.760000,61.790292,64.854994,64.663408,39.718789,45.359653,97.375469,96.897261,64.111462,78.977948,59.042734,61.837148,61.282978,0.000101,67303.93,1.83,454919107309054,7694428666,184002833693302,5124037045,a8f64672b4210096a0db9a88aa579de0,
AI,aom,av2,0,B2,Slides2r_1920x1080_30fps_8bit_420.y4m,1920x1080,30.00,8,1920x1080,110,2398.600000,56.708771,60.622120,60.631224,35.263959,40.299376,97.023360,96.248971,59.520109,73.978067,53.751336,57.070400,56.695162,0.005113,45718.68,1.48,395329489608284,8549056437,127685257523803,4138214765,b3349214b12b2161bd08b9cce1b71a13,
AI,aom,av2,0,B2,Slides2r_1920x1080_30fps_8bit_420.y4m,1920x1080,30.00,8,1920x1080,135,1538.320000,51.579247,57.164364,57.310891,31.054963,35.270612,95.912372,94.726260,54.111096,69.424631,48.582130,52.685509,52.366804,0.047716,52437.21,1.70,437550015957392,10035188286,146435565766729,4760057082,b6577ecb1d3b58e0d28f7e76497dc511,
AI,aom,av2,0,B2,Slides2r_1920x1080_30fps_8bit_420.y4m,1920x1080,30.00,8,1920x1080,160,960.712000,46.456317,55.214441,55.076851,27.189546,30.427185,93.689407,91.469119,48.087844,65.001427,43.345162,49.793705,48.544209,0.037064,47114.37,1.76,404079951759198,11723302703,131573322708489,4897822702,a22f1b9a324fa5f5a380d82939a951c8,
AI,aom,av2,0,B2,Slides2r_1920x1080_30fps_8bit_420.y4m,1920x1080,30.00,8,1920x1080,185,589.216000,41.430580,53.019275,52.288930,23.520130,25.778379,87.475738,84.265687,41.606715,59.445975,38.222517,46.474895,43.580412,0.007893,51934.04,2.14,355549626655609,11325023445,142237147271546,6047548089,86bc234652a528fda2d9585ab077caee,
AI,aom,av2,0,B2,Slides2r_1920x1080_30fps_8bit_420.y4m,1920x1080,30.00,8,1920x1080,210,310.208000,36.297548,50.982872,50.395526,19.674875,20.942325,73.197868,69.105624,35.144470,53.539512,32.746778,42.879281,40.025330,0.045161,36632.48,2.18,251862635906075,11565266026,100926134662553,6124962726,2701aa1b0d43c300dbd6fbd5b21bcf25,
AI,aom,av2,0,B2,Spreadsheet_1920x1080_30fps_8bit_420_130f.y4m,1920x1080,30.00,8,1920x1080,85,15697.800000,50.796592,56.781009,56.671573,34.552361,41.376940,98.072362,97.475453,57.780161,58.836282,50.793319,56.774782,56.662872,0.062381,226834.05,2.98,1754258411009358,12909715179,633477042966040,8362112291,84506db02a099f212836252977b9c78b,
AI,aom,av2,0,B2,Spreadsheet_1920x1080_30fps_8bit_420_130f.y4m,1920x1080,30.00,8,1920x1080,110,10115.296000,45.154731,52.756742,52.447280,28.745251,35.164079,97.526062,96.457511,52.247856,52.927692,45.151790,52.749707,52.439947,0.066557,203229.45,3.05,1585604673424095,14616059660,567464098478746,8521302524,352930d91125a36bd198f2a877481977,
AI,aom,av2,0,B2,Spreadsheet_1920x1080_30fps_8bit_420_130f.y4m,1920x1080,30.00,8,1920x1080,135,6348.432000,39.855955,48.204682,48.166088,23.522110,29.247020,96.085743,94.314607,45.733250,46.678544,39.853514,48.199148,48.162085,0.060668,307532.85,4.49,1886882487429408,17609089369,815103483777754,12435833524,1ffe233c77c77eace3d4acf89957bcbc,
AI,aom,av2,0,B2,Spreadsheet_1920x1080_30fps_8bit_420_130f.y4m,1920x1080,30.00,8,1920x1080,160,3955.352000,34.755624,43.851071,44.130566,18.201430,23.160293,91.680593,89.299324,38.082808,40.825879,34.753095,43.845036,44.120826,0.045370,280732.83,3.92,1754720614160411,17354645014,748291037868304,10902968459,89a9c4392e3fc32f9e6396dbecb34cf5,
AI,aom,av2,0,B2,Spreadsheet_1920x1080_30fps_8bit_420_130f.y4m,1920x1080,30.00,8,1920x1080,185,2537.152000,29.924499,39.311791,39.216697,12.373051,16.640617,78.884704,74.711530,30.572482,35.492535,29.921354,39.294734,39.209931,0.038978,194043.95,2.90,1536853076621321,16325605111,541876250201631,8131418231,3a5f45cfc00147c74eeeaf90c773d174,
AI,aom,av2,0,B2,Spreadsheet_1920x1080_30fps_8bit_420_130f.y4m,1920x1080,30.00,8,1920x1080,210,1517.352000,24.573213,35.122732,34.672854,8.472046,11.105542,49.262958,46.201141,23.177698,30.540701,24.571375,35.110474,34.667187,0.019919,171236.07,3.08,1223719429115937,15313612162,496419793472958,9275808648,91f1fa30e30d1bb7e3d29a05361edeb4,
AI,aom,av2,0,B2,Wikipedia_1920x1080p30.y4m,1920x1080,30.00,8,1920x1080,85,10713.168000,49.463992,54.066266,54.507807,21.979283,29.231684,97.533163,96.801168,49.270216,54.332523,49.463954,54.066033,54.507386,0.900660,194225.73,2.25,1503961318882125,9906723890,542385127372139,6278858070,b4bff70e33963154f1c41046e7634e58,
AI,aom,av2,0,B2,Wikipedia_1920x1080p30.y4m,1920x1080,30.00,8,1920x1080,110,7955.288000,46.067874,51.370998,51.935599,21.379130,28.051201,96.816584,95.621558,47.847420,51.260516,46.067698,51.370340,51.935466,0.838004,194478.17,3.97,1225447950605634,17766348673,519498268292054,11137068851,16245efbe5dd62781d0cb6ab50190890,
AI,aom,av2,0,B2,Wikipedia_1920x1080p30.y4m,1920x1080,30.00,8,1920x1080,135,5829.168000,41.416378,48.046403,48.401013,20.147030,25.798994,94.850783,92.953588,44.638112,46.939177,41.416084,48.045173,48.399781,0.828460,189401.43,2.75,1434969723456754,13933777602,528923342154080,7714275992,477d649d7330e8905bc811e721f7038a,
AI,aom,av2,0,B2,Wikipedia_1920x1080p30.y4m,1920x1080,30.00,8,1920x1080,160,4149.264000,35.979162,43.883228,44.894824,17.979474,22.179867,88.976113,85.614019,39.356680,41.793004,35.977563,43.882589,44.888312,0.914014,176464.58,2.46,1425548907123279,14631833882,492835959628608,6896555275,c2a4122000c4ceca12d5c9b9a3dc1267,
AI,aom,av2,0,B2,Wikipedia_1920x1080p30.y4m,1920x1080,30.00,8,1920x1080,185,2840.280000,30.507740,39.121384,40.577187,14.804489,17.980580,73.348261,69.274139,32.463987,37.255579,30.506716,39.120172,40.575958,0.724498,220069.56,3.55,1492349408189057,15106490414,595846140242085,9917145494,3527167cd429ba65d44f7f67a5956dc7,
AI,aom,av2,0,B2,Wikipedia_1920x1080p30.y4m,1920x1080,30.00,8,1920x1080,210,1303.216000,24.319097,34.981079,36.961595,9.766255,12.329515,40.216541,37.109353,24.390630,32.467062,24.318762,34.979398,36.960442,0.470930,170726.94,2.82,1163852436410168,14072294454,465615191776175,7975971922,958eab3c23457206c7c68471bfbe53ca,
AI,aom,av2,0,G1,MeridianRoad_3840x2160_5994_hdr10.y4m,3840x2160,60.00,10,3840x2160,85,110379.140859,43.712483,45.989959,54.813562,14.195860,21.122759,93.578716,92.058260,45.787494,40.916379,43.712476,45.989953,54.813316,0.033433,735326.67,11.78,5062399861591396,66296500491,2053538541991212,32926216771,c7c9e6524c5231093e3000abb31241f0,
AI,aom,av2,0,G1,MeridianRoad_3840x2160_5994_hdr10.y4m,3840x2160,60.00,10,3840x2160,110,41463.800200,42.071068,45.521767,54.021790,13.004322,18.229658,87.646891,85.679537,41.327380,40.045915,42.071027,45.521728,54.021349,0.093735,384651.28,10.40,2591422241303295,41505605714,1286120586681209,37207030647,b0c1f9d3e061888986f0759d3b035d07,
AI,aom,av2,0,G1,MeridianRoad_3840x2160_5994_hdr10.y4m,3840x2160,60.00,10,3840x2160,135,16904.199800,40.174507,44.971704,52.734306,11.957230,15.461104,74.153116,72.258776,37.659556,39.005623,40.174365,44.971596,52.732829,0.701458,200786.46,6.88,1264079512403323,33909134949,560734956585049,19238058298,293148776473ed9afb7ddfc1b49b85f7,
AI,aom,av2,0,G1,MeridianRoad_3840x2160_5994_hdr10.y4m,3840x2160,60.00,10,3840x2160,160,6260.715285,37.975899,44.137383,50.943354,10.986739,12.789969,51.550598,50.330820,34.517234,37.670552,37.975642,44.137056,50.940422,1.566317,101802.51,10.52,495961412102637,52579672335,258115112175334,29523675157,04826948c1cda0d64f79604d155f6d3f,
AI,aom,av2,0,G1,MeridianRoad_3840x2160_5994_hdr10.y4m,3840x2160,60.00,10,3840x2160,185,2155.460539,35.785827,42.967620,49.548874,10.293827,10.555071,30.843013,30.272590,32.000249,36.158229,35.785588,42.966550,49.536856,1.592238,26863.76,8.78,174232284418530,65015410744,75024693194053,24570562387,710b756fb3a5441195d69752b18eedae,
AI,aom,av2,0,G1,MeridianRoad_3840x2160_5994_hdr10.y4m,3840x2160,60.00,10,3840x2160,210,725.210789,33.706772,41.445829,46.816348,9.873283,8.926091,16.061580,15.711282,29.899410,34.496076,33.706394,41.440676,46.613974,1.916334,16881.93,7.91,76716866435742,51335195646,46152140822057,22896743748,8d1d991465772c7d2b8b3b3ad49c14e2,
AI,aom,av2,0,G1,NocturneDance_3840x2160_60fps_hdr10.y4m,3840x2160,60.00,10,3840x2160,85,104865.088000,50.271779,49.478353,56.488913,22.271836,25.351852,97.734862,95.744218,47.954089,48.316073,50.270841,49.477815,56.487742,0.597084,434173.12,14.99,2806439537408912,84770387738,1212521803561215,41847257265,9322edcb14e5403800ba1326e731e763,
AI,aom,av2,0,G1,NocturneDance_3840x2160_60fps_hdr10.y4m,3840x2160,60.00,10,3840x2160,110,51222.672000,46.284906,47.395781,54.985654,18.915946,21.157612,91.841595,89.570686,42.942100,45.720601,46.284069,47.394799,54.984646,0.955047,563419.84,15.95,2883041201832973,64317409759,1443335510420233,44167043123,8a960a1f613b7163b292c83ec04884a5,
AI,aom,av2,0,G1,NocturneDance_3840x2160_60fps_hdr10.y4m,3840x2160,60.00,10,3840x2160,135,23531.568000,42.169902,45.714713,53.525607,15.659189,16.878559,78.373790,76.008591,38.117300,43.115274,42.169149,45.713648,53.524451,0.824380,274238.53,10.16,1732992445072903,54905423756,765867520001533,28387598843,daa9f00e2afc044307098d79fdf6502f,
AI,aom,av2,0,G1,NocturneDance_3840x2160_60fps_hdr10.y4m,3840x2160,60.00,10,3840x2160,160,9258.624000,38.300327,43.671309,51.051592,13.003565,12.905335,52.727516,51.205527,33.894371,40.201290,38.299622,43.670069,51.045088,1.231175,131112.18,9.88,861447093733199,61079260144,366161770056932,27541907905,eb8a3e58fea9218a57b2ec3e56919e7b,
AI,aom,av2,0,G1,NocturneDance_3840x2160_60fps_hdr10.y4m,3840x2160,60.00,10,3840x2160,185,2561.568000,34.849683,41.558961,48.892126,11.175352,9.571309,25.395310,24.852435,30.387914,37.530868,34.848555,41.557674,48.858395,1.396604,54824.44,10.18,289315506358789,54053395250,143783007523546,28887310097,2c8ffd3a5a944f965c8a8d7cafefc2c8,
AI,aom,av2,0,G1,NocturneDance_3840x2160_60fps_hdr10.y4m,3840x2160,60.00,10,3840x2160,210,561.760000,32.801825,40.370831,47.545563,10.515805,7.984779,6.364064,6.157085,28.465091,35.755907,32.801114,40.369129,47.523472,1.797007,20713.90,7.43,106711173500751,48305811487,56892945757765,21505114143,3d7d87f0075f996639dfc009039f81d3,
AI,aom,av2,0,G1,NocturneRoom_3840x2160_60fps_hdr10.y4m,3840x2160,60.00,10,3840x2160,85,107029.008000,49.560957,48.137216,52.817630,20.548736,26.029977,93.225082,92.324270,49.596424,49.108479,49.560730,48.136871,52.816211,3.368409,501654.82,18.46,2564598876249549,72491598630,1263547644564581,49973798543,8d0dbd8c2124d1b3cba643f959683a29,
AI,aom,av2,0,G1,NocturneRoom_3840x2160_60fps_hdr10.y4m,3840x2160,60.00,10,3840x2160,110,25661.184000,44.823124,45.416021,51.892605,16.075105,20.385419,84.860167,83.983289,43.266148,45.941878,44.821969,45.415051,51.890634,1.999098,373780.53,9.72,2371125783454819,61494459045,1043824230026445,27186205141,88adaca62cf3f969f09a484e7db86e63,
AI,aom,av2,0,G1,NocturneRoom_3840x2160_60fps_hdr10.y4m,3840x2160,60.00,10,3840x2160,135,4731.760000,42.199254,44.338290,51.127041,13.872309,17.087814,68.988352,68.279448,39.386349,44.625140,42.197468,44.337336,51.125098,2.516579,109618.95,4.36,692518364993905,24191333250,306153182270944,12194568780,6064f7fa1ba53f54fa7daeb7969a9ae4,
AI,aom,av2,0,G1,NocturneRoom_3840x2160_60fps_hdr10.y4m,3840x2160,60.00,10,3840x2160,160,912.656000,41.058817,43.597089,50.317904,13.263036,15.558221,53.373117,52.877595,37.736357,43.572227,41.057057,43.596571,50.314737,3.714638,44386.80,10.25,226293065101903,61592717621,116134910446279,29865683477,39e9beca753408cd91d801a368b77ad5,
AI,aom,av2,0,G1,NocturneRoom_3840x2160_60fps_hdr10.y4m,3840x2160,60.00,10,3840x2160,185,453.440000,40.419875,42.737228,49.023119,13.153613,15.021963,45.895139,45.343363,36.950813,42.345303,40.418273,42.736418,49.015613,5.077730,21738.81,8.12,112660399624578,48581402900,59834349497061,23557854210,78e3b187e6aad76bf0c0d841e23b0746,
AI,aom,av2,0,G1,NocturneRoom_3840x2160_60fps_hdr10.y4m,3840x2160,60.00,10,3840x2160,210,246.032000,39.212762,41.283810,47.062853,12.964044,14.235787,36.562606,35.931642,35.577942,40.379166,39.210663,41.274638,47.029463,4.897392,12391.76,7.58,53699216543810,47950098448,35378913615965,22146718036,d8cc4efb3daa71932e0320a2e673ce58,
AI,aom,av2,0,G1,SparksWelding_4096x2160_5994_hdr10.y4m,4096x2160,60.00,10,4096x2160,85,260383.408591,44.617903,48.018598,47.344195,16.953155,23.896239,99.815379,99.765314,47.929232,43.876741,44.606951,47.988043,47.337112,0.004138,811693.04,22.36,5595613624041098,108401144053,2266364666745849,62414757870,dbf67ef76ddaf73e9e611020a3fd462e,
AI,aom,av2,0,G1,SparksWelding_4096x2160_5994_hdr10.y4m,4096x2160,60.00,10,4096x2160,110,99828.075924,41.383287,45.312694,44.663629,14.254854,19.426985,99.591786,99.318919,41.747071,41.129232,41.367708,45.296167,44.656543,0.010625,678825.05,17.33,4790133582189472,93732164594,2301608257158796,61893295966,a149ddf6d37924609102de18108d03d9,
AI,aom,av2,0,G1,SparksWelding_4096x2160_5994_hdr10.y4m,4096x2160,60.00,10,4096x2160,135,44390.489510,38.575251,44.007107,43.510504,12.449166,16.161328,93.514778,91.321462,37.204243,39.139628,38.557747,43.998689,43.502596,0.255168,650088.87,17.90,3566329068768182,82713499142,1692593863324330,49229036418,e2fe2050421c67984e4f091cdd2a2ca4,
AI,aom,av2,0,G1,SparksWelding_4096x2160_5994_hdr10.y4m,4096x2160,60.00,10,4096x2160,160,20537.622378,35.636442,42.641132,42.482829,10.790760,13.748849,76.548479,74.112042,33.274717,37.081193,35.602286,42.637960,42.473068,1.203606,363390.43,15.76,1960414217780264,78479440798,944138638646257,43967386084,909c412e02321e6d60b9c7c543621178,
AI,aom,av2,0,G1,SparksWelding_4096x2160_5994_hdr10.y4m,4096x2160,60.00,10,4096x2160,185,8929.118881,32.402921,40.711110,40.860444,8.992189,11.092420,53.251635,50.967939,29.177891,34.654083,32.343360,40.704498,40.846224,1.175967,168487.71,15.57,872441504016007,72040524602,435678737220121,43837327756,9c80b34d6fc2897f1deaa7cfcaa76c6a,
AI,aom,av2,0,G1,SparksWelding_4096x2160_5994_hdr10.y4m,4096x2160,60.00,10,4096x2160,210,3278.401598,29.065363,38.372008,39.055177,7.327259,8.164984,26.229010,24.912313,25.225948,31.980315,28.985856,38.354526,39.032206,1.039987,68047.72,11.49,334764675856495,61010794274,181456786170339,32762932200,298f6e2f639decdf25091a26eeda6ca3,
AI,aom,av2,0,G2,CosmosCaterpillar_2048x858p24_hdr10.y4m,2048x858,24.00,10,2048x858,85,10521.632000,46.138638,50.616146,51.306979,17.509351,25.561389,96.474089,95.088746,48.584277,46.732914,46.138406,50.616010,51.306855,0.080815,199193.58,3.51,1349460455444345,21324304965,556264086582107,9803498968,de0cf7b3abfeffdf9d49f8b59cdfc5bd,
AI,aom,av2,0,G2,CosmosCaterpillar_2048x858p24_hdr10.y4m,2048x858,24.00,10,2048x858,110,5555.321600,44.216377,47.049995,47.624905,16.487194,22.783133,92.411997,90.601047,43.640014,44.180171,44.216258,47.049787,47.624672,0.114897,184661.22,3.78,989531491387471,17125278491,478072616843521,10327023985,cf26befe8943ac074c8130a7f24d7f7c,
AI,aom,av2,0,G2,CosmosCaterpillar_2048x858p24_hdr10.y4m,2048x858,24.00,10,2048x858,135,2894.720000,41.497403,43.480119,43.925692,15.080134,19.455009,82.774100,80.684906,38.826327,41.173451,41.497339,43.479888,43.925393,0.177397,103447.36,3.61,568706744579001,17982321480,267787065457422,10012913400,eedcc78f3b308cdaeed212515a5dc9b4,
AI,aom,av2,0,G2,CosmosCaterpillar_2048x858p24_hdr10.y4m,2048x858,24.00,10,2048x858,160,1421.849600,38.139182,40.183807,40.166239,13.256730,15.787587,63.891338,61.898052,34.299237,37.914113,38.138973,40.183420,40.165850,0.239436,50469.07,2.99,264784611266355,14821497980,130215741058289,8499219150,56301288ab3c557ac5b2a2e507d08ddb,
AI,aom,av2,0,G2,CosmosCaterpillar_2048x858p24_hdr10.y4m,2048x858,24.00,10,2048x858,185,651.840000,34.676442,37.433654,36.861060,11.490349,12.361848,38.379252,36.901298,30.324207,34.825463,34.676150,37.432327,36.859972,0.315090,19678.76,2.65,104231260169997,14461746454,50666491957477,7557605378,70079c855bf078486420a91a2f92180f,
AI,aom,av2,0,G2,CosmosCaterpillar_2048x858p24_hdr10.y4m,2048x858,24.00,10,2048x858,210,296.345600,31.336266,34.944847,34.045151,10.130228,9.505031,14.316567,13.680134,26.875881,31.866976,31.336018,34.942713,34.043379,0.159915,8613.87,2.36,44071561644356,14418429543,23018929480728,6805058297,4582619714f23c6c47d3c1a0c65befc1,
AI,aom,av2,0,G2,CosmosTreeTrunk_2048x858p24_hdr10.y4m,2048x858,24.00,10,2048x858,85,39264.473600,43.794576,46.939813,49.883431,16.874058,25.393348,99.827603,99.769023,49.480682,44.151590,43.793366,46.934243,49.878567,0.203356,382183.88,6.76,2230394166103317,28279634542,999358873302907,17987070839,7ffd1cdd6a0a4a92f813193c9d15510c,
AI,aom,av2,0,G2,CosmosTreeTrunk_2048x858p24_hdr10.y4m,2048x858,24.00,10,2048x858,110,19389.657600,39.583787,43.936140,47.531088,13.903207,21.352015,97.479429,95.448858,43.199836,41.055432,39.581780,43.931350,47.526664,0.202759,426590.72,4.79,3174713495998751,21420788808,1460094352534113,17070976346,dbc624f6bb4e284486dd4218f29195fc,
AI,aom,av2,0,G2,CosmosTreeTrunk_2048x858p24_hdr10.y4m,2048x858,24.00,10,2048x858,135,7719.712000,35.333862,41.750197,45.280280,10.340434,16.546571,84.575074,82.140592,36.526039,37.966660,35.320999,41.744878,45.275607,0.244740,423590.41,4.11,2505028196382348,19276820265,1115490957436617,11288524886,245c3b2aa993acace7292889e7d68794,
AI,aom,av2,0,G2,CosmosTreeTrunk_2048x858p24_hdr10.y4m,2048x858,24.00,10,2048x858,160,2994.515200,32.121328,40.014788,43.235037,7.776205,12.125127,60.119351,58.057467,30.677500,35.026203,32.100578,40.010180,43.231979,0.249861,150137.15,3.12,925910327174042,16424524068,423364731997518,9243838603,7a41ce2199d8836ce05e825a30344376,
AI,aom,av2,0,G2,CosmosTreeTrunk_2048x858p24_hdr10.y4m,2048x858,24.00,10,2048x858,185,952.064000,29.124879,37.956858,41.023420,5.668181,8.067777,29.601728,28.661896,26.019118,32.056216,29.111043,37.952911,41.020397,0.267904,45461.05,2.47,245377403843886,12090204623,117300067990913,6945414921,4c3100cded0dd5008e5aab7ca42c1de6,
AI,aom,av2,0,G2,CosmosTreeTrunk_2048x858p24_hdr10.y4m,2048x858,24.00,10,2048x858,210,242.406400,26.764273,35.915677,39.158589,4.542903,5.210196,12.129534,12.017610,23.015582,29.493293,26.753872,35.913748,39.146500,0.567544,10732.11,1.81,73120382656778,13284238715,29970452720723,5062363355,8e3d15314ec9511c5d3b5c4976b1c13e,
AI,aom,av2,0,G2,MeridianShore_1920x1080_5994_hdr10.y4m,1920x1080,60.00,10,1920x1080,85,54888.535465,44.777675,51.040655,55.796693,16.383313,23.215010,95.263761,93.654846,47.502379,44.341649,44.777649,51.040600,55.796497,0.171093,264791.78,4.54,1828188840069542,27004162036,739460236682697,12693088979,6ec980e7b8f94da68c0c873606dae590,
AI,aom,av2,0,G2,MeridianShore_1920x1080_5994_hdr10.y4m,1920x1080,60.00,10,1920x1080,110,23916.611389,41.385142,50.112551,54.685199,13.865601,19.487374,90.115716,88.123509,42.324391,42.418522,41.385125,50.112446,54.684922,0.287791,308371.32,4.64,1731289082969489,22464686110,802303176463165,12738905571,6ebb30d42424ba53f1b12bab68cdcc53,
AI,aom,av2,0,G2,MeridianShore_1920x1080_5994_hdr10.y4m,1920x1080,60.00,10,1920x1080,135,9280.255744,38.155303,48.835377,52.833676,11.568279,16.153499,77.887611,75.802187,37.574423,40.305461,38.155274,48.835075,52.831744,0.522218,232166.83,3.44,1310262573388266,15946079256,607397038146364,9507764847,3a2c3e9d39db2a18ab5d531930b7fe6e,
AI,aom,av2,0,G2,MeridianShore_1920x1080_5994_hdr10.y4m,1920x1080,60.00,10,1920x1080,160,3220.795205,35.305073,47.136455,50.768239,9.609703,13.134843,56.910173,54.999217,33.324526,38.065460,35.305026,47.135087,50.759653,1.039338,69280.30,2.70,488099410847615,16176120948,193478943217117,7548412355,54a7e79d6bd1eb1d6e65d91765c5c823,
AI,aom,av2,0,G2,MeridianShore_1920x1080_5994_hdr10.y4m,1920x1080,60.00,10,1920x1080,185,1092.347652,32.920777,45.740693,48.687691,8.297405,10.557104,30.679289,29.349817,29.893694,35.958083,32.920694,45.732156,48.618864,1.134263,21248.57,2.79,112179231483101,14225246013,54578247910132,7804283311,2ed4acabcf7bd8df44e95a8d4e0a7660,
AI,aom,av2,0,G2,MeridianShore_1920x1080_5994_hdr10.y4m,1920x1080,60.00,10,1920x1080,210,413.138861,30.910501,45.050209,49.297120,7.631015,8.634356,7.659676,7.220216,27.388352,34.369854,30.910317,45.047224,49.294807,1.040145,5896.88,2.16,39218076707626,16278742877,16467169072574,6019245524,6da3d0939e3f61031ac29cd185e9de4d,
AI,aom,av2,0,G2,MeridianTalk_1920x1080_5994_hdr10.y4m,1920x1080,60.00,10,1920x1080,85,15306.437562,46.504435,52.692437,58.881390,17.147616,23.808599,95.784809,94.442484,47.726856,45.903090,46.504373,52.692409,58.880954,1.056094,162048.49,3.88,871438457725095,17744726832,416874758827242,10691988960,0b717ee7752141e35f02afd93d52f99c,
AI,aom,av2,0,G2,MeridianTalk_1920x1080_5994_hdr10.y4m,1920x1080,60.00,10,1920x1080,110,6862.961039,44.760987,51.789146,57.103372,16.025343,21.508854,92.411724,90.585938,44.323995,44.769209,44.760775,51.789012,57.102531,1.117953,120078.32,3.12,631080047873138,12851435341,308135830918162,8603016082,b526a2797da4765acbc4bb1a8828e1ab,
AI,aom,av2,0,G2,MeridianTalk_1920x1080_5994_hdr10.y4m,1920x1080,60.00,10,1920x1080,135,3135.280719,42.562531,50.250448,54.881190,14.787398,18.814707,84.461815,82.183817,40.597048,43.162913,42.562240,50.249783,54.878996,1.149307,47447.21,2.81,319790886636725,16250979093,158669656949939,10340141006,c8f7dc59b989b2e4099d6421ad5ae378,
AI,aom,av2,0,G2,MeridianTalk_1920x1080_5994_hdr10.y4m,1920x1080,60.00,10,1920x1080,160,1458.461538,40.045525,48.443335,52.430293,13.678102,16.103332,70.323182,67.610349,37.090367,41.176339,40.045311,48.441031,52.413169,1.255737,26679.52,3.37,133476235119444,16653387003,68446903926819,9606860381,4f9b48bc710d22784bd8221a778798c3,
AI,aom,av2,0,G2,MeridianTalk_1920x1080_5994_hdr10.y4m,1920x1080,60.00,10,1920x1080,185,702.577423,37.297753,47.080727,50.544424,12.729713,13.612331,50.578849,48.061742,33.801535,39.181718,37.297302,47.071011,50.473639,0.542999,8101.09,2.19,54297257146660,15832761496,22624591061780,6117003582,0d157e0f00a018ea585f81d3aa93a4a6,
AI,aom,av2,0,G2,MeridianTalk_1920x1080_5994_hdr10.y4m,1920x1080,60.00,10,1920x1080,210,350.593407,34.182680,43.052771,48.197519,11.773135,11.201762,26.560816,24.553434,30.395056,35.783236,34.182368,43.012253,47.927783,0.446727,4265.84,2.16,27975833486996,16646900634,11915007542547,6032267224,6a1375b670dc584a9b735785cb352fc7,
AI,aom,av2,0,G2,SolLevanteDragons_1920x1080p24_hdr10.y4m,1920x1080,24.00,10,1920x1080,85,5409.971200,48.078151,51.032735,54.763026,18.878240,24.565475,99.752006,99.712329,47.860972,49.475027,47.876055,51.020477,54.623505,0.187656,178861.85,3.78,930520163293286,18716945048,460661436584388,10401333344,f7999ce7831fa10390de020d18a21340,
AI,aom,av2,0,G2,SolLevanteDragons_1920x1080p24_hdr10.y4m,1920x1080,24.00,10,1920x1080,110,2474.060800,46.299071,49.352455,52.351597,17.921004,21.937530,97.641797,96.376299,44.242281,47.774967,46.131208,49.341585,52.244231,0.203519,95703.98,2.75,601389980536893,16989451634,267277379815193,7674634237,006aeb15fdb40800b58c3220485543e7,
AI,aom,av2,0,G2,SolLevanteDragons_1920x1080p24_hdr10.y4m,1920x1080,24.00,10,1920x1080,135,1184.198400,44.048538,47.163778,49.631371,16.966349,19.185571,84.753989,83.192670,40.805997,45.667102,43.922219,47.153083,49.537393,0.202553,58908.45,2.72,300915503466144,13862808274,151787226211195,7570435347,016255725ee1fa0ba9a2630c1f06178b,
AI,aom,av2,0,G2,SolLevanteDragons_1920x1080p24_hdr10.y4m,1920x1080,24.00,10,1920x1080,160,549.683200,41.307643,44.572899,46.717313,15.996944,16.408938,61.386484,60.021785,37.448971,43.130523,41.200665,44.561159,46.643982,0.240056,19622.66,2.91,103240349021849,16510613569,50413334762744,8377552643,5fa7844d02e80913ef4402d013a01eaa,
AI,aom,av2,0,G2,SolLevanteDragons_1920x1080p24_hdr10.y4m,1920x1080,24.00,10,1920x1080,185,259.251200,38.465600,41.872108,43.726269,15.187865,13.949873,35.361487,34.409118,34.389552,40.324691,38.358293,41.856400,43.661362,0.192482,8061.81,2.66,42922244922959,16718285579,21097112448098,7699475709,ee097d09547bb9acade008431afad080,
AI,aom,av2,0,G2,SolLevanteDragons_1920x1080p24_hdr10.y4m,1920x1080,24.00,10,1920x1080,210,122.585600,35.474596,39.094732,40.792081,14.488693,11.740323,16.422065,15.997180,31.418063,37.315548,35.366262,39.077684,40.748332,0.190374,3285.68,1.66,22088744001117,13467599263,9175647849900,4646431015,a40cab055907f23b11b7894d27a942a7,
AI,aom,av2,0,G2,SolLevanteFace_1920x1080p24_hdr10.y4m,1920x1080,24.00,10,1920x1080,85,10170.841600,49.495852,55.556288,56.740064,21.534752,26.727911,95.401006,93.307136,50.865045,50.657321,49.495810,55.555908,56.739091,0.004857,334247.70,4.96,1766805493398408,20945898891,864200685284486,13603380810,ee236989c1afdc5647ae99882700ccbf,
AI,aom,av2,0,G2,SolLevanteFace_1920x1080p24_hdr10.y4m,1920x1080,24.00,10,1920x1080,110,5065.446400,45.239021,54.200609,55.024856,17.524488,22.024842,89.349457,86.790211,45.173707,47.795261,45.238939,54.199876,55.023881,0.004459,332299.84,4.34,1755478672188901,19163348350,859209802385401,12027422372,09c3b65433a91121ad85f019b7d5bd7b,
AI,aom,av2,0,G2,SolLevanteFace_1920x1080p24_hdr10.y4m,1920x1080,24.00,10,1920x1080,135,2092.217600,40.848827,52.120131,52.494943,13.375552,17.148304,75.586235,72.893353,39.515939,44.326473,40.848560,52.115873,52.491842,0.005430,155631.44,3.08,924187349095557,14507459445,438150494630652,9206048418,c505da644219238fd9e3452044cf3dee,
AI,aom,av2,0,G2,SolLevanteFace_1920x1080p24_hdr10.y4m,1920x1080,24.00,10,1920x1080,160,613.920000,37.188933,49.998944,49.222066,10.200696,12.854153,49.265195,47.273213,34.645862,41.066280,37.188507,49.990283,49.204380,0.004305,81637.32,2.99,505126055989609,13410361808,220683069313964,8380452000,674d05d6954628d7b1b2f4a486182c19,
AI,aom,av2,0,G2,SolLevanteFace_1920x1080p24_hdr10.y4m,1920x1080,24.00,10,1920x1080,185,165.356800,35.034148,48.413160,46.836420,9.083747,10.284480,18.211539,17.494938,31.804383,38.924858,35.033486,48.367236,46.799699,0.005315,27371.92,2.32,180671186298759,14823969230,75037519949415,6691722854,042406ae75e787f6e3c117e223e4437c,
AI,aom,av2,0,G2,SolLevanteFace_1920x1080p24_hdr10.y4m,1920x1080,24.00,10,1920x1080,210,59.219200,33.565290,46.061330,43.926545,8.871834,8.945464,3.003452,2.866130,30.149646,36.902010,33.564609,45.957022,43.875625,0.007314,7415.08,1.63,47270774713522,10536895042,20573457204331,4681630260,157305b07294232bb6c18bcba00b8f0a,
AI,aom,av2,0,G2,SparksTruck_2048x1080_5994_hdr10.y4m,2048x1080,60.00,10,2048x1080,85,69024.079920,45.572075,50.533833,50.532615,18.007322,25.016546,95.981273,94.306569,49.040038,44.605989,45.572059,50.533532,50.532389,0.529247,479988.13,4.29,3276044293597052,22909584891,1340479703246751,11980324239,da10110e3437fbc719e096cb99fba514,
AI,aom,av2,0,G2,SparksTruck_2048x1080_5994_hdr10.y4m,2048x1080,60.00,10,2048x1080,110,30858.597403,41.310799,49.388260,49.700446,14.239393,20.209164,91.207836,89.201000,42.868672,42.263668,41.310782,49.387936,49.700169,0.676103,490507.28,3.55,3288883521164714,20518871778,1369848968714375,9950767240,41872e45e44125a33bdd1704648a9d1f,
AI,aom,av2,0,G2,SparksTruck_2048x1080_5994_hdr10.y4m,2048x1080,60.00,10,2048x1080,135,11675.188811,37.564076,48.128336,48.802558,11.054413,15.796329,79.988420,77.738953,36.975379,39.830723,37.564040,48.127864,48.801828,0.693899,299012.16,3.01,2193423440321568,16256846826,835027195512767,8396835447,aeadb529f2cf565287352fea0e6ada4d,
AI,aom,av2,0,G2,SparksTruck_2048x1080_5994_hdr10.y4m,2048x1080,60.00,10,2048x1080,160,3859.772228,34.570992,46.429240,47.408607,8.947582,12.257763,58.561813,56.528936,32.443006,37.502181,34.570924,46.428417,47.405956,0.739274,198031.11,3.53,1281733355358449,17003527326,536020951538350,9841774977,5a7f75bceccec34dee66280f6eb625c4,
AI,aom,av2,0,G2,SparksTruck_2048x1080_5994_hdr10.y4m,2048x1080,60.00,10,2048x1080,185,1255.352647,32.219529,44.271191,46.130073,7.799536,9.800843,32.990860,31.462554,29.140698,35.314215,32.219500,44.268160,46.102881,0.665640,64706.43,2.15,543452033563725,14561383582,180726116074369,6012881443,b4df8d590d17f2ae0bb6931fc75ca73c,
AI,aom,av2,0,G2,SparksTruck_2048x1080_5994_hdr10.y4m,2048x1080,60.00,10,2048x1080,210,434.589411,30.262190,42.209622,44.846822,7.210171,8.173138,9.730310,8.999197,26.709268,33.287656,30.262103,42.186733,44.806728,0.392531,26887.85,2.74,177214913749823,16949643122,74243417479067,7914022023,f49c35f58df1311a784985c9c9f854cb,
AI,aom,av2,0,E,Artistic_Concert_1920x1080_25fps.y4m,1920x1080,25.00,8,1920x1080,85,28458.893333,46.612072,54.813286,53.934473,19.700878,26.439594,99.870649,99.832233,47.966347,48.712622,46.605976,54.754537,53.743838,0.013744,366380.97,5.38,2038169434845706,22445655798,952375311491892,14387365834,920a95a0e48c0747ba89afd3d6f49978,
AI,aom,av2,0,E,Artistic_Concert_1920x1080_25fps.y4m,1920x1080,25.00,8,1920x1080,110,15344.573333,42.602042,51.664040,50.597621,16.440968,21.745652,99.790591,99.732374,42.305520,44.620772,42.589658,51.627455,50.275183,0.039890,232906.71,3.83,1620323589368180,21746666654,650417422219560,10687265079,608f666dffb833290a15b4243811bc8f,
AI,aom,av2,0,E,Artistic_Concert_1920x1080_25fps.y4m,1920x1080,25.00,8,1920x1080,135,7487.460000,38.507591,48.934640,47.763285,13.015294,16.823403,96.938475,95.183442,36.418817,40.818928,38.497422,48.907028,47.333571,0.229424,328905.27,4.81,1861186254516989,22796916567,857533590540505,13295290792,16afbdac29cad1e5fd225e94b140fd9c,
AI,aom,av2,0,E,Artistic_Concert_1920x1080_25fps.y4m,1920x1080,25.00,8,1920x1080,160,3167.126667,34.552219,46.081967,44.918085,10.018031,12.274520,80.907846,78.683071,31.227010,37.189947,34.540338,46.055474,44.539487,1.831042,138126.98,3.17,970003759192251,20180807959,385759883703630,8864362020,d731308cbe83bcca30786ad0c4ac45b1,
AI,aom,av2,0,E,Artistic_Concert_1920x1080_25fps.y4m,1920x1080,25.00,8,1920x1080,185,1351.160000,31.434397,42.838165,41.665557,8.457645,9.967862,62.205239,60.198977,27.699431,34.339454,31.419579,42.807211,41.367877,2.827543,58590.86,2.75,421985930627430,17247030835,163622636023220,7662511492,c282faebe092d8b3fbaa33f18487c184,
AI,aom,av2,0,E,Artistic_Concert_1920x1080_25fps.y4m,1920x1080,25.00,8,1920x1080,210,607.226667,28.496415,38.995166,38.043704,7.332167,8.247050,44.625087,42.899188,24.475303,31.425740,28.476269,38.934866,37.835157,2.929749,27678.78,3.05,151164702748257,15330452907,73193966331589,8617102642,fc972b0002b02fc00b84a0424224e819,
AI,aom,av2,0,E,Artistic_Intro_1920x1080_2997fps.y4m,1920x1080,30.00,8,1920x1080,85,38892.787213,46.387401,48.510547,50.048233,22.437677,29.601386,99.879489,99.792916,49.870896,47.536222,46.360144,48.481791,50.023786,0.373637,367973.71,5.83,2059775383034226,23366521618,961048101343633,15393332090,04532e021cc1af06286539ae2fbc7918,
AI,aom,av2,0,E,Artistic_Intro_1920x1080_2997fps.y4m,1920x1080,30.00,8,1920x1080,110,18719.344655,42.298808,44.566657,46.314638,18.920888,25.151333,99.430101,98.273549,44.299410,43.385370,42.259878,44.510514,46.263240,0.311588,223443.97,4.02,1570078660742785,21806189272,623998346934065,11272237957,7b2ec19abf1c013bf07bfdf2dedbed8b,
AI,aom,av2,0,E,Artistic_Intro_1920x1080_2997fps.y4m,1920x1080,30.00,8,1920x1080,135,9823.256743,39.010278,41.608262,43.558824,16.254778,21.471629,94.773952,92.329430,39.079128,40.378194,38.969979,41.550170,43.496899,0.424851,353836.20,4.81,2024830592156900,21885877576,928551197861109,13208980135,386716e563661bfaec973658527a080e,
AI,aom,av2,0,E,Artistic_Intro_1920x1080_2997fps.y4m,1920x1080,30.00,8,1920x1080,160,5314.941059,35.374763,38.746417,40.779731,13.336654,17.537344,83.327863,80.199349,33.803010,37.269679,35.325124,38.697983,40.731463,0.713257,185064.18,3.14,1345837914454043,18882208704,516819016883231,8765621490,0096a543398ae8dd881897849352f0ae,
AI,aom,av2,0,E,Artistic_Intro_1920x1080_2997fps.y4m,1920x1080,30.00,8,1920x1080,185,2721.422577,31.319085,35.655117,37.615534,10.141900,13.374059,64.661770,61.386714,28.602813,33.780588,31.259327,35.610165,37.577550,0.694870,128286.24,3.66,771413332563390,16579768505,338707454419503,10088970839,87b64dba193b65fa0b668795389b764e,
AI,aom,av2,0,E,Artistic_Intro_1920x1080_2997fps.y4m,1920x1080,30.00,8,1920x1080,210,1225.614386,27.071628,32.494532,34.313385,6.334141,8.973010,43.284347,40.619511,23.572065,29.884914,27.013821,32.465544,34.283911,1.202455,57840.07,3.51,345261332132702,16799963069,153724117108062,9830699235,ccfc3d6e7ed5f630921d773f6942d4f7,
AI,aom,av2,0,E,MixedCoding_NewsIntroAnchor_1280x720_2997fps.y4m,1280x720,30.00,8,1280x720,85,9411.324675,49.310500,49.660787,51.493095,23.010218,28.874848,98.973543,98.433264,48.548191,51.819271,49.233109,49.650879,51.484338,4.867328,174794.57,2.19,971502555387015,7914530714,455513009947353,5799939875,43abd36046509625b30ae0e4d010d7d8,
AI,aom,av2,0,E,MixedCoding_NewsIntroAnchor_1280x720_2997fps.y4m,1280x720,30.00,8,1280x720,110,4291.492507,45.011083,46.013981,48.186431,19.783389,24.427650,97.924738,96.749788,44.210766,47.485019,44.902847,46.007838,48.180019,5.140895,97028.73,1.61,690946610078009,9087607335,270956883555066,4486861682,22736122605baecbc60bc84034a78dad,
AI,aom,av2,0,E,MixedCoding_NewsIntroAnchor_1280x720_2997fps.y4m,1280x720,30.00,8,1280x720,135,1982.241758,41.403134,43.341576,45.677896,16.860918,20.469259,94.655969,92.876580,39.937745,44.256757,41.290911,43.337552,45.672330,4.954385,103337.11,1.76,609048625693704,8517338414,271176613542497,4896588198,2a0c582c5f6c2affcb37014a196580a7,
AI,aom,av2,0,E,MixedCoding_NewsIntroAnchor_1280x720_2997fps.y4m,1280x720,30.00,8,1280x720,160,947.180819,37.941346,40.458432,43.113551,14.081215,16.812693,87.971169,84.683575,35.739092,41.126133,37.828776,40.449749,43.103484,4.773595,63866.31,1.51,393494528671848,7045317423,169056240531443,4202424372,b9a69f9516bf726bb473bae937d7449a,
AI,aom,av2,0,E,MixedCoding_NewsIntroAnchor_1280x720_2997fps.y4m,1280x720,30.00,8,1280x720,185,503.760240,34.690798,37.145346,39.899431,11.929384,13.999216,75.655526,70.927486,31.993684,37.871991,34.622093,37.127066,39.879136,4.298999,37724.83,1.27,237855765686538,6320399204,100759061720876,3545819643,9c5cb518f57c4aef5d2ee09edd7c54ae,
AI,aom,av2,0,E,MixedCoding_NewsIntroAnchor_1280x720_2997fps.y4m,1280x720,30.00,8,1280x720,210,277.250749,31.296230,33.703600,36.601883,9.998101,11.582094,58.773197,53.429625,28.075460,34.567695,31.242875,33.678092,36.558395,3.937388,22137.30,1.15,142699853496945,6768433243,59750388086520,3224810785,33ce48b332ee57feacec0b0bece8f16d,
AI,aom,av2,0,E,MixedCoding_NewsIntroOnly_1280x720_2997fps.y4m,1280x720,30.00,8,1280x720,85,21702.033966,46.365076,47.606083,48.090275,20.039209,27.233426,99.853837,99.810429,48.030229,48.531673,46.341208,47.573144,48.059311,2.570873,199657.95,2.41,1086720912239335,9377664837,518861715356165,6309378746,98aaf0a7bf08f4cbe3f2f693e2ff38fa,
AI,aom,av2,0,E,MixedCoding_NewsIntroOnly_1280x720_2997fps.y4m,1280x720,30.00,8,1280x720,110,10237.906094,41.572421,43.637763,44.393616,15.980598,22.515789,99.733324,99.638428,42.837319,44.183549,41.562109,43.623227,44.369687,2.610361,181127.65,2.29,1012121748077224,9546967513,471147855832775,6136787706,e0f647020d479970df93ff6e26cb029e,
AI,aom,av2,0,E,MixedCoding_NewsIntroOnly_1280x720_2997fps.y4m,1280x720,30.00,8,1280x720,135,4512.383616,37.531571,40.898321,42.137324,12.909590,18.491684,96.292464,94.052539,37.620843,40.834534,37.518387,40.881435,42.112807,2.144258,171896.90,2.14,965087645043538,9350964228,447365044031663,5854894851,d2c0aeacfb0471619f3322dc187cb88f,
AI,aom,av2,0,E,MixedCoding_NewsIntroOnly_1280x720_2997fps.y4m,1280x720,30.00,8,1280x720,160,2072.767233,33.939089,38.348174,39.735703,10.293675,14.529287,82.277702,79.617146,32.494016,37.724793,33.925594,38.335876,39.719891,2.093913,90146.90,1.81,514968552495812,8127103601,234449520544598,4994566903,800ef439084d47433269597dce91425b,
AI,aom,av2,0,E,MixedCoding_NewsIntroOnly_1280x720_2997fps.y4m,1280x720,30.00,8,1280x720,185,921.934066,30.535055,35.498666,36.781580,8.172236,11.006802,61.690695,59.061026,27.810618,34.555071,30.505439,35.488248,36.763757,1.988444,32669.37,1.20,230144695873913,6978059666,91233836484185,3360645968,09fab315b5b00cece5aed0edec5fb666,
AI,aom,av2,0,E,MixedCoding_NewsIntroOnly_1280x720_2997fps.y4m,1280x720,30.00,8,1280x720,210,407.752248,27.458946,32.777710,33.844739,6.768448,8.326220,39.682747,37.984036,23.861385,31.519835,27.414835,32.770512,33.829219,2.437503,17162.10,1.42,97629636065623,7718054214,45323243655560,4060400869,c703ad8abed8ea116a4ab3e4cd48b4f1,
AI,aom,av2,0,E,MountainBike_1920x1080_30fps_8bit.y4m,1920x1080,30.00,8,1920x1080,85,71832.336000,45.218164,48.022757,47.825686,20.480925,27.815006,99.610014,99.485167,48.226307,44.112043,45.202965,48.013686,47.819138,0.300302,315924.12,9.61,1783623893309701,39098825289,828029868091181,25748608593,eac09694a4ad75f8c647e41b92a60f21,
AI,aom,av2,0,E,MountainBike_1920x1080_30fps_8bit.y4m,1920x1080,30.00,8,1920x1080,110,40218.896000,40.409466,44.831564,44.541432,16.685272,23.072622,99.327231,99.145655,42.543165,40.464282,40.382769,44.817997,44.530965,0.352368,291652.24,5.92,2091782916667029,33807844872,814473285404184,16543579554,ad7b932b2002553a1845fd1bf5b15fd7,
AI,aom,av2,0,E,MountainBike_1920x1080_30fps_8bit.y4m,1920x1080,30.00,8,1920x1080,135,20551.768000,35.920387,41.919064,41.404772,13.074468,18.508911,98.544519,98.332208,36.528167,37.076531,35.876454,41.906565,41.393697,0.390789,632316.57,6.15,3664678663834113,28838921198,1656729584647778,16815309645,354996baa6998680c6a3bc49778d8008,
AI,aom,av2,0,E,MountainBike_1920x1080_30fps_8bit.y4m,1920x1080,30.00,8,1920x1080,160,9594.256000,31.680573,39.195162,38.362008,9.714956,14.065074,92.976422,91.398672,30.672206,33.755173,31.617635,39.189709,38.354847,0.419130,330081.19,4.03,2315354615618751,23087710726,921368639546946,11017123722,b52bd8595ac4068472999d1e02bfe20a,
AI,aom,av2,0,E,MountainBike_1920x1080_30fps_8bit.y4m,1920x1080,30.00,8,1920x1080,185,3775.512000,27.732207,36.593436,35.507173,6.898270,10.074493,70.165268,68.142197,25.361422,30.494424,27.658718,36.589029,35.501656,0.579529,141655.27,3.09,1023639365648817,18724189659,395607532202925,8651215754,bbdd6199a88bfd663603259e32e8d659,
AI,aom,av2,0,E,MountainBike_1920x1080_30fps_8bit.y4m,1920x1080,30.00,8,1920x1080,210,1224.376000,24.484078,33.737264,32.897821,4.957029,6.770634,46.177132,44.893929,21.046816,27.410014,24.420953,33.722688,32.884311,0.767500,43187.09,2.63,308675462517861,15760633481,120610605915075,7381509466,ae04986da1c3b7b560a351769114b8ec,
AI,aom,av2,0,E,Noise_AnimationCrayon_1920x1080_2398fps.y4m,1920x1080,24.00,8,1920x1080,85,43595.802597,45.118126,45.619801,47.131183,17.233124,24.791601,97.879221,96.924555,47.633673,44.503651,45.117735,45.619205,47.128917,0.011931,373107.59,4.74,2556128602939151,26753675337,1041959722236927,13220218258,e3fcc066ff9cbf7d05739af04bb3c0bc,
AI,aom,av2,0,E,Noise_AnimationCrayon_1920x1080_2398fps.y4m,1920x1080,24.00,8,1920x1080,110,14243.120080,39.744034,41.351325,45.636447,11.642173,18.123417,95.889186,94.696399,40.830602,40.238045,39.743358,41.348693,45.608090,0.014812,267078.43,4.00,1863271974995392,23922817105,745822473965339,11193476426,bd81841608ee39093971001c1ad50342,
AI,aom,av2,0,E,Noise_AnimationCrayon_1920x1080_2398fps.y4m,1920x1080,24.00,8,1920x1080,135,2713.887712,36.652729,39.569973,44.474792,8.864119,13.683754,91.212646,89.558316,35.431778,38.019233,36.646677,39.554632,44.407881,0.100926,176731.66,3.24,1291389210702658,18088268529,602466587939373,11692477681,f50cc9cc6b06df3faaabef4b0f4271ab,
AI,aom,av2,0,E,Noise_AnimationCrayon_1920x1080_2398fps.y4m,1920x1080,24.00,8,1920x1080,160,948.606593,35.337139,38.626744,42.858563,8.338306,12.565708,82.653932,80.705280,33.310520,37.018661,35.330139,38.607194,42.748362,0.452343,110646.88,3.09,657955396768183,15398568491,292950181072125,8763624427,dcfa46c71425658e89ada7fad36b5233,
AI,aom,av2,0,E,Noise_AnimationCrayon_1920x1080_2398fps.y4m,1920x1080,24.00,8,1920x1080,185,455.672328,34.000901,37.420734,40.578067,8.066115,11.887939,72.994057,70.548546,31.322582,35.877460,33.997867,37.402717,40.458402,0.364927,39422.59,2.11,302773824244233,13682175786,110107915195047,5925209611,ae6832ebf918018e5a0a686dbdaada51,
AI,aom,av2,0,E,Noise_AnimationCrayon_1920x1080_2398fps.y4m,1920x1080,24.00,8,1920x1080,210,260.852747,32.178368,35.846852,38.215334,7.817635,11.382541,62.731151,59.337493,28.917144,34.463209,32.159273,35.838353,38.156134,0.740417,11906.62,2.27,83373122277342,13092613348,33250075905538,6394912846,543cddc06c7cfe5be45b42068b439b9f,
AI,aom,av2,0,E,Noise_Animation_1280x720_2398fps.y4m,1280x720,24.00,8,1280x720,85,13186.563836,46.089218,53.774345,53.523132,17.459655,24.125888,99.636688,99.048674,46.705506,49.662129,46.015868,53.726797,53.502995,1.655302,204590.50,1.73,1376882311535162,9500353800,571348107487362,4833416020,a0be16fc9f7b868680993ef9d20bfeff,
AI,aom,av2,0,E,Noise_Animation_1280x720_2398fps.y4m,1280x720,24.00,8,1280x720,110,2128.233367,40.017025,50.643944,49.821183,11.184618,17.788063,98.544891,97.076806,40.384541,43.701054,39.691363,50.632409,49.804774,6.490825,83877.53,1.42,514110472198327,6207266581,233868911419211,4158320029,27249a6423594d4e7826013409f2bcd2,
AI,aom,av2,0,E,Noise_Animation_1280x720_2398fps.y4m,1280x720,24.00,8,1280x720,135,790.991409,38.948152,48.557312,47.148408,10.757843,16.623723,95.720208,93.458155,38.712011,42.415114,38.754152,48.548520,47.127775,4.481231,38991.66,1.19,274462074975734,7198042966,108920417806566,3329365141,5ece66d8ac09f9026097653313c4c306,
AI,aom,av2,0,E,Noise_Animation_1280x720_2398fps.y4m,1280x720,24.00,8,1280x720,160,451.893706,37.844755,45.792519,43.623201,10.448821,15.968138,91.198012,88.017859,37.093867,41.016023,37.718775,45.786701,43.596824,3.734396,26284.12,1.36,147452978333922,7665959868,67924174131218,3824856021,77eb6de498d6d7278146b82ff7c6f353,
AI,aom,av2,0,E,Noise_Animation_1280x720_2398fps.y4m,1280x720,24.00,8,1280x720,185,272.636164,35.724559,42.185466,39.459585,9.854761,14.791481,81.259262,77.165832,33.987020,38.938474,35.668181,42.176124,39.426192,2.842607,10451.21,1.00,74970467297730,6161054998,35429943813311,3663644095,b1cfc05a45f6f9c23f85de5445db035a,
AI,aom,av2,0,E,Noise_Animation_1280x720_2398fps.y4m,1280x720,24.00,8,1280x720,210,154.814785,32.520833,38.451584,34.614133,8.870682,12.783091,58.293377,54.941545,29.432434,35.852987,32.496180,38.436415,34.593804,2.082187,6559.27,1.18,37115666909790,6577193997,17413350112612,3361730526,2161448c4d0fe1db17af0497e0a57bc8,
AI,aom,av2,0,E,Noise_Ocean_1920x1080_60fps.y4m,1920x1080,60.00,8,1920x1080,85,84849.408000,45.537320,61.988822,65.116621,16.604118,23.057008,87.646919,86.465289,46.829827,49.799107,45.478817,61.873237,65.013033,0.054207,388007.55,4.19,2579746899714471,22673199381,1083419954517736,11700123200,0bc85eaceee6a83e035b5e9f4ce20fa8,
AI,aom,av2,0,E,Noise_Ocean_1920x1080_60fps.y4m,1920x1080,60.00,8,1920x1080,110,21079.904000,39.982740,56.136044,60.126237,10.995927,16.453098,72.924650,71.818857,39.695037,43.707448,39.875984,56.114934,60.089411,0.822961,165210.15,2.54,1119717709289030,14640100753,461372161523351,7103337713,2d622a53496093d000c05fc3cd5b2714,
AI,aom,av2,0,E,Noise_Ocean_1920x1080_60fps.y4m,1920x1080,60.00,8,1920x1080,135,870.848000,37.525900,53.696081,57.658438,8.778899,12.794054,44.665098,43.879337,35.395265,41.071016,37.394921,53.676705,57.629308,2.366410,52382.00,1.42,350985186522399,6876135229,146275638981745,3953234323,e7e87edaed6a84fdaa32c7ec3adaf234,
AI,aom,av2,0,E,Noise_Ocean_1920x1080_60fps.y4m,1920x1080,60.00,8,1920x1080,160,372.880000,37.292338,51.669351,54.017386,8.732458,12.551400,37.021346,35.990848,35.031230,40.411086,37.175111,51.655421,53.986382,2.265681,21890.53,1.36,155216938565955,8752977132,61142420302932,3771830383,ada8b4e33e542f6f36a75e6326fe5b2b,
AI,aom,av2,0,E,Noise_Ocean_1920x1080_60fps.y4m,1920x1080,60.00,8,1920x1080,185,208.128000,36.901999,48.681901,52.241883,8.703522,12.282294,29.980729,28.781544,34.499400,39.381095,36.806719,48.647909,52.206617,2.003162,8633.23,1.98,46373513938033,12426799732,22775776136627,5703127603,d61bdbfb2a09910efc993bc5cbf38737,
AI,aom,av2,0,E,Noise_Ocean_1920x1080_60fps.y4m,1920x1080,60.00,8,1920x1080,210,123.984000,36.031303,45.508527,49.550588,8.677824,11.889015,26.020958,24.201135,33.375989,37.785294,35.967799,45.460920,49.356442,1.794837,4179.05,1.95,21409590144451,12199629652,11548440045994,5702969900,f568d3f9e193947725ba74115905b4a2,
AI,aom,av2,0,E,Noise_Soccer_1920x1080_50fps.y4m,1920x1080,50.00,8,1920x1080,85,275418.466667,42.846789,48.544902,51.809382,18.916039,24.873806,99.780669,99.299952,48.759939,44.969667,42.846640,48.544815,51.808974,0.049845,574773.36,8.14,4429617299124015,38953576976,1976353647507999,28202876835,ddd7ba0697e73edce2ff8fe8c4a40fe8,
AI,aom,av2,0,E,Noise_Soccer_1920x1080_50fps.y4m,1920x1080,50.00,8,1920x1080,110,163581.920000,36.620683,45.640427,46.761227,12.506259,18.548180,97.525100,96.227825,41.688608,39.161279,36.620626,45.640071,46.760765,0.110627,693527.83,8.16,4616009265644739,38533757870,1972643950267947,23448196958,76ac987251899927bee67438cfd1adc2,
AI,aom,av2,0,E,Noise_Soccer_1920x1080_50fps.y4m,1920x1080,50.00,8,1920x1080,135,46575.306667,30.096681,42.617306,41.697053,4.862296,11.460662,89.967310,88.276105,34.046992,32.813666,30.096613,42.616544,41.696510,2.107532,831207.72,4.44,6036119700344210,23639636631,2321380811744981,12389001318,4884cd2035aae0e057b49f10ca31355e,
AI,aom,av2,0,E,Noise_Soccer_1920x1080_50fps.y4m,1920x1080,50.00,8,1920x1080,160,8438.080000,27.910710,39.821397,37.056016,2.898247,9.139387,78.865871,76.735020,31.175651,30.535813,27.910699,39.820370,37.055655,9.802283,188114.58,3.14,1421813980490063,18152838199,643243028126467,11386514367,a5a6e67ae3a0d72e8268fec547f96669,
AI,aom,av2,0,E,Noise_Soccer_1920x1080_50fps.y4m,1920x1080,50.00,8,1920x1080,185,3339.240000,26.781081,37.222475,33.333200,2.729825,8.661614,64.331855,61.951055,28.553586,29.650519,26.781066,37.221677,33.331659,8.636309,124880.34,3.16,707670853612651,15408724980,325997001123189,8949004781,a8204c7b3d8f0fc2afc3bc714b58c705,
AI,aom,av2,0,E,Noise_Soccer_1920x1080_50fps.y4m,1920x1080,50.00,8,1920x1080,210,1205.000000,25.120975,34.732885,30.993192,2.461974,7.748000,41.812539,40.069870,24.450307,28.528897,25.120883,34.728356,30.990175,6.467952,42078.72,2.75,230847161902814,13622704849,110883216730629,7848081723,2431473ec9733fa379d24d06c6b8a794,
AI,aom,av2,0,E,Shaky_Baseball_3840x2160_5994fps.y4m,3840x2160,60.00,8,3840x2160,85,75564.931069,49.219132,51.105931,50.944204,20.389663,25.618517,99.772254,99.735230,46.214941,49.865881,49.074005,51.025273,50.866807,5.582773,600931.87,13.90,3130416061065332,49610228112,1542798369394072,37291367173,1b2bff3d1072ace5317a0ed32e01a784,
AI,aom,av2,0,E,Shaky_Baseball_3840x2160_5994fps.y4m,3840x2160,60.00,8,3840x2160,110,27399.160839,46.911997,48.080214,47.927362,18.897778,22.925381,99.442226,99.272707,43.138447,46.784226,46.817362,48.008994,47.894059,8.487419,257620.85,9.89,1343915281786207,35808507127,664851666600420,26909096273,45a2cdb4f8c56d9d1b42243c572dfb5a,
AI,aom,av2,0,E,Shaky_Baseball_3840x2160_5994fps.y4m,3840x2160,60.00,8,3840x2160,135,13115.220779,45.030225,45.998081,45.844239,18.075632,21.182662,97.233048,96.546823,40.743610,44.799552,44.902985,45.850620,45.793384,8.742669,160565.11,7.09,1029812084408303,39080846532,448433637696618,19833066785,b036699d635a36cb647ecffcf4d6b40c,
AI,aom,av2,0,E,Shaky_Baseball_3840x2160_5994fps.y4m,3840x2160,60.00,8,3840x2160,160,7105.438561,42.702410,43.655353,43.507442,17.291454,19.243987,89.102369,87.430323,38.036416,42.570556,42.491717,43.410055,43.411225,8.584668,119356.59,10.92,634880379931400,54313156550,313973163020046,30933921699,d956b7757bb980ffe56b87c0d0def21e,
AI,aom,av2,0,E,Shaky_Baseball_3840x2160_5994fps.y4m,3840x2160,60.00,8,3840x2160,185,3887.392607,39.715704,40.558244,40.346441,16.389544,16.921986,72.012491,70.217127,34.853933,39.743274,39.406898,40.236441,40.215656,7.786428,53752.78,6.66,381256153326440,41397278769,150131786864574,18581328841,a7c6ff1734316391607fd4e5469154fa,
AI,aom,av2,0,E,Shaky_Baseball_3840x2160_5994fps.y4m,3840x2160,60.00,8,3840x2160,210,2081.806194,36.103836,37.091209,36.838161,15.259135,14.220972,52.730797,51.136117,31.284072,36.464338,35.736207,36.771962,36.736439,7.253639,28779.80,6.35,209191457125764,43784150492,80369304993661,17760087486,d72584a428e7e08b21565c7957875246,
AI,aom,av2,0,E,Shaky_Fireworks_3840x2160_2997fps.y4m,3840x2160,30.00,8,3840x2160,85,26621.634366,52.487821,56.834040,56.042998,23.971008,27.827639,98.854433,98.674329,48.195661,55.700510,52.387723,56.122551,55.293632,5.811457,295536.36,10.49,1912425847008918,53701706884,825326094659074,29287399552,45b59ee66e329afc37abf91b8a608fe2,
AI,aom,av2,0,E,Shaky_Fireworks_3840x2160_2997fps.y4m,3840x2160,30.00,8,3840x2160,110,10638.353646,49.117019,52.087485,51.565754,22.083709,23.549891,97.081311,96.626970,44.329782,49.544440,49.033448,51.581361,51.051967,9.458194,140920.00,9.69,903586997314070,55690131678,393560771839447,27074098940,2020d886fc939269a5692184edbf7a83,
AI,aom,av2,0,E,Shaky_Fireworks_3840x2160_2997fps.y4m,3840x2160,30.00,8,3840x2160,135,4339.492507,46.262251,49.578678,49.152212,20.814345,20.473465,92.294539,91.070267,41.547621,46.435004,46.152537,48.928052,48.569390,11.943561,142461.29,11.78,734584450084826,56535379548,370123570158759,32941678200,20e10737b8deb0cbfd75356b8ce58e22,
AI,aom,av2,0,E,Shaky_Fireworks_3840x2160_2997fps.y4m,3840x2160,30.00,8,3840x2160,160,2016.943057,43.918803,47.194629,46.960332,19.929157,18.565068,84.231490,82.452198,39.336199,44.113352,43.662407,46.330362,46.274911,12.711813,66836.26,8.21,443893782425315,54391900892,186663684149786,22959106959,e55c5860a7fea20f1e5171e8f9dbd8c2,
AI,aom,av2,0,E,Shaky_Fireworks_3840x2160_2997fps.y4m,3840x2160,30.00,8,3840x2160,185,993.006993,41.353676,44.174841,44.181866,18.973607,16.917335,72.764756,70.757060,36.799647,41.445870,40.813681,43.188474,43.457113,12.647851,47264.76,9.65,258801015725210,58954848492,127065099336863,27777117018,6e6e016280c5954229b3eb15db079b31,
AI,aom,av2,0,E,Shaky_Fireworks_3840x2160_2997fps.y4m,3840x2160,30.00,8,3840x2160,210,476.731269,38.253302,41.010218,40.990276,17.898406,15.175919,56.258146,54.428483,33.712867,38.465514,37.444243,39.937628,40.136604,13.460102,27018.13,9.33,145579741010654,59069203705,74108323449285,27070129567,12537474c7dd934c4548392c80436def,
AI,aom,av2,0,E,Shaky_Quad_1920x1080_30fps.y4m,1920x1080,30.00,8,1920x1080,85,53498.416000,45.919938,56.785454,56.754781,21.853424,28.788134,99.867305,99.829764,49.185611,49.107599,45.916577,56.704428,56.662898,0.374960,366541.48,6.45,2164072538840094,26588164628,964085044351271,17317727688,850ea576f5ba4593a9a33568b8e13922,
AI,aom,av2,0,E,Shaky_Quad_1920x1080_30fps.y4m,1920x1080,30.00,8,1920x1080,110,32367.528000,41.354049,53.209534,53.209831,18.487580,24.444189,99.788289,99.735159,44.307478,44.440351,41.345772,53.178634,53.161742,0.527824,369049.90,6.13,2199634385730863,23309184013,972551134675662,16559988909,69d8077aafdf7358ec1f024d25f90993,
AI,aom,av2,0,E,Shaky_Quad_1920x1080_30fps.y4m,1920x1080,30.00,8,1920x1080,135,18313.952000,36.809528,50.199605,50.262701,14.886947,20.065591,99.578837,99.508946,38.573371,40.338093,36.798654,50.179480,50.220075,0.741194,572088.36,5.03,3347731889821046,22154843369,1501259810629345,13579374242,76635d40c0a8f8e3dcda41e55d92059f,
AI,aom,av2,0,E,Shaky_Quad_1920x1080_30fps.y4m,1920x1080,30.00,8,1920x1080,160,9084.128000,32.247222,47.307531,47.054049,11.247437,15.659112,95.485242,93.249647,32.187802,36.249345,32.241073,47.297175,47.020458,0.953187,327002.29,3.56,2365696380879873,21543130135,913188152182013,9920244392,50d6dd73c8745094c6199496aac5bde4,
AI,aom,av2,0,E,Shaky_Quad_1920x1080_30fps.y4m,1920x1080,30.00,8,1920x1080,185,3681.272000,28.159850,44.486372,43.466405,8.188003,11.602421,70.882545,68.869541,26.184653,32.474898,28.155127,44.467905,43.432416,1.075129,196971.25,3.61,1147314078944288,17138943329,515351262154231,10082618276,d732ada46615c2b7e8e9b958f22ddcfd,
AI,aom,av2,0,E,Shaky_Quad_1920x1080_30fps.y4m,1920x1080,30.00,8,1920x1080,210,1288.744000,24.779191,42.751918,41.046611,6.018785,8.159784,45.255634,43.834688,21.483375,29.422171,24.775332,42.688025,40.972507,1.063433,60855.07,2.47,453046114304901,15237949112,169945760400775,6898907578,ff481ec52f796e1956d31aa88a610006,
AI,aom,av2,0,E,Shaky_Walk_1920x1080_25fps.y4m,1920x1080,25.00,8,1920x1080,85,47757.240000,45.181475,54.747258,55.660092,19.871775,27.114884,99.820108,99.767288,49.141794,47.671744,45.139521,54.680028,55.587958,0.168407,278532.70,5.48,1964812921619198,29039711940,777847008577934,15292557302,6d7aa8b7835fecc16dd251bda499579b,
AI,aom,av2,0,E,Shaky_Walk_1920x1080_25fps.y4m,1920x1080,25.00,8,1920x1080,110,27022.113333,40.760818,51.235946,52.130092,16.144596,22.278905,99.666134,99.599278,43.203573,43.208483,40.683035,51.192390,52.088136,0.180682,289999.16,4.14,2066834124798610,23651859537,809865410274580,11584416346,8a33b39817ce54ab73f985e05b6d2238,
AI,aom,av2,0,E,Shaky_Walk_1920x1080_25fps.y4m,1920x1080,25.00,8,1920x1080,135,13440.593333,36.248753,47.903189,48.894349,12.172475,17.293334,99.304078,99.209691,36.836406,38.984633,36.147749,47.872760,48.872042,0.192696,537972.74,5.00,3080653939243958,19488484530,1403514168346295,13532016129,db2c9247dd7ebb0e72328ace8739c4c4,
AI,aom,av2,0,E,Shaky_Walk_1920x1080_25fps.y4m,1920x1080,25.00,8,1920x1080,160,5671.613333,32.221886,44.785807,45.810194,8.659824,12.591299,84.983980,82.793925,30.994084,35.201329,32.052340,44.750205,45.773574,0.214673,216959.61,2.79,1496175832388016,16469108303,605917428126315,7815192392,ec171b2d27a82a7129f5d0e0c323e848,
AI,aom,av2,0,E,Shaky_Walk_1920x1080_25fps.y4m,1920x1080,25.00,8,1920x1080,185,2052.546667,28.737171,41.732505,42.769664,6.139453,8.691199,60.249098,58.523629,26.167032,31.966238,28.562461,41.692391,42.723777,0.469614,79287.09,2.56,537629213854445,15644762871,221422565087936,7157768468,9fefe40f271e1acb9b4652d948b107c2,
AI,aom,av2,0,E,Shaky_Walk_1920x1080_25fps.y4m,1920x1080,25.00,8,1920x1080,210,680.686667,25.969026,38.527901,39.761394,4.812190,6.366859,39.476416,38.462936,22.573272,29.287097,25.812240,38.463858,39.682305,1.224397,33015.70,3.04,179478328125202,16292831504,86578993992736,8617070541,f9ce1f230beffecbf059d73d761705e7,
AI,aom,av2,0,E,Vertical_Carnaby_1080x1920_5994.y4m,1080x1920,60.00,8,1080x1920,85,29010.093906,49.284024,51.241082,51.224909,21.700656,28.045121,99.839925,99.806965,47.740009,49.908141,49.264980,51.228635,51.212007,2.428736,267521.90,3.66,1863462490691738,15668490088,905064339994549,12881521087,3c9ab7d67ea88975681df138266a4ab4,
AI,aom,av2,0,E,Vertical_Carnaby_1080x1920_5994.y4m,1080x1920,60.00,8,1080x1920,110,13582.609391,46.177730,48.174931,48.167770,19.643688,24.584135,99.746860,99.693378,43.606292,46.265805,46.151652,48.167818,48.158858,2.446242,142450.92,3.82,1012582929008229,15200477885,483014708741625,13495757572,854585560449ae27448ec5ce3be78b67,
AI,aom,av2,0,E,Vertical_Carnaby_1080x1920_5994.y4m,1080x1920,60.00,8,1080x1920,135,7011.324675,43.237572,45.434726,45.370451,17.955223,21.520123,97.055092,94.945097,39.697298,43.411309,43.204861,45.425671,45.359836,2.327272,125710.49,2.77,856802965495189,17290675704,351057912087621,7747149388,6341588a94e3df485771d1d52ecd2177,
AI,aom,av2,0,E,Vertical_Carnaby_1080x1920_5994.y4m,1080x1920,60.00,8,1080x1920,160,3824.479520,39.969076,42.615344,42.422017,16.148608,18.387521,84.241057,81.617304,35.791736,40.474318,39.930730,42.603723,42.410276,2.029079,73040.57,3.00,558564433925855,14811830824,251322481380818,10910195723,f7c7dffee860758e1b12194e2a7f0e98,
AI,aom,av2,0,E,Vertical_Carnaby_1080x1920_5994.y4m,1080x1920,60.00,8,1080x1920,185,2065.630370,36.266124,39.315187,39.102788,14.204924,15.170929,64.715410,61.869257,31.785406,37.135362,36.229198,39.306560,39.085670,1.726066,49852.29,3.61,313763544824870,15134301540,133784785189192,10136230649,fc1a6b7cb16ed6dce8d66229931e9451,
AI,aom,av2,0,E,Vertical_Carnaby_1080x1920_5994.y4m,1080x1920,60.00,8,1080x1920,210,1075.660340,32.350555,35.799329,35.663279,12.240378,11.924162,41.089411,38.700746,27.803850,33.518510,32.320377,35.790916,35.646994,1.760444,18846.58,2.33,151145712704893,16723953969,52636451365453,6523094994,25aa2bb6f8811677f0a29aea09e89511,
AI,aom,av2,0,E,WalkingInStreet_1920x1080_30fps.y4m,1080x1920,30.00,8,1080x1920,85,104826.032000,43.526164,46.013713,45.875568,18.845040,27.580202,99.860097,99.820951,49.172872,43.714031,43.525037,46.009326,45.867927,0.000005,549647.16,7.82,3933344529228609,41760952649,1535046752481918,21789317155,b085fc437ff5651f97c00553ebb23a8a,
AI,aom,av2,0,E,WalkingInStreet_1920x1080_30fps.y4m,1080x1920,30.00,8,1080x1920,110,51214.400000,38.221430,41.849908,42.303956,13.993779,21.801239,99.769777,99.717825,42.610236,39.378231,38.219822,41.844008,42.293988,0.000905,637560.52,7.15,3834987240821681,32520975962,1676215847746086,19188162797,f4dab964fa830e9f8c6ad53ae513836b,
AI,aom,av2,0,E,WalkingInStreet_1920x1080_30fps.y4m,1080x1920,30.00,8,1080x1920,135,20277.496000,33.844192,38.405903,40.248566,10.046333,16.580903,98.548330,97.597114,35.694405,35.879006,33.843018,38.399346,40.239363,0.092580,617793.39,4.16,4480795952163219,23827814056,1725322998675866,11631736863,e3a332054aa3a4d5c9afd8c8bde005ae,
AI,aom,av2,0,E,WalkingInStreet_1920x1080_30fps.y4m,1080x1920,30.00,8,1080x1920,160,8387.352000,30.707644,35.532602,38.797566,7.852379,13.503306,84.492495,82.421621,30.260232,33.204684,30.706204,35.526452,38.790163,0.147431,336865.43,3.41,2468345804406627,19461428731,940800256259375,9519383945,9853d9c8c9ff0cbc43aa8ec1dac505ec,
AI,aom,av2,0,E,WalkingInStreet_1920x1080_30fps.y4m,1080x1920,30.00,8,1080x1920,185,3397.448000,27.659439,33.096829,37.224357,5.929506,10.491719,59.481146,57.639674,25.280406,30.580749,27.657540,33.090403,37.218243,0.168215,188135.95,3.47,1122852533389754,16687624130,496828427570055,9716977734,8c0467e229f645bb2bb226884e9fb4c5,
AI,aom,av2,0,E,WalkingInStreet_1920x1080_30fps.y4m,1080x1920,30.00,8,1080x1920,210,1244.480000,24.744937,31.041985,35.130819,4.370626,7.568795,31.940346,30.776181,21.148216,27.975441,24.741739,31.035587,35.124953,0.281057,74276.08,3.53,460751534047653,14997015873,199106047991287,9939141505,525bb873ad19243c0aafe87c75c7e2b4,
AI,aom,av2,0,E,WorldCup_far_1920x1080_30p.y4m,1920x1080,30.00,8,1920x1080,85,55625.712000,45.476360,46.399908,48.297235,20.551745,28.282663,99.868573,99.830474,48.615659,45.873228,45.474183,46.383898,48.289710,0.010285,384839.94,7.78,2200684657552767,32689777470,1006560656533383,20765715474,51fe349087c99a7e4c9e82d9d12942c3,
AI,aom,av2,0,E,WorldCup_far_1920x1080_30p.y4m,1920x1080,30.00,8,1920x1080,110,29302.608000,41.255135,42.975854,45.106691,17.078649,23.839206,99.787966,99.545048,43.047307,42.213120,41.253040,42.954964,45.095719,0.011407,301844.34,5.29,2165663678293102,29042784375,842930329261348,14780662301,5c4d6fbb10225c9ee2e931df925eaaa9,
AI,aom,av2,0,E,WorldCup_far_1920x1080_30p.y4m,1920x1080,30.00,8,1920x1080,135,14977.032000,37.158590,39.964509,42.000685,13.662221,19.501713,97.498040,95.735631,37.007106,38.801833,37.155221,39.949606,41.992062,0.012810,457665.02,4.53,3235732202798109,26126622927,1278223658472659,12666886632,2c90c95b71358609667d3e33c32757f4,
AI,aom,av2,0,E,WorldCup_far_1920x1080_30p.y4m,1920x1080,30.00,8,1920x1080,160,7280.216000,33.090876,36.904335,38.750638,10.362571,15.248186,82.845540,80.250875,31.164697,35.343576,33.085022,36.895473,38.745462,0.017884,334711.77,5.48,1975985086174748,23088481923,877812100434833,15056367949,99a8c8a469947d0e64dddc049c0a94d3,
AI,aom,av2,0,E,WorldCup_far_1920x1080_30p.y4m,1920x1080,30.00,8,1920x1080,185,3238.432000,29.191516,33.750127,35.471395,7.526229,11.231613,58.572301,56.146017,25.960177,31.915237,29.184674,33.744848,35.468147,0.024655,132026.80,2.92,939019356746293,16808255588,368708355502095,8155280878,34b206f1fd99de2f8a860563583b0749,
AI,aom,av2,0,E,WorldCup_far_1920x1080_30p.y4m,1920x1080,30.00,8,1920x1080,210,1238.528000,25.648936,30.488692,32.357446,5.395606,7.706281,31.757853,30.228048,21.587239,28.567105,25.642506,30.484877,32.354556,0.028792,58454.17,3.31,346336169512803,16215004245,155677139204497,9355916983,9a9b87b72be6cae98c6a5eab4498a274,
