TestCfg,EncodeMethod,CodecName,EncodePreset,Class,Name,OrigRes,FPS,BitDepth,CodedRes,QP,Bitrate(kbps),PSNR_Y,PSNR_U,PSNR_V,SSIM_Y(dB),MS-SSIM_Y(dB),VMAF_Y,VMAF_Y-NEG,PSNR-HVS,CIEDE2000,APSNR_Y,APSNR_U,APSNR_V,CAMBI,EncT[s],DecT[s],EncInstr,DecInstr,EncCycles,DecCycles,EncMD5,DecMD5
STILL,aom,av2,0,F1,animals_00.y4m,4032x3024,25.00,8,4032x3024,60,5590225,48.600737,49.500725,50.883898,24.995518,34.440522,96.988825,96.328703,54.215622,47.759820,48.600737,49.500725,50.883898,0.000001,28101.75,1.94,198240671659226,10060355665,78483507000566,5402836431,75c9f3dbfdb45e8ae1dfd1d9448d1875,
STILL,aom,av2,0,F1,animals_00.y4m,4032x3024,25.00,8,4032x3024,85,3690846,42.675071,45.906325,48.340230,18.958471,28.423596,96.228866,95.227134,49.596428,43.319692,42.675071,45.906325,48.340230,0.000006,34071.44,1.78,242767087589002,9660626381,95147193826826,4987332851,a23ffec03a0eaa92e62cab183bef72c6,
STILL,aom,av2,0,F1,animals_00.y4m,4032x3024,25.00,8,4032x3024,110,1979392,36.665051,42.762950,45.924244,13.016765,22.104939,94.223746,92.737601,43.048745,38.723182,36.665051,42.762950,45.924244,0.000307,47891.98,1.54,369214917557405,8148884413,164303073227909,5399227291,f822f80cde28bdcaadaf7ac3f9158afb,
STILL,aom,av2,0,F1,animals_00.y4m,4032x3024,25.00,8,4032x3024,135,861533,32.052600,40.124609,43.635902,9.520101,17.491391,88.066247,86.148769,36.197874,34.905028,32.052600,40.124609,43.635902,0.001613,104943.73,1.44,600262825770678,6315645927,274697635028840,4029284363,bf2379a4a03629e003167d04a6ee56d5,
STILL,aom,av2,0,F1,animals_00.y4m,4032x3024,25.00,8,4032x3024,160,394183,28.657639,37.541305,41.393713,7.507283,14.081355,73.277370,71.126358,29.979081,31.881765,28.657639,37.541305,41.393713,0.008297,58686.65,0.86,406673131684809,5259459558,163908128809221,2456438852,f94242fa2115b1a5f4b2d9e7cef289dd,
STILL,aom,av2,0,F1,animals_00.y4m,4032x3024,25.00,8,4032x3024,185,172766,25.293854,35.034193,39.273406,5.479370,10.497827,49.218717,47.338656,24.234355,28.806463,25.293854,35.034193,39.273406,0.017989,43488.52,1.04,243052860934556,4610622736,113573076949878,2960218254,ab537d79194f1ef18ddee3ac4d7a5c75,
STILL,aom,av2,0,F1,animals_03.y4m,4032x3024,25.00,8,4032x3024,60,3830752,48.722374,50.599357,50.965624,22.275520,31.408735,96.590759,95.818997,52.646807,48.069829,48.722374,50.599357,50.965624,0.000002,50325.62,1.80,284930996066401,8023623836,131369906129122,4762375646,c3acdeb79d9ef7ada130fcecbe2141ff,
STILL,aom,av2,0,F1,animals_03.y4m,4032x3024,25.00,8,4032x3024,85,2137580,42.900486,48.393899,48.742096,16.645788,25.420587,95.275296,94.186668,47.819624,44.184953,42.900486,48.393899,48.742096,0.001254,60679.59,1.64,341933828985220,6917816981,158384932034920,4386591016,b32408aeff43f3196fcd617a955659a9,
STILL,aom,av2,0,F1,animals_03.y4m,4032x3024,25.00,8,4032x3024,110,883376,37.746861,46.190141,46.743276,11.866938,19.664120,92.205001,90.551489,41.391763,40.460994,37.746861,46.190141,46.743276,0.252000,48768.42,0.91,352153548920426,4857306980,136208788121910,2497148061,29d292c317391134893afa12cead812a,
STILL,aom,av2,0,F1,animals_03.y4m,4032x3024,25.00,8,4032x3024,135,319228,34.216208,44.194156,44.815777,8.764166,15.209807,84.008831,81.913072,34.983945,37.606908,34.216208,44.194156,44.815777,1.147144,62036.57,0.75,432069358135750,4504293631,173248908758456,2102503114,beec76c7e9746fa3b2afffdd62d348d4,
STILL,aom,av2,0,F1,animals_03.y4m,4032x3024,25.00,8,4032x3024,160,134211,31.727296,42.491401,42.844744,7.010062,12.167167,67.165566,64.861188,30.040618,35.359470,31.727296,42.491401,42.844744,1.776246,30442.20,0.68,209650643975246,3545141219,85015781585221,1917303132,10b0972427f2f8d051f9455211df1734,
STILL,aom,av2,0,F1,animals_03.y4m,4032x3024,25.00,8,4032x3024,185,59093,29.154208,40.636482,40.398142,5.653918,9.600043,42.523741,40.994660,25.984089,32.894919,29.154208,40.636482,40.398142,1.885778,13545.91,0.61,93269311934799,3812135732,37827655372799,1716621318,372b16a03494214d009d7d6bb514e272,
STILL,aom,av2,0,F1,animals_09.y4m,4032x3024,25.00,8,4032x3024,60,1030073,51.271610,55.502551,56.093985,22.597818,29.325651,96.434377,95.352342,50.750894,54.094888,51.271610,55.502551,56.093985,0.015119,39681.81,0.83,266233255633587,4451197872,110837658895036,2307211658,ba182337dce0bdf73c7af8de032dbf7b,
STILL,aom,av2,0,F1,animals_09.y4m,4032x3024,25.00,8,4032x3024,85,521403,47.566842,53.191578,53.875816,19.316735,24.752508,95.164563,93.768313,46.381345,50.026808,47.566842,53.191578,53.875816,0.039341,40169.27,0.91,211104744969166,3815338789,103526411367009,2439625932,97354df3114b515ffc7adec956b7e678,
STILL,aom,av2,0,F1,animals_09.y4m,4032x3024,25.00,8,4032x3024,110,248977,43.796011,50.882172,51.835623,16.192845,20.323536,91.760730,89.880451,41.404312,46.516216,43.796011,50.882172,51.835623,0.146893,25449.50,0.73,135763907873495,3048718438,65620856649959,1971755463,d951dd6d21c23c2530ecd7709557bf92,
STILL,aom,av2,0,F1,animals_09.y4m,4032x3024,25.00,8,4032x3024,135,104222,40.101860,48.361592,49.522618,13.414719,16.230058,82.431147,80.388710,36.619478,43.121741,40.101860,48.361592,49.522618,0.523275,18286.71,0.69,126076369350237,3992014962,61778787687818,2503871199,26479e9e302a5eb59bcf40f903a4b543,
STILL,aom,av2,0,F1,animals_09.y4m,4032x3024,25.00,8,4032x3024,160,41441,37.024753,45.536979,46.724875,11.625242,13.279090,65.184039,63.210886,33.023341,40.168183,37.024753,45.536979,46.724875,0.816188,10254.26,0.60,66817032036758,3662590099,28638643019906,1653096382,cae9256504b0e5548fe316e447f94a79,
STILL,aom,av2,0,F1,animals_09.y4m,4032x3024,25.00,8,4032x3024,185,17920,34.378520,42.395553,43.514658,10.512661,11.151439,47.049437,45.193188,30.154006,37.437725,34.378520,42.395553,43.514658,1.237059,6592.60,0.62,33386238005228,2943422528,17202063545751,1883859394,2fdf31ae30d3338b5977fde60f34639b,
STILL,aom,av2,0,F1,buildings_02.y4m,4032x3024,25.00,8,4032x3024,60,2745093,48.849972,52.766607,53.544679,21.211282,29.419622,97.247852,96.629908,50.136647,50.049389,48.849972,52.766607,53.544679,1.066352,37322.03,1.29,259438406237116,6419270957,104236924469571,3600774928,d43842b192bbca667e747adfdd2db65b,
STILL,aom,av2,0,F1,buildings_02.y4m,4032x3024,25.00,8,4032x3024,85,1435187,43.731285,50.602873,51.307530,16.544420,24.496057,96.853322,95.902983,46.441949,46.069081,43.731285,50.602873,51.307530,7.469448,30295.49,1.27,172089171920642,4808564682,78885586306255,3383554974,879a24312bb1edc55de875289f6826c2,
STILL,aom,av2,0,F1,buildings_02.y4m,4032x3024,25.00,8,4032x3024,110,743697,39.841014,48.420222,49.236183,14.502993,22.147308,95.419864,94.010947,43.575920,43.220986,39.841014,48.420222,49.236183,11.306905,22239.51,1.14,130433071349679,5064125169,58420787410998,3164113006,00917bb187e4fc64bf671a96cce4eb6f,
STILL,aom,av2,0,F1,buildings_02.y4m,4032x3024,25.00,8,4032x3024,135,370679,36.128744,46.242359,47.204813,13.435305,20.494584,91.366197,89.303788,40.146439,40.651562,36.128744,46.242359,47.204813,11.072531,31246.84,0.79,222553510560177,4387896183,87259333899917,2215715175,9c60a9eb4866db5cb18bf97b15e6868b,
STILL,aom,av2,0,F1,buildings_02.y4m,4032x3024,25.00,8,4032x3024,160,170309,32.260136,44.001085,44.850171,12.112182,18.174706,82.172118,79.246178,35.160058,37.896918,32.260136,44.001085,44.850171,10.603724,23317.08,0.56,166561136732519,3295812264,65114724142154,1604381514,75c517abd179f2dcbcbafd0685f1e677,
STILL,aom,av2,0,F1,buildings_02.y4m,4032x3024,25.00,8,4032x3024,185,72192,28.509074,41.366070,42.367929,10.359787,15.016252,65.992350,62.550922,29.353225,34.875886,28.509074,41.366070,42.367929,8.353604,20314.95,0.70,113882789055119,3175488301,53046536004588,1996110065,c52cf7c0505a911af1270716bcd3135b,
STILL,aom,av2,0,F1,buildings_03.y4m,4032x3024,25.00,8,4032x3024,60,6064443,48.365826,50.761242,50.648523,28.412097,37.776046,97.070904,96.357209,55.127567,47.040300,48.365826,50.761242,50.648523,0.002241,19132.23,2.42,110123349943453,10648877999,50574453924506,6381521831,92ee98885259a31a6e85170476766471,
STILL,aom,av2,0,F1,buildings_03.y4m,4032x3024,25.00,8,4032x3024,85,4214638,42.574358,47.921251,47.745937,22.531611,31.749247,96.389448,95.266719,50.784926,42.909685,42.574358,47.921251,47.745937,0.004070,19896.63,1.93,144385075836907,10184341950,55564386689080,5390811926,799d11800359c9fe91f3a75320b4823f,
STILL,aom,av2,0,F1,buildings_03.y4m,4032x3024,25.00,8,4032x3024,110,2610699,36.796528,45.475732,45.103646,17.340129,25.864135,94.387419,92.763761,44.994092,38.717536,36.796528,45.475732,45.103646,0.005150,51373.48,1.91,309366149327398,8590914197,136346430905218,5150427754,710697e1aedfd88fb3d5b56cae8f2bdb,
STILL,aom,av2,0,F1,buildings_03.y4m,4032x3024,25.00,8,4032x3024,135,1354594,31.596207,43.046033,42.540866,13.164928,20.627086,88.926661,86.745243,37.846066,34.650051,31.596207,43.046033,42.540866,0.012028,111654.02,1.73,650964177208611,7180092452,292819069452825,4727939602,2a744d6b969a6c3d413a1ad70b2e6eb9,
STILL,aom,av2,0,F1,buildings_03.y4m,4032x3024,25.00,8,4032x3024,160,620896,27.198183,40.619593,39.985085,9.624269,15.797508,74.048255,71.877556,30.107016,30.873374,27.198183,40.619593,39.985085,0.032744,92853.74,1.35,538517019285548,5696222435,243087914578916,3735092360,bbd66950c60594896656ba985802f5f0,
STILL,aom,av2,0,F1,buildings_03.y4m,4032x3024,25.00,8,4032x3024,185,258902,23.476288,38.348346,37.718664,6.601688,11.500439,49.510467,47.503209,23.381369,27.374516,23.476288,38.348346,37.718664,0.062069,47937.58,0.81,347043378930447,4121548194,163127737336252,3076828996,bbf53e5a6713c000aab92cdc30593e15,
STILL,aom,av2,0,F1,church.y4m,6000x4000,25.00,8,6000x4000,60,1773999,51.303051,52.105431,52.156329,22.166949,28.906794,96.385889,95.480203,49.233651,51.804603,51.303051,52.105431,52.156329,0.555511,78699.75,1.59,523949035903720,7788764117,219806446652428,4433447570,c76858023c2e251a6a84c85ddf9d1ffc,
STILL,aom,av2,0,F1,church.y4m,6000x4000,25.00,8,6000x4000,85,703830,47.876310,49.759828,49.926349,19.476312,24.918896,94.719677,93.430654,45.798179,48.586032,47.876310,49.759828,49.926349,1.548506,43786.18,1.37,290266601605260,7144005300,122275207209620,3870637402,a20b2a2f04c078bde63fd0f3a8c0be2d,
STILL,aom,av2,0,F1,church.y4m,6000x4000,25.00,8,6000x4000,110,321344,45.178207,47.414372,47.929357,17.652686,21.895019,90.857562,89.091697,42.595341,46.146269,45.178207,47.414372,47.929357,2.041370,29624.52,1.72,159075605657289,8134553254,76274755911087,4800038575,f139f017b760d07f0ce0060a3e5b7595,
STILL,aom,av2,0,F1,church.y4m,6000x4000,25.00,8,6000x4000,135,148849,42.163223,44.911857,45.730269,15.642937,18.667224,82.053246,79.878570,38.816781,43.638600,42.163223,44.911857,45.730269,2.468980,31362.78,1.55,168475109219985,7680040184,81064593254270,4359775973,c61de7dbae66022de1e89b3902db2448,
STILL,aom,av2,0,F1,church.y4m,6000x4000,25.00,8,6000x4000,160,65405,38.895642,42.083270,43.287834,13.559391,15.344632,65.685653,63.268650,34.891171,40.873137,38.895642,42.083270,43.287834,3.145488,15824.30,0.97,90313564005481,3869402215,44937129426913,2922111538,6e5233ad951a789e1e650f8141bebe11,
STILL,aom,av2,0,F1,church.y4m,6000x4000,25.00,8,6000x4000,185,26394,35.653139,39.166790,40.593381,11.730596,12.229513,43.024627,40.891257,31.274118,37.986954,35.653139,39.166790,40.593381,4.205817,8317.67,1.20,44786822983213,6823518684,23644277426388,3627196179,9cf22548368843fe98934e07ab962581,
STILL,aom,av2,0,F1,fireworks_01.y4m,4032x3024,25.00,8,4032x3024,60,4127419,48.945782,54.881889,53.268470,22.173947,30.205985,96.426656,95.766146,53.254049,52.047457,48.945782,54.881889,53.268470,0.000009,47290.19,1.40,319855318106826,7475319798,132068172363941,3943385169,0c2927a275076bfcd672d5d0c895bb3f,
STILL,aom,av2,0,F1,fireworks_01.y4m,4032x3024,25.00,8,4032x3024,85,2478598,42.882522,52.792250,51.690852,16.073892,24.053010,94.977626,94.021835,48.275659,47.551506,42.882522,52.792250,51.690852,0.000042,61644.99,1.64,350563774024091,7207262640,160125684245385,4400701014,d5e1c0a018065057b7f61b4f131e5c02,
STILL,aom,av2,0,F1,fireworks_01.y4m,4032x3024,25.00,8,4032x3024,110,988067,36.994115,50.372114,49.834488,10.020359,17.489524,91.691547,90.216247,40.954924,42.783169,36.994115,50.372114,49.834488,0.000994,64834.34,1.37,376582700383842,5940699225,168566634058058,3813772941,892d6b12d096acfe071a66da6185821d,
STILL,aom,av2,0,F1,fireworks_01.y4m,4032x3024,25.00,8,4032x3024,135,192233,32.935102,47.585810,47.435455,5.697847,11.261192,82.376399,80.892998,33.643371,38.996715,32.935102,47.585810,47.435455,0.336571,59332.23,0.89,334329293671961,3716129779,154160374754473,2503624871,f41e16ace8955c7bfe0dc35e1a373d50,
STILL,aom,av2,0,F1,fireworks_01.y4m,4032x3024,25.00,8,4032x3024,160,42985,31.462431,44.705263,44.564521,4.641066,8.594914,66.767277,65.329041,30.262177,37.393831,31.462431,44.705263,44.564521,12.108857,11719.80,0.44,80124940524505,2617800361,32728998658380,1229876831,00c40c870fb85d939af6262b97347b4c,
STILL,aom,av2,0,F1,fireworks_01.y4m,4032x3024,25.00,8,4032x3024,185,19071,30.617394,41.948409,41.105279,4.444853,8.038222,52.590508,51.376363,28.678863,36.188904,30.617394,41.948409,41.105279,14.070239,7863.33,0.57,40994150616396,2963150097,20289466254785,1626389390,72887bc43d906738aba91d1fd99d77f2,
STILL,aom,av2,0,F1,flowerfield.y4m,3696x2448,25.00,8,3696x2448,60,1209752,51.377437,51.149937,51.562780,23.761613,32.139567,96.805891,96.018606,52.640365,53.252248,51.377437,51.149937,51.562780,0.003342,36981.25,0.88,199181062424815,3435692649,95798527974463,2322131725,0334b7ff912134fa29c9377e3212a523,
STILL,aom,av2,0,F1,flowerfield.y4m,3696x2448,25.00,8,3696x2448,85,637125,47.383217,46.916734,47.531234,20.436255,27.531978,95.705592,94.579667,47.686683,48.708147,47.383217,46.916734,47.531234,0.004805,32109.77,0.78,171331535516092,3099591954,83215506725858,2125408415,31e767f26e9ff5e817e940c8c30d84c1,
STILL,aom,av2,0,F1,flowerfield.y4m,3696x2448,25.00,8,3696x2448,110,328977,43.753087,43.096602,43.998338,17.880167,23.799660,92.844821,91.227914,42.507153,45.169460,43.753087,43.096602,43.998338,0.005599,21754.67,0.71,131252919356018,3335379985,60937037621876,2078945629,d24fc74049ff657a216429f70667d069,
STILL,aom,av2,0,F1,flowerfield.y4m,3696x2448,25.00,8,3696x2448,135,170390,40.130073,39.527990,40.555950,15.413297,20.092230,85.631587,83.568549,37.224687,41.712399,40.130073,39.527990,40.555950,0.004260,27064.67,0.68,148708644038250,2981915326,70360644977272,1894894324,8001f7dfde6e95b6b555296d56e96e34,
STILL,aom,av2,0,F1,flowerfield.y4m,3696x2448,25.00,8,3696x2448,160,87117,36.328485,35.974054,37.144664,12.905443,16.377830,70.099307,67.847142,32.280364,38.093532,36.328485,35.974054,37.144664,0.005299,13099.90,0.50,89479874269794,2641534557,44500561533113,1875296704,b612c9cb33eaa6d6d32df289633fa034,
STILL,aom,av2,0,F1,flowerfield.y4m,3696x2448,25.00,8,3696x2448,185,42572,32.484401,32.810420,33.564433,10.561868,12.913128,46.824847,45.067955,27.820905,34.523296,32.484401,32.810420,33.564433,0.018320,8337.72,0.54,45886217740734,2564471162,21688477775184,1531472033,be870e362dcc4303508115740fdfac86,
STILL,aom,av2,0,F1,flowers_08.y4m,4032x3024,25.00,8,4032x3024,60,5113154,48.544565,49.691743,51.060886,23.659542,33.359069,97.083074,96.446361,53.931341,48.594065,48.544565,49.691743,51.060886,0.009130,33232.89,2.11,205796288273978,9883063839,93942464077982,6008927830,57d529de3c8f641134f7d02c07cd3714,
STILL,aom,av2,0,F1,flowers_08.y4m,4032x3024,25.00,8,4032x3024,85,3205499,42.705289,45.516177,47.732248,17.950984,27.355208,96.355319,95.387586,48.956217,43.792522,42.705289,45.516177,47.732248,0.014379,41951.20,2.10,244280220451351,8926055972,110218470863103,5625739599,2b2d8a10c02127d12325f18926ec1429,
STILL,aom,av2,0,F1,flowers_08.y4m,4032x3024,25.00,8,4032x3024,110,1774010,37.559355,41.921655,44.475788,13.902604,22.376399,94.415073,92.944742,42.740942,39.577380,37.559355,41.921655,44.475788,0.026852,50227.49,1.81,293472997327957,7959627254,132104182702169,4907841462,997493f146d162214e3ab132e98ad30f,
STILL,aom,av2,0,F1,flowers_08.y4m,4032x3024,25.00,8,4032x3024,135,903244,33.142335,38.828349,41.423535,11.139804,18.425732,88.815614,86.690163,36.397467,35.896482,33.142335,38.828349,41.423535,0.043881,95200.51,1.52,540928372653500,6883769482,249581240083780,4160193773,41aa047362737fad4126b8b15494da52,
STILL,aom,av2,0,F1,flowers_08.y4m,4032x3024,25.00,8,4032x3024,160,424879,29.150308,35.717021,38.490252,8.509710,14.433478,74.425980,72.083137,30.093856,32.434723,29.150308,35.717021,38.490252,0.084426,71179.95,1.27,401817013930513,5634403687,186297689146208,3581867479,9fad02965d79b7e325741efcbbfe26e4,
STILL,aom,av2,0,F1,flowers_08.y4m,4032x3024,25.00,8,4032x3024,185,190650,25.518692,32.484622,35.530955,6.107825,10.562611,51.363325,49.405055,24.231653,29.095963,25.518692,32.484622,35.530955,0.137549,45990.69,1.02,255306937061666,4800598947,120088912900764,2858020766,99a7b39da61386421ef830c3296e5f12,
STILL,aom,av2,0,F1,flowers_12.y4m,4032x3024,25.00,8,4032x3024,60,3954523,48.525304,51.774232,53.072094,23.680695,33.751234,97.100101,96.556761,54.089473,48.986023,48.525304,51.774232,53.072094,0.000170,34824.49,1.63,244896530077735,8549903319,97254658135943,4575429740,dc98f849f70989024dfb46f26ec3da4c,
STILL,aom,av2,0,F1,flowers_12.y4m,4032x3024,25.00,8,4032x3024,85,2292552,42.918254,49.162988,50.715728,18.499514,27.898661,96.349528,95.585472,49.201996,44.461787,42.918254,49.162988,50.715728,0.000264,48773.92,1.83,279715192106020,7865255472,127985693317449,4958367037,8a88184f2ef4c0dfda30a34a5b35e470,
STILL,aom,av2,0,F1,flowers_12.y4m,4032x3024,25.00,8,4032x3024,110,1122695,38.059143,46.511960,48.173295,14.500679,22.839569,94.876797,93.531301,42.754373,40.421164,38.059143,46.511960,48.173295,0.000771,56438.38,1.49,331743957010265,5941753609,148467945709419,4109192654,37ee925ffc54612b2e6172cad3057552,
STILL,aom,av2,0,F1,flowers_12.y4m,4032x3024,25.00,8,4032x3024,135,518237,34.262835,43.658544,45.465625,11.629041,18.877862,90.008350,88.129351,36.249659,37.067810,34.262835,43.658544,45.465625,0.015037,90301.45,1.12,510194026519454,5254598121,236800351857798,3074247512,bb4e6b0aa9a98936dbb4f9d2b17dc655,
STILL,aom,av2,0,F1,flowers_12.y4m,4032x3024,25.00,8,4032x3024,160,254054,30.987829,40.845156,42.774831,9.200017,15.210420,77.640406,75.411687,30.305908,34.017922,30.987829,40.845156,42.774831,0.052496,47363.73,0.87,334914483835030,4789554172,132267184276059,2424491263,51dfe6c49b8b141c9bb1322c1da79bcd,
STILL,aom,av2,0,F1,flowers_12.y4m,4032x3024,25.00,8,4032x3024,185,123203,27.583959,38.090845,39.925914,6.869726,11.532823,57.895192,55.733411,25.058022,30.875933,27.583959,38.090845,39.925914,0.063947,33757.62,0.92,188926992167444,4259872976,88054062822832,2556088478,983b1f3697b261630103c8bda4d64b17,
STILL,aom,av2,0,F1,food_02.y4m,4032x3024,25.00,8,4032x3024,60,2944491,48.573980,53.177350,54.252714,20.837627,29.945116,97.027434,96.312601,52.327497,50.720704,48.573980,53.177350,54.252714,0.000364,58240.28,1.66,326023769229882,7156375067,151156583154983,4362262915,b1a1d4bf9f2689e70504e58c597672b9,
STILL,aom,av2,0,F1,food_02.y4m,4032x3024,25.00,8,4032x3024,85,1416894,43.263529,50.637179,52.158031,15.735039,23.878775,96.266814,95.248877,47.039243,46.023829,43.263529,50.637179,52.158031,0.004951,46486.01,1.22,323290423237624,6016744201,129833417911197,3396301047,c787f895e8f107c7d6fa06ee26df9e98,
STILL,aom,av2,0,F1,food_02.y4m,4032x3024,25.00,8,4032x3024,110,590558,39.127008,48.014400,49.912625,12.039270,18.585655,94.241071,92.742543,40.585261,42.304307,39.127008,48.014400,49.912625,0.036771,44342.02,1.18,247585605089175,5158605290,115334258655669,3284523680,a32b4df8a98704c90477824f46551707,
STILL,aom,av2,0,F1,food_02.y4m,4032x3024,25.00,8,4032x3024,135,228214,35.952190,45.205418,47.489819,9.696590,15.252517,87.870402,85.787984,35.524276,39.400153,35.952190,45.205418,47.489819,0.143294,41264.74,0.75,278500466306184,4487443211,115249568623510,2109992071,3e31c3b0351ad427af10b9bb85ca9906,
STILL,aom,av2,0,F1,food_02.y4m,4032x3024,25.00,8,4032x3024,160,96785,33.313520,42.174776,44.782348,8.255186,12.726508,73.826610,71.538238,31.465894,36.919781,33.313520,42.174776,44.782348,0.332321,27348.28,0.88,145435512623153,3869886009,71341345070305,2454139943,007ca738abd5a3f9e5978f50d94616a8,
STILL,aom,av2,0,F1,food_02.y4m,4032x3024,25.00,8,4032x3024,185,40636,30.526503,38.958614,41.614315,6.943813,10.093862,54.910078,52.824253,27.546528,34.248422,30.526503,38.958614,41.614315,1.060304,10187.55,0.58,67617514589562,3261868531,28456637342988,1601013906,18cb0c2235c8173be9e75a182a6f6b41,
STILL,aom,av2,0,F1,fountain.y4m,6406x4270,25.00,8,6406x4270,60,6976580,48.957344,52.037808,52.639243,21.617996,30.237578,96.638429,95.706777,52.103851,51.455057,48.957344,52.037808,52.639243,0.000113,133874.03,3.84,747753898326509,15926502703,348109354577331,10155060257,f610ca89133dc38711c871e22856a11e,
STILL,aom,av2,0,F1,fountain.y4m,6406x4270,25.00,8,6406x4270,85,3740684,43.476840,49.358116,50.120030,16.247026,24.430692,95.523026,94.188728,47.353376,46.554202,43.476840,49.358116,50.120030,0.000649,127274.44,3.86,728633436561896,17148220768,331010544195142,10448569463,2cdee35ad21d9e57f83d2f337ecd9300,
STILL,aom,av2,0,F1,fountain.y4m,6406x4270,25.00,8,6406x4270,110,1387408,38.452437,46.596973,47.452670,11.392491,18.715757,92.309411,90.622472,41.192234,41.979354,38.452437,46.596973,47.452670,0.001674,79424.16,2.81,591459089934651,12616273470,270100793232852,10110526571,4d87beaf68b6838b213bebe60e0eb664,
STILL,aom,av2,0,F1,fountain.y4m,6406x4270,25.00,8,6406x4270,135,415466,35.292864,43.694511,44.552936,8.828707,15.212437,84.693664,82.599311,36.166410,38.930422,35.292864,43.694511,44.552936,0.484915,83069.22,1.71,584033919436489,9889349776,231999225011143,4815892838,cc947be02f97013580b979b53d39cf91,
STILL,aom,av2,0,F1,fountain.y4m,6406x4270,25.00,8,6406x4270,160,184583,33.386834,40.456550,41.362478,7.909184,13.271855,69.891554,67.546766,32.204492,36.922030,33.386834,40.456550,41.362478,0.610747,52247.33,1.95,289419906650314,8977132369,136357254783656,5439682652,b9ebff347a638308740a5905b09e76f6,
STILL,aom,av2,0,F1,fountain.y4m,6406x4270,25.00,8,6406x4270,185,79768,30.939459,37.152698,38.034728,6.874824,10.864288,47.466145,45.297501,28.094406,34.489202,30.939459,37.152698,38.034728,0.507837,26831.09,1.84,142027945052253,8474518913,70006053532186,5246421115,c5c1c8f75e52aa68f5286cae8cf7a60f,
STILL,aom,av2,0,F1,lady.y4m,4480x6720,25.00,8,4480x6720,60,5248189,48.917913,55.893006,55.530669,19.700727,27.901869,96.337804,95.521777,50.057539,50.398347,48.917913,55.893006,55.530669,0.152106,120910.69,2.85,825981062879321,14167524280,337715647140663,8015832295,1121e2246ff265c103408f111ceb6a1f,
STILL,aom,av2,0,F1,lady.y4m,4480x6720,25.00,8,4480x6720,85,1862959,43.462302,53.990306,53.464155,14.182381,21.744085,95.242349,94.072616,45.130309,45.407710,43.462302,53.990306,53.464155,0.940725,124766.39,2.37,708910511850378,9367111936,321534606909640,6411007156,9c345414d8a218c7c628c21c4c46929b,
STILL,aom,av2,0,F1,lady.y4m,4480x6720,25.00,8,4480x6720,110,361851,40.481261,52.013065,51.312637,11.373329,17.986191,92.257929,90.736917,41.114715,42.567543,40.481261,52.013065,51.312637,5.730665,38948.39,1.94,215052111268935,7738783340,100555934120181,5671734142,0238e26941d3dd10f6d4d7913d3e180f,
STILL,aom,av2,0,F1,lady.y4m,4480x6720,25.00,8,4480x6720,135,143878,39.133360,49.888543,49.217019,10.650030,16.346959,84.382821,82.553471,38.421050,41.287705,39.133360,49.888543,49.217019,5.807580,29938.54,1.27,201587557139532,6950136925,83604708795485,3587259782,a4950a9d73f943c739989e02163023cd,
STILL,aom,av2,0,F1,lady.y4m,4480x6720,25.00,8,4480x6720,160,57774,37.466245,47.565589,46.846934,9.980826,14.455474,68.880467,67.127870,35.470134,39.866539,37.466245,47.565589,46.846934,5.869561,19741.74,1.77,101170762952356,8428816330,51261843333417,4927843898,6e17c1cafdd0db31851a3cb02356d1d2,
STILL,aom,av2,0,F1,lady.y4m,4480x6720,25.00,8,4480x6720,185,22182,35.504788,44.583310,43.885525,9.440157,12.422104,46.650027,45.366846,32.536941,37.986503,35.504788,44.583310,43.885525,5.996277,7716.98,1.24,49292167641097,8511638836,26609025673955,4603438986,0fdbf1b26eef8f1bd92fe72ca663d57b,
STILL,aom,av2,0,F1,landscape_05.y4m,4032x3024,25.00,8,4032x3024,60,4187062,48.723691,50.924371,51.836332,22.919114,32.133611,96.930678,96.280402,53.435542,49.639308,48.723691,50.924371,51.836332,0.000001,42291.97,1.98,240233073961017,8420565095,110676178666766,5249306243,adf15dbad663c8ad76a2a178d3303302,
STILL,aom,av2,0,F1,landscape_05.y4m,4032x3024,25.00,8,4032x3024,85,2531225,43.125328,47.624255,48.895345,17.518070,26.273426,96.128165,95.140577,48.457487,44.787406,43.125328,47.624255,48.895345,0.000034,49820.72,1.92,283794434919255,8255191888,130419345750768,5094727899,556f81c7d3121b3bb4f5f33640c08234,
STILL,aom,av2,0,F1,landscape_05.y4m,4032x3024,25.00,8,4032x3024,110,1259332,37.940787,44.402848,45.824552,12.771377,20.613598,94.095667,92.533643,41.918836,40.306033,37.940787,44.402848,45.824552,0.012890,53502.29,1.53,311299167246326,7084178905,140063356670616,4177217449,adb2d8b280e9c524cd2e2cac3c08e5e5,
STILL,aom,av2,0,F1,landscape_05.y4m,4032x3024,25.00,8,4032x3024,135,592053,34.099248,41.327157,42.787756,10.171687,16.886202,87.127763,85.335076,35.886678,36.888396,34.099248,41.327157,42.787756,0.051193,76165.66,1.25,467379830302920,5881539889,214789426064416,3662159624,69d53987c79c0cdcbd2c199393a739c1,
STILL,aom,av2,0,F1,landscape_05.y4m,4032x3024,25.00,8,4032x3024,160,281480,30.659087,38.357730,39.938233,8.186662,13.541214,71.564290,69.698736,30.287938,33.871561,30.659087,38.357730,39.938233,0.117924,45275.32,0.79,319466901366461,4440334873,126435457696607,2170651012,690bc86efb297ec32634bde91fe4380a,
STILL,aom,av2,0,F1,landscape_05.y4m,4032x3024,25.00,8,4032x3024,185,125971,27.134689,35.385452,37.014541,6.267860,10.193199,48.652128,46.989184,25.003048,30.768433,27.134689,35.385452,37.014541,0.305648,33237.94,0.87,186063946171702,3787494776,86899016856569,2471906848,ab8774ba1e833b703e021ae474801af0,
STILL,aom,av2,0,F1,landscape_15.y4m,4032x3024,25.00,8,4032x3024,60,2755259,49.392766,53.328564,53.895404,22.428469,30.339966,96.967322,96.216650,51.128879,50.457620,49.392766,53.328564,53.895404,0.994914,33208.00,1.21,230377123100737,6266774617,92752721186673,3393287415,c683a85e7b785c35a8c76a022adba137,
STILL,aom,av2,0,F1,landscape_15.y4m,4032x3024,25.00,8,4032x3024,85,1619377,44.320096,51.127044,51.695721,18.115124,25.376361,96.185350,95.102755,47.141260,46.362403,44.320096,51.127044,51.695721,3.007353,37173.36,1.31,211840277063220,5593968570,96857733463852,3493149108,fb75f65094a88182ff6923ff0dd695b7,
STILL,aom,av2,0,F1,landscape_15.y4m,4032x3024,25.00,8,4032x3024,110,825395,39.576091,48.888563,49.616545,14.391730,21.102548,94.123566,92.530665,42.456075,42.732250,39.576091,48.888563,49.616545,3.408879,29664.82,0.94,213107858113461,5432649188,82840867266838,2612649181,8e516baa5ba71956a4c0d9312eb39c03,
STILL,aom,av2,0,F1,landscape_15.y4m,4032x3024,25.00,8,4032x3024,135,380659,35.567997,46.593720,47.589181,11.659429,17.520148,87.814272,85.848046,37.212601,39.528746,35.567997,46.593720,47.589181,3.358513,56955.53,1.00,318304882894391,4714919673,149040805258633,2782565535,004d3762a2fbd8d741fc0bfe311df8c6,
STILL,aom,av2,0,F1,landscape_15.y4m,4032x3024,25.00,8,4032x3024,160,172594,32.091049,44.092228,45.173609,9.389957,14.246717,73.732011,71.557797,31.843748,36.574179,32.091049,44.092228,45.173609,3.498833,29343.94,0.67,207109554418436,4156816477,81953733772598,1881109764,dae5257396b8c657da048106f2cf9768,
STILL,aom,av2,0,F1,landscape_15.y4m,4032x3024,25.00,8,4032x3024,185,72789,28.722537,41.261276,42.326361,7.435210,11.197761,52.173574,50.213954,26.759162,33.595021,28.722537,41.261276,42.326361,3.727534,16182.59,0.46,112339660151297,2500802659,45190794559073,1275884871,75054b680657d931d198ac939a736f22,
STILL,aom,av2,0,F1,landscape_16.y4m,4032x3024,25.00,8,4032x3024,60,1516780,50.557961,56.823551,57.718122,22.907975,29.663818,96.923167,96.008995,51.320992,52.828813,50.557961,56.823551,57.718122,0.000005,42697.29,1.10,236056483954635,4853170359,110445899266501,2926878928,47e46805b9b90d2282bb6816f1d1c23a,
STILL,aom,av2,0,F1,landscape_16.y4m,4032x3024,25.00,8,4032x3024,85,859320,46.471300,54.685975,55.457797,19.374446,24.784490,96.165290,94.840161,46.782801,48.691842,46.471300,54.685975,55.457797,0.000034,29636.05,0.75,203702062578330,4110102242,82767506895361,2124456705,d1593e2321556310d1206863f6a0dcb9,
STILL,aom,av2,0,F1,landscape_16.y4m,4032x3024,25.00,8,4032x3024,110,456268,42.246011,52.620818,53.423294,15.920652,20.120476,93.802866,91.968941,41.509286,45.056604,42.246011,52.620818,53.423294,0.000183,25858.17,0.93,156490680190989,4648694018,72487888280738,2736721271,2f5522a00dea7cfe4b74dc4a34487890,
STILL,aom,av2,0,F1,landscape_16.y4m,4032x3024,25.00,8,4032x3024,135,223626,38.222937,50.380391,51.301837,12.947965,16.216721,86.746526,84.605562,36.478730,41.614114,38.222937,50.380391,51.301837,0.025933,38693.88,0.83,212670863105005,4115795498,100605224111789,2306924313,667ecc7d50c4771238fd8810b0f65795,
STILL,aom,av2,0,F1,landscape_16.y4m,4032x3024,25.00,8,4032x3024,160,104620,34.498953,47.890059,48.835256,10.446792,13.105835,70.711831,68.518395,31.833674,38.258669,34.498953,47.890059,48.835256,0.176042,23501.46,0.75,130246500539157,3851163738,61274300711822,2093033461,f92e04a4b112304d66d83002d04bc092,
STILL,aom,av2,0,F1,landscape_16.y4m,4032x3024,25.00,8,4032x3024,185,44838,31.019714,45.315391,46.397552,8.451412,10.136881,47.986019,46.559062,27.514439,35.213467,31.019714,45.315391,46.397552,0.744402,9897.04,0.52,68349046467821,3600459500,27650510763506,1479878341,4f10b3529889b01c825adbba1e9df596,
STILL,aom,av2,0,F1,landscape_18.y4m,4032x3024,25.00,8,4032x3024,60,2502779,49.429739,54.235934,55.751044,21.866683,29.721572,96.910156,96.132506,50.152827,50.922971,49.429739,54.235934,55.751044,1.180559,30009.57,1.07,208652850920056,5620730330,83803660717458,3008961335,d45f507c06e0ed9942623c8002ca1727,
STILL,aom,av2,0,F1,landscape_18.y4m,4032x3024,25.00,8,4032x3024,85,1461001,44.513162,52.229468,54.031203,17.889567,25.641527,95.931640,94.835995,47.287755,47.128502,44.513162,52.229468,54.031203,1.309793,24992.99,0.88,178378372916016,4428230631,69798922374675,2469606592,87c44f79224280d5f3f9c5960f12e81a,
STILL,aom,av2,0,F1,landscape_18.y4m,4032x3024,25.00,8,4032x3024,110,623884,39.327513,50.258309,52.244258,13.308511,20.936688,93.430011,91.877419,43.062743,43.305387,39.327513,50.258309,52.244258,1.234907,33782.02,0.97,196440435190661,4591439733,88231608585469,2686264453,a1211927430e5c5a340d57457f23fcd7,
STILL,aom,av2,0,F1,landscape_18.y4m,4032x3024,25.00,8,4032x3024,135,239959,35.823857,48.452855,50.513051,10.710523,16.996853,86.314645,84.393261,37.639722,40.473406,35.823857,48.452855,50.513051,1.345355,44518.18,0.82,253582286427745,4085102394,116331708447402,2267376815,963ae969360d7ae9a3f51971e4d84fd3,
STILL,aom,av2,0,F1,landscape_18.y4m,4032x3024,25.00,8,4032x3024,160,98512,33.070896,46.573761,48.350663,9.125855,13.860544,70.662464,68.436387,32.792597,38.084102,33.070896,46.573761,48.350663,1.429971,23492.82,0.69,132136217608050,3068303011,61426437813441,2009930248,28ce8efec8a59988e5ada86fceb09079,
STILL,aom,av2,0,F1,landscape_18.y4m,4032x3024,25.00,8,4032x3024,185,37789,30.303130,44.098667,45.719564,7.757691,11.121953,49.103242,46.966812,28.542067,35.504301,30.303130,44.098667,45.719564,1.846600,11033.38,0.59,58903253622379,2962014866,28638074844577,1691613717,c37677e4f3b79bef541fa806d1d5bd2e,
STILL,aom,av2,0,F1,landscape_25.y4m,4032x3024,25.00,8,4032x3024,60,4901494,48.766560,49.000083,50.835306,23.199935,31.328097,96.506795,95.608267,53.053635,46.890350,48.766560,49.000083,50.835306,0.006539,54587.68,2.10,308822247041064,9306410183,143195878217089,5497015035,3ca73f3eaf1f80ad847c5beadcebb4f4,
STILL,aom,av2,0,F1,landscape_25.y4m,4032x3024,25.00,8,4032x3024,85,3043769,42.851919,45.692476,48.962729,17.214932,25.212205,94.873687,93.726327,48.375732,42.816346,42.851919,45.692476,48.962729,0.007813,66037.99,1.81,378281165314313,7774978093,173281200935109,4813451941,aef8e52e8ba4bfaa0267e3445c35f974,
STILL,aom,av2,0,F1,landscape_25.y4m,4032x3024,25.00,8,4032x3024,110,1490507,36.972579,44.225210,47.706436,11.500654,18.964218,91.444110,89.734717,41.715314,39.317714,36.972579,44.225210,47.706436,0.024407,56420.47,1.20,411638648868744,6819231533,157557073236536,3360084372,9340d930abc056b35199e66657211499,
STILL,aom,av2,0,F1,landscape_25.y4m,4032x3024,25.00,8,4032x3024,135,488118,32.198336,42.922192,46.384747,6.874853,12.895076,81.508571,79.487477,34.242127,35.899428,32.198336,42.922192,46.384747,0.515013,82316.73,0.77,569881028122602,4316081205,229876081282167,2171264259,6a137f969316c5ae074dcc84460a10e2,
STILL,aom,av2,0,F1,landscape_25.y4m,4032x3024,25.00,8,4032x3024,160,95363,29.033507,41.538103,44.741727,3.888954,8.022864,62.495477,60.796127,28.242760,33.256451,29.033507,41.538103,44.741727,4.296747,30838.75,0.64,172134421814019,2424363571,79909557843502,1772668598,d63c737a6dd7c7fef2c1c4af91bdef43,
STILL,aom,av2,0,F1,landscape_25.y4m,4032x3024,25.00,8,4032x3024,185,26857,27.759601,40.123802,42.847092,3.226318,6.448923,44.001149,42.720165,25.838778,31.953195,27.759601,40.123802,42.847092,7.386023,8049.70,0.54,54503929169330,3524380392,22480161870849,1508406350,e2d74b9d0f030791a6a85a1e019f4db7,
STILL,aom,av2,0,F1,landscape_26.y4m,4032x3024,25.00,8,4032x3024,60,2926983,49.036988,53.087078,53.240738,21.355498,29.814160,96.881731,95.963413,50.885904,50.016274,49.036988,53.087078,53.240738,0.526308,47784.35,1.72,270585559339199,6785349947,124170799860801,4518204115,ed926233c1d7e247388b01378da228d9,
STILL,aom,av2,0,F1,landscape_26.y4m,4032x3024,25.00,8,4032x3024,85,1605498,43.709631,51.378380,51.590860,16.568704,24.655273,95.830999,94.551182,46.972783,45.940855,43.709631,51.378380,51.590860,0.658666,42186.69,1.38,240598073510670,5654099763,109795989535295,3709700096,a5e76b4a1627e0b39f0295f743c9c165,
STILL,aom,av2,0,F1,landscape_26.y4m,4032x3024,25.00,8,4032x3024,110,695745,38.908306,49.677274,49.980992,12.606079,20.178581,93.040079,91.242700,42.196951,42.231440,38.908306,49.677274,49.980992,0.679684,35150.67,1.13,219608884343570,5435639545,99089164815959,3303967779,e485ac4ca120f6ee03df94385084b8ed,
STILL,aom,av2,0,F1,landscape_26.y4m,4032x3024,25.00,8,4032x3024,135,277097,35.509720,47.877371,48.205261,10.310697,16.697796,85.026243,82.802343,37.044296,39.466339,35.509720,47.877371,48.205261,0.704644,50501.86,0.99,279348990390324,4586794474,131559914825185,2730279501,868d2cf6c0325ef451305b72686c3996,
STILL,aom,av2,0,F1,landscape_26.y4m,4032x3024,25.00,8,4032x3024,160,116394,32.569678,45.825954,46.128070,8.536563,13.492780,67.969679,65.688052,32.107496,36.946072,32.569678,45.825954,46.128070,0.722999,22627.80,0.68,157159465234745,4093047744,63198179688358,1888941368,372a111605c2a5d6fca764be877e1c2c,
STILL,aom,av2,0,F1,landscape_26.y4m,4032x3024,25.00,8,4032x3024,185,45371,29.524419,43.075512,43.540331,6.898505,10.300997,44.022440,42.077943,27.485033,34.228738,29.524419,43.075512,43.540331,0.906875,11046.77,0.54,72461019946380,3234779222,30853503030305,1527655218,d6d4e6b48bce7becf9ed719a685c56a9,
STILL,aom,av2,0,F1,landscape_28.y4m,4032x3024,25.00,8,4032x3024,60,3193691,48.856039,51.147834,52.880923,21.009956,29.617779,97.069785,96.449117,51.142642,50.292262,48.856039,51.147834,52.880923,0.433586,44436.75,1.68,246911529323705,7208585541,115441510449803,4415714070,6c3d6bd60c7de883b735db8a63654c39,
STILL,aom,av2,0,F1,landscape_28.y4m,4032x3024,25.00,8,4032x3024,85,1750061,43.580706,48.187340,50.082922,16.177123,24.032016,96.305529,95.417858,46.807788,46.400529,43.580706,48.187340,50.082922,1.837918,42803.97,1.41,244724501398476,5815855564,111362752839713,3846499606,88808c89de7cf8c7ce5d9ea45b46402d,
STILL,aom,av2,0,F1,landscape_28.y4m,4032x3024,25.00,8,4032x3024,110,856400,39.090689,45.532713,47.419046,12.695268,19.138180,94.482579,93.131679,41.242978,42.948258,39.090689,45.532713,47.419046,5.524825,27088.52,0.93,194017866227199,5038355942,75646626796260,2607567633,f01f62491080a72aecf7f34e4b79df2d,
STILL,aom,av2,0,F1,landscape_28.y4m,4032x3024,25.00,8,4032x3024,135,389375,35.302250,42.960973,44.954926,10.654352,16.483804,89.535431,87.404403,36.816617,39.897256,35.302250,42.960973,44.954926,10.071915,42396.85,0.77,298799879815265,4418763017,118403917776472,2169561560,49a22d79db47ea6044696f5b497b1219,
STILL,aom,av2,0,F1,landscape_28.y4m,4032x3024,25.00,8,4032x3024,160,173762,31.952016,40.681920,42.545161,9.033535,14.359035,76.178458,73.866307,32.053998,37.130038,31.952016,40.681920,42.545161,10.082729,35299.74,0.95,200726182724264,3984115345,92235434964225,2614891492,7c660e75fa27f7f40a78a7ca6b59cb9a,
STILL,aom,av2,0,F1,landscape_28.y4m,4032x3024,25.00,8,4032x3024,185,75569,28.727052,38.424534,40.106437,7.325549,11.762747,55.079291,52.945968,27.067936,34.244832,28.727052,38.424534,40.106437,8.896698,20255.45,0.71,111942968063248,3204172138,52948160005712,2160247534,c51c04dc5de1b204223ef2386d0f91c6,
STILL,aom,av2,0,F1,lodge.y4m,6000x4000,25.00,8,6000x4000,60,6491248,48.775509,51.227214,51.577328,21.649710,29.965811,96.505462,95.502344,51.366156,49.599525,48.775509,51.227214,51.577328,0.000019,78479.02,2.70,545397361072700,14143122360,219157560251452,7564394209,7f54770d245e753a23e64c3e159694da,
STILL,aom,av2,0,F1,lodge.y4m,6000x4000,25.00,8,6000x4000,85,3555669,43.683377,47.747272,48.437278,16.930111,24.543714,95.264125,93.795010,46.975131,44.960685,43.683377,47.747272,48.437278,0.012679,71364.85,2.31,504502419034244,12667872899,199295506752815,6492774634,9b67c0ab883806af50d7ea2050b627a6,
STILL,aom,av2,0,F1,lodge.y4m,6000x4000,25.00,8,6000x4000,110,1635937,39.163983,44.426151,45.518309,13.079281,19.723819,91.537763,89.719051,41.666387,40.986917,39.163983,44.426151,45.518309,0.406970,64431.30,1.65,464642623223634,9332758973,179911800346526,4640825292,f3471bb2d8fc68db2d5d8b48874a70fa,
STILL,aom,av2,0,F1,lodge.y4m,6000x4000,25.00,8,6000x4000,135,776292,35.582689,41.299540,42.863881,10.799175,16.413852,82.370208,80.397503,36.420461,37.904886,35.582689,41.299540,42.863881,0.787606,93596.65,1.36,661258642742759,7549375493,261404148038858,3854218381,aceea3f327172da358091dc19025047b,
STILL,aom,av2,0,F1,lodge.y4m,6000x4000,25.00,8,6000x4000,160,327182,31.844835,38.462198,40.588841,8.422029,12.887448,62.307208,60.533173,30.756431,34.806137,31.844835,38.462198,40.588841,1.140864,61623.85,1.17,437928019516970,6404996487,172135186464650,3250649958,5c2c1c96f46a03b00b4718f1f98371f2,
STILL,aom,av2,0,F1,lodge.y4m,6000x4000,25.00,8,6000x4000,185,110074,28.364039,36.159934,38.711507,6.281107,9.459327,32.696564,31.532520,25.672621,31.846459,28.364039,36.159934,38.711507,1.424233,26252.00,1.14,185759727702387,5765531949,89738862217738,4248226051,2e7e75059f859f5e34cfe00078a78247,
STILL,aom,av2,0,F1,party.y4m,6720x4480,25.00,8,6720x4480,60,4803178,48.853146,56.902313,57.171196,19.326167,27.583868,96.785724,96.125184,49.778155,50.791203,48.853146,56.902313,57.171196,0.000007,126613.52,2.59,870570336450738,13743954701,353590628850241,7237414468,a7615f2ca15bb2ab0adbed9266aa2297,
STILL,aom,av2,0,F1,party.y4m,6720x4480,25.00,8,6720x4480,85,1288122,43.318944,55.252797,55.543171,13.719417,21.113416,96.448474,95.506541,44.540502,45.436133,43.318944,55.252797,55.543171,0.852797,93490.02,2.08,658064620385588,12413117351,261067981002226,5845595580,51069ba7cb732c8205f72c5288075559,
STILL,aom,av2,0,F1,party.y4m,6720x4480,25.00,8,6720x4480,110,204180,41.050662,53.329507,53.677417,11.681714,17.855485,94.989647,93.644013,40.941815,43.164071,41.050662,53.329507,53.677417,7.355060,23307.24,1.98,126367690556976,8767300199,59911095124881,5661570750,08b9d86b5d737220b5b9ccd40ccd8191,
STILL,aom,av2,0,F1,party.y4m,6720x4480,25.00,8,6720x4480,135,79826,40.205657,50.989949,51.375922,11.355343,16.793576,91.052633,89.239080,39.379396,42.264930,40.205657,50.989949,51.375922,9.704876,19274.02,1.30,129271084093479,6700603856,53822528818437,3642581598,91ce27a3abfad86794043a0af91d8801,
STILL,aom,av2,0,F1,party.y4m,6720x4480,25.00,8,6720x4480,160,37554,39.104047,48.085935,48.512702,11.095556,15.936016,82.952637,80.690022,37.559962,41.177035,39.104047,48.085935,48.512702,10.248425,9865.64,1.06,65923852264985,6536084992,33258245551771,3953122706,76a03cad0b8151123cde6d95a1f72f20,
STILL,aom,av2,0,F1,party.y4m,6720x4480,25.00,8,6720x4480,185,17614,37.388851,44.533439,45.149518,10.754503,14.874964,69.316692,66.766384,34.934700,39.540619,37.388851,44.533439,45.149518,9.692013,7459.65,1.34,36859263225448,6879084797,19411758207710,4094872853,276d92a65d712c1b2e1f14b81d4622ff,
STILL,aom,av2,0,F1,river.y4m,5184x3456,25.00,8,5184x3456,60,2392094,48.807721,52.927994,53.764472,19.607148,28.261358,95.811867,94.790264,50.018713,48.405442,48.807721,52.927994,53.764472,0.000140,100742.95,1.95,563487189097396,8100369906,260037000734673,5148259779,c7cd5209d2ca86663a3f7c14ddea109a,
STILL,aom,av2,0,F1,river.y4m,5184x3456,25.00,8,5184x3456,85,606371,44.199529,50.360579,51.705793,15.089338,22.338098,94.009877,92.467643,44.966931,44.549969,44.199529,50.360579,51.705793,0.187928,65946.11,1.35,371449931547639,5320469492,169790897095819,3676770554,e4de5efa4fd3e6d110d8106f6db4991a,
STILL,aom,av2,0,F1,river.y4m,5184x3456,25.00,8,5184x3456,110,259571,42.725212,47.615030,49.842188,14.156500,20.139580,90.324289,88.273812,41.788129,42.863545,42.725212,47.615030,49.842188,0.489201,20124.53,0.96,136096212563568,5009669103,56195263214921,2672154070,827a9823a7761311f085f677d32860ee,
STILL,aom,av2,0,F1,river.y4m,5184x3456,25.00,8,5184x3456,135,127374,40.841681,44.713668,47.887151,13.255519,17.916439,81.820498,79.357697,38.329457,41.012472,40.841681,44.713668,47.887151,0.718331,21797.98,0.87,149773094036079,4488169833,73619120884386,3183769894,f1f20fcdf74440ad5766a011722a6fd6,
STILL,aom,av2,0,F1,river.y4m,5184x3456,25.00,8,5184x3456,160,60154,38.147581,41.826071,45.881366,12.009367,15.289208,65.114391,62.696124,34.498733,38.724004,38.147581,41.826071,45.881366,1.004067,16219.99,0.88,91184582966382,4219340825,45538642688947,2701549436,44354c9a479a5a0ee287c2e538ad03c9,
STILL,aom,av2,0,F1,river.y4m,5184x3456,25.00,8,5184x3456,185,26848,35.024224,39.114182,43.657833,10.666223,12.486986,41.203501,39.356220,30.817987,36.037486,35.024224,39.114182,43.657833,1.339335,9395.04,0.90,46168680401179,4240425209,24748634999079,2627344854,cc64e5d264b6c5356d6dbe6104946863,
STILL,aom,av2,0,F1,santa.y4m,5616x3744,25.00,8,5616x3744,60,2457035,48.920076,54.017674,53.454799,19.469365,27.856034,96.330362,95.424417,49.524641,51.212453,48.920076,54.017674,53.454799,0.403365,114876.60,2.29,644139381017986,8817637479,296307246232884,6065308569,76394c5d1193bb4d942b0898e9139306,
STILL,aom,av2,0,F1,santa.y4m,5616x3744,25.00,8,5616x3744,85,585269,44.498078,51.867202,51.263786,15.205848,22.320632,94.825533,93.558452,44.881499,47.056316,44.498078,51.867202,51.263786,2.616801,48587.45,1.47,350869986689182,7975779045,163415658355191,5292900915,03f36182cb73640aaa7c192c71eb00ca,
STILL,aom,av2,0,F1,santa.y4m,5616x3744,25.00,8,5616x3744,110,232173,43.027949,49.727613,48.863857,14.256690,20.466974,91.028614,89.396455,42.331741,45.372946,43.027949,49.727613,48.863857,3.016338,19401.89,1.15,130605906204446,6631428956,54185350142889,3265883025,53aea89a2d6f280e12b23a8539d85928,
STILL,aom,av2,0,F1,santa.y4m,5616x3744,25.00,8,5616x3744,135,109905,41.337102,47.404452,46.098264,13.449670,18.497282,82.765886,80.718089,39.365951,43.604217,41.337102,47.404452,46.098264,3.097205,19438.76,0.94,130611258064941,5264908722,54288305299278,2596757436,eb07ac1c4592d6d44ae36565eb46af24,
STILL,aom,av2,0,F1,santa.y4m,5616x3744,25.00,8,5616x3744,160,50923,39.021305,44.621760,42.924906,12.499504,16.076025,66.931579,64.825679,35.903962,41.269456,39.021305,44.621760,42.924906,3.303524,11507.81,0.99,70993899005228,5140143005,39432949632161,3674238143,d6861808821349bc7da3730b93b3d794,
STILL,aom,av2,0,F1,santa.y4m,5616x3744,25.00,8,5616x3744,185,23163,36.374368,41.598214,39.462779,11.660646,13.625711,43.759060,41.422536,32.511272,38.491694,36.374368,41.598214,39.462779,3.709712,6276.97,1.11,32471039266920,5851970997,16447855269722,3130108860,62ff1c2bfe8a04fb1957a6d0126aebb4,
STILL,aom,av2,0,F1,seafood.y4m,5184x3456,25.00,8,5184x3456,60,4335820,48.731159,52.496224,52.705138,20.889990,29.818665,96.603734,95.749005,51.648060,49.060228,48.731159,52.496224,52.705138,0.000000,91323.18,2.56,513478087552047,10572189857,237119406721159,6786046939,41566d26bba5a3be92f1f958ab56ec09,
STILL,aom,av2,0,F1,seafood.y4m,5184x3456,25.00,8,5184x3456,85,1999287,43.136765,49.600162,49.997751,15.320060,23.588033,95.456567,94.167989,46.483100,44.460509,43.136765,49.600162,49.997751,0.162183,94004.52,2.05,539003576748621,9066387986,244233177398891,5481391914,55485c43d5d2b054df2a2347db47ed25,
STILL,aom,av2,0,F1,seafood.y4m,5184x3456,25.00,8,5184x3456,110,682208,39.192499,46.700069,47.364948,11.858789,18.934602,92.115734,90.438372,41.002646,41.048491,39.192499,46.700069,47.364948,1.166650,44121.59,1.26,312304349423386,6884051449,123217034073191,3541284024,ac07ef9c14d56c912b114e457b1be381,
STILL,aom,av2,0,F1,seafood.y4m,5184x3456,25.00,8,5184x3456,135,311427,36.778067,43.822868,44.688909,10.512961,16.741115,84.583012,82.469766,36.802758,38.817587,36.778067,43.822868,44.688909,1.339051,53167.44,1.03,370987971891235,5976157114,148472144011442,2903353903,cf8380d38d65b247f7aa71974f87934f,
STILL,aom,av2,0,F1,seafood.y4m,5184x3456,25.00,8,5184x3456,160,137836,33.940105,40.937010,41.755563,8.978951,14.010376,68.827332,66.403409,32.027161,36.306322,33.940105,40.937010,41.755563,1.538310,36957.57,1.00,209070257814155,4068656793,96397933412635,2825476936,170ae46aad53748e3ffd34b2e4047f76,
STILL,aom,av2,0,F1,seafood.y4m,5184x3456,25.00,8,5184x3456,185,56084,30.872785,38.086232,38.843890,7.438501,10.989663,44.293876,42.044882,27.568596,33.568032,30.872785,38.086232,38.843890,1.600869,17688.69,1.05,95047681977225,4480360607,46140114134927,3056203323,7b25e307448b85a57a5ef69d27741fcc,
STILL,aom,av2,0,F1,snow_00.y4m,4032x3024,25.00,8,4032x3024,60,3560592,48.687137,53.424480,54.037099,20.954458,29.303159,96.831761,96.049793,51.931951,50.482825,48.687137,53.424480,54.037099,0.000000,45585.96,1.30,313100309109419,6998940421,127302027267490,3637176546,fbf6daf22e0a5b05642ba2c97856e09c,
STILL,aom,av2,0,F1,snow_00.y4m,4032x3024,25.00,8,4032x3024,85,1954773,42.935798,50.816073,51.617601,15.194653,23.203810,96.078377,94.948319,46.726389,45.804659,42.935798,50.816073,51.617601,0.000010,47641.10,1.12,326576378183877,6195069113,133041923099615,3136843981,c486b308ec63a7154a8d8356e8e6bd7f,
STILL,aom,av2,0,F1,snow_00.y4m,4032x3024,25.00,8,4032x3024,110,667101,37.517804,48.697981,49.635952,9.709827,16.736612,94.173816,92.564863,39.988175,41.473606,37.517804,48.697981,49.635952,0.000494,39331.48,0.98,245834393689319,4474861759,110092222401624,2826000930,389f60a77d32fed3db7e4302722beced,
STILL,aom,av2,0,F1,snow_00.y4m,4032x3024,25.00,8,4032x3024,135,205192,34.789097,46.807664,48.152444,7.766155,13.912196,87.243454,85.465347,35.950917,39.151591,34.789097,46.807664,48.152444,0.037103,42742.93,0.87,240975721218728,4176495432,110970782068109,2432877983,a5aeffccb2aeb94154acdbd548368350,
STILL,aom,av2,0,F1,snow_00.y4m,4032x3024,25.00,8,4032x3024,160,92169,32.901779,44.758718,46.490550,7.106761,12.478763,72.911966,71.112708,32.543032,37.455463,32.901779,44.758718,46.490550,0.038458,18559.96,0.57,129463767463563,3313256433,51829927648083,1581491292,4df7df486f525228a42f47b9417ed189,
STILL,aom,av2,0,F1,snow_00.y4m,4032x3024,25.00,8,4032x3024,185,41208,30.554914,42.441016,44.290968,6.445219,10.721624,52.766216,51.012907,28.614671,35.411810,30.554914,42.441016,44.290968,0.078919,12238.62,0.64,67178443015948,3177656615,31830345800991,1825331695,d145b7d8084436836178f72ed5d1be0d,
STILL,aom,av2,0,F1,trees.y4m,4928x3264,25.00,8,4928x3264,60,3231232,49.075338,52.324743,52.313928,22.376483,31.329145,96.802073,95.998077,52.585859,47.956852,49.075338,52.324743,52.313928,0.000182,65996.35,2.15,371375915012890,8871594784,171831262910219,5828669316,f544b63b6509b136b3b59e90c68f94c9,
STILL,aom,av2,0,F1,trees.y4m,4928x3264,25.00,8,4928x3264,85,1726787,44.671023,49.348486,49.333151,18.764813,26.332185,95.784164,94.562174,47.872799,44.247387,44.671023,49.348486,49.333151,0.001123,62832.71,1.83,355581742333469,7874584229,163748534638562,4974981980,c664760608a8e25da7d15e7f3246cc67,
STILL,aom,av2,0,F1,trees.y4m,4928x3264,25.00,8,4928x3264,110,898781,40.780673,46.243217,46.460760,15.498468,21.579148,92.940910,91.240679,42.045514,40.997848,40.780673,46.243217,46.460760,0.004005,44713.62,1.27,317229025434338,7325790560,124863666169754,3558627074,e4136210d155bfd12ec16e0bc9197086,
STILL,aom,av2,0,F1,trees.y4m,4928x3264,25.00,8,4928x3264,135,455264,36.945751,43.139513,43.949458,12.271400,16.976221,85.468485,83.331150,36.043803,37.772617,36.945751,43.139513,43.949458,0.018665,78173.10,1.41,439207045831176,6285904184,204191278259764,4027485348,c6f3bfcc533f07b05f02118a8e466f43,
STILL,aom,av2,0,F1,trees.y4m,4928x3264,25.00,8,4928x3264,160,215260,33.019787,40.430779,41.981973,9.343814,12.742211,68.742880,66.550565,30.572057,34.561710,33.019787,40.430779,41.981973,0.104633,39585.44,0.90,276615699720708,4870748248,110559428490665,2525894250,4f477e83b9e95a59e2e8ea374edd6fd7,
STILL,aom,av2,0,F1,trees.y4m,4928x3264,25.00,8,4928x3264,185,91254,29.270994,38.128233,40.015314,7.086904,9.257675,45.218589,43.642747,25.861703,31.541224,29.270994,38.128233,40.015314,0.420085,26023.00,0.95,143382163270358,4353477109,67840487044274,2673900685,5f5c119aabd96b7c2429c25121dfb4f9,
STILL,aom,av2,0,F1,underwater_01.y4m,4032x3024,25.00,8,4032x3024,60,3377196,48.645241,50.628398,51.403825,21.613002,31.214985,96.539858,95.646170,53.181170,48.787925,48.645241,50.628398,51.403825,0.001103,45740.05,1.41,318045504738517,7711509874,127738162679216,3951359151,d498bbf91ccb6b209f6146bfe7358000,
STILL,aom,av2,0,F1,underwater_01.y4m,4032x3024,25.00,8,4032x3024,85,1666596,42.920208,47.937807,48.883905,16.057153,25.193262,94.931718,93.767755,47.762719,44.354722,42.920208,47.937807,48.883905,0.010791,62614.83,1.41,356609568324026,5916856891,162784863818779,3757541461,f3b7cfdfc426053804b06329eedcbea0,
STILL,aom,av2,0,F1,underwater_01.y4m,4032x3024,25.00,8,4032x3024,110,634050,38.601624,45.025993,46.262880,12.288895,20.250562,91.264213,89.619197,41.209714,40.694189,38.601624,45.025993,46.262880,0.022090,42952.69,0.86,303086373806526,4676143320,119953891532008,2387984620,d78c0367b55193e1ad22040968e94c52,
STILL,aom,av2,0,F1,underwater_01.y4m,4032x3024,25.00,8,4032x3024,135,273462,35.911868,41.827220,43.511406,10.404266,16.947146,81.898329,79.857602,35.743561,38.082866,35.911868,41.827220,43.511406,0.046725,58144.09,0.89,326407175358471,4021549563,151938387307006,2461900661,824eb232790430ca7e63f69941c43fa9,
STILL,aom,av2,0,F1,underwater_01.y4m,4032x3024,25.00,8,4032x3024,160,129761,33.315994,38.417811,40.695115,8.767566,13.653261,62.759640,60.821024,30.898696,35.446322,33.315994,38.417811,40.695115,0.070092,30595.47,0.80,170245556469163,3622698236,80032020795113,2246087168,92799b0c170045974fd36ea1272d3d11,
STILL,aom,av2,0,F1,underwater_01.y4m,4032x3024,25.00,8,4032x3024,185,56826,30.215531,35.178922,37.973600,7.025280,10.166673,34.537939,33.426350,26.468199,32.525080,30.215531,35.178922,37.973600,0.210206,13644.38,0.68,75585735298392,3212862027,35566994581406,1937882642,1082d1f03ec5665d7fde145c7dc4f993,
STILL,aom,av2,0,F2,Adventure_with_the_Windmills.y4m,896x1110,24.00,8,896x1110,60,556072,48.442688,52.345083,53.722449,29.628863,36.595702,97.047305,96.150674,54.251842,47.914272,48.442688,52.345083,53.722449,0.003536,2738.95,0.21,21267702103464,1012845844,7648757525805,593303257,dbd6f8d58ff46aa60016598871190aa1,
STILL,aom,av2,0,F2,Adventure_with_the_Windmills.y4m,896x1110,24.00,8,896x1110,85,424812,42.838734,51.910630,53.246324,25.681713,30.959544,96.055371,94.837884,51.897042,44.424662,42.838734,51.910630,53.246324,0.000900,4375.65,0.20,28020569573721,794570088,11751017958597,529779924,086f9fd836d282a93799b8fb0165e8e6,
STILL,aom,av2,0,F2,Adventure_with_the_Windmills.y4m,896x1110,24.00,8,896x1110,110,300637,36.917260,51.359494,52.623416,20.462610,24.925727,93.526542,91.988330,46.685322,39.904271,36.917260,51.359494,52.623416,0.004851,5759.01,0.14,45033295018240,753891701,16084785200580,414309093,84df56d43448ce5a35c47b5c718ac993,
STILL,aom,av2,0,F2,Adventure_with_the_Windmills.y4m,896x1110,24.00,8,896x1110,135,187798,31.136007,50.474601,51.518113,15.003744,18.843911,87.069260,85.102179,38.290440,34.863719,31.136007,50.474601,51.518113,0.008633,16626.89,0.13,124325690947348,656503600,46431964066447,352138462,a2fc036da4a9c0fa2293c18bd03846a2,
STILL,aom,av2,0,F2,Adventure_with_the_Windmills.y4m,896x1110,24.00,8,896x1110,160,93366,25.489213,47.691150,51.222168,9.525006,13.277287,70.508638,68.390759,29.982482,29.522977,25.489213,47.691150,51.222168,0.004206,14448.85,0.11,104947283425081,538550170,40349492407483,279637809,bbb9da6cd53f2dd708979740b4cb2e06,
STILL,aom,av2,0,F2,Adventure_with_the_Windmills.y4m,896x1110,24.00,8,896x1110,185,26059,20.448891,46.547805,47.478257,4.370069,8.254804,40.377819,38.823977,22.856974,24.531458,20.448891,46.547805,47.478257,0.004721,8509.09,0.07,60607982788062,364530744,23764044956963,193868386,b4353cabf0a301a84bd0cc3379ba4ce3,
STILL,aom,av2,0,F2,Agapanthus_Postbloom2.y4m,1208x948,24.00,8,1208x948,60,129413,49.259010,50.263566,50.057747,21.154249,29.757042,96.921492,96.231707,50.016196,48.177779,49.259010,50.263566,50.057747,3.015435,6645.04,0.11,45424922477561,520474989,18561482250745,295072136,aa3ebc3af95edac4d034c4afb4538c8b,
STILL,aom,av2,0,F2,Agapanthus_Postbloom2.y4m,1208x948,24.00,8,1208x948,85,70674,46.659387,47.575956,48.428057,19.820567,27.510997,95.923754,94.846572,47.499546,45.778303,46.659387,47.575956,48.428057,3.403426,3705.63,0.10,25540624643067,504822636,10348672116917,273309505,934e549be67e711188306af743041fdb,
STILL,aom,av2,0,F2,Agapanthus_Postbloom2.y4m,1208x948,24.00,8,1208x948,110,39807,43.580522,44.338426,46.489906,18.337671,24.979106,93.604128,91.988557,43.945409,43.149649,43.580522,44.338426,46.489906,3.241103,4342.91,0.11,25221049322582,523750695,11348796280186,316366469,3a122ebc6615058758a6716893320490,
STILL,aom,av2,0,F2,Agapanthus_Postbloom2.y4m,1208x948,24.00,8,1208x948,135,22009,39.827721,40.795816,44.338958,16.225188,21.686549,87.501957,85.335083,39.110834,40.050861,39.827721,40.795816,44.338958,2.917927,4313.40,0.08,30704075673953,450669729,12047087953922,225311854,301cf08158d3b7821633914b3fb19a83,
STILL,aom,av2,0,F2,Agapanthus_Postbloom2.y4m,1208x948,24.00,8,1208x948,160,11664,35.763514,37.430052,41.985557,13.576079,17.871715,73.782558,71.387630,33.774454,36.724920,35.763514,37.430052,41.985557,2.590659,2675.68,0.07,18999376770699,389307141,7471707832434,195562476,cf86acc75e0c842a3f3b8cc162546c61,
STILL,aom,av2,0,F2,Agapanthus_Postbloom2.y4m,1208x948,24.00,8,1208x948,185,5745,31.626205,33.841030,39.910748,10.893741,13.990464,51.681804,49.302937,28.529154,33.144323,31.626205,33.841030,39.910748,1.537521,1324.03,0.06,9391009023278,353407471,3697459409969,170926228,931c7a96d44e52b5013602d2f54ccf36,
STILL,aom,av2,0,F2,Baruch.y4m,968x1188,24.00,8,968x1188,60,604143,48.390154,52.413513,53.890624,30.322361,36.725278,96.959839,95.821419,53.679657,47.436051,48.390154,52.413513,53.890624,0.000072,3597.99,0.23,27297294011341,1061840381,10048418725589,629973858,120bce46530201d593c15920c0dd1a57,
STILL,aom,av2,0,F2,Baruch.y4m,968x1188,24.00,8,968x1188,85,460655,42.935289,52.091828,53.430450,27.691442,31.733366,95.813368,94.288043,52.012561,44.204598,42.935289,52.091828,53.430450,0.000176,5206.44,0.23,33579609900539,964673623,13968087645791,619276635,e72ca9ef4849d12b56bc38cd00525c0c,
STILL,aom,av2,0,F2,Baruch.y4m,968x1188,24.00,8,968x1188,110,323847,37.074190,51.543481,52.642631,23.282874,26.073147,92.951240,90.899524,47.963221,39.901470,37.074190,51.543481,52.642631,0.000092,7804.91,0.21,49849902622351,829353312,20776644785012,543483668,c8ed7b663851ded21de81f5f0b38c9b7,
STILL,aom,av2,0,F2,Baruch.y4m,968x1188,24.00,8,968x1188,135,201515,31.371833,50.474459,51.704705,17.970942,19.984276,85.275139,82.690311,39.708071,35.032152,31.371833,50.474459,51.704705,0.000014,18201.59,0.13,135046962726506,682052940,50829362929475,368308475,97b9b56fa7d103c0069de76f4ca724e7,
STILL,aom,av2,0,F2,Baruch.y4m,968x1188,24.00,8,968x1188,160,98435,25.673901,49.855949,52.000400,12.015222,14.005142,66.963387,64.477674,30.758497,29.896382,25.673901,49.855949,52.000400,0.000012,19518.80,0.13,117385524965910,563930083,51193867691886,358592960,cc94079c02dfb77e7208769c020899e2,
STILL,aom,av2,0,F2,Baruch.y4m,968x1188,24.00,8,968x1188,185,28923,20.835203,48.908825,49.657313,6.601619,8.435726,39.796758,38.177137,23.256439,25.122277,20.835203,48.908825,49.657313,0.000014,8894.61,0.08,64829694394903,401241214,24839109605777,213087633,38f4059dfc11bbdd5ee3b97cdec2f82e,
STILL,aom,av2,0,F2,Berlin-Fernsehturm.y4m,1290x856,24.00,8,1290x856,60,101200,49.757476,51.139656,50.703017,20.609415,28.145268,96.849559,95.951635,48.496734,46.460321,49.757476,51.139656,50.703017,2.326215,6566.33,0.08,47217758552617,385142920,22192145437319,299613564,753521b12cc30aa81a0909ef59641e5c,
STILL,aom,av2,0,F2,Berlin-Fernsehturm.y4m,1290x856,24.00,8,1290x856,85,49524,46.776256,49.692021,48.731855,18.567623,24.732333,95.577838,94.409486,45.816147,44.658487,46.776256,49.692021,48.731855,7.506161,3501.66,0.06,24023820122672,313998690,9778750650853,199728251,6d75c7dc1da7a52e94322da2a700e390,
STILL,aom,av2,0,F2,Berlin-Fernsehturm.y4m,1290x856,24.00,8,1290x856,110,24354,43.518711,47.878526,46.669647,16.446313,21.625182,92.248637,90.774157,42.710016,42.892230,43.518711,47.878526,46.669647,8.701295,2926.44,0.09,18008405821194,370578620,8218019376242,244683144,e8d1b749a3dfd0e5a71af58a4f0c0634,
STILL,aom,av2,0,F2,Berlin-Fernsehturm.y4m,1290x856,24.00,8,1290x856,135,11323,40.066690,45.611691,44.289915,14.231900,18.637843,84.672549,82.803269,38.988959,40.912156,40.066690,45.611691,44.289915,8.819860,2284.98,0.06,17042855509702,246245124,7768208256852,204826703,87ae3a892723ccb7ea58cdea24aa475f,
STILL,aom,av2,0,F2,Berlin-Fernsehturm.y4m,1290x856,24.00,8,1290x856,160,4836,36.600916,43.160046,41.617426,12.117857,15.568821,70.068598,67.647804,34.870861,38.635854,36.600916,43.160046,41.617426,8.736169,1168.74,0.04,8430346290611,204029932,3263817417656,117978774,c6241f79b6e8f69efb5338738b40fb75,
STILL,aom,av2,0,F2,Berlin-Fernsehturm.y4m,1290x856,24.00,8,1290x856,185,1857,33.410087,40.791363,39.438027,10.385747,12.557978,46.586517,44.954861,30.814184,36.253201,33.410087,40.791363,39.438027,8.866984,445.60,0.05,3197274694028,256260131,1244394734486,124737826,c1b70802daddd420c9ab9de37b6a4b80,
STILL,aom,av2,0,F2,Big_Easy_chair.y4m,1196x1008,24.00,8,1196x1008,60,98966,48.691117,48.283833,48.721474,19.022463,27.511421,96.936348,96.064621,48.432357,47.000709,48.691117,48.283833,48.721474,0.029990,12161.91,0.11,87918279258474,483735772,41101684077584,371494229,f4f691936c099b35570257c27ec9e287,
STILL,aom,av2,0,F2,Big_Easy_chair.y4m,1196x1008,24.00,8,1196x1008,85,22898,46.087613,46.330920,47.479542,16.724034,23.386080,96.090524,94.905886,44.723615,44.868563,46.087613,46.330920,47.479542,2.316567,5140.82,0.09,27410637486998,353454982,13242728358350,244478697,bbbbfab14adb3318bd927e15557bda9f,
STILL,aom,av2,0,F2,Big_Easy_chair.y4m,1196x1008,24.00,8,1196x1008,110,9362,44.657105,45.596173,46.735961,15.944405,21.281009,93.969531,92.218304,42.422025,43.850560,44.657105,45.596173,46.735961,4.519632,1975.93,0.08,10664425589532,359810208,5068122781530,231537266,7b5bb68cb117b2c8db894e3f61195590,
STILL,aom,av2,0,F2,Big_Easy_chair.y4m,1196x1008,24.00,8,1196x1008,135,4667,43.023792,44.535361,45.626901,15.329623,19.574623,89.190029,86.698993,40.221373,42.696937,43.023792,44.535361,45.626901,5.423839,1108.48,0.06,7557645867091,374929400,3095782720288,180101394,665e0e731e9ab35660eeadc906c53d5f,
STILL,aom,av2,0,F2,Big_Easy_chair.y4m,1196x1008,24.00,8,1196x1008,160,2496,40.749594,42.800433,44.041174,14.526279,17.595586,80.369241,77.049772,37.423703,41.011460,40.749594,42.800433,44.041174,5.112435,627.39,0.07,3373608473068,339112341,1610007714707,192690561,b29bf12b459b77caae0fc2c2274ac04e,
STILL,aom,av2,0,F2,Big_Easy_chair.y4m,1196x1008,24.00,8,1196x1008,185,1361,37.677928,40.486757,41.961552,13.478396,15.287987,67.785746,62.674447,33.940258,38.737186,37.677928,40.486757,41.961552,4.508345,233.62,0.06,1533492263972,338060053,788957921011,220943725,5203c6a9560f429a8f585295bb1bc699,
STILL,aom,av2,0,F2,Butterfly.y4m,1420x918,24.00,8,1420x918,60,198296,48.682029,48.841783,50.312445,19.291154,27.585511,96.919998,96.140442,48.547434,45.610062,48.682029,48.841783,50.312445,2.152491,12872.52,0.15,72562912070224,612005699,33384369604597,400210184,5eae545ca7e22b63bc74c0a50804c0ea,
STILL,aom,av2,0,F2,Butterfly.y4m,1420x918,24.00,8,1420x918,85,66671,44.351076,46.239932,48.162865,15.400226,23.318309,96.081707,94.960419,45.466648,42.965293,44.351076,46.239932,48.162865,11.657739,7747.99,0.11,44589542448212,519041215,20103829621990,321812667,80ae640acf40667f113c00e8d1c32af9,
STILL,aom,av2,0,F2,Butterfly.y4m,1420x918,24.00,8,1420x918,110,22080,41.830430,44.858640,46.542375,13.540539,20.360044,93.279999,91.879851,42.120597,41.517018,41.830430,44.858640,46.542375,11.748162,3652.50,0.09,20954926246291,406602164,9511764227127,262820139,3a4d8658534894493a579d237c1ecb34,
STILL,aom,av2,0,F2,Butterfly.y4m,1420x918,24.00,8,1420x918,135,10012,40.040123,43.216220,44.567759,12.911410,18.957708,87.424924,85.538066,39.490897,40.309321,40.040123,43.216220,44.567759,11.622590,3281.30,0.08,18645244257176,349840313,8563993415795,224992534,d560192935070356195d4094f35167f7,
STILL,aom,av2,0,F2,Butterfly.y4m,1420x918,24.00,8,1420x918,160,5015,37.891484,41.151970,42.402792,12.276819,17.468401,77.042351,74.602036,36.219123,38.834936,37.891484,41.151970,42.402792,10.912708,1695.61,0.07,9790895638762,348853421,4433136736930,208612576,058f25fe92d015c5095eedf4921eebf2,
STILL,aom,av2,0,F2,Butterfly.y4m,1420x918,24.00,8,1420x918,185,2604,35.009391,38.769218,39.844599,11.327190,15.275745,58.831839,56.049409,32.027603,36.856174,35.009391,38.769218,39.844599,9.364482,675.45,0.06,4845491040384,382246936,1886491458871,169220287,3116459a129b1fa0b5e45e977f643c7c,
STILL,aom,av2,0,F2,Cecret_Lake_Panorama.y4m,1586x752,24.00,8,1586x752,60,546215,48.955228,49.270862,49.121631,24.194502,32.517330,96.880055,95.919700,52.720803,46.611735,48.955228,49.270862,49.121631,0.009507,7053.69,0.25,44244388039368,1116561253,18894433870897,679879679,02fa40facb24119c045a30a86e82bbe5,
STILL,aom,av2,0,F2,Cecret_Lake_Panorama.y4m,1586x752,24.00,8,1586x752,85,371942,43.610846,44.751000,45.153488,20.069676,27.885471,95.679435,94.428709,48.680124,42.076290,43.610846,44.751000,45.153488,0.027914,7866.91,0.23,47683060150303,984027481,20918554926812,615621222,c09f0ade5628322b7a02158ed6c76083,
STILL,aom,av2,0,F2,Cecret_Lake_Panorama.y4m,1586x752,24.00,8,1586x752,110,233710,37.914372,41.115599,42.390064,15.661419,23.109717,92.505434,90.973345,43.243860,37.912448,37.914372,41.115599,42.390064,0.063398,8378.96,0.16,64367361226429,864326526,23398780020365,471360316,12c8e1fb195b24146a75feef0659069f,
STILL,aom,av2,0,F2,Cecret_Lake_Panorama.y4m,1586x752,24.00,8,1586x752,135,121971,32.046413,38.764341,40.396219,10.914078,18.028677,84.220269,82.467501,36.603752,33.791360,32.046413,38.764341,40.396219,0.091491,16495.46,0.12,121670640017906,703612195,46065489782997,350032920,2c360909accd739358338317d861805e,
STILL,aom,av2,0,F2,Cecret_Lake_Panorama.y4m,1586x752,24.00,8,1586x752,160,38687,26.859938,36.834515,38.406352,6.455226,12.843413,65.266800,63.233913,29.544245,29.782563,26.859938,36.834515,38.406352,0.053165,11402.44,0.09,82657689640740,454950590,31844578506684,239631843,dcc2179a253d3193c96230a58ef3ebd8,
STILL,aom,av2,0,F2,Cecret_Lake_Panorama.y4m,1586x752,24.00,8,1586x752,185,10486,23.988923,35.133742,36.665514,4.128058,8.743810,35.001538,33.644246,23.686327,27.237450,23.988923,35.133742,36.665514,0.147915,3497.54,0.06,24947169726887,338471395,9768341401094,172228701,a04bda5627ab28a01498e406a818c2c8,
STILL,aom,av2,0,F2,Claudette.y4m,900x1100,24.00,8,900x1100,60,400589,48.763052,50.192082,50.521068,23.600012,32.420735,96.701715,95.724501,52.934268,45.682089,48.763052,50.192082,50.521068,0.022871,3860.07,0.17,27218205329494,874590351,10779702672160,483108423,5ed053182c064b56b21fd84441589023,
STILL,aom,av2,0,F2,Claudette.y4m,900x1100,24.00,8,900x1100,85,270033,43.149725,48.444446,48.924996,18.555449,26.926047,95.190330,93.901068,48.726286,42.457274,43.149725,48.444446,48.924996,0.109262,5080.48,0.14,37605450552322,746879495,17476932585502,504297774,7877a6e964ee45e335bc583f7af3c911,
STILL,aom,av2,0,F2,Claudette.y4m,900x1100,24.00,8,900x1100,110,161880,37.555511,46.783934,47.405995,13.656609,21.340423,91.327926,89.735336,42.655555,38.711376,37.555511,46.783934,47.405995,0.145780,9776.04,0.13,58951088910738,551419314,25681667940607,365132936,2b4ce0c801ea18cd4598a2169914f2e4,
STILL,aom,av2,0,F2,Claudette.y4m,900x1100,24.00,8,900x1100,135,80171,32.244462,45.163186,45.862394,9.530434,16.247866,81.415639,79.623996,35.768813,34.680875,32.244462,45.163186,45.862394,0.174424,14695.22,0.11,87261743764732,506891601,38494409165211,317799587,89383a59a1c2dd3f310091aa5a98a373,
STILL,aom,av2,0,F2,Claudette.y4m,900x1100,24.00,8,900x1100,160,24383,27.442409,42.821587,44.154247,5.771661,11.552360,59.022726,57.387338,29.229209,30.674997,27.442409,42.821587,44.154247,0.345635,7136.62,0.06,51491101017536,355901790,19929691424351,182308204,e8c71e0722166bf1ab6fe033d98b5d87,
STILL,aom,av2,0,F2,Claudette.y4m,900x1100,24.00,8,900x1100,185,6401,24.827495,40.764305,41.936130,3.850902,7.863262,27.762809,26.836671,23.952644,28.130143,24.827495,40.764305,41.936130,0.621707,2341.75,0.06,13297493847079,309862633,6079102838919,189590265,895f302e15902d39b76497f6fe492c98,
STILL,aom,av2,0,F2,Collage_Oppeln.y4m,904x1280,24.00,8,904x1280,60,320695,49.130360,49.602449,50.191456,22.883469,31.592894,96.995969,96.232288,51.561714,46.653202,49.130360,49.602449,50.191456,0.027407,6202.47,0.18,39183880412251,775412975,17529129972321,502279752,61598c31a2e419cd97c3d60fed8ea8bb,
STILL,aom,av2,0,F2,Collage_Oppeln.y4m,904x1280,24.00,8,904x1280,85,196921,44.337091,46.351325,47.113831,19.314811,27.538121,96.147490,95.042429,48.124470,43.048809,44.337091,46.351325,47.113831,0.102524,6611.14,0.18,38098061673573,704293017,17390607345341,480233162,e9701d4c8ccbe9d37246ad52d1ee1051,
STILL,aom,av2,0,F2,Collage_Oppeln.y4m,904x1280,24.00,8,904x1280,110,109771,39.350913,43.285320,44.171025,15.449115,23.113866,93.589002,92.126175,43.077630,39.619233,39.350913,43.285320,44.171025,0.168010,8186.96,0.15,49580949840727,605280109,21568792539667,411498706,972386d6f41e86a7d6cc3ea6390a2f85,
STILL,aom,av2,0,F2,Collage_Oppeln.y4m,904x1280,24.00,8,904x1280,135,54273,34.661725,40.464866,41.192991,11.901111,18.827197,87.712434,85.718063,37.120554,36.230048,34.661725,40.464866,41.192991,0.181732,10832.58,0.12,69674182969422,581512018,30591176763477,360721787,e60e683750e12320a13e5ca38b7af4d6,
STILL,aom,av2,0,F2,Collage_Oppeln.y4m,904x1280,24.00,8,904x1280,160,23520,30.491163,37.801836,38.618573,8.899906,14.763616,73.563571,71.253192,31.150845,32.986228,30.491163,37.801836,38.618573,0.177963,6150.29,0.07,43869269512061,465897669,17175223972572,229649991,3975926d0feb668a23d951cdea17cbef,
STILL,aom,av2,0,F2,Collage_Oppeln.y4m,904x1280,24.00,8,904x1280,185,8929,26.961458,35.119079,35.852272,6.486021,10.912885,51.117298,48.929023,25.630570,29.938385,26.961458,35.119079,35.852272,0.179933,3227.59,0.08,18200266185286,324787237,8365119803333,250518963,71c891ccf7de7fbc35ef8cf5abcf8527,
STILL,aom,av2,0,F2,Corona_Arch.y4m,1272x922,24.00,8,1272x922,60,350987,48.705018,48.972907,49.277549,20.789487,29.520964,96.737903,95.784752,50.663031,49.972509,48.705018,48.972907,49.277549,0.000675,11026.57,0.19,63994777175231,831996372,28849116623024,497236703,60def5442ec9b00a1249f58f6973abc4,
STILL,aom,av2,0,F2,Corona_Arch.y4m,1272x922,24.00,8,1272x922,85,188411,43.453575,46.724254,45.450237,16.155077,23.974050,95.592406,94.294265,46.158404,45.386230,43.453575,46.724254,45.450237,2.362938,7389.51,0.15,44392770495708,587490032,19420203656126,396056032,efd91889489fc2af8325cce1fa826644,
STILL,aom,av2,0,F2,Corona_Arch.y4m,1272x922,24.00,8,1272x922,110,93681,38.831497,44.731128,42.182814,13.197292,20.703367,92.333409,90.662924,42.370787,41.841131,38.831497,44.731128,42.182814,5.024283,7721.91,0.11,61126610854935,562738660,26526345158886,380174158,d089c44af2ca0474e1d321138155237e,
STILL,aom,av2,0,F2,Corona_Arch.y4m,1272x922,24.00,8,1272x922,135,37314,34.548383,42.644425,39.427971,10.080943,16.892044,84.080643,81.881842,36.778434,38.605445,34.548383,42.644425,39.427971,5.318863,8489.35,0.08,66079587959343,463416031,29067798121382,287133845,1c2b92a363472070546ac277b720418e,
STILL,aom,av2,0,F2,Corona_Arch.y4m,1272x922,24.00,8,1272x922,160,12877,31.233653,40.342512,36.845760,7.567500,13.033929,64.392559,62.460317,31.028344,35.909251,31.233653,40.342512,36.845760,5.941250,4911.67,0.09,27789599797697,401407511,12862688054344,277204908,af4a346c7d8823eb7b9c722f868720b4,
STILL,aom,av2,0,F2,Corona_Arch.y4m,1272x922,24.00,8,1272x922,185,4209,28.686891,37.388500,34.349592,5.981665,9.896171,37.390407,35.822597,26.571402,33.582453,28.686891,37.388500,34.349592,5.469359,1131.91,0.05,7988430887979,308424237,3161236858304,154609666,ab75264fe509f034b3e15a01b0773b07,
STILL,aom,av2,0,F2,Correfocs_Festa_Major_del_Clot.y4m,1306x870,24.00,8,1306x870,60,222894,48.763964,49.962699,49.541446,20.368130,28.987612,96.543874,95.554642,50.150706,48.904925,48.763964,49.962699,49.541446,0.419281,7163.36,0.15,49292599931172,690297321,20005555040008,407663426,c6633df891dfb09f5d7a66792641253f,
STILL,aom,av2,0,F2,Correfocs_Festa_Major_del_Clot.y4m,1306x870,24.00,8,1306x870,85,116037,44.774882,47.480860,46.370273,17.201947,24.672250,94.911220,93.614986,46.254477,45.605165,44.774882,47.480860,46.370273,1.457475,5308.89,0.12,36791955764006,573318340,14826995869267,340401751,c0c7022e6d20ecd3078a3bd272805949,
STILL,aom,av2,0,F2,Correfocs_Festa_Major_del_Clot.y4m,1306x870,24.00,8,1306x870,110,62127,41.064897,45.068565,43.221043,14.744847,21.063186,90.705245,88.964078,41.984709,42.729646,41.064897,45.068565,43.221043,1.611437,4947.72,0.09,35261106835826,502426607,13816833696040,274068827,7cd5e584a01f95bf56b631f831a62438,
STILL,aom,av2,0,F2,Correfocs_Festa_Major_del_Clot.y4m,1306x870,24.00,8,1306x870,135,31520,37.095319,42.795016,39.923582,12.181281,17.362677,81.363955,79.143810,37.169565,39.720668,37.095319,42.795016,39.923582,1.570541,6937.56,0.11,41065428375551,441488281,18183591805895,317650394,8918dc0891380e00d2a29d5b482547fc,
STILL,aom,av2,0,F2,Correfocs_Festa_Major_del_Clot.y4m,1306x870,24.00,8,1306x870,160,13620,32.956756,40.470371,36.694587,9.443963,13.321112,62.687015,60.180735,31.926403,36.568688,32.956756,40.470371,36.694587,1.588233,3826.19,0.08,22696912477849,319352992,10007227822553,221101517,a39c7bacb44edcbc0f8ab16046de31a8,
STILL,aom,av2,0,F2,Correfocs_Festa_Major_del_Clot.y4m,1306x870,24.00,8,1306x870,185,3819,28.990242,38.200061,33.494019,7.057466,9.212594,32.338375,31.329286,26.791426,33.408329,28.990242,38.200061,33.494019,2.072637,1290.62,0.07,7379872362954,294037134,3348692305294,190654069,044c016a2a732e543feb62d8a027c883,
STILL,aom,av2,0,F2,Crepuscular_rays_at_Sunset_near_Waterberg_Plateau.y4m,1402x934,24.00,8,1402x934,60,377996,48.945154,49.565506,49.518413,21.567122,30.107048,96.060005,94.794538,51.646752,47.211146,48.945154,49.565506,49.518413,0.218989,9656.51,0.21,54379957304663,878676441,25210366386278,583386200,b389e60a02fe557aabbe8c24fc255992,
STILL,aom,av2,0,F2,Crepuscular_rays_at_Sunset_near_Waterberg_Plateau.y4m,1402x934,24.00,8,1402x934,85,224139,44.066926,46.506023,46.180097,17.698324,25.541238,93.710041,92.146473,47.582257,43.392227,44.066926,46.506023,46.180097,0.517820,10461.29,0.18,60459699089156,740337640,27413382014158,494570478,e47b1c17316255b50c77ce9b1b8540dd,
STILL,aom,av2,0,F2,Crepuscular_rays_at_Sunset_near_Waterberg_Plateau.y4m,1402x934,24.00,8,1402x934,110,110493,38.726002,43.849661,43.376130,12.994424,20.443673,87.909421,86.131966,41.945608,39.652555,38.726002,43.849661,43.376130,0.497505,10791.43,0.13,82868836277770,622853430,36973084637717,456573047,0de8041563512308efaf97bd6f29e9a8,
STILL,aom,av2,0,F2,Crepuscular_rays_at_Sunset_near_Waterberg_Plateau.y4m,1402x934,24.00,8,1402x934,135,35590,33.953721,41.459609,40.957080,8.455370,14.971770,73.925358,71.908679,35.389178,36.114128,33.953721,41.459609,40.957080,0.681010,11166.84,0.10,71387215460567,461836406,31527100442445,294172938,88d0a6bbfb99b641877e5f0bfc897fc3,
STILL,aom,av2,0,F2,Crepuscular_rays_at_Sunset_near_Waterberg_Plateau.y4m,1402x934,24.00,8,1402x934,160,8906,31.058437,39.218023,38.706850,6.031884,10.791817,45.450662,44.030322,30.205361,33.525225,31.058437,39.218023,38.706850,0.642962,2502.40,0.06,17848885716284,389916451,6987491133615,189752693,b44c615b02a0054d54b092efc8a5c854,
STILL,aom,av2,0,F2,Crepuscular_rays_at_Sunset_near_Waterberg_Plateau.y4m,1402x934,24.00,8,1402x934,185,2593,29.353954,36.733817,36.387021,5.081472,8.150626,14.383659,13.742082,26.962829,31.620794,29.353954,36.733817,36.387021,1.146965,760.35,0.06,3976817496446,244770617,1943247124143,165479434,5cae78b77a2a2a13a77a2237a656a32b,
STILL,aom,av2,0,F2,Esquibien_Jean_Perrot.y4m,818x1228,24.00,8,818x1228,60,363946,48.770981,50.297164,50.289340,22.499826,30.981385,96.921274,96.048654,51.626130,46.682903,48.770981,50.297164,50.289340,0.673529,6125.44,0.15,44132231468212,780850472,17110244680287,431836214,bb9286a42e7ee035e49f563b5a9eb4b4,
STILL,aom,av2,0,F2,Esquibien_Jean_Perrot.y4m,818x1228,24.00,8,818x1228,85,231954,43.384198,47.941555,47.702916,17.856352,25.796455,95.897773,94.729733,47.695510,43.164631,43.384198,47.941555,47.702916,0.768734,7981.99,0.14,47905440334447,574410499,21029553188133,373368883,d07cbe5bdedc1eccdb51e57f9d46e217,
STILL,aom,av2,0,F2,Esquibien_Jean_Perrot.y4m,818x1228,24.00,8,818x1228,110,126747,37.675889,46.499053,46.133258,13.027303,20.962882,93.345556,91.682449,42.766607,39.441239,37.675889,46.499053,46.133258,0.683781,9304.78,0.10,69804406494278,487459608,25992395341107,267460436,de59642101ee1d8d584a36f347bdaf79,
STILL,aom,av2,0,F2,Esquibien_Jean_Perrot.y4m,818x1228,24.00,8,818x1228,135,44539,32.329266,44.984143,44.525925,8.059789,15.246936,86.297930,84.204256,35.865779,35.380427,32.329266,44.984143,44.525925,0.589596,10772.74,0.08,76923449086038,436343159,30083876869237,219341437,09f101236dd554cdc1ef61f5f0d78346,
STILL,aom,av2,0,F2,Esquibien_Jean_Perrot.y4m,818x1228,24.00,8,818x1228,160,11769,29.181003,43.135817,42.722166,5.502839,11.228893,69.743831,67.675832,29.933534,32.677619,29.181003,43.135817,42.722166,0.669781,4171.56,0.06,29819466562385,331240185,11649492237253,163313971,17b0ef17461ef36781c6be7962553352,
STILL,aom,av2,0,F2,Esquibien_Jean_Perrot.y4m,818x1228,24.00,8,818x1228,185,4358,27.198826,40.737559,40.606167,4.637145,9.297152,49.137843,46.533081,26.149689,30.832688,27.198826,40.737559,40.606167,0.850189,1890.96,0.06,10571216502131,259608250,4889268794787,162021028,7575a8c6216eaafe4a7572a1e9e93b2a,
STILL,aom,av2,0,F2,Florac-Le_Vibron-Source_du_Pecher.y4m,1080x874,24.00,8,1080x874,60,453265,48.785253,48.325106,48.245356,23.858834,32.573311,96.946710,96.130543,53.312162,45.037933,48.785253,48.325106,48.245356,0.035090,6572.50,0.22,39010234414491,915724966,17512509335187,611705242,d5cbc0c50d7cc805c9ed45562f6ac498,
STILL,aom,av2,0,F2,Florac-Le_Vibron-Source_du_Pecher.y4m,1080x874,24.00,8,1080x874,85,285787,42.962244,44.050768,44.067625,18.328677,26.967180,95.987518,94.816942,48.578535,40.577749,42.962244,44.050768,44.067625,0.287427,5909.57,0.14,43320307676647,730132850,16502793405009,403592356,3f859604f26df70bedb4676f977dc8d3,
STILL,aom,av2,0,F2,Florac-Le_Vibron-Source_du_Pecher.y4m,1080x874,24.00,8,1080x874,110,157837,37.171753,41.243305,41.609382,12.958091,21.128793,93.041793,91.600349,42.415430,37.045906,37.171753,41.243305,41.609382,0.357527,8616.55,0.11,64687011200753,600807901,24062420151949,326611662,622cbda69171f0aa874cf1042f5fa0f5,
STILL,aom,av2,0,F2,Florac-Le_Vibron-Source_du_Pecher.y4m,1080x874,24.00,8,1080x874,135,75686,32.129265,39.227931,39.772885,8.997345,16.151659,85.736071,83.799772,35.696345,33.631669,32.129265,39.227931,39.772885,0.648440,14395.25,0.11,86941793639325,488460831,37842693975775,301280342,1ab5597631fef500c72b35235d775d06,
STILL,aom,av2,0,F2,Florac-Le_Vibron-Source_du_Pecher.y4m,1080x874,24.00,8,1080x874,160,27385,27.793528,37.287250,38.108530,5.829451,11.568908,68.922056,66.647810,29.327764,30.421150,27.793528,37.287250,38.108530,0.771612,7234.65,0.07,51131060198969,383697885,20203372727855,194969436,a86085e5ba5121c4e101b8e3e5a413d7,
STILL,aom,av2,0,F2,Florac-Le_Vibron-Source_du_Pecher.y4m,1080x874,24.00,8,1080x874,185,7736,24.662950,35.244052,36.160104,3.890814,7.957642,42.947406,41.432423,24.087371,27.870902,24.662950,35.244052,36.160104,0.691871,3103.71,0.07,18003026936640,275141103,8090847184136,180118965,e3f32982c9c87e977e6707fe510e033e,
STILL,aom,av2,0,F2,Fontaine_Place_Stanislas.y4m,1390x820,24.00,8,1390x820,60,268386,49.222812,48.977117,50.386844,21.929480,29.853696,96.931747,96.120664,50.293689,45.788782,49.222812,48.977117,50.386844,6.168174,6898.76,0.17,39389173911875,689464501,18075614940018,457901326,892e98ae130c875efe0d58362b15076b,
STILL,aom,av2,0,F2,Fontaine_Place_Stanislas.y4m,1390x820,24.00,8,1390x820,85,159836,44.700713,45.982523,47.755190,18.474009,26.002056,95.833907,94.678005,47.348467,42.914159,44.700713,45.982523,47.755190,6.636625,6611.91,0.16,38552639243430,569528889,17356654352223,442152907,eb033aac98b0277e8794b64f0e949e4b,
STILL,aom,av2,0,F2,Fontaine_Place_Stanislas.y4m,1390x820,24.00,8,1390x820,110,89863,40.107987,43.031892,45.546585,15.066070,21.811374,92.841141,91.349425,42.725159,40.166370,40.107987,43.031892,45.546585,6.704792,6871.94,0.13,40773432854097,574829513,18102883829351,371977329,0aa4889f3a15d073e89788ddead73df7,
STILL,aom,av2,0,F2,Fontaine_Place_Stanislas.y4m,1390x820,24.00,8,1390x820,135,45875,35.541816,40.560250,43.585584,12.082089,17.895826,85.773525,83.697158,37.493150,37.345484,35.541816,40.560250,43.585584,7.094012,7583.47,0.09,56283968319861,510154370,21180140334807,266195578,6c00eee9536be74cf09b132f5b60720a,
STILL,aom,av2,0,F2,Fontaine_Place_Stanislas.y4m,1390x820,24.00,8,1390x820,160,18837,31.051373,38.267041,41.651794,9.352233,14.430462,69.632508,67.370753,32.127466,34.377958,31.051373,38.267041,41.651794,7.737522,6275.95,0.09,37282926344845,424749732,16466808112872,249057619,7185d322fe43cddfde6104c83decb23a,
STILL,aom,av2,0,F2,Fontaine_Place_Stanislas.y4m,1390x820,24.00,8,1390x820,185,6238,27.499667,36.023721,39.809800,7.038355,10.926364,43.398260,41.766590,26.596371,31.575007,27.499667,36.023721,39.809800,6.412931,1980.37,0.06,14494335273663,328212857,5530410773676,163743041,63138c4e8ef021f4a079a0231a487ca2,
STILL,aom,av2,0,F2,Genmaicha_Tea.y4m,1260x840,24.00,8,1260x840,60,91812,50.341932,51.863901,51.614610,23.019737,30.585544,96.987588,96.236244,48.250117,49.396607,50.341932,51.863901,51.614610,0.000173,8940.22,0.09,60959623987511,336973180,24966646543326,244204565,eee5acc160249eaeb19ba4cf24c7f3cf,
STILL,aom,av2,0,F2,Genmaicha_Tea.y4m,1260x840,24.00,8,1260x840,85,54488,47.744749,50.029434,49.761217,21.945818,28.870493,96.157755,95.128423,47.155961,47.714978,47.744749,50.029434,49.761217,0.001314,5344.75,0.06,38346846786732,284870025,14925671008039,174692728,9a661a2782897424282add4d88a23187,
STILL,aom,av2,0,F2,Genmaicha_Tea.y4m,1260x840,24.00,8,1260x840,110,31494,44.067116,48.013568,47.724628,20.281210,26.733058,94.113036,92.738008,45.416000,45.795960,44.067116,48.013568,47.724628,0.001190,5092.57,0.09,30295603643369,382973999,13408095202091,233050755,dd58828ed7853cbfcbec972217e9ecb4,
STILL,aom,av2,0,F2,Genmaicha_Tea.y4m,1260x840,24.00,8,1260x840,135,16462,39.693446,46.091430,45.237888,17.856020,23.838190,88.855214,87.048636,41.614061,43.502376,39.693446,46.091430,45.237888,0.000181,4918.69,0.07,29326821847614,308797908,12974475840554,197270314,908013c42cc55148a8a9707c19324f61,
STILL,aom,av2,0,F2,Genmaicha_Tea.y4m,1260x840,24.00,8,1260x840,160,7644,35.452949,43.735704,42.567291,15.040513,20.399741,77.567408,75.216826,36.087508,40.709345,35.452949,43.735704,42.567291,0.000418,2867.12,0.04,21747776416355,279459679,8006650228685,136713323,23b0b8ecdf4fcf0000b877ef616ef0ee,
STILL,aom,av2,0,F2,Genmaicha_Tea.y4m,1260x840,24.00,8,1260x840,185,3208,31.779425,41.680820,39.744761,12.239788,16.781652,58.484608,55.835557,30.531333,37.927294,31.779425,41.680820,39.744761,0.003806,2115.68,0.06,13260255504003,301114705,5650453589457,169746881,94b6df5c8a1ca3d7415fba5c6c309e05,
STILL,aom,av2,0,F2,Homestead_in_Montana.y4m,1326x826,24.00,8,1326x826,60,195112,49.110229,49.675957,50.150786,21.492277,30.021172,96.706446,95.742323,50.860776,48.820040,49.110229,49.675957,50.150786,0.255780,7418.49,0.14,41972144622840,519524525,19276931946393,376297432,66c6442f51cfb30ef2bbe29b96849140,
STILL,aom,av2,0,F2,Homestead_in_Montana.y4m,1326x826,24.00,8,1326x826,85,106788,45.572814,46.631058,46.619910,19.186811,27.065871,95.517893,94.156616,47.996877,45.648567,45.572814,46.631058,46.619910,0.494745,4682.67,0.08,32276734633536,424487885,13076594987202,246239342,329f46006cc3451a6ebffbf558e09d1f,
STILL,aom,av2,0,F2,Homestead_in_Montana.y4m,1326x826,24.00,8,1326x826,110,56315,41.655382,43.622886,43.145120,16.500510,23.459208,92.542562,90.695204,43.230658,42.543556,41.655382,43.622886,43.145120,0.549897,6333.55,0.10,37560278084108,424667156,16604874369007,272967826,0e1c51420276f901efd9cad9b481abf4,
STILL,aom,av2,0,F2,Homestead_in_Montana.y4m,1326x826,24.00,8,1326x826,135,27452,37.597407,40.541475,39.893363,13.506378,19.447264,84.883524,82.634591,37.362779,39.350332,37.597407,40.541475,39.893363,0.567717,5171.29,0.08,38524725864578,424173011,17648107300327,283651174,2e94439a74baa5f663ed43ec652cbaad,
STILL,aom,av2,0,F2,Homestead_in_Montana.y4m,1326x826,24.00,8,1326x826,160,12482,33.772769,37.574156,36.729241,10.608013,15.373229,67.039647,64.895287,31.657615,36.134607,33.772769,37.574156,36.729241,0.662910,3518.98,0.08,20247891151468,353676754,9214321040420,250749650,0199df3ba0e5d32b5bfdab1a11bb998e,
STILL,aom,av2,0,F2,Homestead_in_Montana.y4m,1326x826,24.00,8,1326x826,185,5189,30.229478,34.894642,33.665935,8.088500,11.498779,40.858884,39.200043,26.757111,33.086183,30.229478,34.894642,33.665935,0.613750,1049.17,0.06,7587153662296,342003080,3547298134510,224179817,110ddb70ae5eabdbd29e02cfb457d59d,
STILL,aom,av2,0,F2,Madeira_151_Funchal_Mercado_dos_Lavradores.y4m,1228x816,24.00,8,1228x816,60,306719,48.741802,48.572800,48.639411,22.541917,32.182926,96.918568,96.144059,53.591984,47.555389,48.741802,48.572800,48.639411,0.364510,5879.34,0.19,32956960528180,755640941,15379719470115,537951732,adfb7abda178ecd9295d36f251c0b671,
STILL,aom,av2,0,F2,Madeira_151_Funchal_Mercado_dos_Lavradores.y4m,1228x816,24.00,8,1228x816,85,169911,43.855274,44.583664,45.027102,18.378465,27.191379,95.799241,94.725593,48.666244,43.322351,43.855274,44.583664,45.027102,0.359968,5874.24,0.16,36272802368931,679723256,16522307603076,456602878,fffbf2148bf263ac7d7b3426720baff5,
STILL,aom,av2,0,F2,Madeira_151_Funchal_Mercado_dos_Lavradores.y4m,1228x816,24.00,8,1228x816,110,87115,39.487486,40.876317,41.707077,14.740827,22.575153,93.124641,91.598589,42.323387,39.645315,39.487486,40.876317,41.707077,0.357943,8160.56,0.16,47772723245900,609708471,21337511087229,428924122,b789a389a6d7b953b456093ef2516ce8,
STILL,aom,av2,0,F2,Madeira_151_Funchal_Mercado_dos_Lavradores.y4m,1228x816,24.00,8,1228x816,135,41870,35.465775,37.519710,38.568098,11.494537,18.195940,86.050618,84.098823,35.827458,36.220518,35.465775,37.519710,38.568098,0.387827,8503.78,0.09,60420460984228,507931514,23749122158522,261127221,535d9618ccfa4119ea9ce3d1c4f12c90,
STILL,aom,av2,0,F2,Madeira_151_Funchal_Mercado_dos_Lavradores.y4m,1228x816,24.00,8,1228x816,160,19056,31.732540,34.301381,35.497435,8.730730,14.201422,69.795368,67.834981,29.961289,32.938941,31.732540,34.301381,35.497435,0.802474,5284.43,0.09,32334321236103,414657911,14829256194543,293003059,38c758f3aa7f815681f6d9129abe5301,
STILL,aom,av2,0,F2,Madeira_151_Funchal_Mercado_dos_Lavradores.y4m,1228x816,24.00,8,1228x816,185,7905,28.199516,31.386819,32.515113,6.410681,10.474491,43.528815,42.208560,24.967603,29.771900,28.199516,31.386819,32.515113,0.759357,1898.12,0.06,13089406429652,334680758,5300943974632,194511941,39f5e9a04b36b1d5d3f3e99a1264bbdf,
STILL,aom,av2,0,F2,Madeira_159_Funchal_Mercado_dos_Lavradores.y4m,1228x816,24.00,8,1228x816,60,474724,48.778685,48.620585,48.409723,24.463805,33.904072,97.086401,96.396062,53.905055,45.584290,48.778685,48.620585,48.409723,0.003312,4511.40,0.18,32611874886001,945940073,12598540363759,526758636,3cfff9b7968cce99beb3fedb8e3aa7e8,
STILL,aom,av2,0,F2,Madeira_159_Funchal_Mercado_dos_Lavradores.y4m,1228x816,24.00,8,1228x816,85,308402,43.148104,44.497084,43.873100,19.299914,28.522972,96.327927,95.278201,49.404920,41.241924,43.148104,44.497084,43.873100,0.060007,4816.81,0.17,35352620459827,878115959,13451063717032,491443083,17553f91c9d030b9e702006be7cc9263,
STILL,aom,av2,0,F2,Madeira_159_Funchal_Mercado_dos_Lavradores.y4m,1228x816,24.00,8,1228x816,110,174820,37.493875,40.687573,40.156868,14.107235,22.845715,93.985267,92.588605,43.069875,37.169776,37.493875,40.687573,40.156868,0.096455,6892.34,0.15,50476271318742,773223496,19247679131816,408510335,b7cd1861de18394d2bc13392c760fe7d,
STILL,aom,av2,0,F2,Madeira_159_Funchal_Mercado_dos_Lavradores.y4m,1228x816,24.00,8,1228x816,135,84133,32.482486,37.146082,37.056059,10.031448,17.801622,87.875173,85.980788,36.201716,33.360963,32.482486,37.146082,37.056059,0.174266,11798.19,0.12,86202018106268,588019971,32947333894135,332106331,b742ec6e868c39d64c9bc1cad082a56a,
STILL,aom,av2,0,F2,Madeira_159_Funchal_Mercado_dos_Lavradores.y4m,1228x816,24.00,8,1228x816,160,34606,28.202759,34.067325,34.261295,7.344627,14.042443,74.237480,71.829671,29.971478,30.037644,28.202759,34.067325,34.261295,0.358490,9118.76,0.10,57020871280635,476971754,25618178014589,302848879,150848e690c53cc9f36fbb2aa592206a,
STILL,aom,av2,0,F2,Madeira_159_Funchal_Mercado_dos_Lavradores.y4m,1228x816,24.00,8,1228x816,185,12840,24.778716,31.567302,31.752794,5.214510,10.659174,51.338625,49.342122,24.304306,27.163526,24.778716,31.567302,31.752794,0.339864,4840.11,0.08,26733874875171,373301009,12531986875875,262973669,3f12f716ac70a759c40a01ed8cccf558,
STILL,aom,av2,0,F2,MagicKindom.y4m,1000x1000,24.00,8,1000x1000,60,544091,48.728080,48.043542,48.141483,25.483373,34.460919,96.943810,96.115436,54.633603,47.903607,48.728080,48.043542,48.141483,0.000000,5409.16,0.25,33360237422946,1068856307,14471683617962,697532060,a716945894b505fc745dd0762300445d,
STILL,aom,av2,0,F2,MagicKindom.y4m,1000x1000,24.00,8,1000x1000,85,352797,42.708078,43.620773,43.523767,19.309155,28.326179,95.938005,94.752764,49.390150,42.616593,42.708078,43.620773,43.523767,0.000111,5113.99,0.16,39656778290404,822140959,17621253230108,569452617,3008a02d041d7904c0ee2a9f58c1abee,
STILL,aom,av2,0,F2,MagicKindom.y4m,1000x1000,24.00,8,1000x1000,110,207036,36.856470,41.062012,40.812016,14.085820,22.337634,92.867109,91.392381,42.904976,38.153611,36.856470,41.062012,40.812016,0.602593,8164.89,0.13,59592380474782,706607932,22801032061962,388325872,845b069464f412ae84714196bad66d66,
STILL,aom,av2,0,F2,MagicKindom.y4m,1000x1000,24.00,8,1000x1000,135,100117,31.342003,39.021545,38.688712,9.671995,17.365633,85.548495,83.472735,36.071080,33.790169,31.342003,39.021545,38.688712,0.706937,18277.66,0.14,108869422526910,612886267,47881778002269,385758534,77a61350abb4384edab6a6a3acc01f7f,
STILL,aom,av2,0,F2,MagicKindom.y4m,1000x1000,24.00,8,1000x1000,160,34856,26.840497,37.113455,36.823573,5.936818,12.479250,68.199126,66.114512,29.071012,30.025927,26.840497,37.113455,36.823573,0.808330,10960.69,0.10,68495237881038,445794085,30773037235024,281234770,bf9eeba7258dd7617d52513336fb5a61,
STILL,aom,av2,0,F2,MagicKindom.y4m,1000x1000,24.00,8,1000x1000,185,10555,23.765103,34.938456,35.399804,3.612957,8.365412,40.476766,38.752517,23.121540,27.189643,23.765103,34.938456,35.399804,0.781153,3317.41,0.06,23292392355827,318388399,9264544803491,162529059,7accbaf5ac8d7fe375adb45edfdbcdd4,
STILL,aom,av2,0,F2,Michigan_Stadium.y4m,1400x934,24.00,8,1400x934,60,647594,48.790533,48.906491,49.133295,24.150659,33.121808,97.080753,96.347973,53.266224,47.188899,48.790533,48.906491,49.133295,0.040414,5448.36,0.25,39869411694023,1285174338,15214825058192,714798209,b384cd15147689aca415882769996371,
STILL,aom,av2,0,F2,Michigan_Stadium.y4m,1400x934,24.00,8,1400x934,85,452849,43.529281,44.117647,44.508422,20.596745,28.937020,96.246257,95.175245,49.463345,42.453626,43.529281,44.117647,44.508422,0.068642,6409.51,0.30,38802447393159,1233919910,16991714991683,823175400,95421e3e807c5b96b968cdf19d250b2a,
STILL,aom,av2,0,F2,Michigan_Stadium.y4m,1400x934,24.00,8,1400x934,110,295118,38.212162,38.992879,39.876948,17.143103,24.803958,93.985127,92.529831,43.996538,37.904283,38.212162,38.992879,39.876948,0.123429,8583.10,0.26,51194236349493,1054719912,22728979619369,741061250,64b4f3908df6101381895259e4c595ed,
STILL,aom,av2,0,F2,Michigan_Stadium.y4m,1400x934,24.00,8,1400x934,135,171021,32.751573,34.076121,36.444296,13.464389,20.428056,88.158397,86.078337,37.457532,33.579916,32.751573,34.076121,36.444296,0.157065,20255.13,0.19,122425361249533,866477041,53422132311769,525148468,3b21857c2b0a1aedcf57ef1b73fdb9ac,
STILL,aom,av2,0,F2,Michigan_Stadium.y4m,1400x934,24.00,8,1400x934,160,78716,27.214199,30.478553,33.955115,9.532275,15.869502,73.417521,71.142096,30.407732,29.471013,27.214199,30.478553,33.955115,0.191004,17032.18,0.16,99897151934379,674749490,44677288229238,463350092,109abfcab13c2d3507b08e2494b61615,
STILL,aom,av2,0,F2,Michigan_Stadium.y4m,1400x934,24.00,8,1400x934,185,25663,22.739117,28.240877,32.108188,5.829172,10.836863,46.544364,44.716473,23.544560,25.930903,22.739117,28.240877,32.108188,0.252500,7450.69,0.08,51847065170652,485575142,20806760587013,242021615,40558863814364e99a5fd6e90c44fdba,
STILL,aom,av2,0,F2,OperaLamps.y4m,1296x864,24.00,8,1296x864,60,435057,48.935331,48.607943,48.655369,24.434457,33.740007,96.879422,96.055259,54.012330,45.516199,48.935331,48.607943,48.655369,0.773719,3659.34,0.26,21429029086985,1033473423,9645349206965,691223813,bd4c6171630439cda4e02e9ad5061339,
STILL,aom,av2,0,F2,OperaLamps.y4m,1296x864,24.00,8,1296x864,85,270553,43.955656,43.664001,43.996963,20.627503,29.285743,95.717067,94.561481,49.803881,40.872937,43.955656,43.664001,43.996963,1.113114,3175.01,0.20,24220160441820,1058797878,10899032392921,725564577,2ad49f94e1916442efbe1f974d261a04,
STILL,aom,av2,0,F2,OperaLamps.y4m,1296x864,24.00,8,1296x864,110,150539,39.022794,39.216374,39.977858,16.683824,24.567769,92.814148,91.160278,43.424352,36.800549,39.022794,39.216374,39.977858,1.112584,5867.86,0.17,43231676823284,916804139,16384610224935,501154858,b737165519707fb881713dd895000a21,
STILL,aom,av2,0,F2,OperaLamps.y4m,1296x864,24.00,8,1296x864,135,75012,34.205453,35.428832,36.633429,12.648513,19.718231,85.166194,83.223797,36.260051,33.146494,34.205453,35.428832,36.633429,0.912821,15872.35,0.16,93051217919197,697479824,41595567825576,438981513,d5ba5694e78c858d20394188636a376d,
STILL,aom,av2,0,F2,OperaLamps.y4m,1296x864,24.00,8,1296x864,160,33044,29.781306,32.431671,34.050501,8.855307,14.883453,67.381529,65.509551,29.488999,29.828454,29.781306,32.431671,34.050501,0.767506,10709.78,0.13,61291062186950,523533804,27930817144821,351414480,376a622fde40824027e4bd6a73079ed0,
STILL,aom,av2,0,F2,OperaLamps.y4m,1296x864,24.00,8,1296x864,185,12553,25.858374,30.036829,32.145132,5.698552,10.266099,39.102074,37.318070,23.626546,26.804326,25.858374,30.036829,32.145132,0.660947,3526.03,0.06,24874204507332,344484786,9847721118718,180897166,8f77853bce4a55ce89a39a510c4e9b2a,
STILL,aom,av2,0,F2,Orion_Nebula.y4m,1200x840,24.00,8,1200x840,60,128769,48.775446,49.929128,50.480034,19.452697,28.210658,96.015698,94.765646,50.184907,47.639741,48.775446,49.929128,50.480034,0.000287,9207.74,0.09,62275343627320,459058609,25716588386730,259843355,fcf195f525e3a8561822ac749f92ac75,
STILL,aom,av2,0,F2,Orion_Nebula.y4m,1200x840,24.00,8,1200x840,85,49584,45.213951,47.722740,48.072855,16.194677,23.259584,93.911678,92.323226,45.345001,44.767262,45.213951,47.722740,48.072855,0.015047,7341.21,0.10,39481100850787,358726071,18915641295269,275607642,5a27370dca2f9c0c9103608b7d1ddd63,
STILL,aom,av2,0,F2,Orion_Nebula.y4m,1200x840,24.00,8,1200x840,110,20515,42.528488,45.642103,45.648832,14.068843,19.420053,88.551987,86.688087,40.617547,42.481874,42.528488,45.642103,45.648832,0.067774,2568.42,0.06,17686156365461,275375865,8604682082734,215057177,6b5128302fd8857529dcb83591087dfd,
STILL,aom,av2,0,F2,Orion_Nebula.y4m,1200x840,24.00,8,1200x840,135,8646,39.910116,43.638763,43.205716,12.386091,16.089440,76.313985,73.779840,36.578534,40.250362,39.910116,43.638763,43.205716,0.350721,2034.00,0.06,10658683901765,233678286,5206184787037,167859823,d4bcecbdb44ea947de3adf8cebf2b95b,
STILL,aom,av2,0,F2,Orion_Nebula.y4m,1200x840,24.00,8,1200x840,160,3542,37.202100,41.591982,40.726299,11.052680,13.162092,52.227428,50.567856,33.188614,38.001659,37.202100,41.591982,40.726299,1.014255,761.61,0.06,4013283073921,212321776,1936038363487,177667435,7b43c100048d456f20c44cd87e37a57f,
STILL,aom,av2,0,F2,Orion_Nebula.y4m,1200x840,24.00,8,1200x840,185,1360,34.426792,39.355392,38.386485,10.068132,10.563405,25.393411,24.699147,30.121847,35.495464,34.426792,39.355392,38.386485,1.664928,271.92,0.04,1418151166461,174669118,690785424441,112046507,0ed26f5e04c27fc6b7aed28c1123fc22,
STILL,aom,av2,0,F2,Saint_Catherine-Caravaggio.y4m,876x1140,24.00,8,876x1140,60,284078,48.823266,49.707420,50.214615,20.730743,29.573447,96.973664,96.301267,51.032142,46.396648,48.823266,49.707420,50.214615,0.000153,9698.40,0.17,54270731028375,737884411,25260480694823,457401461,5e1ff7e84f43f624b25f91e64dc3f274,
STILL,aom,av2,0,F2,Saint_Catherine-Caravaggio.y4m,876x1140,24.00,8,876x1140,85,132427,42.675009,47.901500,48.065593,14.596887,22.946998,96.083575,95.087999,45.767420,43.208840,42.675009,47.901500,48.065593,1.909099,8140.12,0.11,57773942769301,484578141,27621596486798,355970442,7d9a5e1b80d029b442ca1c2896cae6a4,
STILL,aom,av2,0,F2,Saint_Catherine-Caravaggio.y4m,876x1140,24.00,8,876x1140,110,47450,38.374227,46.176965,45.941713,10.954971,18.434758,93.586236,92.102853,40.675411,40.416887,38.374227,46.176965,45.941713,4.086905,7028.99,0.10,41012955815182,412818628,18321668686946,290153140,342b7baff8cdf9f56ade4c587b2923d5,
STILL,aom,av2,0,F2,Saint_Catherine-Caravaggio.y4m,876x1140,24.00,8,876x1140,135,18461,35.640256,44.240194,43.733664,9.215869,15.583183,86.894407,84.837179,36.420643,38.367508,35.640256,44.240194,43.733664,5.227280,5874.67,0.08,34220435876834,366198561,15343739386293,218240467,177816a717bb0e97551e3be1dfd6413e,
STILL,aom,av2,0,F2,Saint_Catherine-Caravaggio.y4m,876x1140,24.00,8,876x1140,160,7988,33.197577,41.704175,41.142335,8.105243,13.329497,72.750405,70.345746,32.507592,36.305633,33.197577,41.704175,41.142335,6.454445,2304.63,0.05,16367427367379,311170497,6437625553780,155922024,a909294bcfb324d257c2d366fd754a4a,
STILL,aom,av2,0,F2,Saint_Catherine-Caravaggio.y4m,876x1140,24.00,8,876x1140,185,3274,30.476385,39.554897,38.884701,7.082378,10.965265,53.091225,50.861614,28.549677,34.251093,30.476385,39.554897,38.884701,6.280165,921.95,0.05,6693663189182,298000399,3108981326200,193237441,2c7713326f4f8121df74b1725b5635c6,
STILL,aom,av2,0,F2,Streptopelia_orientalis.y4m,1404x936,24.00,8,1404x936,60,221969,48.371083,49.698297,50.533716,20.657275,30.472049,96.859059,96.082719,51.930268,47.352806,48.371083,49.698297,50.533716,0.007391,8614.41,0.13,60194259659876,658857213,24057742848934,373946461,b1306975a9c5e58ab276e6582b27d9d1,
STILL,aom,av2,0,F2,Streptopelia_orientalis.y4m,1404x936,24.00,8,1404x936,85,113653,45.195113,46.419445,47.755038,18.375170,26.973443,95.707200,94.574916,47.716988,44.363866,45.195113,46.419445,47.755038,0.019530,8892.17,0.16,50166804177188,732930262,23168966522677,450638634,84d3960fcbccfc7ee6da791f454a5c64,
STILL,aom,av2,0,F2,Streptopelia_orientalis.y4m,1404x936,24.00,8,1404x936,110,58458,41.891192,42.964753,44.749311,16.145795,23.425223,93.013258,91.283616,42.549673,41.381402,41.891192,42.964753,44.749311,0.021483,6396.20,0.10,45382736022137,576700221,17865496076143,291377761,0f8a21522ca3efa2f5df366befb65c91,
STILL,aom,av2,0,F2,Streptopelia_orientalis.y4m,1404x936,24.00,8,1404x936,135,29839,38.433896,39.488904,41.499547,13.861504,19.712631,85.692641,83.523443,37.055152,38.171924,38.433896,39.488904,41.499547,0.018079,8043.99,0.11,44609612687168,537812434,21062396206672,324356623,f3b05c02fa31dde6e2b1e937b705d4a2,
STILL,aom,av2,0,F2,Streptopelia_orientalis.y4m,1404x936,24.00,8,1404x936,160,14836,34.806162,36.008592,38.503612,11.437501,15.865980,69.153489,67.104408,31.858158,34.743469,34.806162,36.008592,38.503612,0.010384,4245.27,0.11,24073458208440,458534495,11075057605910,317350243,6ec4c763815fc746f5fa83293b24e05c,
STILL,aom,av2,0,F2,Streptopelia_orientalis.y4m,1404x936,24.00,8,1404x936,185,6870,30.981647,32.850544,35.738394,9.045508,11.986807,44.448340,42.758359,27.071497,31.318654,30.981647,32.850544,35.738394,0.012702,1817.51,0.08,10082979858712,356210060,4714440433836,227035173,7dc13791eca7afcc41a665f8c1450399,
STILL,aom,av2,0,F2,Swallowtail.y4m,1300x900,24.00,8,1300x900,60,282771,48.620801,49.847598,50.636585,20.591492,29.924396,96.972279,96.212334,51.211098,49.357736,48.620801,49.847598,50.636585,0.017453,10864.29,0.18,60504952495625,770515347,28275338609632,476194736,f4e5cbcb59d180dad1c2fac6db49e94f,
STILL,aom,av2,0,F2,Swallowtail.y4m,1300x900,24.00,8,1300x900,85,119310,43.258606,46.973294,47.836702,15.324751,23.970925,96.151045,95.023828,46.263757,44.971305,43.258606,46.973294,47.836702,0.139400,7906.27,0.14,45685256522597,527001004,20605651817115,384649244,290114675fa4f2aa1e473e3db2f40ed1,
STILL,aom,av2,0,F2,Swallowtail.y4m,1300x900,24.00,8,1300x900,110,60901,40.445426,44.082151,44.814029,13.882394,21.576905,93.727702,92.002652,42.467251,42.445279,40.445426,44.082151,44.814029,0.201708,4971.60,0.11,38059522767580,536647253,16937640181667,361411058,e1f526d579a0566d6b6125ec28b18c96,
STILL,aom,av2,0,F2,Swallowtail.y4m,1300x900,24.00,8,1300x900,135,30837,37.186199,41.062830,41.663379,12.255506,18.783767,87.178926,85.013694,37.500178,39.695134,37.186199,41.062830,41.663379,0.234695,6306.39,0.09,46986959701469,482342794,21523185383581,323745542,ce0720bb14fbdd5783b2572a7a420f7b,
STILL,aom,av2,0,F2,Swallowtail.y4m,1300x900,24.00,8,1300x900,160,15013,33.682054,37.850490,38.200675,10.492217,15.810262,73.160339,70.815609,32.182547,36.570439,33.682054,37.850490,38.200675,0.282967,4850.59,0.10,28091122542357,430336111,12696323973125,270321526,6ac9d7e1fc54a87f371fe822ce5a20f2,
STILL,aom,av2,0,F2,Swallowtail.y4m,1300x900,24.00,8,1300x900,185,6957,30.127249,34.744256,35.097746,8.756400,12.825656,51.037342,49.154394,27.217379,33.434541,30.127249,34.744256,35.097746,0.244390,1845.94,0.07,13094256553525,395005937,5155018104723,189401649,9f14a121a68890c1eb20932f19c9c800,
STILL,aom,av2,0,F2,Washington_Monument.y4m,1204x904,24.00,8,1204x904,60,272498,49.168985,50.570159,50.427626,21.875644,30.253258,96.801325,95.675008,51.316281,47.317163,49.168985,50.570159,50.427626,0.412586,7807.81,0.16,44233587804677,657163828,20412005058120,422411704,2ac682f9148227552edece20be0dc393,
STILL,aom,av2,0,F2,Washington_Monument.y4m,1204x904,24.00,8,1204x904,85,170549,44.515822,48.640197,48.362225,18.283584,25.575508,95.517914,94.064788,47.333184,44.375015,44.515822,48.640197,48.362225,0.551718,7023.04,0.13,43074197620196,586169278,19768611565204,389371230,8fd3b0b2560edea56fc20ca31a248dd0,
STILL,aom,av2,0,F2,Washington_Monument.y4m,1204x904,24.00,8,1204x904,110,97797,39.499205,46.611706,46.766575,14.362249,20.847365,91.836328,90.086574,42.113986,41.290030,39.499205,46.611706,46.766575,0.551184,6214.88,0.08,45259693582440,413064086,17356165464205,234959962,d51837714916f44195125dd9b6fc300a,
STILL,aom,av2,0,F2,Washington_Monument.y4m,1204x904,24.00,8,1204x904,135,46452,34.574698,44.353017,44.879549,10.518955,16.274296,82.610167,80.720872,36.505260,37.925831,34.574698,44.353017,44.879549,0.455070,9286.39,0.08,54699054278511,339334430,24424260159637,242647581,49c49eb374bd73140d9ffe351be3c4c0,
STILL,aom,av2,0,F2,Washington_Monument.y4m,1204x904,24.00,8,1204x904,160,15733,30.270449,42.132466,43.054813,7.722322,12.605248,63.030562,61.015705,31.321562,34.624286,30.270449,42.132466,43.054813,0.465743,3972.44,0.06,29003854772162,359199604,11093664430759,178448639,c8d158cda6546969b4456e5e05b49302,
STILL,aom,av2,0,F2,Washington_Monument.y4m,1204x904,24.00,8,1204x904,185,4239,27.394541,39.545834,40.880923,5.904088,9.479029,34.493272,33.071775,26.738518,31.861716,27.394541,39.545834,40.880923,0.319838,1198.58,0.05,8527820934299,282597895,3348251983899,142498964,fa85667727760622b54c7fed269c978b,
STILL,aom,av2,0,F2,Wasserfassstelle_von_1898_im_Schanerloch.y4m,816x1150,24.00,8,816x1150,60,372010,48.749048,49.773844,50.000161,23.371364,32.667014,96.924173,96.078864,52.953910,47.222341,48.749048,49.773844,50.000161,0.001960,4027.80,0.17,29025809038682,831429082,11249480427422,463868352,f48286fc0db36e19133954bd170eb958,
STILL,aom,av2,0,F2,Wasserfassstelle_von_1898_im_Schanerloch.y4m,816x1150,24.00,8,816x1150,85,244645,43.233818,47.578367,48.095019,18.423282,27.144891,95.804760,94.650195,48.784262,43.500259,43.233818,47.578367,48.095019,0.012604,5863.27,0.17,34732777421284,729808235,15406689183080,452577898,62b5556a7922982f1b4da3eca679ac9f,
STILL,aom,av2,0,F2,Wasserfassstelle_von_1898_im_Schanerloch.y4m,816x1150,24.00,8,816x1150,110,148074,37.831411,46.011450,46.814882,14.106522,21.904257,92.827093,91.334814,42.987057,39.719409,37.831411,46.011450,46.814882,0.023716,6474.97,0.10,46632735467585,577458335,18082484165511,304955178,ec5c2e0192893dfdd27afe79366992c4,
STILL,aom,av2,0,F2,Wasserfassstelle_von_1898_im_Schanerloch.y4m,816x1150,24.00,8,816x1150,135,75825,32.642369,44.574698,45.320848,10.296041,17.128213,85.186849,83.369890,36.412923,35.717151,32.642369,44.574698,45.320848,0.064137,10560.57,0.10,76282777295556,513159314,29497510672257,262791802,2e933ef3e5b6b28e7eb7b9dec36c4d8b,
STILL,aom,av2,0,F2,Wasserfassstelle_von_1898_im_Schanerloch.y4m,816x1150,24.00,8,816x1150,160,28815,27.985785,42.789985,43.416067,7.065313,12.756289,67.003464,64.957537,29.853434,31.857024,27.985785,42.789985,43.416067,0.181273,8625.49,0.10,49321111655986,397399817,22462960364670,279041141,d9eefefa21b75fc942713361cec3da69,
STILL,aom,av2,0,F2,Wasserfassstelle_von_1898_im_Schanerloch.y4m,816x1150,24.00,8,816x1150,185,8962,24.669284,40.570389,40.200075,4.754615,8.954507,38.825129,37.399781,24.104125,28.688548,24.669284,40.570389,40.200075,0.181379,3166.35,0.07,17709406087997,309407128,8198239751147,219614776,172bc7f71a11f5aee1b5f9d74020ad43,
STILL,aom,av2,0,F2,Zoo_de_la_Barben.y4m,1296x864,24.00,8,1296x864,60,118889,48.066373,50.109701,50.174884,18.668270,27.269076,96.702506,95.800277,48.243817,44.682825,48.066373,50.109701,50.174884,3.178068,8258.55,0.08,58087743482148,414244691,23064657365691,244214522,ac6b99150894968b19d2164a34469e0a,
STILL,aom,av2,0,F2,Zoo_de_la_Barben.y4m,1296x864,24.00,8,1296x864,85,55027,45.655949,48.280794,48.285936,17.166132,25.071166,95.533962,94.293449,46.526707,43.268822,45.655949,48.280794,48.285936,9.466900,4459.04,0.08,24388532626024,287242379,11572681930023,217352943,92d4cfe7a40fc4cef7e49f152e19996c,
STILL,aom,av2,0,F2,Zoo_de_la_Barben.y4m,1296x864,24.00,8,1296x864,110,26019,42.857871,46.172445,46.086857,15.538481,22.759318,92.882242,91.014767,43.849192,41.826763,42.857871,46.172445,46.086857,9.079322,3045.85,0.07,22657864237884,333539112,10337102105868,291630125,0ac2712aaaf869b01f9ae40626d64410,
STILL,aom,av2,0,F2,Zoo_de_la_Barben.y4m,1296x864,24.00,8,1296x864,135,10804,39.627935,43.734978,43.666104,13.454749,19.432408,85.694126,83.402762,39.308167,40.139923,39.627935,43.734978,43.666104,8.921934,3316.96,0.07,19198771484423,374657454,8648472617605,208882325,5e743114685be26e1baa437f7c62a6b5,
STILL,aom,av2,0,F2,Zoo_de_la_Barben.y4m,1296x864,24.00,8,1296x864,160,4260,36.660507,41.265220,41.111203,11.602949,16.021204,70.550611,67.973823,34.528644,38.226730,36.660507,41.265220,41.111203,8.064758,1097.82,0.05,7450179674871,337228130,3065652644156,157015053,22fe2e4ebfb5308d4665dfe18d1f385d,
STILL,aom,av2,0,F2,Zoo_de_la_Barben.y4m,1296x864,24.00,8,1296x864,185,1768,33.903852,39.050009,38.240594,10.141563,12.838468,48.078156,46.075801,30.548339,36.038365,33.903852,39.050009,38.240594,7.257666,505.22,0.05,2744602687852,324350510,1305216114919,169475629,9ed525ef5e451438924b4eab23df2498,
