TestCfg,EncodeMethod,CodecName,EncodePreset,Class,Name,OrigRes,FPS,BitDepth,CodedRes,QP,Bitrate(kbps),PSNR_Y,PSNR_U,PSNR_V,SSIM_Y(dB),MS-SSIM_Y(dB),VMAF_Y,VMAF_Y-NEG,PSNR-HVS,CIEDE2000,APSNR_Y,APSNR_U,APSNR_V,CAMBI,EncT[s],DecT[s],EncInstr,DecInstr,EncCycles,DecCycles,EncMD5,DecMD5
RA,aom,av2,0,A1,BoxingPractice_3840x2160_5994fps_10bit_420.y4m,3840x2160,60.00,10,3840x2160,110,18698.144932,42.398909,48.726414,48.730037,13.975178,20.339794,99.974870,99.916243,43.030639,43.266299,42.347852,48.701124,48.704233,0.949451,,,,,,,bbef275cef307f6239117e5172ebfee1,
RA,aom,av2,0,A1,BoxingPractice_3840x2160_5994fps_10bit_420.y4m,3840x2160,60.00,10,3840x2160,135,6626.312764,41.573745,47.544940,47.468593,13.574910,19.569443,99.634603,97.784643,41.500338,42.399181,41.558854,47.532766,47.454712,1.181964,,,,,,,5090bae62cd567751ac7c35d523ca066,
RA,aom,av2,0,A1,BoxingPractice_3840x2160_5994fps_10bit_420.y4m,3840x2160,60.00,10,3840x2160,160,2748.024898,40.302340,45.978915,45.809845,13.047371,18.450339,95.187997,92.780491,39.168184,41.218028,40.287914,45.966135,45.797331,1.236379,,,,,,,cd8abe4df095bc0cca0d6a0240f2306c,
RA,aom,av2,0,A1,BoxingPractice_3840x2160_5994fps_10bit_420.y4m,3840x2160,60.00,10,3840x2160,185,1320.628910,38.277972,43.975278,43.716367,12.215143,16.686019,85.938395,83.201898,35.926258,39.555254,38.257199,43.962788,43.705768,1.267856,,,,,,,8930d7fb487e07887304cbe9a36225d9,
RA,aom,av2,0,A1,BoxingPractice_3840x2160_5994fps_10bit_420.y4m,3840x2160,60.00,10,3840x2160,210,637.083532,35.576577,41.544790,41.349178,11.117021,14.425912,71.203989,68.152619,32.267836,37.402984,35.550552,41.531979,41.333414,1.316835,,,,,,,986f8d1cc360eda6e88eda5cc0d00e72,
RA,aom,av2,0,A1,BoxingPractice_3840x2160_5994fps_10bit_420.y4m,3840x2160,60.00,10,3840x2160,235,294.473526,32.413764,38.811171,38.787917,9.877806,11.913835,51.599668,48.622341,28.518344,34.766047,32.386579,38.798631,38.777026,1.261357,,,,,,,c9d61a4cf8c1663cf34d21740de8ce32,
RA,aom,av2,0,A1,Crosswalk_3840x2160_5994fps_10bit_420.y4m,3840x2160,60.00,10,3840x2160,110,17142.278030,42.792326,48.817039,52.279670,13.526836,20.071718,95.550367,93.751624,43.159387,43.705936,42.752250,48.802598,52.269670,0.314978,,,,,,,783b1edc5438707e86f21fc0259673c8,
RA,aom,av2,0,A1,Crosswalk_3840x2160_5994fps_10bit_420.y4m,3840x2160,60.00,10,3840x2160,135,5346.657035,42.131836,48.161779,51.340155,13.216791,19.203589,91.122211,89.016500,41.609517,43.053940,42.122558,48.157030,51.331892,0.364939,,,,,,,abfa7a264d1675e02c726cfbb7d4fdd5,
RA,aom,av2,0,A1,Crosswalk_3840x2160_5994fps_10bit_420.y4m,3840x2160,60.00,10,3840x2160,160,2271.805733,41.079463,47.162608,49.921457,12.880922,17.946414,82.940772,80.560236,39.454238,42.068453,41.058596,47.155741,49.907411,0.382870,,,,,,,1db6fde3445246e838ba7cba28c0078e,
RA,aom,av2,0,A1,Crosswalk_3840x2160_5994fps_10bit_420.y4m,3840x2160,60.00,10,3840x2160,185,1056.173365,39.457742,45.752296,47.976921,12.457361,16.257370,69.881678,67.404281,36.844747,40.628501,39.418285,45.741326,47.956593,0.413666,,,,,,,1d1da8b177c649f1f8fbbe8a0138e3d9,
RA,aom,av2,0,A1,Crosswalk_3840x2160_5994fps_10bit_420.y4m,3840x2160,60.00,10,3840x2160,210,498.505802,37.202535,43.695373,45.558467,11.953346,14.230477,52.274778,49.944161,33.916579,38.603752,37.144037,43.678597,45.532830,0.454383,,,,,,,d9cdc8c1d6426c8e48ff8f2e5c45a644,
RA,aom,av2,0,A1,Crosswalk_3840x2160_5994fps_10bit_420.y4m,3840x2160,60.00,10,3840x2160,235,231.966188,34.352506,41.438325,42.868343,11.359943,11.967713,31.552737,29.945752,30.748117,36.067171,34.281392,41.428066,42.838267,0.377525,,,,,,,a1772e759c0766b086410a88a35578e0,
RA,aom,av2,0,A1,FoodMarket2_3840x2160_5994fps_10bit_420.y4m,3840x2160,60.00,10,3840x2160,110,24896.201645,43.191753,49.111596,49.323006,15.940789,22.924430,99.970096,99.961796,44.767457,44.214090,43.094777,49.017830,49.223606,0.009696,,,,,,,c42e21b5122b0794177b3fc644aa523d,
RA,aom,av2,0,A1,FoodMarket2_3840x2160_5994fps_10bit_420.y4m,3840x2160,60.00,10,3840x2160,135,10657.047568,41.768817,47.284686,47.411764,14.985665,21.106031,99.956362,99.944951,41.646090,42.703800,41.696428,47.206894,47.318019,0.011908,,,,,,,a8d684aa19914a8ad0a21be0d3dc88b7,
RA,aom,av2,0,A1,FoodMarket2_3840x2160_5994fps_10bit_420.y4m,3840x2160,60.00,10,3840x2160,160,4790.689925,39.422692,44.896153,44.949069,13.467955,18.363611,98.852515,96.704773,37.494980,40.459987,39.340303,44.815503,44.844808,0.013783,,,,,,,95623f4c591a19b62b75fafae66d2392,
RA,aom,av2,0,A1,FoodMarket2_3840x2160_5994fps_10bit_420.y4m,3840x2160,60.00,10,3840x2160,185,2183.123953,36.447850,42.295219,42.270380,11.577724,15.176810,84.666284,82.205047,33.242834,37.768269,36.356349,42.211981,42.154105,0.017961,,,,,,,7d1e78792dc8ee4b7df8d957bcaf8ecc,
RA,aom,av2,0,A1,FoodMarket2_3840x2160_5994fps_10bit_420.y4m,3840x2160,60.00,10,3840x2160,210,976.687313,33.228195,39.737380,39.600048,9.639173,12.017621,63.917620,61.696360,29.299791,34.891605,33.132556,39.653570,39.494867,0.028356,,,,,,,bcb5c2cf8fba02769a05071ec075bf4f,
RA,aom,av2,0,A1,FoodMarket2_3840x2160_5994fps_10bit_420.y4m,3840x2160,60.00,10,3840x2160,235,404.663644,29.940516,37.096923,36.866229,7.879904,9.045424,41.153269,39.797557,25.679940,31.918979,29.841489,37.001936,36.749650,0.070148,,,,,,,5cd9f8a61a245fb1a3a93fffa58798f0,
RA,aom,av2,0,A1,Neon1224_3840x2160_2997fps.y4m,3840x2160,30.00,10,3840x2160,110,37759.222316,44.756860,48.617912,47.936933,18.208114,22.506010,99.976332,99.971354,43.690573,46.631384,44.665374,48.475838,47.785683,0.948392,,,,,,,87b3db3f19bb9d89a9c83f5a3c78f728,
RA,aom,av2,0,A1,Neon1224_3840x2160_2997fps.y4m,3840x2160,30.00,10,3840x2160,135,16608.099593,41.616169,45.875371,45.035424,16.420566,19.772255,99.352872,98.610792,39.917053,44.085402,41.498346,45.798996,44.929737,1.215416,,,,,,,ded370c089a6ef79b1fe2c0808715808,
RA,aom,av2,0,A1,Neon1224_3840x2160_2997fps.y4m,3840x2160,30.00,10,3840x2160,160,7233.662338,38.753114,42.868797,41.837287,14.889608,17.397421,91.602323,89.399285,36.114387,41.537854,38.639695,42.777314,41.701223,1.426319,,,,,,,d98fa16f82ed917268b37b49d25ad88d,
RA,aom,av2,0,A1,Neon1224_3840x2160_2997fps.y4m,3840x2160,30.00,10,3840x2160,185,3304.298163,35.814849,39.722854,38.423861,13.413212,14.953739,76.232551,73.653032,32.263297,38.821672,35.690864,39.596671,38.234319,1.520829,,,,,,,5092f35310ea4651787a8f523998b9f5,
RA,aom,av2,0,A1,Neon1224_3840x2160_2997fps.y4m,3840x2160,30.00,10,3840x2160,210,1481.690617,32.665511,36.512347,34.921984,11.985303,12.382930,56.667088,54.277736,28.484938,35.839823,32.531899,36.362093,34.684243,1.732563,,,,,,,a332eaeb6dcf9c3c59444b20561c47fc,
RA,aom,av2,0,A1,Neon1224_3840x2160_2997fps.y4m,3840x2160,30.00,10,3840x2160,235,629.250749,29.487757,33.303784,31.381570,10.686666,9.943208,34.143188,32.627374,24.968340,32.713832,29.366476,33.145161,31.116107,1.876953,,,,,,,e6f6b32cca7688ada0f8d966ce2c63f9,
RA,aom,av2,0,A1,NocturneDance_3840x2160p_10bit_60fps.y4m,3840x2160,60.00,10,3840x2160,110,45569.505231,46.337652,43.789927,48.879647,19.104762,21.848498,93.565658,91.513844,43.361011,44.968480,46.259601,43.729281,48.830073,0.599605,,,,,,,fe2607239cb783d5a4c7b66947a47c58,
RA,aom,av2,0,A1,NocturneDance_3840x2160p_10bit_60fps.y4m,3840x2160,60.00,10,3840x2160,135,19374.365538,43.245142,41.996831,47.430390,16.674565,18.777333,85.014308,82.660591,39.572900,42.921243,43.168217,41.964176,47.400187,0.843456,,,,,,,c869d7e6ba8cfd1c77adba8c4d3bf5d8,
RA,aom,av2,0,A1,NocturneDance_3840x2160p_10bit_60fps.y4m,3840x2160,60.00,10,3840x2160,160,7880.030769,40.003203,40.344403,45.860049,14.333499,15.628320,69.491978,67.053965,35.846213,40.888313,39.912581,40.322347,45.836959,0.928777,,,,,,,705789f7aa7ebd308ef39bd510df6d8b,
RA,aom,av2,0,A1,NocturneDance_3840x2160p_10bit_60fps.y4m,3840x2160,60.00,10,3840x2160,185,3065.250462,36.728908,38.664537,44.221989,12.111653,12.405655,47.409502,45.680652,32.278795,38.794567,36.626992,38.642123,44.202594,1.031677,,,,,,,bedb2c0d5cd5729a99cff021d45abc70,
RA,aom,av2,0,A1,NocturneDance_3840x2160p_10bit_60fps.y4m,3840x2160,60.00,10,3840x2160,210,926.832000,33.610758,36.977976,42.645292,10.366922,9.356698,23.947539,23.262813,29.064167,36.645923,33.516940,36.957415,42.633797,1.388456,,,,,,,7a96a4534dfe1b48853252a2646237ad,
RA,aom,av2,0,A1,NocturneDance_3840x2160p_10bit_60fps.y4m,3840x2160,60.00,10,3840x2160,235,197.926154,31.573756,35.693670,41.009070,9.575283,7.570215,9.008294,8.800219,27.091369,34.896867,31.533082,35.684884,41.001292,1.588506,,,,,,,83ef20d3f362fb6c3b23f763a48cfcf5,
RA,aom,av2,0,A1,PierSeaSide_3840x2160_2997fps_10bit_420_v2.y4m,3840x2160,30.00,10,3840x2160,110,10447.577042,44.571016,47.201304,44.596808,16.966094,23.327520,99.541116,98.764406,44.901366,44.150446,44.427223,47.113341,44.500075,0.000360,,,,,,,8bb056e338739244842e09c9f32ee86e,
RA,aom,av2,0,A1,PierSeaSide_3840x2160_2997fps_10bit_420_v2.y4m,3840x2160,30.00,10,3840x2160,135,3475.252961,42.873905,46.201768,43.828619,15.740487,21.164898,97.858144,96.306533,42.077320,43.107896,42.634397,46.111798,43.736474,0.000895,,,,,,,fb9d9bab30504119c2f966a0c2de8b0c,
RA,aom,av2,0,A1,PierSeaSide_3840x2160_2997fps_10bit_420_v2.y4m,3840x2160,30.00,10,3840x2160,160,1130.315322,40.692653,44.909027,42.984192,14.323790,18.681128,92.386286,90.305384,38.837256,41.767423,40.386242,44.822735,42.893818,0.003057,,,,,,,42abd25b4c5f6d0059e36c591e70049f,
RA,aom,av2,0,A1,PierSeaSide_3840x2160_2997fps_10bit_420_v2.y4m,3840x2160,30.00,10,3840x2160,185,387.406052,38.295309,43.126282,41.767185,12.906050,16.375011,82.821546,80.556691,35.599500,40.124949,38.005913,43.062788,41.692066,0.011656,,,,,,,59ec9331ee85adfde789fbcdec0c5d99,
RA,aom,av2,0,A1,PierSeaSide_3840x2160_2997fps_10bit_420_v2.y4m,3840x2160,30.00,10,3840x2160,210,141.740579,35.729825,40.783434,40.040848,11.482309,14.177157,68.480261,66.054441,32.301525,38.136790,35.515816,40.744375,39.983535,0.032769,,,,,,,4898e7f0664a7503aaa9fe266e497c96,
RA,aom,av2,0,A1,PierSeaSide_3840x2160_2997fps_10bit_420_v2.y4m,3840x2160,30.00,10,3840x2160,235,54.541711,32.979350,38.099757,38.093308,10.103520,11.956580,48.838932,46.439228,28.973111,35.786644,32.841759,38.076106,38.057103,0.074127,,,,,,,01254d1c2028df01c3b8d038d433f770,
RA,aom,av2,0,A1,Tango_3840x2160_5994fps_10bit_420.y4m,3840x2160,60.00,10,3840x2160,110,27173.857527,40.437185,49.745781,48.009021,11.478710,18.275921,97.421427,95.736501,41.386267,42.581636,40.373205,49.736539,47.986265,0.314726,,,,,,,09b9c65defd9af51acb9c1d49696dbed,
RA,aom,av2,0,A1,Tango_3840x2160_5994fps_10bit_420.y4m,3840x2160,60.00,10,3840x2160,135,8899.328364,39.825745,49.105501,46.960207,11.159808,17.422118,93.527700,91.457447,39.805303,41.923563,39.816765,49.101961,46.947438,0.512514,,,,,,,675bc08a2e3850d3d1e0c924cd77da4e,
RA,aom,av2,0,A1,Tango_3840x2160_5994fps_10bit_420.y4m,3840x2160,60.00,10,3840x2160,160,3513.594098,38.898777,48.035432,45.351906,10.835830,16.277945,85.837612,83.429355,37.650995,40.945677,38.892086,48.029306,45.335365,0.566933,,,,,,,9694630bff202d64778b423fdb89236a,
RA,aom,av2,0,A1,Tango_3840x2160_5994fps_10bit_420.y4m,3840x2160,60.00,10,3840x2160,185,1695.990164,37.381903,46.446083,43.168734,10.406521,14.684652,72.954742,70.413880,34.937581,39.482837,37.366461,46.436246,43.146004,0.604477,,,,,,,c878a487c4f9e43204105fe7143999d2,
RA,aom,av2,0,A1,Tango_3840x2160_5994fps_10bit_420.y4m,3840x2160,60.00,10,3840x2160,210,816.118036,35.196987,44.425688,40.601824,9.865932,12.747680,55.969391,53.590178,31.902589,37.531046,35.169178,44.409725,40.576193,0.769608,,,,,,,cd9fcb6799a1f279b487e6dfc36add2a,
RA,aom,av2,0,A1,Tango_3840x2160_5994fps_10bit_420.y4m,3840x2160,60.00,10,3840x2160,235,374.055483,32.424914,41.838122,37.859118,9.240871,10.609757,37.736908,35.762482,28.696262,35.035580,32.387516,41.820401,37.831982,0.779216,,,,,,,7fa3c9a7686612a2ed184601937423a9,
RA,aom,av2,0,A1,TimeLapse_3840x2160_5994fps_10bit_420.y4m,3840x2160,60.00,10,3840x2160,110,27016.914163,43.632715,49.656724,51.457869,16.709727,23.356035,95.136639,93.443427,45.284547,44.763459,43.540445,49.634470,51.383752,0.009170,,,,,,,ac6ee6f5ea95b30cdcc276bb31cd8f0b,
RA,aom,av2,0,A1,TimeLapse_3840x2160_5994fps_10bit_420.y4m,3840x2160,60.00,10,3840x2160,135,9753.730577,41.704354,48.005682,49.699566,15.199282,20.905212,92.225289,90.242461,41.639319,43.146352,41.637719,47.996450,49.658461,0.007727,,,,,,,af21d089a8fef7821ed36a4076a9e893,
RA,aom,av2,0,A1,TimeLapse_3840x2160_5994fps_10bit_420.y4m,3840x2160,60.00,10,3840x2160,160,3513.203105,39.438187,46.005298,47.516637,13.482359,18.141706,86.409050,84.096212,37.839537,41.144044,39.374686,45.998923,47.495066,0.006812,,,,,,,04030d47412aba14c0e65c5f80e764ae,
RA,aom,av2,0,A1,TimeLapse_3840x2160_5994fps_10bit_420.y4m,3840x2160,60.00,10,3840x2160,185,1313.723815,36.954951,43.895690,45.240089,11.650883,15.316065,76.650344,74.034541,34.256433,38.906682,36.886668,43.889967,45.223877,0.009042,,,,,,,57f478b0fa513c4352741e42b913d774,
RA,aom,av2,0,A1,TimeLapse_3840x2160_5994fps_10bit_420.y4m,3840x2160,60.00,10,3840x2160,210,481.379544,34.326688,41.758808,42.966162,9.930440,12.504989,61.717612,59.118318,30.868980,36.494284,34.247952,41.751550,42.954572,0.014085,,,,,,,da472f27143852460b48671159f05422,
RA,aom,av2,0,A1,TimeLapse_3840x2160_5994fps_10bit_420.y4m,3840x2160,60.00,10,3840x2160,235,170.716668,31.653484,39.431472,40.532882,8.531670,9.931261,43.910507,41.658334,27.763060,33.897606,31.568245,39.425958,40.517462,0.016452,,,,,,,860e8dcc800d254a163e1aeeb5b4f2eb,
RA,aom,av2,0,A2,Aerial3200_1920x1080_5994_10bit_420.y4m,1920x1080,60.00,10,1920x1080,110,8721.459464,43.087709,45.151045,44.989818,16.614008,24.505332,98.215159,96.383570,47.471516,41.188962,42.951750,45.110839,44.948106,0.000010,,,,,,,b60a2045b8a8ce2054f0f78ac088bc8e,
RA,aom,av2,0,A2,Aerial3200_1920x1080_5994_10bit_420.y4m,1920x1080,60.00,10,1920x1080,135,3627.491278,40.527038,43.692337,43.924596,14.200426,21.336199,95.562163,93.492513,43.089087,39.359248,40.298564,43.655571,43.891071,0.000395,,,,,,,81fb3ac2d6c164eadb11d024b6f6c67f,
RA,aom,av2,0,A2,Aerial3200_1920x1080_5994_10bit_420.y4m,1920x1080,60.00,10,1920x1080,160,1368.197341,37.253434,41.950340,42.579297,11.210316,17.276958,88.808848,86.575669,37.496551,36.985567,36.922545,41.919639,42.550406,0.001834,,,,,,,bc9596ca2b2a21ce67afbc21c205a4e4,
RA,aom,av2,0,A2,Aerial3200_1920x1080_5994_10bit_420.y4m,1920x1080,60.00,10,1920x1080,185,487.266580,33.987925,40.124566,41.053449,8.563115,13.412555,73.994584,71.739744,32.233951,34.520826,33.695664,40.102832,41.030649,0.006255,,,,,,,afe23ad5afd45ec19f4afc50b755f6f9,
RA,aom,av2,0,A2,Aerial3200_1920x1080_5994_10bit_420.y4m,1920x1080,60.00,10,1920x1080,210,174.811035,31.132149,38.318110,39.514278,6.634384,10.155247,50.875287,49.122410,28.052792,32.227914,30.961704,38.303918,39.499136,0.033582,,,,,,,8c8124c7fbead85d33bd8f8a06936225,
RA,aom,av2,0,A2,Aerial3200_1920x1080_5994_10bit_420.y4m,1920x1080,60.00,10,1920x1080,235,62.547914,28.556006,36.781825,37.852629,5.357698,7.441356,25.898543,25.089047,24.766920,30.094062,28.473872,36.773741,37.845568,0.083679,,,,,,,8eeb6b12603534fd450e65afadc41e19,
RA,aom,av2,0,A2,Boat_1920x1080_5994_10bit_420.y4m,1920x1080,60.00,10,1920x1080,110,20359.085837,42.052660,45.583519,47.591859,19.662384,27.543019,99.975287,99.836479,48.366517,42.787333,41.977263,45.555506,47.572167,0.126608,,,,,,,07dfacfe825dff7c5ffb56b0cd68f08a,
RA,aom,av2,0,A2,Boat_1920x1080_5994_10bit_420.y4m,1920x1080,60.00,10,1920x1080,135,10180.998079,38.786121,43.751740,45.356007,16.814419,24.194837,98.740986,96.873683,42.926190,40.353791,38.719977,43.738609,45.345825,0.161746,,,,,,,d4cbe375239e3e89f38606d726896953,
RA,aom,av2,0,A2,Boat_1920x1080_5994_10bit_420.y4m,1920x1080,60.00,10,1920x1080,160,4727.990778,34.897019,41.795113,43.000184,13.201006,19.914739,91.918595,89.748942,36.584827,37.383559,34.836368,41.785588,42.992773,0.178419,,,,,,,88238caa4624e92ba95154628d6f876a,
RA,aom,av2,0,A2,Boat_1920x1080_5994_10bit_420.y4m,1920x1080,60.00,10,1920x1080,185,2063.306540,31.057250,39.648876,40.588365,9.639655,15.458413,78.489988,76.326711,30.630865,34.188577,31.006661,39.639642,40.581582,0.179652,,,,,,,b2d5880a2b0cb36c996a6ff33ad3cae7,
RA,aom,av2,0,A2,Boat_1920x1080_5994_10bit_420.y4m,1920x1080,60.00,10,1920x1080,210,808.058403,27.531303,37.220169,37.859073,6.625702,11.315987,56.694695,54.936513,25.503705,30.995826,27.494616,37.214074,37.854823,0.177536,,,,,,,102c247ee373d898fde9eadb78270915,
RA,aom,av2,0,A2,Boat_1920x1080_5994_10bit_420.y4m,1920x1080,60.00,10,1920x1080,235,260.099285,24.426328,34.396076,34.443288,4.490170,7.823241,30.257522,29.220825,21.223978,27.951048,24.401351,34.391532,34.442292,0.179483,,,,,,,ced1955484d1f1c00bd47b47da4d8151,
RA,aom,av2,0,A2,CrowdRun_1920x1080p50.y4m,1920x1080,50.00,8,1920x1080,110,46836.464615,38.307145,40.606462,41.578660,13.247039,21.115002,99.975854,99.795940,43.558758,37.428039,38.171650,40.534329,41.515881,0.000532,,,,,,,1d4ee59b59a0cb231b3c0ad5e75a60eb,
RA,aom,av2,0,A2,CrowdRun_1920x1080p50.y4m,1920x1080,50.00,8,1920x1080,135,20913.181538,35.311560,38.670550,39.435426,11.487029,18.899149,97.013740,94.984074,38.882173,35.334929,35.201448,38.635254,39.397975,0.000626,,,,,,,c3f91d3ac430a4c6c96679af93043768,
RA,aom,av2,0,A2,CrowdRun_1920x1080p50.y4m,1920x1080,50.00,8,1920x1080,160,8791.252308,31.969717,36.681787,37.227708,9.305301,15.878453,85.979300,83.698684,33.188507,33.040454,31.872360,36.659180,37.199877,0.001169,,,,,,,bb782d7fc37c7101ec02e434b985a493,
RA,aom,av2,0,A2,CrowdRun_1920x1080p50.y4m,1920x1080,50.00,8,1920x1080,185,3478.196923,28.698595,34.714461,35.002511,7.045879,12.471934,67.260050,65.163373,27.944280,30.642355,28.622038,34.698450,34.981535,0.002733,,,,,,,85eed50a6e28f5f46876e8e8596597dc,
RA,aom,av2,0,A2,CrowdRun_1920x1080p50.y4m,1920x1080,50.00,8,1920x1080,210,1240.418462,25.680869,32.769328,32.894250,5.152230,9.221646,43.416035,41.923145,23.521610,28.240735,25.626648,32.759289,32.881349,0.012765,,,,,,,8f099c8f27a5586eb5cd4dad3bbb3cd8,
RA,aom,av2,0,A2,CrowdRun_1920x1080p50.y4m,1920x1080,50.00,8,1920x1080,235,370.449231,23.006550,30.962239,30.956642,3.785732,6.586004,20.317943,19.648279,19.885450,25.909940,22.972369,30.957639,30.951529,0.061773,,,,,,,a4ae307402586197a8b98a2d38d68abd,
RA,aom,av2,0,A2,DinnerSceneCropped_1920x1080_2997fps_10bit_420.y4m,1920x1080,30.00,10,1920x1080,110,5814.680089,38.218342,41.251032,46.446150,9.172270,15.734868,88.481379,87.028902,39.109469,38.327927,38.111590,41.187063,46.412985,1.267289,,,,,,,7ae70f1b392890659ae39025c1294246,
RA,aom,av2,0,A2,DinnerSceneCropped_1920x1080_2997fps_10bit_420.y4m,1920x1080,30.00,10,1920x1080,135,900.864059,37.652704,40.377692,46.177792,8.713811,14.797386,85.268420,83.447608,37.698967,37.707371,37.626090,40.359090,46.170997,3.070167,,,,,,,f19547bd4b06e55140f2a193ef2a61ca,
RA,aom,av2,0,A2,DinnerSceneCropped_1920x1080_2997fps_10bit_420.y4m,1920x1080,30.00,10,1920x1080,160,115.512795,37.387597,40.167533,45.827776,8.580498,14.456127,81.231954,79.124572,37.053717,37.480566,37.385435,40.164665,45.825924,2.912263,,,,,,,e400184bb3d5aafa7d207484940c1644,
RA,aom,av2,0,A2,DinnerSceneCropped_1920x1080_2997fps_10bit_420.y4m,1920x1080,30.00,10,1920x1080,185,45.738877,36.982536,40.048977,45.347412,8.475077,13.999031,73.782370,71.339175,36.100450,37.187027,36.980296,40.047434,45.346230,2.679894,,,,,,,2e62677f6a09066785859f4d8434b2cd,
RA,aom,av2,0,A2,DinnerSceneCropped_1920x1080_2997fps_10bit_420.y4m,1920x1080,30.00,10,1920x1080,210,23.052025,36.169174,39.741318,44.403415,8.309753,13.162893,61.127819,58.473997,34.477447,36.671332,36.162569,39.739734,44.401274,2.604493,,,,,,,8db8dc54bba1b877626cf52f8eab3b53,
RA,aom,av2,0,A2,DinnerSceneCropped_1920x1080_2997fps_10bit_420.y4m,1920x1080,30.00,10,1920x1080,235,11.906862,34.717832,39.024076,42.831242,8.066282,11.806176,44.057473,41.393929,32.154134,35.708260,34.700570,39.021648,42.826617,2.656412,,,,,,,aaa620eea87be1a00b8ea53815185325,
RA,aom,av2,0,A2,FoodMarket_1920x1080_5994_10bit_420.y4m,1920x1080,60.00,10,1920x1080,110,11963.792515,39.710727,44.563399,45.524696,11.793347,18.820094,99.544424,98.129331,41.661407,40.025004,39.630028,44.531727,45.503053,0.115149,,,,,,,ad33b15b7f93d9260326b4469abdd617,
RA,aom,av2,0,A2,FoodMarket_1920x1080_5994_10bit_420.y4m,1920x1080,60.00,10,1920x1080,135,4311.527242,38.455706,43.657348,44.709271,10.922377,17.310202,96.439049,94.243288,39.162223,39.040271,38.425010,43.649139,44.704330,0.146723,,,,,,,6160fc8d353a096a3cd2cf7d133cf931,
RA,aom,av2,0,A2,FoodMarket_1920x1080_5994_10bit_420.y4m,1920x1080,60.00,10,1920x1080,160,1578.013371,36.680989,42.555927,43.589894,9.790558,15.132984,88.450306,85.929224,35.780581,37.746771,36.653737,42.549075,43.583965,0.219868,,,,,,,81d991baa5987c04320e9ebd3124d13f,
RA,aom,av2,0,A2,FoodMarket_1920x1080_5994_10bit_420.y4m,1920x1080,60.00,10,1920x1080,185,624.925843,34.447240,41.201123,42.032074,8.463732,12.479734,73.480143,71.039786,32.102387,36.092131,34.417627,41.191915,42.021634,0.332875,,,,,,,bea47d3e80984bed59df60af1f02edaa,
RA,aom,av2,0,A2,FoodMarket_1920x1080_5994_10bit_420.y4m,1920x1080,60.00,10,1920x1080,210,236.270806,32.025116,39.514416,40.260016,7.245139,9.833157,54.033042,51.975776,28.697926,34.185997,31.999176,39.501849,40.240731,0.546942,,,,,,,87fe295202a8d3d745c291b4351144e2,
RA,aom,av2,0,A2,FoodMarket_1920x1080_5994_10bit_420.y4m,1920x1080,60.00,10,1920x1080,235,85.435795,29.693963,37.598929,38.317435,6.387008,7.687720,38.251893,36.542048,25.868850,32.180353,29.675519,37.587453,38.281498,0.788733,,,,,,,3d7cae83d1536ba63c3c0471d5d54248,
RA,aom,av2,0,A2,GregoryScarf_1080x1920p30_yuv420p10le_130frames.y4m,1080x1920,30.00,10,1080x1920,110,23193.286154,39.951058,47.357162,46.955554,14.684519,21.787469,99.974556,99.967745,43.066511,41.847369,39.749894,47.072058,46.729212,0.067806,,,,,,,7b774e4b4e59e695bd1394b2311dcaee,
RA,aom,av2,0,A2,GregoryScarf_1080x1920p30_yuv420p10le_130frames.y4m,1080x1920,30.00,10,1080x1920,135,10005.840000,36.782595,44.685773,44.334143,12.274970,18.518409,99.964540,99.921341,37.961523,39.132168,36.592936,44.340188,44.077835,0.067679,,,,,,,73a166fd4ee893a230e03410e4249525,
RA,aom,av2,0,A2,GregoryScarf_1080x1920p30_yuv420p10le_130frames.y4m,1080x1920,30.00,10,1080x1920,160,4071.810462,33.571521,41.854071,41.630050,9.851089,15.075970,94.716521,92.949173,32.908968,36.321741,33.386180,41.453935,41.360425,0.086453,,,,,,,60cc0aa746385de899b42f7f962a3ecc,
RA,aom,av2,0,A2,GregoryScarf_1080x1920p30_yuv420p10le_130frames.y4m,1080x1920,30.00,10,1080x1920,185,1553.538462,30.498972,39.203761,39.151959,7.650226,11.704659,76.191043,74.114935,28.385594,33.578726,30.308773,38.791291,38.911564,0.093892,,,,,,,94a14680133ba82d181f9eeec1018a00,
RA,aom,av2,0,A2,GregoryScarf_1080x1920p30_yuv420p10le_130frames.y4m,1080x1920,30.00,10,1080x1920,210,543.967385,27.777983,36.863582,36.968826,6.021443,8.713149,54.397898,52.745353,24.675914,30.999626,27.603499,36.482917,36.802032,0.097121,,,,,,,ded9107b38a157b83c042bcc92688cdd,
RA,aom,av2,0,A2,GregoryScarf_1080x1920p30_yuv420p10le_130frames.y4m,1080x1920,30.00,10,1080x1920,235,178.187077,25.450845,34.680577,34.936966,5.009376,6.291059,37.199753,36.070839,21.820133,28.600641,25.322008,34.328889,34.820048,0.200435,,,,,,,460cf5e1fa1cbfd89dba1895faf921e6,
RA,aom,av2,0,A2,MeridianTalk_sdr_1920x1080p_5994_10bit.y4m,1920x1080,60.00,10,1920x1080,110,4089.435488,42.596412,46.682354,53.048261,13.635318,21.042355,94.832575,93.218301,44.599259,43.193697,42.557491,46.673008,53.043496,0.740896,,,,,,,f21b3894bf86e68135e2f6b4c01cc78d,
RA,aom,av2,0,A2,MeridianTalk_sdr_1920x1080p_5994_10bit.y4m,1920x1080,60.00,10,1920x1080,135,1128.820718,41.735115,46.335604,52.121092,13.140995,19.816757,92.111077,90.211437,42.535568,42.617859,41.728810,46.334552,52.118306,0.789092,,,,,,,5786e05802f91e594c1ecc9b13b8d88b,
RA,aom,av2,0,A2,MeridianTalk_sdr_1920x1080p_5994_10bit.y4m,1920x1080,60.00,10,1920x1080,160,408.569892,40.491975,45.746390,50.631703,12.541075,18.190890,86.918647,84.559371,39.991968,41.769698,40.483131,45.745430,50.626226,0.798083,,,,,,,ccc33387f858f0b45df3975498925690,
RA,aom,av2,0,A2,MeridianTalk_sdr_1920x1080p_5994_10bit.y4m,1920x1080,60.00,10,1920x1080,185,159.112272,38.815937,44.809449,48.486778,11.801643,16.198541,77.134383,74.700409,37.127531,40.553232,38.805045,44.806951,48.484095,0.888778,,,,,,,699f72bddc61580d224e97c20cace3e9,
RA,aom,av2,0,A2,MeridianTalk_sdr_1920x1080p_5994_10bit.y4m,1920x1080,60.00,10,1920x1080,210,66.207024,36.808317,43.284940,46.061682,11.090345,14.063016,63.691111,60.879455,34.183280,38.888265,36.796104,43.282464,46.049606,1.015992,,,,,,,5ae88c1e19b4c2573ff9d1795eb1317a,
RA,aom,av2,0,A2,MeridianTalk_sdr_1920x1080p_5994_10bit.y4m,1920x1080,60.00,10,1920x1080,235,29.612234,34.506732,41.774294,43.768555,10.431644,11.962698,46.985499,44.608010,31.265327,36.966353,34.493780,41.771998,43.767791,1.004305,,,,,,,6c2b2cf5411c007fe78b9315f805d5ca,
RA,aom,av2,0,A2,Motorcycle_1920x1080_30fps_8bit.y4m,1920x1080,30.00,8,1920x1080,110,44098.591385,40.690144,43.348962,44.252854,17.951074,23.959448,99.976935,99.970547,43.708568,41.320361,40.439439,43.205628,44.144657,0.037971,,,,,,,42a707f38eec39eae51266d800a9c580,
RA,aom,av2,0,A2,Motorcycle_1920x1080_30fps_8bit.y4m,1920x1080,30.00,8,1920x1080,135,23002.582154,36.144185,40.310269,41.668600,14.747908,20.314843,99.968224,99.957037,38.436299,38.081776,35.829915,40.174027,41.572916,0.075909,,,,,,,9754346a91fba4d199307ea179ce9a69,
RA,aom,av2,0,A2,Motorcycle_1920x1080_30fps_8bit.y4m,1920x1080,30.00,8,1920x1080,160,10241.525538,31.636563,37.597938,39.366057,11.435813,16.397625,94.125444,92.144119,32.672443,34.834618,31.335461,37.490142,39.292282,0.112018,,,,,,,c8ecabe220692f27371002bc20d67d61,
RA,aom,av2,0,A2,Motorcycle_1920x1080_30fps_8bit.y4m,1920x1080,30.00,8,1920x1080,185,3828.158769,27.667991,35.205635,37.257299,8.451763,12.506549,73.881440,71.668490,27.043715,31.734030,27.425798,35.119424,37.194809,0.132104,,,,,,,c183b15f0f83ad70850ced437cd11200,
RA,aom,av2,0,A2,Motorcycle_1920x1080_30fps_8bit.y4m,1920x1080,30.00,8,1920x1080,210,1207.152000,24.635188,33.121901,35.324065,6.293393,9.085750,50.312402,48.466504,22.495237,28.968114,24.486732,33.056619,35.275467,0.130270,,,,,,,3191c8fc9350205625abb3dff0e1c83d,
RA,aom,av2,0,A2,Motorcycle_1920x1080_30fps_8bit.y4m,1920x1080,30.00,8,1920x1080,235,341.272615,22.396848,31.191169,33.382261,4.968610,6.438750,30.349589,29.120050,19.343540,26.511102,22.314142,31.138343,33.329241,0.130702,,,,,,,cef306a688c0943a696b3af1b25b1647,
RA,aom,av2,0,A2,OldTownCross_1920x1080p50.y4m,1920x1080,50.00,8,1920x1080,110,12003.960000,37.198374,39.686766,42.436400,9.988745,17.762087,96.113779,94.351079,41.477341,35.409389,37.077048,39.619592,42.403232,0.000047,,,,,,,5a8292e3ec266276f43eb93241c018e0,
RA,aom,av2,0,A2,OldTownCross_1920x1080p50.y4m,1920x1080,50.00,8,1920x1080,135,3424.716923,36.307352,39.283712,41.723352,9.427586,17.038130,94.123491,92.216799,40.006834,34.822136,36.267186,39.277590,41.721022,0.000138,,,,,,,f65c3263dfad6e54f045780b654bb9d4,
RA,aom,av2,0,A2,OldTownCross_1920x1080p50.y4m,1920x1080,50.00,8,1920x1080,160,937.840000,35.210903,38.874214,40.757009,8.879266,16.170003,89.578909,87.374146,37.691898,34.156358,35.203233,38.873265,40.755305,0.001088,,,,,,,93d3597093f7937571cb633d5b9a344b,
RA,aom,av2,0,A2,OldTownCross_1920x1080p50.y4m,1920x1080,50.00,8,1920x1080,185,386.286154,33.502654,38.267340,39.377530,8.022688,14.656298,79.753294,77.362892,34.126618,33.178248,33.494104,38.266634,39.376424,0.004399,,,,,,,156c43aebfab36bd9d5d2d0432fc31ab,
RA,aom,av2,0,A2,OldTownCross_1920x1080p50.y4m,1920x1080,50.00,8,1920x1080,210,153.901538,31.022003,37.365865,37.694045,6.719826,12.175292,59.997337,57.752366,29.629160,31.726226,31.013676,37.365334,37.692753,0.016079,,,,,,,93251ba83b7f93b59bddb4d2c220ea00,
RA,aom,av2,0,A2,OldTownCross_1920x1080p50.y4m,1920x1080,50.00,8,1920x1080,235,53.692308,28.262061,36.219814,36.093624,5.305152,9.109942,31.939166,30.573771,25.369570,29.977021,28.256836,36.218393,36.092956,0.021897,,,,,,,5b514ed409bd988f175f6cdfdde49870,
RA,aom,av2,0,A2,PedestrianArea_1920x1080p25.y4m,1920x1080,25.00,8,1920x1080,110,3759.006154,42.497686,46.857951,48.673789,14.453797,21.677897,99.648436,98.716747,44.259839,41.622286,42.434568,46.822527,48.633559,0.116062,,,,,,,36750a4fc0e6f4e4c3316c605eaf3379,
RA,aom,av2,0,A2,PedestrianArea_1920x1080p25.y4m,1920x1080,25.00,8,1920x1080,135,1551.263077,40.973360,45.628943,47.111298,13.441081,19.801647,96.844042,94.790785,41.017621,40.426388,40.948549,45.608384,47.083174,0.132509,,,,,,,a2743836d334328c1747478cadccb9b6,
RA,aom,av2,0,A2,PedestrianArea_1920x1080p25.y4m,1920x1080,25.00,8,1920x1080,160,708.147692,38.820576,43.950813,45.005011,12.160307,17.301036,87.787488,85.405825,37.159841,38.795263,38.785926,43.926091,44.973272,0.190673,,,,,,,277e2fc1a7bd24c0ae26a9631401a6e1,
RA,aom,av2,0,A2,PedestrianArea_1920x1080p25.y4m,1920x1080,25.00,8,1920x1080,185,335.150769,36.216585,41.942890,42.627022,10.835485,14.679921,72.855399,70.303193,33.377528,36.745244,36.170060,41.916026,42.589979,0.301424,,,,,,,6e5ec1bf881f5b6bae32f4c5eeb4afdf,
RA,aom,av2,0,A2,PedestrianArea_1920x1080p25.y4m,1920x1080,25.00,8,1920x1080,210,155.384615,33.256916,39.728867,40.059787,9.462055,11.984632,52.906263,50.544128,29.712795,34.401577,33.202771,39.698774,40.020627,0.390550,,,,,,,e198c49233e366bfad442af770430de3,
RA,aom,av2,0,A2,PedestrianArea_1920x1080p25.y4m,1920x1080,25.00,8,1920x1080,235,67.847692,30.008676,37.337620,37.328583,8.094585,9.239078,30.025134,28.410706,26.112542,31.610310,29.949980,37.317452,37.291281,0.373517,,,,,,,b3bb814eb8e80ffddef6d1bf13ce1915,
RA,aom,av2,0,A2,RitualDance_1920x1080_5994_10bit_420.y4m,1920x1080,60.00,10,1920x1080,110,7972.293553,46.490100,49.859683,50.713383,19.275901,24.854170,99.525635,98.194709,46.506932,48.260513,46.428004,49.819040,50.648848,0.231670,,,,,,,190f332e8eeb77afce6cf0186ea112aa,
RA,aom,av2,0,A2,RitualDance_1920x1080_5994_10bit_420.y4m,1920x1080,60.00,10,1920x1080,135,3975.763314,43.757352,47.839927,48.364176,17.611360,22.279939,96.028990,93.761186,42.558575,46.143723,43.677554,47.781475,48.287399,0.244304,,,,,,,f06ab29469f91a7bfd69aa3eac73ef9e,
RA,aom,av2,0,A2,RitualDance_1920x1080_5994_10bit_420.y4m,1920x1080,60.00,10,1920x1080,160,1886.706524,40.427937,45.534358,45.721160,15.520082,19.137103,86.966982,84.203478,38.052094,43.465346,40.318129,45.463759,45.630435,0.341183,,,,,,,eb98d5a95bc2e53eb376bf80df67d780,
RA,aom,av2,0,A2,RitualDance_1920x1080_5994_10bit_420.y4m,1920x1080,60.00,10,1920x1080,185,868.160762,36.991035,43.245937,43.043513,13.426902,15.949395,71.599624,68.587751,33.743096,40.549241,36.863220,43.169299,42.942106,0.385202,,,,,,,6eb754fc6f2453eebb2b06117a561a29,
RA,aom,av2,0,A2,RitualDance_1920x1080_5994_10bit_420.y4m,1920x1080,60.00,10,1920x1080,210,379.669561,33.651966,41.133007,40.698538,11.611644,12.998147,51.048747,47.977468,29.859687,37.822505,33.516045,41.060612,40.607255,0.440444,,,,,,,7018b2b372daf14c3f901ba4f96c0ba5,
RA,aom,av2,0,A2,RitualDance_1920x1080_5994_10bit_420.y4m,1920x1080,60.00,10,1920x1080,235,152.483824,30.415264,39.258458,38.299854,10.166735,10.330639,27.835835,25.394208,26.346374,34.906356,30.277052,39.205786,38.204334,0.418552,,,,,,,7fa673c6add3f31f512723233fcd0f0e,
RA,aom,av2,0,A2,Riverbed_1920x1080p25.y4m,1920x1080,25.00,8,1920x1080,110,19618.073846,40.500461,43.288072,45.633561,13.842391,21.072539,99.970509,99.962482,41.972285,38.756075,40.401703,43.207902,45.561169,0.000007,,,,,,,63412149bf64393d631f00f18d3999cf,
RA,aom,av2,0,A2,Riverbed_1920x1080p25.y4m,1920x1080,25.00,8,1920x1080,135,9239.553846,37.555732,41.180612,43.930487,11.557440,17.480629,98.361639,96.842555,36.540989,36.485866,37.449483,41.128389,43.890142,0.000020,,,,,,,0b03ad1e86f20978c2a652a82338d285,
RA,aom,av2,0,A2,Riverbed_1920x1080p25.y4m,1920x1080,25.00,8,1920x1080,160,4094.681538,34.234248,39.248425,42.349753,9.218508,13.647447,79.126983,77.082620,31.469664,34.029620,34.087566,39.205646,42.318176,0.000105,,,,,,,7bc08e8e0a548674da48ccfb6a447385,
RA,aom,av2,0,A2,Riverbed_1920x1080p25.y4m,1920x1080,25.00,8,1920x1080,185,1693.507692,30.953637,37.674049,41.059913,7.225414,10.147177,51.913303,50.404836,27.244453,31.575472,30.791035,37.642589,41.035374,0.000754,,,,,,,ee3ecd5fb7c26f43c58f304f0f3a2d3f,
RA,aom,av2,0,A2,Riverbed_1920x1080p25.y4m,1920x1080,25.00,8,1920x1080,210,623.373846,27.908438,36.682194,40.311682,5.755920,7.196151,29.524361,28.724438,23.814052,29.310293,27.761137,36.667273,40.301873,0.005696,,,,,,,7b734fae945e4e08ffe50c02ff816015,
RA,aom,av2,0,A2,Riverbed_1920x1080p25.y4m,1920x1080,25.00,8,1920x1080,235,196.592308,25.185033,35.990622,39.649432,4.766721,4.885040,15.718656,15.487786,21.045697,27.186665,25.073221,35.984399,39.644012,0.031509,,,,,,,97651f7f20b0be917d4f3d7fd50c15b0,
RA,aom,av2,0,A2,RushFieldCuts_1920x1080_2997.y4m,1920x1080,30.00,8,1920x1080,110,17894.391147,39.696579,43.969206,45.291891,14.718797,21.566357,98.313612,96.671595,42.786830,38.894036,39.547595,43.893179,45.226283,0.006327,,,,,,,3e4aea6ab090b59e0311bbe9173cad9d,
RA,aom,av2,0,A2,RushFieldCuts_1920x1080_2997.y4m,1920x1080,30.00,8,1920x1080,135,6335.452240,36.858952,42.194852,43.667526,12.828170,18.974144,92.975876,91.023396,38.434279,36.933384,36.750171,42.153559,43.636025,0.005832,,,,,,,a28395e566242c8768c03f3fb016ac6f,
RA,aom,av2,0,A2,RushFieldCuts_1920x1080_2997.y4m,1920x1080,30.00,8,1920x1080,160,2702.452010,34.259836,40.272156,41.829602,11.019227,16.042199,83.078799,80.952069,33.835696,34.972500,34.192673,40.248449,41.813198,0.011811,,,,,,,d0ef6fbc1cc7e7e6a3b6b8e8224592cf,
RA,aom,av2,0,A2,RushFieldCuts_1920x1080_2997.y4m,1920x1080,30.00,8,1920x1080,185,1139.399677,31.277716,38.182610,39.905275,9.062684,12.828713,66.913822,64.896119,29.302295,32.745410,31.218598,38.163132,39.892029,0.080498,,,,,,,06720886d408100e14fa028cafbc4172,
RA,aom,av2,0,A2,RushFieldCuts_1920x1080_2997.y4m,1920x1080,30.00,8,1920x1080,210,446.571890,28.147702,36.066051,37.794999,7.216059,9.864441,46.845438,45.320253,25.166259,30.385946,28.096554,36.051953,37.786175,0.298884,,,,,,,01c4dc9d4ad4ee5e0316d7cf6a40130f,
RA,aom,av2,0,A2,RushFieldCuts_1920x1080_2997.y4m,1920x1080,30.00,8,1920x1080,235,150.016138,25.121790,33.855630,35.675086,5.553734,7.144549,27.727862,26.799915,21.494085,27.868169,25.088314,33.846574,35.672048,0.338373,,,,,,,32b827cca0344a927eba10193cf06038,
RA,aom,av2,0,A2,Skater227_1920x1080_30fps.y4m,1920x1080,30.00,10,1920x1080,110,2094.561231,48.506098,55.638180,56.044484,20.375192,25.045600,99.719956,99.171113,47.089959,49.159297,48.289439,55.581011,55.968201,0.682253,,,,,,,3e29272968b1e2c7ebc45d11377468d3,
RA,aom,av2,0,A2,Skater227_1920x1080_30fps.y4m,1920x1080,30.00,10,1920x1080,135,864.404308,46.323885,53.524740,54.081433,19.120737,22.619553,97.046740,95.212719,43.927108,47.295030,46.029489,53.447537,53.990485,0.704111,,,,,,,945fb39258410e85369f7555ee5a2828,
RA,aom,av2,0,A2,Skater227_1920x1080_30fps.y4m,1920x1080,30.00,10,1920x1080,160,359.843077,43.758954,51.039004,51.720853,17.941044,20.009163,87.562958,84.808592,40.602037,44.992372,43.447370,50.930134,51.586620,0.728278,,,,,,,b6016f93f51df1a6390531b79f000153,
RA,aom,av2,0,A2,Skater227_1920x1080_30fps.y4m,1920x1080,30.00,10,1920x1080,185,161.082462,41.067963,48.347012,49.127707,16.993651,17.567886,72.853025,69.851462,37.484311,42.445564,40.800296,48.227131,48.970680,0.692077,,,,,,,bdb72fc3e28792dc6065b653ae75468e,
RA,aom,av2,0,A2,Skater227_1920x1080_30fps.y4m,1920x1080,30.00,10,1920x1080,210,76.163077,38.159624,45.377346,46.257165,16.079383,15.180650,53.642341,50.754398,34.376252,39.531772,37.938387,45.255168,46.119801,0.510250,,,,,,,d6428ad00898d1bdc43d4cea265d5dfa,
RA,aom,av2,0,A2,Skater227_1920x1080_30fps.y4m,1920x1080,30.00,10,1920x1080,235,37.046769,35.025793,42.332829,43.331753,15.059047,12.772007,32.472266,29.902081,31.188003,36.459821,34.845175,42.248998,43.246850,0.532417,,,,,,,ac561cb6b432ed53818691661fdb0c9f,
RA,aom,av2,0,A2,ToddlerFountainCropped_1080x1080p2997_yuv420p10le_130frames.y4m,1080x1080,30.00,10,1080x1080,110,24844.614462,38.934322,45.840594,44.047715,13.915791,21.349868,99.974335,99.966796,43.026487,38.717648,38.738102,45.808204,44.005313,0.085991,,,,,,,3025823fd02eb2c9907266b238e2609f,
RA,aom,av2,0,A2,ToddlerFountainCropped_1080x1080p2997_yuv420p10le_130frames.y4m,1080x1080,30.00,10,1080x1080,135,11223.055099,34.835581,44.498824,42.602352,10.384301,16.860354,98.428640,96.975741,36.693434,36.157883,34.616853,44.473587,42.570928,0.113037,,,,,,,4c1a6766123665b372bd4a86ea33b5b3,
RA,aom,av2,0,A2,ToddlerFountainCropped_1080x1080p2997_yuv420p10le_130frames.y4m,1080x1080,30.00,10,1080x1080,160,4234.326289,31.200569,42.869156,40.809633,7.478257,12.678514,81.760942,79.823881,30.772575,33.592422,31.023362,42.838951,40.761544,0.139340,,,,,,,444e4f6fa7afa92de9a20416fb8b7093,
RA,aom,av2,0,A2,ToddlerFountainCropped_1080x1080p2997_yuv420p10le_130frames.y4m,1080x1080,30.00,10,1080x1080,185,1467.072620,28.349028,41.377880,38.991952,5.628255,9.559043,58.065773,56.332652,26.279771,31.368673,28.224670,41.355127,38.938925,0.216944,,,,,,,3aa1c55687a5f18c7dc6a9248c632e0e,
RA,aom,av2,0,A2,ToddlerFountainCropped_1080x1080p2997_yuv420p10le_130frames.y4m,1080x1080,30.00,10,1080x1080,210,474.092677,25.983612,40.142121,37.947665,4.484806,7.328307,35.762819,34.541449,22.870533,29.409393,25.894655,40.126303,37.923227,0.282476,,,,,,,1cf95c7c1fb313d86c20b6bd07df8e02,
RA,aom,av2,0,A2,ToddlerFountainCropped_1080x1080p2997_yuv420p10le_130frames.y4m,1080x1080,30.00,10,1080x1080,235,134.558979,23.881313,39.006847,37.087761,3.741082,5.536203,18.128595,17.588110,20.249403,27.545329,23.816833,38.988601,37.072205,0.234716,,,,,,,45fd5ee82456d205828726d73df0b227,
RA,aom,av2,0,A2,TreesAndGrass_1920_1080_30fps_8bit.y4m,1920x1080,30.00,8,1920x1080,110,45616.200000,38.063413,43.191089,45.829448,16.673460,23.887474,99.976419,99.969523,44.866547,40.766073,37.756955,43.001883,45.752626,0.000078,,,,,,,fe768f1db590c3580f85b7bac3c1b939,
RA,aom,av2,0,A2,TreesAndGrass_1920_1080_30fps_8bit.y4m,1920x1080,30.00,8,1920x1080,135,15437.032615,33.605038,41.070650,44.101110,13.361189,19.953275,99.917335,99.818623,38.760113,37.044321,33.304760,40.932803,44.061893,0.000041,,,,,,,1c16623bbe010d4ada15d6e1cca760b5,
RA,aom,av2,0,A2,TreesAndGrass_1920_1080_30fps_8bit.y4m,1920x1080,30.00,8,1920x1080,160,5522.754462,30.486177,38.790583,42.211847,10.713447,16.835100,99.031081,97.960136,33.938016,34.250540,30.318220,38.689844,42.191750,0.000186,,,,,,,96d69a0cf9015810d610d8f00a516b4c,
RA,aom,av2,0,A2,TreesAndGrass_1920_1080_30fps_8bit.y4m,1920x1080,30.00,8,1920x1080,185,2252.909538,27.485885,36.572087,40.464049,7.806298,13.132011,89.228464,86.779102,29.027262,31.416024,27.404716,36.484076,40.450853,0.000877,,,,,,,6c608a75ade344f14a30e323e95ad591,
RA,aom,av2,0,A2,TreesAndGrass_1920_1080_30fps_8bit.y4m,1920x1080,30.00,8,1920x1080,210,777.406154,24.230246,34.684959,38.791292,4.809307,9.011551,67.928770,65.903143,23.943692,28.343568,24.183909,34.613946,38.773847,0.018872,,,,,,,2cf05e7a501c5fe88a0be6efdb9d2c1b,
RA,aom,av2,0,A2,TreesAndGrass_1920_1080_30fps_8bit.y4m,1920x1080,30.00,8,1920x1080,235,180.203077,21.627248,33.076153,37.016022,2.664470,5.331314,45.115590,43.826273,19.746934,25.790712,21.591675,33.030344,36.994583,0.075715,,,,,,,2f6ea5cb7ff6f52a0c9b20ea1d4c2dfb,
RA,aom,av2,0,A2,TunnelFlag_1920x1080_5994_10bit_420.y4m,1920x1080,60.00,10,1920x1080,110,16440.223161,41.965011,47.671636,50.106739,16.896187,24.455742,99.977821,99.972975,45.974475,43.305060,41.898250,47.648075,50.096364,0.005454,,,,,,,b6e71eaeb9c3c10a36b5c90ae5e04113,
RA,aom,av2,0,A2,TunnelFlag_1920x1080_5994_10bit_420.y4m,1920x1080,60.00,10,1920x1080,135,7175.138707,39.403636,46.281078,49.060587,14.980823,21.879375,99.973180,99.964951,41.532933,41.425355,39.343143,46.265392,49.050283,0.005047,,,,,,,1d6ca448decf209327c52c021ae9b397,
RA,aom,av2,0,A2,TunnelFlag_1920x1080_5994_10bit_420.y4m,1920x1080,60.00,10,1920x1080,160,3022.222086,36.576377,44.725532,47.728259,12.838769,18.963356,99.959141,99.947045,36.753548,39.250876,36.523369,44.711789,47.717881,0.007665,,,,,,,f2f5a47f07103acb3f5580aae74357f9,
RA,aom,av2,0,A2,TunnelFlag_1920x1080_5994_10bit_420.y4m,1920x1080,60.00,10,1920x1080,185,1359.042189,33.912598,42.917860,46.213150,11.492947,17.022530,99.921192,99.905879,32.698560,37.139064,33.874036,42.901396,46.197969,0.007804,,,,,,,007cd78fe15a5709b6fdfb4a669a767f,
RA,aom,av2,0,A2,TunnelFlag_1920x1080_5994_10bit_420.y4m,1920x1080,60.00,10,1920x1080,210,684.640898,31.050684,40.942813,44.324808,10.218441,14.935538,93.523981,90.818690,28.755319,34.773345,31.016806,40.925220,44.298225,0.006596,,,,,,,7523796489c2c8f5ef6b6bab3a58cad6,
RA,aom,av2,0,A2,TunnelFlag_1920x1080_5994_10bit_420.y4m,1920x1080,60.00,10,1920x1080,235,357.936218,27.722287,38.957031,42.070571,8.630042,12.220449,75.676991,73.051482,24.572273,31.940452,27.688517,38.933135,42.063538,0.003375,,,,,,,256e52147780010fe9455fa7126d450f,
RA,aom,av2,0,A2,Vertical_bees_1080x1920_2997.y4m,1080x1920,30.00,8,1080x1920,110,2964.294167,45.703911,49.272506,50.230190,20.700232,27.181114,98.873405,97.542944,47.648686,47.031286,45.645805,49.198743,50.158785,0.012072,,,,,,,c93cd7abca5343b4f9926f080f0fc45c,
RA,aom,av2,0,A2,Vertical_bees_1080x1920_2997.y4m,1080x1920,30.00,8,1080x1920,135,1210.186122,43.407813,47.178204,48.306674,19.101430,24.876474,96.866399,94.724614,43.983952,45.024402,43.365456,47.139653,48.268095,0.030153,,,,,,,dc5830f8caf3ecd69b57678d40560636,
RA,aom,av2,0,A2,Vertical_bees_1080x1920_2997.y4m,1080x1920,30.00,8,1080x1920,160,548.543764,40.651582,44.559143,45.982038,17.107229,22.045834,91.566167,89.120889,39.694640,42.521293,40.611013,44.530827,45.943771,0.081085,,,,,,,e956c858cf2248c49cb795e2b8e6b802,
RA,aom,av2,0,A2,Vertical_bees_1080x1920_2997.y4m,1080x1920,30.00,8,1080x1920,185,261.287021,37.418003,41.461837,43.259709,14.714662,18.732275,81.572230,78.895863,35.123502,39.480262,37.380642,41.445707,43.223019,0.204466,,,,,,,7cd75483d937d8d1b488105c6cd706a2,
RA,aom,av2,0,A2,Vertical_bees_1080x1920_2997.y4m,1080x1920,30.00,8,1080x1920,210,122.810728,33.876864,38.124943,40.433022,12.228754,15.246892,65.450655,62.639088,30.651827,36.121276,33.846345,38.118065,40.388565,0.258036,,,,,,,363b0aaeafbc544d9edfc5e46fb6ab7b,
RA,aom,av2,0,A2,Vertical_bees_1080x1920_2997.y4m,1080x1920,30.00,8,1080x1920,235,54.788903,30.323056,35.028309,37.192024,9.975441,11.867221,43.953823,41.833114,26.505319,32.714438,30.300875,35.026229,37.117464,0.170346,,,,,,,c3fa8c52b5eb5f551ada8c24f0c8c07b,
RA,aom,av2,0,A2,WorldCup_1920x1080_30p.y4m,1920x1080,30.00,8,1920x1080,110,4278.930462,46.066930,51.021061,50.797993,19.886460,24.840607,99.919654,99.307311,45.890263,46.629523,46.007261,50.974721,50.753408,0.277949,,,,,,,56c7d3a2f5c30940d1a27dcb81c60927,
RA,aom,av2,0,A2,WorldCup_1920x1080_30p.y4m,1920x1080,30.00,8,1920x1080,135,1996.844308,43.482105,49.393753,49.228847,18.266838,22.254967,97.866023,95.727345,42.437977,44.813325,43.413520,49.366203,49.203043,0.297954,,,,,,,5309956abc5a89dec0ed1115e83cc7a4,
RA,aom,av2,0,A2,WorldCup_1920x1080_30p.y4m,1920x1080,30.00,8,1920x1080,160,936.203077,40.370404,47.345523,47.225184,16.245383,19.194697,90.370380,87.514620,38.380028,42.513934,40.287169,47.319761,47.197171,0.341431,,,,,,,337867f621e4d79913453a40d5c3aeac,
RA,aom,av2,0,A2,WorldCup_1920x1080_30p.y4m,1920x1080,30.00,8,1920x1080,185,451.015385,37.080968,45.016488,44.742581,14.154262,16.098140,77.824473,74.466637,34.283080,39.893469,36.998753,44.987813,44.710894,0.368378,,,,,,,9977afd5bad354caacd2d9feaafd4452,
RA,aom,av2,0,A2,WorldCup_1920x1080_30p.y4m,1920x1080,30.00,8,1920x1080,210,214.992000,33.728990,42.364096,41.900026,12.256792,13.173829,60.710317,57.228434,30.335120,36.993275,33.654057,42.332044,41.857163,0.372964,,,,,,,14483499d8ae4e4d7a2a316f953595e9,
RA,aom,av2,0,A2,WorldCup_1920x1080_30p.y4m,1920x1080,30.00,8,1920x1080,235,99.666462,30.402960,39.578752,38.961748,10.708640,10.603953,40.822055,38.017349,26.643273,34.026717,30.339956,39.546197,38.910652,0.348340,,,,,,,e1d9f052e091c651880843a183594c13,
RA,aom,av2,0,A3,ControlledBurn_1280x720p30_420.y4m,1280x720,30.00,8,1280x720,110,3923.285538,42.739997,48.834913,47.651595,17.336434,23.536978,96.666530,95.087790,44.081050,43.451354,42.455403,48.770477,47.491790,1.324429,,,,,,,91435a38fe04da8baa556d1ccc9d5077,
RA,aom,av2,0,A3,ControlledBurn_1280x720p30_420.y4m,1280x720,30.00,8,1280x720,135,1758.022154,39.949592,47.118232,45.535978,15.372739,20.581648,91.140473,89.241833,40.275466,41.146821,39.610889,47.082409,45.371210,1.356526,,,,,,,04384c7d591acfc5fa65f451c118a174,
RA,aom,av2,0,A3,ControlledBurn_1280x720p30_420.y4m,1280x720,30.00,8,1280x720,160,784.410462,36.856229,45.020876,43.086818,13.179113,17.371115,80.436707,78.393328,36.074633,38.528501,36.460380,44.991612,42.870716,1.457450,,,,,,,07aa749bf0d8a6310d208cc55ee94ff9,
RA,aom,av2,0,A3,ControlledBurn_1280x720p30_420.y4m,1280x720,30.00,8,1280x720,185,337.253538,33.609855,42.624902,40.520339,10.856590,14.134515,64.601545,62.732255,31.935882,35.685773,33.148749,42.584770,40.235346,1.519293,,,,,,,f5c19a8d903a5dd52470d4669e5e5b7b,
RA,aom,av2,0,A3,ControlledBurn_1280x720p30_420.y4m,1280x720,30.00,8,1280x720,210,127.524923,30.341322,40.078844,38.005754,8.602468,10.993084,46.251135,44.693163,27.932777,32.743686,29.784193,40.021977,37.605912,1.676973,,,,,,,507fd5fe7f6bd8d0918bb4124627750b,
RA,aom,av2,0,A3,ControlledBurn_1280x720p30_420.y4m,1280x720,30.00,8,1280x720,235,42.585231,27.477641,37.728942,35.404495,6.924305,8.208934,28.383205,27.388197,24.343661,30.026350,26.853349,37.638312,35.003814,2.053074,,,,,,,95b10bdb2936ec18ae560da8225c6e9c,
RA,aom,av2,0,A3,DrivingPOV_1280x720p_5994_10bit_420.y4m,1280x720,60.00,10,1280x720,110,7161.579344,41.600426,45.824359,44.637830,17.078489,25.478878,99.550878,98.429524,47.634879,40.887732,41.524438,45.799472,44.615878,0.000317,,,,,,,3a3ab7117d3062d9b7d0c797df79d2db,
RA,aom,av2,0,A3,DrivingPOV_1280x720p_5994_10bit_420.y4m,1280x720,60.00,10,1280x720,135,3063.811266,38.500212,44.014615,43.559115,14.331882,22.095708,97.645326,95.974487,43.050311,38.963368,38.440424,43.993406,43.550391,0.002978,,,,,,,8f64966ea01d7753619e20bcabdaad58,
RA,aom,av2,0,A3,DrivingPOV_1280x720p_5994_10bit_420.y4m,1280x720,60.00,10,1280x720,160,1241.666641,35.273415,41.940391,42.150322,11.891735,18.883299,92.785200,90.790206,37.996549,36.773257,35.225181,41.917285,42.138965,0.061039,,,,,,,c4f472b8b4126be2d0dc14e28fb8bdd6,
RA,aom,av2,0,A3,DrivingPOV_1280x720p_5994_10bit_420.y4m,1280x720,60.00,10,1280x720,185,485.680473,32.107836,39.784221,40.618701,9.621553,15.998552,83.279351,80.867286,32.966614,34.419567,32.068760,39.762389,40.600342,0.181419,,,,,,,4284c64a368c8236087b6bf9a69d69d2,
RA,aom,av2,0,A3,DrivingPOV_1280x720p_5994_10bit_420.y4m,1280x720,60.00,10,1280x720,210,184.368247,29.200754,37.595030,38.885884,7.601923,12.883583,66.197952,63.690920,28.130489,31.989395,29.173858,37.577733,38.870432,0.208381,,,,,,,5e031c7b290894f3e1a86d88bda323b8,
RA,aom,av2,0,A3,DrivingPOV_1280x720p_5994_10bit_420.y4m,1280x720,60.00,10,1280x720,235,71.219857,26.559844,35.582778,37.227016,6.007825,9.850033,43.984939,41.854822,23.981818,29.642188,26.539171,35.570079,37.211382,0.201462,,,,,,,186b7651ec7afe5b50f209f4e4a30e1f,
RA,aom,av2,0,A3,Johnny_1280x720_60.y4m,1280x720,60.00,8,1280x720,110,1892.137846,43.494314,49.029618,49.743722,15.647988,22.490036,96.756516,95.362047,44.085428,44.360361,43.448457,49.023319,49.739440,10.515818,,,,,,,943c926e54cde9890f575d0c6df99a3e,
RA,aom,av2,0,A3,Johnny_1280x720_60.y4m,1280x720,60.00,8,1280x720,135,588.900923,42.299279,48.229928,48.878084,14.936330,21.416379,95.519704,93.846373,42.646473,43.528782,42.285231,48.226769,48.874864,11.143804,,,,,,,0a688b6f39ba973ad0a6242e4e956077,
RA,aom,av2,0,A3,Johnny_1280x720_60.y4m,1280x720,60.00,8,1280x720,160,247.598769,40.776409,46.778203,47.362100,14.078613,20.089929,92.787597,90.823095,40.519641,42.376463,40.767703,46.773636,47.356830,11.098724,,,,,,,84248fb74723774de4349ef22c72ef47,
RA,aom,av2,0,A3,Johnny_1280x720_60.y4m,1280x720,60.00,8,1280x720,185,116.267077,38.504241,44.849128,45.128065,12.767951,18.152430,87.032342,84.457049,37.386929,40.656986,38.495398,44.845543,45.122537,10.981287,,,,,,,b50257da3d3efdc60f69db644def3444,
RA,aom,av2,0,A3,Johnny_1280x720_60.y4m,1280x720,60.00,8,1280x720,210,56.761846,35.672042,42.112661,42.779704,11.067127,15.664498,76.152610,73.216493,33.592360,38.499940,35.662354,42.109345,42.776473,11.188040,,,,,,,7eb40ec4f35709542ff54570aac52763,
RA,aom,av2,0,A3,Johnny_1280x720_60.y4m,1280x720,60.00,8,1280x720,235,27.758769,32.438557,38.937579,39.385758,9.386861,13.042541,58.526421,55.408280,29.413504,35.809586,32.427661,38.936532,39.383580,11.138172,,,,,,,6bc8007ba20df88f8d17ed00059197ff,
RA,aom,av2,0,A3,KristenAndSara_1280x720_60.y4m,1280x720,60.00,8,1280x720,110,2018.813538,43.987443,48.607969,49.593309,16.335722,23.092892,96.854725,95.521376,44.209550,43.888961,43.948157,48.599935,49.588563,8.261319,,,,,,,d3c3ef436f0e72b2290fff03517f2d39,
RA,aom,av2,0,A3,KristenAndSara_1280x720_60.y4m,1280x720,60.00,8,1280x720,135,730.039385,42.567172,47.640229,48.557881,15.554423,21.785632,95.564774,93.897551,42.476208,42.948614,42.551351,47.636350,48.554788,8.344511,,,,,,,45dcdbe75fad03237e32eb37cf59cad0,
RA,aom,av2,0,A3,KristenAndSara_1280x720_60.y4m,1280x720,60.00,8,1280x720,160,323.220923,40.616322,46.053181,46.942272,14.542642,19.978955,92.420216,90.395428,39.872067,41.595309,40.600954,46.048635,46.937883,8.370846,,,,,,,4ac898e26860284257d52d1bf290ce19,
RA,aom,av2,0,A3,KristenAndSara_1280x720_60.y4m,1280x720,60.00,8,1280x720,185,154.020923,38.050702,44.033492,44.778471,13.219509,17.665000,85.833840,83.191231,36.506726,39.794024,38.036263,44.026602,44.772714,7.964599,,,,,,,85e47fa476a00b508255d25cb7ab340d,
RA,aom,av2,0,A3,KristenAndSara_1280x720_60.y4m,1280x720,60.00,8,1280x720,210,75.323077,34.968901,41.332516,42.092922,11.683196,15.082424,74.121794,70.958849,32.630603,37.462899,34.953369,41.326268,42.086642,7.879840,,,,,,,a6d5338e19de7a937edaa465d7c80bb3,
RA,aom,av2,0,A3,KristenAndSara_1280x720_60.y4m,1280x720,60.00,8,1280x720,235,37.140923,31.598026,38.579790,39.220806,9.991178,12.374643,58.110881,54.821061,28.586953,34.681009,31.586886,38.575611,39.217846,6.777418,,,,,,,a6218425f5057a0d3d3759f891aff06f,
RA,aom,av2,0,A3,RollerCoaster_1280x720p_5994_10bit_420.y4m,1280x720,60.00,10,1280x720,110,4513.608238,44.388169,46.570218,46.998546,18.955951,26.260811,99.974980,99.966132,47.677632,43.955241,44.327463,46.540602,46.978679,0.029980,,,,,,,46ae0ebb083d4e4ab1e0de85910626df,
RA,aom,av2,0,A3,RollerCoaster_1280x720p_5994_10bit_420.y4m,1280x720,60.00,10,1280x720,135,2059.647429,41.459010,44.208300,45.227646,16.462590,23.126275,99.739648,98.580504,42.956680,41.848443,41.407115,44.179339,45.213483,0.068241,,,,,,,2b5d29ad7e0c6d8dae117c8662784a1e,
RA,aom,av2,0,A3,RollerCoaster_1280x720p_5994_10bit_420.y4m,1280x720,60.00,10,1280x720,160,915.563206,38.156572,41.369833,42.901808,13.621974,19.507360,93.529674,91.090842,37.763038,39.285295,38.111167,41.336758,42.881730,0.099240,,,,,,,c0524031ada9d930a648daba4769a925,
RA,aom,av2,0,A3,RollerCoaster_1280x720p_5994_10bit_420.y4m,1280x720,60.00,10,1280x720,185,410.580189,34.916854,38.359454,40.418459,11.093610,15.953101,79.704934,77.120748,32.885611,36.566509,34.877892,38.320985,40.393081,0.132752,,,,,,,4ebacfef2c63ab3b753401158b18d23f,
RA,aom,av2,0,A3,RollerCoaster_1280x720p_5994_10bit_420.y4m,1280x720,60.00,10,1280x720,210,182.804273,31.736361,35.463564,38.124053,8.953622,12.661770,58.693800,56.265777,28.496661,33.840998,31.701571,35.426380,38.090645,0.092867,,,,,,,6aa21418ae495dfd300ff80e6d2bb682,
RA,aom,av2,0,A3,RollerCoaster_1280x720p_5994_10bit_420.y4m,1280x720,60.00,10,1280x720,235,77.331899,28.563237,32.680073,35.888680,7.095129,9.465678,33.151330,31.257140,24.564972,31.082957,28.532397,32.626897,35.845368,0.041921,,,,,,,4670cbe9d04dbb443179575386c0b5e7,
RA,aom,av2,0,A3,Vidyo3_1280x720p_60fps.y4m,1280x720,60.00,8,1280x720,110,2455.340308,44.024521,49.678793,49.609860,17.755835,24.544809,96.207821,94.341275,45.349348,43.764526,43.980028,49.673518,49.599281,1.761966,,,,,,,67f8eda69855d954998e6df22de613b3,
RA,aom,av2,0,A3,Vidyo3_1280x720p_60fps.y4m,1280x720,60.00,8,1280x720,135,897.943385,42.438861,49.019455,48.585715,16.949006,23.127791,94.229512,91.999277,43.414314,42.756765,42.418176,49.016088,48.577531,2.130406,,,,,,,939502ddd4cc37dc65c34cf4ada07daf,
RA,aom,av2,0,A3,Vidyo3_1280x720p_60fps.y4m,1280x720,60.00,8,1280x720,160,400.312615,40.363883,47.931531,47.182173,15.873880,21.218622,90.096362,87.520789,40.453407,41.391031,40.336261,47.925795,47.177139,2.818323,,,,,,,79ec0a4e4487410ec51e287b9bcb560f,
RA,aom,av2,0,A3,Vidyo3_1280x720p_60fps.y4m,1280x720,60.00,8,1280x720,185,197.774769,37.526814,46.328177,45.019654,14.246020,18.618133,81.738006,78.820470,36.413120,39.420894,37.488420,46.319573,45.014727,2.985856,,,,,,,6e5a42b9cd59db09338962cc816d679b,
RA,aom,av2,0,A3,Vidyo3_1280x720p_60fps.y4m,1280x720,60.00,8,1280x720,210,94.545231,33.999705,44.114340,42.242862,11.899506,15.192609,65.651671,62.685894,31.658855,36.714043,33.958226,44.108104,42.240494,3.350801,,,,,,,3dca5545b6fcc78eb73fe4f08a97acb0,
RA,aom,av2,0,A3,Vidyo3_1280x720p_60fps.y4m,1280x720,60.00,8,1280x720,235,41.080615,30.276853,41.452638,39.598595,9.386797,11.277325,42.649157,40.010319,26.992266,33.593405,30.243373,41.451454,39.596038,3.162327,,,,,,,e7fd93d8a10669b52422975349f44ad3,
RA,aom,av2,0,A3,Vidyo4_1280x720p_60fps.y4m,1280x720,60.00,8,1280x720,110,2622.424615,43.579495,49.483841,49.754886,16.474119,23.633970,96.974526,95.425165,44.742409,43.664433,43.504140,49.475439,49.744079,1.435398,,,,,,,7014fd589cf63aa0c605cf3e7180f9e5,
RA,aom,av2,0,A3,Vidyo4_1280x720p_60fps.y4m,1280x720,60.00,8,1280x720,135,943.229538,41.921187,48.570715,48.801549,15.300548,21.843541,95.201641,93.262092,42.417790,42.544540,41.885522,48.563566,48.789886,1.688651,,,,,,,834aaac8fee8bd4cb5a0cacd4415e059,
RA,aom,av2,0,A3,Vidyo4_1280x720p_60fps.y4m,1280x720,60.00,8,1280x720,160,401.756308,39.806716,47.097710,47.276849,13.819531,19.422335,91.323051,88.975830,39.151591,40.966851,39.776491,47.082737,47.259726,1.757516,,,,,,,6390680a9cd919e0f6617a8c3ea01c47,
RA,aom,av2,0,A3,Vidyo4_1280x720p_60fps.y4m,1280x720,60.00,8,1280x720,185,184.201846,37.205457,45.216016,45.102278,12.181629,16.684672,83.845153,81.048255,35.450483,38.924606,37.169616,45.202939,45.079439,1.848129,,,,,,,01b8175d6a147c4cb192ccd03bd4f56d,
RA,aom,av2,0,A3,Vidyo4_1280x720p_60fps.y4m,1280x720,60.00,8,1280x720,210,84.409846,34.187881,42.624599,42.323132,10.522005,13.961806,70.076538,67.022265,31.481648,36.333822,34.145424,42.596944,42.291020,2.255364,,,,,,,f8b5a64272145ce51ff5f9e59652a3ce,
RA,aom,av2,0,A3,Vidyo4_1280x720p_60fps.y4m,1280x720,60.00,8,1280x720,235,39.670154,31.060149,39.946572,39.247456,9.039472,11.434920,52.651318,49.126997,27.609873,33.701985,31.017564,39.935258,39.221312,2.402816,,,,,,,9bc84d6b47ede87a84e77bddad7584d1,
RA,aom,av2,0,A3,WestWindEasy_1280x720p30_420.y4m,1280x720,30.00,8,1280x720,110,8450.305846,42.026884,49.451835,51.023690,16.600635,23.698611,99.978337,99.973995,44.393082,44.892774,41.866523,49.410554,50.985456,0.197379,,,,,,,d98f74c5020f158ab13f7c0a7d4a088f,
RA,aom,av2,0,A3,WestWindEasy_1280x720p30_420.y4m,1280x720,30.00,8,1280x720,135,3957.212308,38.337550,47.847523,49.365976,13.578059,19.599660,99.975338,99.967147,38.806701,41.950056,38.147495,47.806837,49.330487,0.218333,,,,,,,6f80b8a8aa3db9bc11cf1056b12956a1,
RA,aom,av2,0,A3,WestWindEasy_1280x720p30_420.y4m,1280x720,30.00,8,1280x720,160,1574.320615,34.617584,46.258965,47.858587,10.668351,15.334802,94.826027,93.002265,33.168230,38.849530,34.414404,46.213306,47.826621,0.329410,,,,,,,299462c2af0d14ca32ce89c2123e0317,
RA,aom,av2,0,A3,WestWindEasy_1280x720p30_420.y4m,1280x720,30.00,8,1280x720,185,553.118769,31.395101,44.500876,46.513952,8.509185,11.626331,80.773823,78.504872,28.696586,35.914233,31.221846,44.445613,46.483484,0.572880,,,,,,,7726223562dcfeaf82eaf437b8e25774,
RA,aom,av2,0,A3,WestWindEasy_1280x720p30_420.y4m,1280x720,30.00,8,1280x720,210,180.075692,28.796343,42.976090,45.196879,7.200321,8.796934,66.384233,64.103975,25.588760,33.105848,28.677468,42.942433,45.173884,1.525582,,,,,,,c4953ca9c6ceb32f932c35896f9d85a7,
RA,aom,av2,0,A3,WestWindEasy_1280x720p30_420.y4m,1280x720,30.00,8,1280x720,235,58.766769,26.488898,41.181472,43.207720,6.440797,6.752247,55.266249,52.954785,23.241322,30.903304,26.414117,41.133938,43.188381,1.532126,,,,,,,8eb6974eca24cd33f69b8b737a91edf9,
RA,aom,av2,0,A4,BlueSky_360p25_v2.y4m,640x360,25.00,8,640x360,110,908.115385,42.395837,43.877336,46.103326,20.980429,28.189982,99.976792,99.970689,49.593620,43.110467,42.218460,43.713092,46.002722,0.015596,,,,,,,53914b1e28025eee81adbef8d46d6f12,
RA,aom,av2,0,A4,BlueSky_360p25_v2.y4m,640x360,25.00,8,640x360,135,397.441538,38.977841,40.926663,43.706650,18.415143,25.298112,99.972263,99.760078,44.919165,40.511983,38.801737,40.793213,43.624576,0.052367,,,,,,,1702d72e619a53468e5adae0cdb4354d,
RA,aom,av2,0,A4,BlueSky_360p25_v2.y4m,640x360,25.00,8,640x360,160,170.783077,35.364214,37.924507,41.478734,15.442974,21.797804,97.163385,95.264016,39.340392,37.793444,35.204077,37.815264,41.416749,0.108931,,,,,,,e88d841a1070c039bdd755273edf4edb,
RA,aom,av2,0,A4,BlueSky_360p25_v2.y4m,640x360,25.00,8,640x360,185,75.780000,31.708775,35.760421,39.569619,12.448116,18.308954,87.182067,84.947408,33.938756,35.279960,31.570512,35.683630,39.520925,0.140293,,,,,,,6bbe821411107b325ef75b6e4e80244c,
RA,aom,av2,0,A4,BlueSky_360p25_v2.y4m,640x360,25.00,8,640x360,210,32.726154,27.978740,33.960841,37.983330,9.476728,14.440195,70.615637,68.675614,28.686953,32.562579,27.869016,33.889511,37.926376,0.182245,,,,,,,d7cb63ab2d4f6949c4d7cbd0d5b014a5,
RA,aom,av2,0,A4,BlueSky_360p25_v2.y4m,640x360,25.00,8,640x360,235,12.826154,24.259752,32.265336,35.934281,6.786128,10.392126,45.640241,44.142899,23.142772,29.416628,24.178866,32.208766,35.886135,0.303353,,,,,,,eb11b03d5c3d92c780c9aee420d5928d,
RA,aom,av2,0,A4,RedKayak_360_2997.y4m,640x360,30.00,8,640x360,110,6322.453546,39.237529,44.242094,49.165124,13.910920,20.650977,99.972582,99.933106,42.707157,39.970485,38.966056,44.142953,49.105663,0.258168,,,,,,,778e6440881197ac12d7d206b55bcc3f,
RA,aom,av2,0,A4,RedKayak_360_2997.y4m,640x360,30.00,8,640x360,135,3094.065319,34.525098,41.950927,47.521337,10.576785,16.583314,94.849759,93.153773,37.003328,36.767803,34.162521,41.859535,47.447903,0.258248,,,,,,,0d27768965061e42c3807c27c51206f5,
RA,aom,av2,0,A4,RedKayak_360_2997.y4m,640x360,30.00,8,640x360,160,1104.835472,30.198721,39.803820,46.029651,7.648276,12.791727,73.068334,71.406762,31.502885,33.739042,29.871308,39.723461,45.952138,0.239572,,,,,,,497431b788f48a4269c1af9127c3ff5b,
RA,aom,av2,0,A4,RedKayak_360_2997.y4m,640x360,30.00,8,640x360,185,300.384539,27.154435,38.319429,44.681819,5.678767,9.595373,42.839846,41.715271,26.832375,31.365036,26.951133,38.254681,44.494511,0.311709,,,,,,,cb3fb603f9b71efbf6f2a3f60ff7f4e2,
RA,aom,av2,0,A4,RedKayak_360_2997.y4m,640x360,30.00,8,640x360,210,78.318604,25.343071,37.001477,43.077390,4.759201,7.296512,18.268757,17.756058,23.574155,29.497206,25.239657,36.935827,42.784668,0.215485,,,,,,,ef29ebe5d0dffc0d6acfc861279a0378,
RA,aom,av2,0,A4,RedKayak_360_2997.y4m,640x360,30.00,8,640x360,235,22.467379,23.852095,35.653676,40.677026,4.283190,5.554605,6.210682,6.135180,21.251925,27.731266,23.773390,35.569226,40.367193,0.261199,,,,,,,657080dd4b2930ac428ee285549d82ee,
RA,aom,av2,0,A4,SnowMountain_640x360_2997.y4m,640x360,30.00,8,640x360,110,549.242757,41.952521,48.934723,49.922759,20.419523,27.770632,95.609486,94.171267,50.039471,43.254239,41.874359,48.931536,49.920800,1.149903,,,,,,,eb0e219df071bd30cfb20e6edc55f034,
RA,aom,av2,0,A4,SnowMountain_640x360_2997.y4m,640x360,30.00,8,640x360,135,265.444094,39.087973,47.211907,48.656747,17.983695,25.383820,93.936692,92.290971,46.760022,41.295778,39.052821,47.211119,48.656474,1.248380,,,,,,,20ad11660afbc56b4142c74fd99f7f09,
RA,aom,av2,0,A4,SnowMountain_640x360_2997.y4m,640x360,30.00,8,640x360,160,140.634135,35.585653,45.524997,47.064786,14.725670,21.965087,90.273887,88.347691,42.000082,38.805911,35.568084,45.524899,47.064378,1.108378,,,,,,,e767864ccfb8f182daf4432542bcc8b8,
RA,aom,av2,0,A4,SnowMountain_640x360_2997.y4m,640x360,30.00,8,640x360,185,76.433720,31.697095,43.525877,45.464376,11.261327,17.974677,82.755332,80.726212,36.436126,35.774159,31.693441,43.525278,45.464225,1.188469,,,,,,,d19e5d11b6281222991f62bc003328b9,
RA,aom,av2,0,A4,SnowMountain_640x360_2997.y4m,640x360,30.00,8,640x360,210,31.834627,27.178358,41.419475,43.186625,8.283708,14.008885,65.225498,63.260623,30.335230,32.282280,27.177971,41.418668,43.185989,0.995691,,,,,,,17274a83cfc2704e83dc80ad38a6e9f2,
RA,aom,av2,0,A4,SnowMountain_640x360_2997.y4m,640x360,30.00,8,640x360,235,11.580420,23.551158,39.753844,41.892308,5.970873,10.604793,38.466856,36.976786,24.544394,29.241324,23.551104,39.732082,41.882490,0.710330,,,,,,,68b80d14814bbf0afd7716ae3c80f21b,
RA,aom,av2,0,A4,SpeedBag_640x360_2997.y4m,640x360,30.00,8,640x360,110,257.266426,46.742093,50.243595,51.911095,19.783929,26.680733,97.935032,96.597403,48.660842,45.783556,46.613814,50.199245,51.843669,0.018491,,,,,,,12d33592dbeab4a706116bbbec62b7d3,
RA,aom,av2,0,A4,SpeedBag_640x360_2997.y4m,640x360,30.00,8,640x360,135,122.670560,44.404052,48.379713,50.387382,18.428060,24.380835,96.083334,94.171752,45.070293,44.164798,44.220167,48.319126,50.276065,0.044827,,,,,,,c42ea10a137620935b8f99e4ef3f5d09,
RA,aom,av2,0,A4,SpeedBag_640x360_2997.y4m,640x360,30.00,8,640x360,160,59.528779,41.481763,45.790887,48.156360,16.904736,21.639268,91.189083,88.399165,40.895566,41.928764,41.268480,45.728424,48.027286,0.093944,,,,,,,f1aab9bc03f8fb03112dd67b53cb5339,
RA,aom,av2,0,A4,SpeedBag_640x360_2997.y4m,640x360,30.00,8,640x360,185,29.831707,38.315066,43.057817,45.576385,15.125560,18.613327,80.114155,77.048692,36.576750,39.364318,38.092800,42.994018,45.416461,0.113209,,,,,,,2672e5b709dea8c595a4d99b16ca8d56,
RA,aom,av2,0,A4,SpeedBag_640x360_2997.y4m,640x360,30.00,8,640x360,210,16.049182,35.131448,40.126428,42.909511,13.330970,15.481821,63.516543,60.655391,32.411254,36.529337,34.902547,40.081794,42.744683,0.111495,,,,,,,fb99172442312fe9ff78178535c284d0,
RA,aom,av2,0,A4,SpeedBag_640x360_2997.y4m,640x360,30.00,8,640x360,235,8.878506,31.375536,37.603481,40.371819,11.200870,12.041328,40.924432,38.187989,27.960763,33.162382,31.168212,37.557657,40.156037,0.156700,,,,,,,67109d4439946f282b7e5b5bef3c24cd,
RA,aom,av2,0,A4,Stockholm_640x360_5994.y4m,640x360,60.00,8,640x360,110,1272.577269,40.555686,46.548051,45.899039,15.757996,24.900974,99.796213,98.447627,49.001601,40.869889,40.490045,46.534069,45.887686,0.000110,,,,,,,9b15f3e937a964c573db341842bec8dc,
RA,aom,av2,0,A4,Stockholm_640x360_5994.y4m,640x360,60.00,8,640x360,135,529.021747,38.338422,44.550494,44.108040,14.139890,22.685558,98.219883,96.355697,45.265026,39.048385,38.311668,44.541564,44.103732,0.004605,,,,,,,3ba0a42dfbbcd3fd4b96d6fb9d30bec6,
RA,aom,av2,0,A4,Stockholm_640x360_5994.y4m,640x360,60.00,8,640x360,160,240.062707,35.705251,42.251623,41.767717,12.223858,20.077475,94.515423,92.250205,40.523158,36.887814,35.691022,42.241565,41.763885,0.034135,,,,,,,f462a6bdd0c2de766420d93495438224,
RA,aom,av2,0,A4,Stockholm_640x360_5994.y4m,640x360,60.00,8,640x360,185,109.220011,32.172929,40.015488,39.437634,9.598359,16.562220,85.054671,82.213979,34.756261,34.230161,32.162456,40.004998,39.434154,0.040344,,,,,,,d3b8c3b07fbe64113ee4319b1cb05466,
RA,aom,av2,0,A4,Stockholm_640x360_5994.y4m,640x360,60.00,8,640x360,210,45.384769,28.487319,37.891265,37.447884,6.767209,12.389368,64.819986,62.065940,28.794009,31.267459,28.480859,37.885513,37.443790,0.049006,,,,,,,491203550a56a01a1a669aeb8f82d4f1,
RA,aom,av2,0,A4,Stockholm_640x360_5994.y4m,640x360,60.00,8,640x360,235,16.864366,25.240902,36.005252,35.624396,4.531860,8.392866,34.329874,32.691577,23.658461,28.580722,25.235119,35.997939,35.622116,0.060426,,,,,,,e64aedb95320026a8a444d9f7478dc0d,
RA,aom,av2,0,A4,TouchdownPass_640x360_2997.y4m,640x360,30.00,8,640x360,110,854.306309,41.907481,48.174545,48.043884,15.919749,24.317880,96.876536,95.024906,48.705644,42.478458,41.825333,48.152186,48.020144,0.000000,,,,,,,e0c790589d84b2a5fe754cf6a85097cc,
RA,aom,av2,0,A4,TouchdownPass_640x360_2997.y4m,640x360,30.00,8,640x360,135,401.257204,38.845385,46.371575,46.089172,13.140789,21.151468,94.374245,92.035531,43.940485,40.189064,38.775911,46.351770,46.055569,0.000001,,,,,,,423dc3e1c6e54fc807eb2d5836f663fe,
RA,aom,av2,0,A4,TouchdownPass_640x360_2997.y4m,640x360,30.00,8,640x360,160,165.189272,35.160864,44.434632,43.886069,9.366099,16.356911,87.658763,85.114055,37.675829,37.172124,35.101215,44.411562,43.843203,0.000305,,,,,,,d90c78375f5b68293b24a63a071deef7,
RA,aom,av2,0,A4,TouchdownPass_640x360_2997.y4m,640x360,30.00,8,640x360,185,65.096749,32.050457,42.576307,41.351420,6.772423,11.956641,73.884066,71.406941,32.036147,34.608408,31.997760,42.561409,41.324474,0.029476,,,,,,,093ed68772d02cdd18a5222de96f5edd,
RA,aom,av2,0,A4,TouchdownPass_640x360_2997.y4m,640x360,30.00,8,640x360,210,26.502728,29.560916,40.693812,38.917909,5.747702,9.389372,53.327033,51.607741,28.245402,32.701780,29.512952,40.675941,38.905731,0.958087,,,,,,,c15a7429058451c24751e456e9448811,
RA,aom,av2,0,A4,TouchdownPass_640x360_2997.y4m,640x360,30.00,8,640x360,235,10.831630,27.140541,38.884115,36.869347,5.166347,8.192368,34.693395,33.569890,24.935017,31.079012,27.096195,38.878680,36.862857,0.981788,,,,,,,932ce707a238b8c466010f7c02cbe38f,
RA,aom,av2,0,A5,FourPeople_480x270_60.y4m,480x270,60.00,8,480x270,110,622.781538,44.418390,47.563624,48.712367,20.567545,29.221362,97.104163,95.860385,48.683788,43.523131,44.361130,47.549304,48.695297,1.857044,,,,,,,625b2da62aa4a5ddff7bc0df1b8ccc3e,
RA,aom,av2,0,A5,FourPeople_480x270_60.y4m,480x270,60.00,8,480x270,135,330.313846,41.221524,45.373260,46.355439,18.389654,26.530843,95.567432,94.058061,45.149313,41.332272,41.162876,45.362545,46.337163,2.029630,,,,,,,392f9ee6cb4935416b43965d219368fb,
RA,aom,av2,0,A5,FourPeople_480x270_60.y4m,480x270,60.00,8,480x270,160,169.366154,37.373826,42.811851,43.589284,15.469723,22.879118,91.811673,89.874984,39.984786,38.586977,37.326316,42.802944,43.577842,1.853386,,,,,,,5fff3999bb730ac830f288c99d4c2c72,
RA,aom,av2,0,A5,FourPeople_480x270_60.y4m,480x270,60.00,8,480x270,185,84.498462,33.346200,40.091646,40.614805,12.191385,18.804787,84.109426,81.720522,34.401561,35.504250,33.316916,40.083176,40.601998,1.972027,,,,,,,ebe6115ca6d6b5f3a301396b173391a4,
RA,aom,av2,0,A5,FourPeople_480x270_60.y4m,480x270,60.00,8,480x270,210,37.916308,29.239979,36.467494,37.381194,8.866720,14.364651,69.019638,66.236425,28.722868,31.978429,29.225957,36.464285,37.372942,1.931837,,,,,,,7b200c110cfd5de685e7c53bcdf53f21,
RA,aom,av2,0,A5,FourPeople_480x270_60.y4m,480x270,60.00,8,480x270,235,16.711385,25.599002,34.392270,34.907701,6.188940,10.465797,46.967602,44.421215,23.767257,28.909382,25.590522,34.390596,34.903917,1.674532,,,,,,,036bf8741dcf273005d1ab8eee3a8f20,
RA,aom,av2,0,A5,ParkJoy_480x270_50.y4m,480x270,50.00,8,480x270,110,4355.393846,38.501113,41.608291,43.775434,16.886905,25.339452,99.320757,98.287482,46.545673,38.978735,38.203016,41.459103,43.689413,0.573435,,,,,,,e93d2999d99ec0101aa27904c031a33d,
RA,aom,av2,0,A5,ParkJoy_480x270_50.y4m,480x270,50.00,8,480x270,135,1903.476923,33.937662,38.390905,41.247341,13.141801,21.179796,95.843839,93.852544,40.782815,35.404262,33.666855,38.295571,41.171068,0.952075,,,,,,,aca1b15b03ac596ea45174a1291cd539,
RA,aom,av2,0,A5,ParkJoy_480x270_50.y4m,480x270,50.00,8,480x270,160,760.132308,29.855881,35.643235,39.346961,9.446681,16.703004,86.219210,83.928577,34.424635,32.161717,29.639757,35.564740,39.283044,1.370038,,,,,,,706cbc287354cbdd9cf02e91a91c239a,
RA,aom,av2,0,A5,ParkJoy_480x270_50.y4m,480x270,50.00,8,480x270,185,280.735385,26.525020,33.856218,37.916704,6.462738,12.615811,69.200770,67.025587,28.870369,29.417145,26.385943,33.786726,37.869335,1.316949,,,,,,,35108d5bba3d0add194b7b17748f6146,
RA,aom,av2,0,A5,ParkJoy_480x270_50.y4m,480x270,50.00,8,480x270,210,76.821538,23.699571,32.232932,36.790780,4.192853,8.922921,43.196074,41.714915,24.093189,26.920954,23.598423,32.179780,36.762762,1.623560,,,,,,,ecb6293cecee3d972d0b1ad3960b3d7e,
RA,aom,av2,0,A5,ParkJoy_480x270_50.y4m,480x270,50.00,8,480x270,235,19.350769,21.738423,30.705152,35.474243,2.910210,6.087134,19.470356,18.877548,20.446888,25.034555,21.668130,30.659126,35.434125,1.910295,,,,,,,71e3a19be250f80f6002b2d6db640585,
RA,aom,av2,0,A5,SparksElevator_480x270p_5994_10bit.y4m,480x270,60.00,10,480x270,110,2134.555906,40.691109,49.774613,47.508455,17.199084,24.187589,96.099119,94.302908,47.119030,42.213652,40.550262,49.734822,47.462689,0.097083,,,,,,,be012d7d19f87f453d4a5f0779d8d247,
RA,aom,av2,0,A5,SparksElevator_480x270p_5994_10bit.y4m,480x270,60.00,10,480x270,135,873.826481,36.896302,47.749010,45.133003,13.822766,20.306784,91.657192,89.508497,41.459440,39.342293,36.735944,47.720792,45.101970,0.149029,,,,,,,14335483f5844ceb1c6e257bd9933660,
RA,aom,av2,0,A5,SparksElevator_480x270p_5994_10bit.y4m,480x270,60.00,10,480x270,160,323.491893,33.546230,45.528605,42.700817,10.592851,16.444510,83.069885,80.654773,36.121589,36.544960,33.424631,45.497594,42.674750,0.178817,,,,,,,055676ffdc31724d1a42d0cab12f5238,
RA,aom,av2,0,A5,SparksElevator_480x270p_5994_10bit.y4m,480x270,60.00,10,480x270,185,117.626374,30.652181,43.302063,40.347431,8.227432,13.138981,69.083988,66.432352,31.579473,34.027260,30.558331,43.276691,40.328811,0.196130,,,,,,,bac02877edecdd56241164954280b73d,
RA,aom,av2,0,A5,SparksElevator_480x270p_5994_10bit.y4m,480x270,60.00,10,480x270,210,42.773227,28.017550,41.231361,37.985594,6.316828,10.372055,49.320578,47.137580,27.843404,31.609419,27.953189,41.207404,37.974304,0.224679,,,,,,,46d9dc88691275a2713796e4714a0f60,
RA,aom,av2,0,A5,SparksElevator_480x270p_5994_10bit.y4m,480x270,60.00,10,480x270,235,13.504034,25.371484,39.801093,35.434995,4.259197,7.641004,25.013196,23.693521,24.307974,28.981308,25.329148,39.792788,35.413095,0.204252,,,,,,,5ce96fad9f55ee947624b1ee84540aac,
RA,aom,av2,0,A5,Vertical_Bayshore_270x480_2997.y4m,270x480,30.00,8,270x480,110,652.422654,41.817706,51.725095,51.441638,16.881954,24.061074,98.074235,96.679520,44.827502,44.453462,41.609171,51.582972,51.332782,0.358717,,,,,,,937f26488120ae40967e20bab9c7e443,
RA,aom,av2,0,A5,Vertical_Bayshore_270x480_2997.y4m,270x480,30.00,8,270x480,135,286.974564,38.672761,49.925608,49.847381,14.065171,20.904155,95.787389,93.392367,41.017564,41.835667,38.508030,49.756732,49.749738,0.380042,,,,,,,e272e58a6c13142ef6d6854b5c74b4b0,
RA,aom,av2,0,A5,Vertical_Bayshore_270x480_2997.y4m,270x480,30.00,8,270x480,160,119.385845,35.405885,47.917359,47.754294,11.033021,17.109492,89.122760,86.436220,36.353589,39.004803,35.276962,47.690556,47.609728,0.495306,,,,,,,0384c2bcd0ea9cd6c8a71276edd1283d,
RA,aom,av2,0,A5,Vertical_Bayshore_270x480_2997.y4m,270x480,30.00,8,270x480,185,40.903097,32.505947,46.086786,45.515026,8.502873,13.174016,75.873841,73.193982,31.858524,36.430939,32.427317,45.782041,45.344363,0.541090,,,,,,,01dd4a41a668a5fd332a48c294a71b42,
RA,aom,av2,0,A5,Vertical_Bayshore_270x480_2997.y4m,270x480,30.00,8,270x480,210,14.155076,30.370227,43.839283,43.133337,7.359908,10.963474,58.441846,55.497164,28.670197,34.314110,30.315867,43.622341,43.067741,0.814951,,,,,,,d1f59c1ad0c022d29330df43a9217e44,
RA,aom,av2,0,A5,Vertical_Bayshore_270x480_2997.y4m,270x480,30.00,8,270x480,235,6.803658,28.305461,40.308909,40.535045,6.572467,9.334102,39.214232,36.206795,25.860936,32.020910,28.160697,40.143893,40.495962,0.607743,,,,,,,f8443a789c46afb3d28192cfbc8dd152,
RA,aom,av2,0,B1,CosmosTreeTrunk_sdr_2048x858_25_8bit.y4m,2048x858,24.00,8,2048x858,110,12190.664862,39.687032,45.966554,48.263767,12.981844,21.282840,99.332523,98.131778,44.143796,42.876473,39.553815,45.879738,48.193579,0.363756,,,,,,,23c2adf84bcc5940cd7a5a4bd230b5a5,
RA,aom,av2,0,B1,CosmosTreeTrunk_sdr_2048x858_25_8bit.y4m,2048x858,24.00,8,2048x858,135,5168.832000,37.081696,43.897094,46.564594,11.501214,18.831316,93.749624,91.661792,39.680546,40.727115,36.978239,43.827858,46.491871,0.556768,,,,,,,892bd0b445a53d0b298c1a3427a3bc6c,
RA,aom,av2,0,B1,CosmosTreeTrunk_sdr_2048x858_25_8bit.y4m,2048x858,24.00,8,2048x858,160,1858.124308,34.102187,42.125906,44.834741,9.787167,15.767051,79.906113,77.656288,34.465958,38.338101,33.980552,42.060813,44.754043,0.618954,,,,,,,0787e15daef33425a9cd40a066371279,
RA,aom,av2,0,B1,CosmosTreeTrunk_sdr_2048x858_25_8bit.y4m,2048x858,24.00,8,2048x858,185,596.347569,31.326589,40.482233,43.155084,7.985731,12.528625,59.238510,57.354388,29.859003,35.992628,31.220322,40.415769,43.075497,0.641823,,,,,,,8d078b112b98fe0152db7b5a2e17bde0,
RA,aom,av2,0,B1,CosmosTreeTrunk_sdr_2048x858_25_8bit.y4m,2048x858,24.00,8,2048x858,210,172.148677,29.025884,38.902871,41.471824,6.483558,9.637956,37.614065,36.256038,26.370292,33.814033,28.955740,38.853583,41.402845,0.650402,,,,,,,3ee99437b2bcdc4245a4fe4f8f90a9ed,
RA,aom,av2,0,B1,CosmosTreeTrunk_sdr_2048x858_25_8bit.y4m,2048x858,24.00,8,2048x858,235,44.445046,27.224376,37.221232,40.013585,5.467058,7.413573,19.658011,19.010559,23.899042,31.781207,27.186634,37.185514,39.964275,0.765741,,,,,,,1fd778ecfab592d6f28296df40843832,
RA,aom,av2,0,B1,EuroTruckSimulator2_1920x1080p60_v2.y4m,1920x1080,60.00,8,1920x1080,110,64938.088615,38.113321,45.095102,46.717728,14.038508,22.124171,99.975972,99.969768,44.232376,39.954769,37.943840,45.047205,46.694558,0.013346,,,,,,,dbfd56c25b97578d8f37b0e0fcd72a61,
RA,aom,av2,0,B1,EuroTruckSimulator2_1920x1080p60_v2.y4m,1920x1080,60.00,8,1920x1080,135,22199.963077,34.459209,43.011456,44.695871,11.183870,18.510139,97.913592,96.015085,38.424462,37.085704,34.315391,42.982347,44.682452,0.020785,,,,,,,70a3a03f16d6cb2eb2819b5efd9be8d6,
RA,aom,av2,0,B1,EuroTruckSimulator2_1920x1080p60_v2.y4m,1920x1080,60.00,8,1920x1080,160,6661.174154,31.545814,40.982086,42.808444,8.763040,15.144436,89.061223,86.765461,33.278084,34.641558,31.468257,40.957263,42.796730,0.039743,,,,,,,1c4c053910a8efeac28fb86e5c23cb31,
RA,aom,av2,0,B1,EuroTruckSimulator2_1920x1080p60_v2.y4m,1920x1080,60.00,8,1920x1080,185,1996.829538,29.179843,39.041210,40.897449,6.657878,12.020507,76.894611,74.400379,29.023140,32.400105,29.147359,39.018771,40.887741,0.086858,,,,,,,b70bcdb5f8abcb3ad6cd9c0c9b700f5b,
RA,aom,av2,0,B1,EuroTruckSimulator2_1920x1080p60_v2.y4m,1920x1080,60.00,8,1920x1080,210,594.435692,27.048551,36.963332,38.794657,4.950483,9.137806,60.736806,58.386046,25.413456,30.215451,27.034706,36.951743,38.786278,0.093705,,,,,,,ee1da99eec15572224ab4379c4f24548,
RA,aom,av2,0,B1,EuroTruckSimulator2_1920x1080p60_v2.y4m,1920x1080,60.00,8,1920x1080,235,168.129231,25.055017,34.650533,36.546901,3.844137,6.733920,43.935453,41.708101,22.382339,28.113344,25.046467,34.643857,36.538398,0.107449,,,,,,,4d0f82f35be15d4cc5ba42dc746f126e,
RA,aom,av2,0,B1,GlassHalf_1920x1080p_24p_8bit_420.y4m,1920x1080,24.00,8,1920x1080,110,4838.311385,48.562681,49.125920,49.444398,24.635518,32.295933,99.216058,98.194129,52.569666,51.238863,48.157252,48.544379,48.460176,2.226854,,,,,,,9c50d68238b3fa5ca677914c2d02b315,
RA,aom,av2,0,B1,GlassHalf_1920x1080p_24p_8bit_420.y4m,1920x1080,24.00,8,1920x1080,135,2651.958646,44.765800,45.392987,45.775573,22.316104,29.235625,98.141990,96.326209,48.452828,48.450795,44.185414,44.560951,44.428373,1.452884,,,,,,,fc641fc27e5931b8ef8381340e1590f8,
RA,aom,av2,0,B1,GlassHalf_1920x1080p_24p_8bit_420.y4m,1920x1080,24.00,8,1920x1080,160,1345.770831,40.673615,41.718038,42.129392,19.318027,25.419874,94.792759,92.092593,43.062141,45.534615,39.977751,40.578360,40.515911,1.237416,,,,,,,b41e03fa58572926f63b42088dbbd20f,
RA,aom,av2,0,B1,GlassHalf_1920x1080p_24p_8bit_420.y4m,1920x1080,24.00,8,1920x1080,185,660.409108,36.531353,38.282643,38.693853,15.908128,20.960068,86.530429,83.179984,37.069864,42.216098,35.854567,37.068519,37.009085,1.321570,,,,,,,de32dbad77bfa390a3f8d0ed02db2b51,
RA,aom,av2,0,B1,GlassHalf_1920x1080p_24p_8bit_420.y4m,1920x1080,24.00,8,1920x1080,210,296.338708,32.443527,34.888555,35.187346,12.415084,16.052750,69.753709,66.168644,31.069612,38.520841,31.864963,33.880429,33.526162,1.340832,,,,,,,197e2f9511ed68f08774f826f2c5ae71,
RA,aom,av2,0,B1,GlassHalf_1920x1080p_24p_8bit_420.y4m,1920x1080,24.00,8,1920x1080,235,114.433477,28.572881,31.471711,31.586567,9.432245,11.301006,43.811371,40.882848,25.748218,34.352828,28.182155,30.720205,30.118022,1.077580,,,,,,,db7938ca3a39eba6132ea403d37e9030,
RA,aom,av2,0,B1,Life_1080p30_v2.y4m,1920x1080,30.00,8,1920x1080,110,7736.785846,42.832736,49.117091,48.735811,17.198035,25.637630,99.291883,97.848331,48.076342,45.622008,42.754207,49.084151,48.700111,0.260120,,,,,,,c7dfa24d7f291e29e1eb66af20b3a54f,
RA,aom,av2,0,B1,Life_1080p30_v2.y4m,1920x1080,30.00,8,1920x1080,135,3228.769846,39.619960,46.647977,46.462554,14.403998,22.334364,96.905572,95.114711,43.613153,42.769990,39.562511,46.612928,46.418289,0.244880,,,,,,,e669e9d875d486903114f353e0825b60,
RA,aom,av2,0,B1,Life_1080p30_v2.y4m,1920x1080,30.00,8,1920x1080,160,1315.787077,36.236391,44.030034,43.803699,11.091793,18.206532,91.944491,89.717768,38.435717,39.691041,36.198245,43.991798,43.758122,0.333698,,,,,,,2d8ea90c754197d5fff14d647f612af7,
RA,aom,av2,0,B1,Life_1080p30_v2.y4m,1920x1080,30.00,8,1920x1080,185,534.996923,33.242050,41.214785,40.853110,8.373564,14.231030,81.405907,78.678921,33.475910,36.917181,33.208103,41.174372,40.811868,0.454939,,,,,,,49821012fd507e030c1a1a2755b76389,
RA,aom,av2,0,B1,Life_1080p30_v2.y4m,1920x1080,30.00,8,1920x1080,210,246.659077,30.936112,38.300607,37.732177,7.537610,12.237264,65.534764,62.308855,29.559083,34.701654,30.878029,38.246091,37.695154,0.330747,,,,,,,9e7fc7fb26cbb930462ff88f45ccef5c,
RA,aom,av2,0,B1,Life_1080p30_v2.y4m,1920x1080,30.00,8,1920x1080,235,106.728000,28.137625,35.013060,34.478584,6.662782,10.044255,45.948049,42.580577,25.436236,31.979848,28.057675,34.959704,34.454842,0.301915,,,,,,,0f87d6c738e8bc0f9506b5e8c3568d16,
RA,aom,av2,0,B1,MINECRAFT_1080p_60_8bit.y4m,1920x1080,60.00,8,1920x1080,110,51780.428308,41.297577,45.630442,45.631026,16.532024,23.926368,99.869309,99.645329,46.039253,42.875400,40.924778,45.422351,45.427903,0.235314,,,,,,,1860fd29cbb172ad48abd7bd95c0aa37,
RA,aom,av2,0,B1,MINECRAFT_1080p_60_8bit.y4m,1920x1080,60.00,8,1920x1080,135,22650.557538,36.466180,43.658516,43.487660,12.305645,19.283941,99.118890,98.340552,39.831737,39.535174,36.058506,43.496763,43.335461,0.215464,,,,,,,70c5a7ee1dc77e2317e60a76554ae937,
RA,aom,av2,0,B1,MINECRAFT_1080p_60_8bit.y4m,1920x1080,60.00,8,1920x1080,160,7678.360615,32.658619,41.634826,41.218872,9.082925,15.168779,91.081691,88.689947,34.226146,36.293626,32.337974,41.509745,41.097650,0.239889,,,,,,,6f94f496e48ffa55b4815079311d7774,
RA,aom,av2,0,B1,MINECRAFT_1080p_60_8bit.y4m,1920x1080,60.00,8,1920x1080,185,2597.172923,29.898132,39.510428,38.838329,6.886609,11.652510,72.932169,70.586706,29.798068,33.538064,29.678237,39.406173,38.738051,0.234436,,,,,,,0da9c0d59f3e9886aa26c0f1c1478b1a,
RA,aom,av2,0,B1,MINECRAFT_1080p_60_8bit.y4m,1920x1080,60.00,8,1920x1080,210,723.182769,27.529049,37.265141,36.680117,5.316979,8.482107,50.934094,49.160784,26.109746,31.032559,27.352199,37.185242,36.601470,0.251472,,,,,,,49eb5e366c2675051ab7978529b2bd5b,
RA,aom,av2,0,B1,MINECRAFT_1080p_60_8bit.y4m,1920x1080,60.00,8,1920x1080,235,216.428308,25.670175,35.049467,34.558335,4.427019,6.034082,35.299084,34.112752,23.289175,28.760837,25.540163,35.001016,34.511533,0.343266,,,,,,,ba9761cfe0e56cba08f46526d88e7165,
RA,aom,av2,0,B1,Sniper_1920x1080P_30fps_8bit.y4m,1920x1080,30.00,8,1920x1080,110,49414.840615,39.630480,45.795398,46.489640,15.358495,22.124747,99.728208,99.611072,43.803526,40.892330,39.111481,45.444890,46.171763,0.118140,,,,,,,fd93b0e831c9c648f35aa331ce1f2c6c,
RA,aom,av2,0,B1,Sniper_1920x1080P_30fps_8bit.y4m,1920x1080,30.00,8,1920x1080,135,25431.044308,35.249054,43.805296,44.581262,11.804567,17.815172,97.567289,96.190349,38.125823,37.797101,34.603654,43.480970,44.305383,0.124210,,,,,,,4ed85c6df401cbacf075562dface6887,
RA,aom,av2,0,B1,Sniper_1920x1080P_30fps_8bit.y4m,1920x1080,30.00,8,1920x1080,160,10505.970462,30.889708,41.963784,42.771467,8.668712,13.607198,83.820418,81.743107,32.508297,34.644314,30.110084,41.664382,42.537567,0.186242,,,,,,,dbb44bddc06e810bcfdf9ac95332cd20,
RA,aom,av2,0,B1,Sniper_1920x1080P_30fps_8bit.y4m,1920x1080,30.00,8,1920x1080,185,2859.601846,27.214641,40.187024,40.977432,6.328875,10.179574,61.695873,59.816341,27.832232,31.805658,26.422755,39.881359,40.749923,0.357296,,,,,,,513125a5dafbf85ea72249ec37c98bc5,
RA,aom,av2,0,B1,Sniper_1920x1080P_30fps_8bit.y4m,1920x1080,30.00,8,1920x1080,210,644.610462,25.121074,38.492273,39.130260,4.987682,7.741958,40.548866,39.172851,24.572193,29.748574,24.446095,38.215996,38.921164,0.632707,,,,,,,5e16e07ca7137d461d68efa553599095,
RA,aom,av2,0,B1,Sniper_1920x1080P_30fps_8bit.y4m,1920x1080,30.00,8,1920x1080,235,133.855385,23.634654,36.711113,37.168820,4.200148,5.905390,24.362114,23.343623,22.057629,28.021809,23.089017,36.504619,37.004145,0.775341,,,,,,,a4e22346e58645d55eda5724d9d1c554,
RA,aom,av2,0,B1,SolLevanteDragons_sdr_1920x1080_24_10bit.y4m,1920x1080,24.00,10,1920x1080,110,5883.835569,42.115869,46.529651,46.377035,13.260205,19.892357,98.759330,97.851421,42.708436,45.113758,41.809023,46.406240,46.053935,0.236518,,,,,,,24d6b28f9cd881eee4c954ecee70db61,
RA,aom,av2,0,B1,SolLevanteDragons_sdr_1920x1080_24_10bit.y4m,1920x1080,24.00,10,1920x1080,135,2430.720000,40.587260,44.524810,44.161374,12.335180,17.783647,90.341039,88.614846,39.373904,43.551783,40.242749,44.365575,43.780558,0.299602,,,,,,,7b2751c38eee7c4ad1fa9848e16e9146,
RA,aom,av2,0,B1,SolLevanteDragons_sdr_1920x1080_24_10bit.y4m,1920x1080,24.00,10,1920x1080,160,1034.596431,38.733350,42.048691,41.578040,11.626788,15.495065,71.157246,69.469623,35.979172,41.647459,38.345382,41.856084,41.163503,0.312325,,,,,,,4d8019fd17f84cbd9d8c93e8fb5c35ed,
RA,aom,av2,0,B1,SolLevanteDragons_sdr_1920x1080_24_10bit.y4m,1920x1080,24.00,10,1920x1080,185,441.664985,36.499214,39.438604,38.895041,11.049431,13.231949,45.435459,44.184090,32.827427,39.375478,36.102242,39.251478,38.515351,0.343325,,,,,,,e29aa1f7ac979cf28ae144ad3b3893c6,
RA,aom,av2,0,B1,SolLevanteDragons_sdr_1920x1080_24_10bit.y4m,1920x1080,24.00,10,1920x1080,210,188.685785,34.006389,36.839515,36.155204,10.574868,11.166410,24.634856,23.963886,29.926189,36.778789,33.659307,36.680473,35.836345,0.376390,,,,,,,66a9f21fb8f9ea0c1736909d5060c4c7,
RA,aom,av2,0,B1,SolLevanteDragons_sdr_1920x1080_24_10bit.y4m,1920x1080,24.00,10,1920x1080,235,80.369723,31.280954,34.159334,33.417542,10.125985,9.294616,14.047337,13.841266,27.091361,33.926416,31.002004,34.016171,33.140213,0.421757,,,,,,,d636380c4d7e751e9792dd97bf605baf,
RA,aom,av2,0,B1,SolLevanteFace_sdr_1920x1080_24_10bit.y4m,1920x1080,24.00,10,1920x1080,110,11261.658092,43.948056,46.773722,44.684264,17.742716,23.008385,94.909412,93.070451,44.986571,45.485509,43.697761,46.311737,44.172097,0.017322,,,,,,,568aae42030c7811a94a852f0754b57c,
RA,aom,av2,0,B1,SolLevanteFace_sdr_1920x1080_24_10bit.y4m,1920x1080,24.00,10,1920x1080,135,5387.683938,40.359309,45.544967,42.963520,14.611333,19.125781,87.422127,84.927941,40.178887,43.342328,39.927817,44.700009,41.898716,0.018313,,,,,,,e27b49153786c7c361133d9290b0bb12,
RA,aom,av2,0,B1,SolLevanteFace_sdr_1920x1080_24_10bit.y4m,1920x1080,24.00,10,1920x1080,160,2179.374277,36.555314,44.029091,41.077061,11.330571,14.883037,69.297917,66.860448,35.114745,40.759186,35.948076,42.557863,39.651298,0.017921,,,,,,,7a9681f0befd8c74ce8708ec5ecd8eeb,
RA,aom,av2,0,B1,SolLevanteFace_sdr_1920x1080_24_10bit.y4m,1920x1080,24.00,10,1920x1080,185,714.152862,33.278273,42.364702,39.183317,8.701761,11.098475,44.250724,42.609451,30.786373,38.215065,32.504687,40.039913,37.630186,0.013822,,,,,,,798683ca4e5b695f8f72409a108253a2,
RA,aom,av2,0,B1,SolLevanteFace_sdr_1920x1080_24_10bit.y4m,1920x1080,24.00,10,1920x1080,210,177.830400,30.894916,40.845905,37.555908,7.180074,8.344444,20.191815,19.629160,27.727294,36.088266,29.940230,37.754975,35.989407,0.011808,,,,,,,d4133e5f45de2ed2e6e72148e21bd238,
RA,aom,av2,0,B1,SolLevanteFace_sdr_1920x1080_24_10bit.y4m,1920x1080,24.00,10,1920x1080,235,36.652800,29.409519,39.437728,36.138408,6.664606,6.833731,5.406943,5.350325,25.937241,34.470186,28.262365,35.995937,34.663350,0.016049,,,,,,,295cae9757489c59f1860b771c4d55d2,
RA,aom,av2,0,B1,STARCRAFT_1080p60.y4m,1920x1080,60.00,8,1920x1080,110,8242.515692,45.364251,51.096874,52.149749,19.814015,27.144487,97.394513,96.492609,50.586137,46.544423,45.151201,50.982546,52.109210,0.397571,,,,,,,3659d6e7fcef78f73410a322b9d6a2b6,
RA,aom,av2,0,B1,STARCRAFT_1080p60.y4m,1920x1080,60.00,8,1920x1080,135,3828.443077,41.698321,48.331346,49.501353,16.954075,23.597443,95.963504,94.521594,45.572078,44.078265,41.540033,48.273098,49.475581,0.541750,,,,,,,45da360004923e2ee828e5d7020efeaf,
RA,aom,av2,0,B1,STARCRAFT_1080p60.y4m,1920x1080,60.00,8,1920x1080,160,1598.832000,37.947043,45.390327,46.581843,13.977257,19.777968,91.649507,89.615486,40.278107,41.264315,37.863521,45.362628,46.562391,0.682305,,,,,,,1c9ea9fadd882787475c09942eebd31c,
RA,aom,av2,0,B1,STARCRAFT_1080p60.y4m,1920x1080,60.00,8,1920x1080,185,630.568615,34.480561,42.408773,43.473870,11.287068,16.082126,81.985465,79.451510,35.248699,38.282765,34.447995,42.397477,43.467174,0.987836,,,,,,,4ea1193b205246908d2d102dfe765a11,
RA,aom,av2,0,B1,STARCRAFT_1080p60.y4m,1920x1080,60.00,8,1920x1080,210,241.702154,31.286953,39.314024,40.363347,8.986406,12.683751,65.628216,63.012717,30.683427,35.292242,31.274259,39.308476,40.359194,1.242800,,,,,,,4bc52075444cda08d7bab1fc61872021,
RA,aom,av2,0,B1,STARCRAFT_1080p60.y4m,1920x1080,60.00,8,1920x1080,235,92.780308,28.286711,36.398276,37.165840,7.226488,9.645239,45.059144,42.760389,26.558667,32.390852,28.278282,36.393539,37.157841,1.289835,,,,,,,37d4a7fd6bb8db3a8615484113d4e194,
RA,aom,av2,0,B1,WITCHER3_1920x1080_60_8bit_420.y4m,1920x1080,60.00,8,1920x1080,110,25312.371692,41.321983,48.860988,48.231564,13.728697,19.731087,97.220940,95.476799,42.885100,42.404182,40.814301,48.673353,48.073036,0.236944,,,,,,,4cd372eda15a445dfc1c933328c88724,
RA,aom,av2,0,B1,WITCHER3_1920x1080_60_8bit_420.y4m,1920x1080,60.00,8,1920x1080,135,8322.498462,38.281066,47.429936,46.335576,11.203260,16.256464,90.100486,88.029019,38.418813,40.148167,37.764944,47.287740,46.212166,0.431217,,,,,,,75bed5b32a64e769342441bf2ca902b5,
RA,aom,av2,0,B1,WITCHER3_1920x1080_60_8bit_420.y4m,1920x1080,60.00,8,1920x1080,160,2400.166154,35.790482,45.981455,44.398705,9.328089,13.225647,77.110724,75.109200,34.639290,38.079599,35.410515,45.877037,44.302108,0.834166,,,,,,,bb7197604960cbdf2273930d53800893,
RA,aom,av2,0,B1,WITCHER3_1920x1080_60_8bit_420.y4m,1920x1080,60.00,8,1920x1080,185,681.888000,33.795883,44.499561,42.597185,8.128477,10.782882,61.070007,59.272677,31.716177,36.312754,33.574967,44.408320,42.519817,1.442759,,,,,,,7650a060ff7133022ce71806f48ed328,
RA,aom,av2,0,B1,WITCHER3_1920x1080_60_8bit_420.y4m,1920x1080,60.00,8,1920x1080,210,204.590769,32.109276,42.978661,40.964405,7.507226,9.040102,46.530447,44.939350,29.543272,34.839979,32.001762,42.914086,40.879571,2.427101,,,,,,,b50a1a7da26872513d816d2fc7c3b741,
RA,aom,av2,0,B1,WITCHER3_1920x1080_60_8bit_420.y4m,1920x1080,60.00,8,1920x1080,235,68.599385,30.289966,41.322889,39.024239,7.114707,7.848750,32.678274,31.594787,27.545866,33.368999,30.243021,41.262550,38.925993,3.293186,,,,,,,adde245fe93e9033c0e672c0d06dea23,
RA,aom,av2,0,B2,BigBuckBunnyStudio1_1920x1080_60fps_10bit_420_020_0149.y4m,1920x1080,60.00,10,1920x1080,110,2209.284923,51.808032,54.769871,54.425255,25.811100,31.955641,96.697010,95.759909,53.454576,53.564161,51.770252,54.740350,54.393593,0.123778,,,,,,,53a160c60e78e3eadca3dee17e777ea0,
RA,aom,av2,0,B2,BigBuckBunnyStudio1_1920x1080_60fps_10bit_420_020_0149.y4m,1920x1080,60.00,10,1920x1080,135,1292.141538,47.823512,51.029307,50.675612,22.837907,28.078114,95.410824,94.085946,48.212561,49.856753,47.783004,51.006182,50.653560,0.101102,,,,,,,bec258a5bc93d1c9577b220de8e9463b,
RA,aom,av2,0,B2,BigBuckBunnyStudio1_1920x1080_60fps_10bit_420_020_0149.y4m,1920x1080,60.00,10,1920x1080,160,728.440615,43.331858,47.118818,46.682827,19.505012,23.955646,92.120167,90.261753,42.928244,45.402153,43.298002,47.093807,46.664121,0.173248,,,,,,,47c0a00544e1caf9b7a428e8c411dfac,
RA,aom,av2,0,B2,BigBuckBunnyStudio1_1920x1080_60fps_10bit_420_020_0149.y4m,1920x1080,60.00,10,1920x1080,185,399.998769,38.784811,43.364614,42.958648,16.162489,19.893321,84.540899,82.016045,37.900962,41.494889,38.762937,43.344998,42.943167,0.409672,,,,,,,f1e048eb522f496e7670697b9471f630,
RA,aom,av2,0,B2,BigBuckBunnyStudio1_1920x1080_60fps_10bit_420_020_0149.y4m,1920x1080,60.00,10,1920x1080,210,215.412923,34.253244,39.849527,39.328766,13.096881,16.104097,70.789785,67.692833,33.006729,37.371634,34.238746,39.835313,39.314416,0.502119,,,,,,,c17df43f1419167e897be3f1bd205134,
RA,aom,av2,0,B2,BigBuckBunnyStudio1_1920x1080_60fps_10bit_420_020_0149.y4m,1920x1080,60.00,10,1920x1080,235,100.929231,29.777384,36.700576,35.912775,10.182770,12.300616,51.098811,47.290115,27.987148,33.443605,29.767542,36.691081,35.900508,0.648535,,,,,,,38cdaa19bccfa82578a2593c01c6182c,
RA,aom,av2,0,B2,Debugging_1920x1080_30fps_8bit_420.y4m,1920x1080,30.00,8,1920x1080,110,386.942769,57.783934,54.720250,55.732479,39.967659,46.074956,97.400819,96.814762,61.055834,57.892471,57.688573,54.672587,55.692194,0.032504,,,,,,,2427eff1628215f0d69ce4ee2776c4c1,
RA,aom,av2,0,B2,Debugging_1920x1080_30fps_8bit_420.y4m,1920x1080,30.00,8,1920x1080,135,263.438769,52.190988,51.189303,51.766997,34.365222,40.286901,96.981448,96.066100,57.362311,54.017041,52.129017,51.146778,51.734721,0.114469,,,,,,,75ab0a43654b772df1894eb43cc05abc,
RA,aom,av2,0,B2,Debugging_1920x1080_30fps_8bit_420.y4m,1920x1080,30.00,8,1920x1080,160,177.092308,46.399847,47.683782,47.764020,28.255711,33.897301,96.028815,94.514391,51.904333,50.144258,46.348048,47.636553,47.721297,0.415249,,,,,,,08225e0126eb2430ad7a961c9b5467c6,
RA,aom,av2,0,B2,Debugging_1920x1080_30fps_8bit_420.y4m,1920x1080,30.00,8,1920x1080,185,122.407385,40.777152,44.532771,43.912920,22.776501,27.466195,93.154371,90.558983,44.650624,45.599258,40.729008,44.482657,43.864335,1.468062,,,,,,,a803cbf52fdd4c58a9a48b4e60435754,
RA,aom,av2,0,B2,Debugging_1920x1080_30fps_8bit_420.y4m,1920x1080,30.00,8,1920x1080,210,84.132923,35.385068,40.774776,39.301944,17.383804,20.937929,84.510510,81.177685,36.704222,40.055106,35.359017,40.742530,39.275262,5.109420,,,,,,,95dd6082274dbef1733c4a959701a0e0,
RA,aom,av2,0,B2,Debugging_1920x1080_30fps_8bit_420.y4m,1920x1080,30.00,8,1920x1080,235,48.865846,29.806560,36.662318,34.542188,11.735996,13.790259,63.182292,60.125650,28.805660,35.391632,29.768591,36.637797,34.517934,6.159941,,,,,,,58cff39452922d6c4a6cd5c91ece88ad,
RA,aom,av2,0,B2,MissionControlClip1_1920x1080_60fps_10bit_420_0450_0579.y4m,1920x1080,60.00,10,1920x1080,110,4283.040000,48.997738,52.351839,53.054795,23.115827,30.311940,97.090940,96.349404,52.993266,49.739288,48.539158,51.969613,52.788075,0.488984,,,,,,,3ed9c8cf8b84c3d032030ae5cdde50c9,
RA,aom,av2,0,B2,MissionControlClip1_1920x1080_60fps_10bit_420_0450_0579.y4m,1920x1080,60.00,10,1920x1080,135,2308.925538,44.834078,48.413351,49.446049,19.908661,26.397672,96.206468,95.074236,47.842390,46.376955,44.360211,48.154555,49.289451,0.440468,,,,,,,14c8a11b8a3d3f8b86bd2d9f0a3b9cfa,
RA,aom,av2,0,B2,MissionControlClip1_1920x1080_60fps_10bit_420_0450_0579.y4m,1920x1080,60.00,10,1920x1080,160,1139.357538,40.414534,44.675417,46.284092,16.609058,22.448757,93.786661,92.184440,42.675727,42.871317,40.006412,44.520679,46.183005,0.538050,,,,,,,5994468fdbc8b4f2a61c55beebedac8f,
RA,aom,av2,0,B2,MissionControlClip1_1920x1080_60fps_10bit_420_0450_0579.y4m,1920x1080,60.00,10,1920x1080,185,570.468923,36.248057,41.786659,43.371290,14.193713,19.314195,88.605369,86.277032,37.994390,39.701215,36.042321,41.672508,43.307011,0.925197,,,,,,,4b39eb9c2217c488be1421ef7475ffc5,
RA,aom,av2,0,B2,MissionControlClip1_1920x1080_60fps_10bit_420_0450_0579.y4m,1920x1080,60.00,10,1920x1080,210,282.561231,32.119995,38.913331,40.430127,12.101438,16.520764,78.433306,75.401280,33.099256,36.401529,32.063090,38.858539,40.402172,0.942818,,,,,,,24bca7a481e29fb2039ebf192e94fe69,
RA,aom,av2,0,B2,MissionControlClip1_1920x1080_60fps_10bit_420_0450_0579.y4m,1920x1080,60.00,10,1920x1080,235,135.504000,27.892571,35.579461,37.109815,9.740581,13.433306,60.807667,57.248732,27.664708,32.640754,27.862384,35.555553,37.076357,0.654137,,,,,,,831e1e012e7149daa0fb46c72919467e,
RA,aom,av2,0,B2,MobileDeviceScreenSharing.y4m,1078x2220,15.00,8,1078x2220,110,91.814769,60.805843,64.286253,66.500026,49.228218,56.399581,99.323394,99.256040,67.705434,75.150069,60.792944,62.626968,65.548235,0.002297,,,,,,,42f0c842e4fdfab63ff5a6ed1297fe80,
RA,aom,av2,0,B2,MobileDeviceScreenSharing.y4m,1078x2220,15.00,8,1078x2220,135,69.714462,54.566432,60.182645,62.701454,42.901429,49.852639,99.303755,99.172190,63.329120,68.543004,54.551133,58.780840,61.625577,0.004676,,,,,,,62a7e00259dff213dee194bd6b6fa986,
RA,aom,av2,0,B2,MobileDeviceScreenSharing.y4m,1078x2220,15.00,8,1078x2220,160,52.556308,48.274097,57.522682,60.082086,36.614247,43.163737,99.187509,98.945002,57.620803,62.163952,48.259975,56.468589,59.199017,0.005529,,,,,,,5bf9d369f1f7a3908fa1df1ec6462f13,
RA,aom,av2,0,B2,MobileDeviceScreenSharing.y4m,1078x2220,15.00,8,1078x2220,185,40.281231,42.515086,54.701428,57.197792,30.491335,36.313063,98.816492,98.417682,51.188273,56.690127,42.503181,53.936220,56.549541,0.003565,,,,,,,5abcbbbb8b0da0ea680da9f12b6e07a5,
RA,aom,av2,0,B2,MobileDeviceScreenSharing.y4m,1078x2220,15.00,8,1078x2220,210,29.390769,37.212469,50.689497,51.607056,24.920130,29.373950,97.881793,97.235377,42.594006,46.352478,37.187515,50.188155,51.468834,0.004093,,,,,,,40fd41424a015373c73e7b34a1dfc01d,
RA,aom,av2,0,B2,MobileDeviceScreenSharing.y4m,1078x2220,15.00,8,1078x2220,235,21.480000,32.354160,45.481389,48.189882,19.853489,22.729149,94.376522,92.249299,34.521954,41.477029,32.333807,44.565996,47.356939,0.002064,,,,,,,ce8bfa3dec05b458ef87068914aa09dd,
RA,aom,av2,0,B2,SceneComposition_2.y4m,1920x1080,15.00,8,1920x1080,110,227.009538,54.884861,59.519872,58.725852,31.210096,38.544007,97.349198,96.710385,57.876096,64.771119,54.792268,59.409888,58.437982,0.127826,,,,,,,7aac8a5919ca09dca9ac01813ec410a2,
RA,aom,av2,0,B2,SceneComposition_2.y4m,1920x1080,15.00,8,1920x1080,135,128.011385,50.988617,56.628395,55.613419,28.984970,35.630289,96.957577,95.885595,54.239308,60.153275,50.947576,56.487750,55.227046,0.135700,,,,,,,2bc17dcc83249e98bcc14c953b7741e7,
RA,aom,av2,0,B2,SceneComposition_2.y4m,1920x1080,15.00,8,1920x1080,160,76.577538,46.342210,53.032699,52.265828,26.036170,31.781734,95.798198,94.178536,49.469117,55.187414,46.323862,52.905936,51.961196,0.122640,,,,,,,0c500538a41438bef2fb6591fb3bafa3,
RA,aom,av2,0,B2,SceneComposition_2.y4m,1920x1080,15.00,8,1920x1080,185,47.333538,41.187015,48.762561,48.152428,22.533045,27.356977,92.679685,90.241048,44.114686,49.287514,41.180399,48.704606,47.978399,0.094471,,,,,,,edfff3b8938f3f3d3b1ee769637aaa6c,
RA,aom,av2,0,B2,SceneComposition_2.y4m,1920x1080,15.00,8,1920x1080,210,29.427692,36.091252,44.286169,44.315419,18.339473,22.559849,84.682770,81.737071,37.909721,43.352629,36.087518,44.266591,44.197414,0.070786,,,,,,,4b9e5bbb1c7ce8e925130bf0ade23123,
RA,aom,av2,0,B2,SceneComposition_2.y4m,1920x1080,15.00,8,1920x1080,235,18.071077,30.680083,40.062194,39.791089,14.034719,16.823140,67.254453,63.221035,31.181048,37.742931,30.677222,40.056671,39.765927,0.078003,,,,,,,9b763bec2b5648ad232d2cf7623b50fa,
RA,aom,av2,0,B2,Slides1_1920x1080_30fps_8bit_420.y4m,1920x1080,30.00,8,1920x1080,110,781.427077,56.216171,57.453227,57.315959,38.234735,43.458204,98.343814,97.659657,59.470627,66.094634,55.763397,54.961856,55.531215,0.003942,,,,,,,84a27d60b2ddbd3907414216bdeb02c6,
RA,aom,av2,0,B2,Slides1_1920x1080_30fps_8bit_420.y4m,1920x1080,30.00,8,1920x1080,135,463.323692,51.937421,54.273460,54.050374,34.255956,39.067161,97.926332,96.858302,55.289910,61.436518,51.375947,51.367090,52.041029,0.009571,,,,,,,12965b5c7535b510e2cb632a3d308b48,
RA,aom,av2,0,B2,Slides1_1920x1080_30fps_8bit_420.y4m,1920x1080,30.00,8,1920x1080,160,265.715077,47.030230,50.366853,50.105853,29.661348,34.029121,96.525680,94.978613,50.183426,56.269206,46.293477,47.466039,48.294094,0.018527,,,,,,,0c8c91e671cadbd5052cf1534e7b4a38,
RA,aom,av2,0,B2,Slides1_1920x1080_30fps_8bit_420.y4m,1920x1080,30.00,8,1920x1080,185,154.918154,42.127663,47.289177,46.349252,25.058052,28.712495,93.156672,90.927859,44.223309,51.043911,41.207891,43.520389,44.374896,0.028692,,,,,,,95c05e390cd94acbd092fc6ca31bc82c,
RA,aom,av2,0,B2,Slides1_1920x1080_30fps_8bit_420.y4m,1920x1080,30.00,8,1920x1080,210,89.455385,37.185147,44.071574,43.071355,20.351244,23.027720,85.128243,81.989664,37.572971,46.482961,36.005891,39.519218,40.634777,0.011177,,,,,,,eebbdb36bc8aa3e1ef21f182ad217026,
RA,aom,av2,0,B2,Slides1_1920x1080_30fps_8bit_420.y4m,1920x1080,30.00,8,1920x1080,235,53.665846,32.609119,40.399173,39.984664,15.976901,17.566488,69.405315,65.293108,31.310777,41.183260,31.133127,35.335374,36.898717,0.026555,,,,,,,2ec9ad0dff2b1ee9fce038efbef268fc,
RA,aom,av2,0,B2,Slides2r_1920x1080_30fps_8bit_420.y4m,1920x1080,30.00,8,1920x1080,110,1482.288000,54.174390,57.037550,57.067304,31.719542,37.937411,98.264863,97.806596,57.468615,64.401371,51.288961,52.170739,52.559368,0.001014,,,,,,,7bc442af224ecad42615234e5c4b4e7d,
RA,aom,av2,0,B2,Slides2r_1920x1080_30fps_8bit_420.y4m,1920x1080,30.00,8,1920x1080,135,810.627692,49.915729,52.923649,53.026729,28.273378,33.777206,97.702885,96.966916,52.889292,59.995967,47.432829,48.431734,48.888534,0.001729,,,,,,,6ff65fa5648ab82d090eebc2ed42de6d,
RA,aom,av2,0,B2,Slides2r_1920x1080_30fps_8bit_420.y4m,1920x1080,30.00,8,1920x1080,160,432.679385,45.337684,48.753374,49.009567,24.751438,29.488897,96.069036,94.849680,47.615052,54.984770,43.156244,44.467813,45.034718,0.004426,,,,,,,14e4baec25eb7d563256665a6f1e12c1,
RA,aom,av2,0,B2,Slides2r_1920x1080_30fps_8bit_420.y4m,1920x1080,30.00,8,1920x1080,185,239.743385,40.937946,45.583125,45.885311,21.449661,25.238573,92.043868,90.353024,42.374995,50.744036,38.942435,41.136030,41.597046,0.016669,,,,,,,195feed6ff8acb6835aceb9ee8a4b7bd,
RA,aom,av2,0,B2,Slides2r_1920x1080_30fps_8bit_420.y4m,1920x1080,30.00,8,1920x1080,210,128.121231,36.096507,43.295781,43.367441,17.964939,20.856243,83.079092,80.867028,36.610451,45.838491,34.325118,38.083754,38.364409,0.025490,,,,,,,c1ea3df54018b58fd015d23876a929bd,
RA,aom,av2,0,B2,Slides2r_1920x1080_30fps_8bit_420.y4m,1920x1080,30.00,8,1920x1080,235,67.576615,31.213779,40.882956,40.618850,14.342991,16.246758,68.774064,65.752179,30.503312,40.788852,29.476975,35.295592,35.012256,0.020433,,,,,,,2c55de0381ea1657b32690d5d759b0f2,
RA,aom,av2,0,B2,Spreadsheet_1920x1080_30fps_8bit_420_130f.y4m,1920x1080,30.00,8,1920x1080,110,1000.187077,52.292879,56.255513,56.066159,35.556826,42.357674,97.400429,96.642940,58.366161,59.366384,52.150855,56.049486,55.830604,0.054957,,,,,,,396a20a2b7c1c81a5eefe96c7e161bc3,
RA,aom,av2,0,B2,Spreadsheet_1920x1080_30fps_8bit_420_130f.y4m,1920x1080,30.00,8,1920x1080,135,558.648000,47.873229,53.122609,52.778965,31.097439,37.765061,96.927553,95.757846,54.359790,54.852663,47.761930,52.921036,52.603051,0.051516,,,,,,,f816ffc0246ef4f1e3454d36411eb1ba,
RA,aom,av2,0,B2,Spreadsheet_1920x1080_30fps_8bit_420_130f.y4m,1920x1080,30.00,8,1920x1080,160,310.739077,43.262362,49.427510,49.536215,26.719494,32.773006,95.744631,94.044423,49.353612,50.061165,43.167734,49.232414,49.409159,0.061683,,,,,,,8a0ab2760f8fe3898ab9d0f868b67961,
RA,aom,av2,0,B2,Spreadsheet_1920x1080_30fps_8bit_420_130f.y4m,1920x1080,30.00,8,1920x1080,185,184.750154,38.596815,45.632293,45.846752,21.788863,27.154306,92.607073,90.259499,43.007389,45.045297,38.541185,45.494882,45.757209,0.053438,,,,,,,d3cb3e01ce42ec434d3c60c894bd8645,
RA,aom,av2,0,B2,Spreadsheet_1920x1080_30fps_8bit_420_130f.y4m,1920x1080,30.00,8,1920x1080,210,117.795692,33.915126,41.631219,42.761328,16.364116,21.262296,85.662478,82.466731,36.007865,39.897904,33.872440,41.542108,42.724618,0.050124,,,,,,,2a87014cac174cb6cd9895a86334c3b7,
RA,aom,av2,0,B2,Spreadsheet_1920x1080_30fps_8bit_420_130f.y4m,1920x1080,30.00,8,1920x1080,235,76.135385,29.035398,37.314860,38.206476,11.385410,15.258609,68.927455,65.198778,28.814201,34.766249,28.993808,37.262519,38.187743,0.067829,,,,,,,92ab280950b0d4645a6e49e5fe0d452e,
RA,aom,av2,0,B2,Wikipedia_1920x1080p30.y4m,1920x1080,30.00,8,1920x1080,110,470.808000,51.541881,54.292494,55.177137,22.903792,30.654686,98.656173,98.358897,50.379585,55.884583,51.537647,54.043482,55.042124,0.157485,,,,,,,c74d588c56821128e308da91b7273164,
RA,aom,av2,0,B2,Wikipedia_1920x1080p30.y4m,1920x1080,30.00,8,1920x1080,135,279.803077,48.974799,52.026214,53.114247,21.732854,28.869027,98.538157,98.018699,48.781195,53.201164,48.965827,51.580643,52.837735,0.918739,,,,,,,9c59eb5a469f2c62f218bbf672386b78,
RA,aom,av2,0,B2,Wikipedia_1920x1080p30.y4m,1920x1080,30.00,8,1920x1080,160,194.383385,45.487858,49.069237,50.434076,20.986145,27.583105,97.998426,97.136325,47.039550,50.059651,45.468799,48.634850,50.093608,0.890626,,,,,,,373173a6e07e7a6250c6d80663bccf9e,
RA,aom,av2,0,B2,Wikipedia_1920x1080p30.y4m,1920x1080,30.00,8,1920x1080,185,138.812308,40.870183,46.182191,47.292865,19.508303,25.175153,96.346467,95.019038,43.607951,46.308457,40.840478,45.847287,47.026452,0.876065,,,,,,,e7b84b63296aaa37414f1f582f0edc9a,
RA,aom,av2,0,B2,Wikipedia_1920x1080p30.y4m,1920x1080,30.00,8,1920x1080,210,100.907077,35.796458,42.579057,43.747695,17.408124,21.614118,91.558995,87.989421,38.396486,41.348203,35.722533,42.385489,43.553703,0.910449,,,,,,,4bc5a08afd010dd2d7472e057a4ccc75,
RA,aom,av2,0,B2,Wikipedia_1920x1080p30.y4m,1920x1080,30.00,8,1920x1080,235,70.039385,30.368971,38.610517,40.770223,14.411938,17.313643,73.794887,69.812642,31.600325,37.289454,30.280677,38.525708,40.659050,0.893587,,,,,,,d486a7886276bf9f176568dad726c08a,
RA,aom,av2,0,G1,MeridianRoad_3840x2160_5994_hdr10.y4m,3840x2160,60.00,10,3840x2160,110,14649.074003,42.654256,45.950370,54.876488,13.468820,19.178678,88.900874,86.995239,42.679821,40.490980,42.610725,45.946435,54.875661,0.090451,,,,,,,024f8fd745b046da84ced9c1ac52dc19,
RA,aom,av2,0,G1,MeridianRoad_3840x2160_5994_hdr10.y4m,3840x2160,60.00,10,3840x2160,135,3888.479520,41.829398,45.695296,54.434059,12.966108,17.913757,84.338748,82.225282,40.812522,40.030821,41.823352,45.694978,54.432585,0.127916,,,,,,,24b37f09b6e10fe78b242406feccd8d4,
RA,aom,av2,0,G1,MeridianRoad_3840x2160_5994_hdr10.y4m,3840x2160,60.00,10,3840x2160,160,1424.127872,40.605630,45.332671,53.562064,12.316209,16.161397,75.934560,73.751330,38.455484,39.365353,40.598928,45.332063,53.559787,0.418647,,,,,,,d37accecaff17ddbcc381f72affa307d,
RA,aom,av2,0,G1,MeridianRoad_3840x2160_5994_hdr10.y4m,3840x2160,60.00,10,3840x2160,185,529.032813,38.894327,44.813856,52.481604,11.497189,13.991018,61.369013,59.545925,35.829118,38.386377,38.886605,44.812899,52.479228,0.733081,,,,,,,470c777692c8f8bd51bbde388b13808c,
RA,aom,av2,0,G1,MeridianRoad_3840x2160_5994_hdr10.y4m,3840x2160,60.00,10,3840x2160,210,188.289249,36.977865,44.009234,50.933059,10.745973,11.867125,42.633126,41.554309,33.406133,37.171315,36.971044,44.008948,50.929021,0.983190,,,,,,,739001a0deae807683597c25184f6aa7,
RA,aom,av2,0,G1,MeridianRoad_3840x2160_5994_hdr10.y4m,3840x2160,60.00,10,3840x2160,235,65.579959,34.971404,42.989977,49.588066,10.184754,9.986421,25.708633,25.233592,31.229952,35.812676,34.963917,42.988954,49.582729,1.301218,,,,,,,c78e936cf3a8c93452d49d63bb8eb66f,
RA,aom,av2,0,G1,NocturneDance_3840x2160_60fps_hdr10.y4m,3840x2160,60.00,10,3840x2160,110,25722.151385,48.096031,48.404520,56.706871,21.097162,23.013011,92.521416,90.410913,44.943454,47.081908,48.032192,48.367119,56.695843,1.177222,,,,,,,8c0ebbec04ffaff661202333c9c8365f,
RA,aom,av2,0,G1,NocturneDance_3840x2160_60fps_hdr10.y4m,3840x2160,60.00,10,3840x2160,135,12122.665846,44.982317,47.170727,55.671337,18.568260,19.952987,84.817567,82.352484,41.345262,45.340668,44.914490,47.148860,55.664660,1.292730,,,,,,,bb37039f76165aeab973858e8fb35ff0,
RA,aom,av2,0,G1,NocturneDance_3840x2160_60fps_hdr10.y4m,3840x2160,60.00,10,3840x2160,160,5168.200615,41.414851,45.780761,54.526513,15.753698,16.382217,69.271663,66.832506,37.327679,43.210771,41.326663,45.759449,54.521746,1.304899,,,,,,,9f95bfcdd90483159414d51213f45e36,
RA,aom,av2,0,G1,NocturneDance_3840x2160_60fps_hdr10.y4m,3840x2160,60.00,10,3840x2160,185,1873.222154,37.911593,44.200725,53.026933,13.267822,12.839767,45.787480,44.159696,33.547363,40.844236,37.816017,44.180937,53.023682,1.436447,,,,,,,3783ca480e105f968c69ce5fe225c319,
RA,aom,av2,0,G1,NocturneDance_3840x2160_60fps_hdr10.y4m,3840x2160,60.00,10,3840x2160,210,481.739077,35.015429,42.651238,50.887167,11.663849,10.001952,22.422243,21.733327,30.603673,38.565664,34.947507,42.636648,50.878646,1.808364,,,,,,,466e4a89d9d5e1286ec5ba7697fd1bed,
RA,aom,av2,0,G1,NocturneDance_3840x2160_60fps_hdr10.y4m,3840x2160,60.00,10,3840x2160,235,100.386462,33.464767,41.411294,48.786591,11.107922,8.740554,9.613243,9.360756,29.142173,37.011670,33.448355,41.401255,48.779598,2.062637,,,,,,,1e436fe0fb4f36bf1be3ad7a821d6f9a,
RA,aom,av2,0,G1,NocturneRoom_3840x2160_60fps_hdr10.y4m,3840x2160,60.00,10,3840x2160,110,43741.783385,44.304857,45.195606,50.616166,15.731042,20.228795,88.265602,86.960505,43.067445,45.620298,44.139078,45.126222,50.474401,2.372730,,,,,,,71f60bf86d4d67a446b0dc636498f029,
RA,aom,av2,0,G1,NocturneRoom_3840x2160_60fps_hdr10.y4m,3840x2160,60.00,10,3840x2160,135,10851.943385,41.571556,44.068481,50.109335,13.329629,16.748154,77.932111,76.639889,39.037165,44.184697,41.417755,44.030724,49.971586,2.218284,,,,,,,8f4ac7987589abd906bec7c47e43c4ec,
RA,aom,av2,0,G1,NocturneRoom_3840x2160_60fps_hdr10.y4m,3840x2160,60.00,10,3840x2160,160,1260.649846,39.993524,43.503491,49.791234,12.237842,14.596525,66.490835,65.320843,36.758983,43.233631,39.857250,43.473816,49.643198,3.002733,,,,,,,ffa2503d8fd33eb30e1633d4783fabd5,
RA,aom,av2,0,G1,NocturneRoom_3840x2160_60fps_hdr10.y4m,3840x2160,60.00,10,3840x2160,185,223.942154,39.583564,43.132115,49.325690,12.078645,14.180458,61.572912,60.264246,36.219964,42.788626,39.457976,43.098286,49.177228,3.145677,,,,,,,9be44465bd59dc5b0e6572aad3a1b26b,
RA,aom,av2,0,G1,NocturneRoom_3840x2160_60fps_hdr10.y4m,3840x2160,60.00,10,3840x2160,210,71.073231,39.072165,42.536293,48.438017,11.952479,13.790930,54.803613,53.541263,35.586520,41.936549,38.929472,42.500551,48.320942,3.446462,,,,,,,336e82d31990d2fc93176e01ec1a3b76,
RA,aom,av2,0,G1,NocturneRoom_3840x2160_60fps_hdr10.y4m,3840x2160,60.00,10,3840x2160,235,33.249231,38.111434,41.648932,47.343184,11.770483,13.149615,43.196834,42.179864,34.490258,40.785301,37.942939,41.608842,47.204594,3.408171,,,,,,,154634cd9b3faa609ebcea0a467ad776,
RA,aom,av2,0,G1,SparksWelding_4096x2160_5994_hdr10.y4m,4096x2160,60.00,10,4096x2160,110,89729.734881,41.965706,45.933045,45.083782,14.318094,19.626928,98.629477,97.377357,42.182090,41.532106,41.872732,45.845034,45.010932,0.022631,,,,,,,986788fab6d720b0c88ecce4a9a8b4a5,
RA,aom,av2,0,G1,SparksWelding_4096x2160_5994_hdr10.y4m,4096x2160,60.00,10,4096x2160,135,36645.191117,39.637808,44.763505,44.012834,12.794010,16.831128,92.305074,90.218033,38.346825,39.935103,39.552486,44.708836,43.979318,0.079277,,,,,,,efcffb8d9e1f366786ffce14dadc87c3,
RA,aom,av2,0,G1,SparksWelding_4096x2160_5994_hdr10.y4m,4096x2160,60.00,10,4096x2160,160,15925.432106,37.133888,43.595557,43.273453,11.367228,14.722425,78.483621,76.136061,34.902095,38.277957,37.003308,43.548515,43.245851,0.593410,,,,,,,6a2f5872cd5f4e63471a89db15222cbb,
RA,aom,av2,0,G1,SparksWelding_4096x2160_5994_hdr10.y4m,4096x2160,60.00,10,4096x2160,185,6782.876201,34.328162,42.129735,42.334642,9.854505,12.314665,58.326003,56.074950,31.249338,36.381844,34.122145,42.079848,42.301622,0.842915,,,,,,,3d39e4dcb97e3e5b0563093619fc1f27,
RA,aom,av2,0,G1,SparksWelding_4096x2160_5994_hdr10.y4m,4096x2160,60.00,10,4096x2160,210,2553.284254,31.440542,40.618496,41.307073,8.510919,9.740460,34.816972,33.120802,27.770589,34.381946,31.161318,40.563947,41.266599,1.264690,,,,,,,aea138ef3ebb50cfbdc70bdfa51081c6,
RA,aom,av2,0,G1,SparksWelding_4096x2160_5994_hdr10.y4m,4096x2160,60.00,10,4096x2160,235,679.960040,28.740350,38.921963,40.092512,7.548535,7.380734,9.769626,9.048198,24.779548,32.270028,28.427054,38.851535,40.034909,1.213867,,,,,,,0f525a577b832a884453236201ca3672,
RA,aom,av2,0,G2,CosmosCaterpillar_2048x858p24_hdr10.y4m,2048x858,24.00,10,2048x858,110,1334.924308,44.985155,51.516579,52.181128,16.368491,24.176024,95.435792,93.708040,46.905719,46.559115,44.857827,51.431902,52.080648,0.046666,,,,,,,f7ebbdbbd5e7cbb817e84f286f28ef26,
RA,aom,av2,0,G2,CosmosCaterpillar_2048x858p24_hdr10.y4m,2048x858,24.00,10,2048x858,135,557.278523,43.807242,48.986864,49.431558,15.832183,22.481687,91.720699,89.614101,43.750825,44.928682,43.713117,48.891477,49.319135,0.055447,,,,,,,568a7daec964eaadcc65ddba956928b6,
RA,aom,av2,0,G2,CosmosCaterpillar_2048x858p24_hdr10.y4m,2048x858,24.00,10,2048x858,160,259.078892,41.928886,45.931935,46.202341,15.048726,20.069330,83.823455,81.401761,39.972361,42.641584,41.841459,45.837684,46.089894,0.083913,,,,,,,5031bdef51e495930976f1897dcabca9,
RA,aom,av2,0,G2,CosmosCaterpillar_2048x858p24_hdr10.y4m,2048x858,24.00,10,2048x858,185,123.788308,39.361834,42.787346,42.960610,13.977304,17.185858,70.298093,67.665013,36.108866,39.908694,39.260203,42.702538,42.867884,0.149199,,,,,,,f453ba27d0fba4b509b3650df55d04a1,
RA,aom,av2,0,G2,CosmosCaterpillar_2048x858p24_hdr10.y4m,2048x858,24.00,10,2048x858,210,57.605908,36.294465,39.930886,39.749218,12.669081,14.088762,50.776302,48.423021,32.350830,36.970537,36.184341,39.868005,39.677097,0.221387,,,,,,,4e331394f409a1bc9d23e563f9d17515,
RA,aom,av2,0,G2,CosmosCaterpillar_2048x858p24_hdr10.y4m,2048x858,24.00,10,2048x858,235,24.946708,33.020274,37.334749,36.566114,11.387142,11.175862,27.298607,25.871157,28.800898,33.983017,32.926533,37.286059,36.528303,0.381825,,,,,,,5aeda7c4c7f2b6a9e619afde12d4c32c,
RA,aom,av2,0,G2,CosmosTreeTrunk_2048x858p24_hdr10.y4m,2048x858,24.00,10,2048x858,110,12544.414523,40.671689,46.142076,49.610708,14.802248,22.610978,97.079125,95.276528,45.114800,43.223387,40.509903,46.037554,49.526256,0.665500,,,,,,,5336db5c7ccdf7c93414866d418ecd87,
RA,aom,av2,0,G2,CosmosTreeTrunk_2048x858p24_hdr10.y4m,2048x858,24.00,10,2048x858,135,4156.808862,37.074028,44.309233,48.030298,11.862284,18.794595,88.203416,86.064032,39.451942,40.600538,36.930237,44.214363,47.950898,0.648208,,,,,,,8583a943d764d42390714e3ae6b636c7,
RA,aom,av2,0,G2,CosmosTreeTrunk_2048x858p24_hdr10.y4m,2048x858,24.00,10,2048x858,160,1354.558523,34.440474,42.665897,46.457521,9.877232,15.357347,72.364923,70.209530,34.398402,38.174528,34.338660,42.563905,46.371891,0.690481,,,,,,,51efbecc1afcb80408c2c59b28e677b1,
RA,aom,av2,0,G2,CosmosTreeTrunk_2048x858p24_hdr10.y4m,2048x858,24.00,10,2048x858,185,413.182523,32.118512,41.207746,44.821087,8.171901,12.188168,50.736115,49.017531,30.331137,35.986204,32.031509,41.104733,44.740837,0.660005,,,,,,,1bb110f3fc5b9ca3b7ce5c2ddd3ce378,
RA,aom,av2,0,G2,CosmosTreeTrunk_2048x858p24_hdr10.y4m,2048x858,24.00,10,2048x858,210,116.846769,30.103924,39.683336,43.218138,6.808901,9.470346,28.433801,27.383422,27.222644,33.878785,30.016423,39.608079,43.160547,0.619354,,,,,,,34e4fc1019dcd96541ef9fc71e6aedfd,
RA,aom,av2,0,G2,CosmosTreeTrunk_2048x858p24_hdr10.y4m,2048x858,24.00,10,2048x858,235,30.176492,28.357339,37.954813,41.478429,5.864145,7.202852,11.025493,10.655190,24.863994,31.783469,28.272522,37.885984,41.415762,0.534563,,,,,,,ad2f5349541ca8762a1e7ab5ee1d8230,
RA,aom,av2,0,G2,MeridianShore_1920x1080_5994_hdr10.y4m,1920x1080,60.00,10,1920x1080,110,8453.001767,43.043776,51.219662,56.045543,15.305286,21.771781,92.600709,90.786354,45.108500,43.675524,42.996115,51.218238,56.043565,0.151410,,,,,,,f0a3cbfdbfe20acc0182fb27dda87401,
RA,aom,av2,0,G2,MeridianShore_1920x1080_5994_hdr10.y4m,1920x1080,60.00,10,1920x1080,135,3091.188196,40.666608,50.583996,55.215909,13.503214,19.341100,87.780393,85.730499,41.360577,42.344825,40.626252,50.582684,55.212480,0.198631,,,,,,,ac7d13b3800ea1d174a4c08d92d0c5af,
RA,aom,av2,0,G2,MeridianShore_1920x1080_5994_hdr10.y4m,1920x1080,60.00,10,1920x1080,160,1016.509644,38.163013,49.716664,54.110256,11.600402,16.492763,78.174076,76.051712,37.399275,40.740808,38.124684,49.714065,54.103568,0.392093,,,,,,,e4a0796e11b017f46965309c52ac84a0,
RA,aom,av2,0,G2,MeridianShore_1920x1080_5994_hdr10.y4m,1920x1080,60.00,10,1920x1080,185,317.542150,35.925184,48.530453,52.535855,10.019159,13.891327,63.160623,61.164049,34.075747,39.015712,35.901906,48.528620,52.532494,0.791183,,,,,,,57dfba53527afbe5f28d11914e899d38,
RA,aom,av2,0,G2,MeridianShore_1920x1080_5994_hdr10.y4m,1920x1080,60.00,10,1920x1080,210,95.229079,33.938791,47.183067,50.764358,8.837666,11.640495,43.710009,41.931217,31.240985,37.224343,33.926456,47.181754,50.742685,1.324301,,,,,,,dfc2c10504c1a290708dc3778d610b37,
RA,aom,av2,0,G2,MeridianShore_1920x1080_5994_hdr10.y4m,1920x1080,60.00,10,1920x1080,235,31.146699,32.081240,45.941052,47.871340,8.074587,9.764798,22.024160,20.859276,28.776736,35.475032,32.071675,45.939530,47.863287,1.525517,,,,,,,cf7c41ecf96a0eab70778fdd4e4401ba,
RA,aom,av2,0,G2,MeridianTalk_1920x1080_5994_hdr10.y4m,1920x1080,60.00,10,1920x1080,110,1918.148313,45.965751,52.832364,59.441243,16.838229,22.913980,94.683818,93.103953,46.327859,45.742363,45.954390,52.831715,59.439267,0.940826,,,,,,,c722cbe97b1178f44b1a7365a3e46c14,
RA,aom,av2,0,G2,MeridianTalk_1920x1080_5994_hdr10.y4m,1920x1080,60.00,10,1920x1080,135,659.418120,44.841688,52.244972,58.140212,16.191947,21.420924,92.139256,90.269028,44.169138,45.027681,44.834153,52.244082,58.137372,1.010119,,,,,,,963db73c5208ccd5e4e7a7dcac7095b2,
RA,aom,av2,0,G2,MeridianTalk_1920x1080_5994_hdr10.y4m,1920x1080,60.00,10,1920x1080,160,255.909014,43.153637,51.245133,56.362590,15.294573,19.392003,86.819639,84.593136,41.414387,43.890215,43.143400,51.243053,56.355747,1.053849,,,,,,,ef83022ce28c3bf1753f3dadc27c8cdf,
RA,aom,av2,0,G2,MeridianTalk_1920x1080_5994_hdr10.y4m,1920x1080,60.00,10,1920x1080,185,102.613694,41.099223,49.832912,54.243095,14.317336,17.137929,77.492811,74.915684,38.469638,42.352469,41.088084,49.829776,54.238493,1.089400,,,,,,,6879be7f58628fcc5e71143100ceb3cf,
RA,aom,av2,0,G2,MeridianTalk_1920x1080_5994_hdr10.y4m,1920x1080,60.00,10,1920x1080,210,44.783524,38.732050,48.216303,52.011747,13.404318,14.851091,63.174713,60.477475,35.501763,40.476038,38.723092,48.213500,52.005909,1.251568,,,,,,,47b6d2890bfe2da28303f85623c5765d,
RA,aom,av2,0,G2,MeridianTalk_1920x1080_5994_hdr10.y4m,1920x1080,60.00,10,1920x1080,235,20.763237,36.127092,47.108394,49.426124,12.532825,12.632696,47.040528,44.197974,32.548384,38.549190,36.115917,47.107328,49.133906,1.269745,,,,,,,bb82cb9b5d0a08366e1abfc1076f8c7b,
RA,aom,av2,0,G2,SolLevanteDragons_1920x1080p24_hdr10.y4m,1920x1080,24.00,10,1920x1080,110,3025.406031,45.729604,49.109021,51.835635,17.143590,21.958471,96.682271,95.365458,44.379974,46.892077,45.140867,48.946102,51.430032,0.192144,,,,,,,3e8ccd58ec9c02bdb65846fe4f50e23c,
RA,aom,av2,0,G2,SolLevanteDragons_1920x1080p24_hdr10.y4m,1920x1080,24.00,10,1920x1080,135,1342.565908,43.914485,47.358157,49.702604,16.267659,19.626552,87.139482,85.514617,41.331573,45.231344,43.325242,47.222172,49.302081,0.230721,,,,,,,6c9beb3ac379b74bac22c84dd2e492dd,
RA,aom,av2,0,G2,SolLevanteDragons_1920x1080p24_hdr10.y4m,1920x1080,24.00,10,1920x1080,160,574.526031,41.576021,45.016764,47.237766,15.470374,17.089072,68.545430,67.013691,38.138651,43.127435,41.005906,44.881921,46.867762,0.248687,,,,,,,a8b4d38181c9154487cbe1f570f8778a,
RA,aom,av2,0,G2,SolLevanteDragons_1920x1080p24_hdr10.y4m,1920x1080,24.00,10,1920x1080,185,240.639508,38.997434,42.504542,44.580887,14.808922,14.739184,44.205722,43.064502,35.143833,40.691888,38.482897,42.363665,44.272709,0.258107,,,,,,,f91d0dba0f0e1eda028acc4072ec3e26,
RA,aom,av2,0,G2,SolLevanteDragons_1920x1080p24_hdr10.y4m,1920x1080,24.00,10,1920x1080,210,103.101046,36.307657,39.853064,41.913270,14.240793,12.672710,26.696056,25.961973,32.335457,37.987300,35.900017,39.698574,41.664692,0.291262,,,,,,,d9cf9a406b98ade4c8f3c5907ee5b9c8,
RA,aom,av2,0,G2,SolLevanteDragons_1920x1080p24_hdr10.y4m,1920x1080,24.00,10,1920x1080,235,43.177846,33.398383,37.199901,39.199937,13.678736,10.770028,15.160559,14.767780,29.461234,35.058299,33.060699,37.015736,38.962172,0.352068,,,,,,,b178e63c0bfa6240fb8df7cc5d92e1a0,
RA,aom,av2,0,G2,SolLevanteFace_1920x1080p24_hdr10.y4m,1920x1080,24.00,10,1920x1080,110,6477.354831,45.605221,53.335078,53.720251,18.473140,22.851062,92.444739,90.341049,45.649642,47.716296,45.271298,52.390647,52.298536,0.056763,,,,,,,578d8a93f1d6e6bffb1b99466f344293,
RA,aom,av2,0,G2,SolLevanteFace_1920x1080p24_hdr10.y4m,1920x1080,24.00,10,1920x1080,135,2971.402338,41.968971,51.882157,52.073935,15.170143,18.877202,82.492341,80.164694,40.871275,45.109966,41.473754,50.401534,50.523927,0.061570,,,,,,,af7168acf81c48894c8985530b97867b,
RA,aom,av2,0,G2,SolLevanteFace_1920x1080p24_hdr10.y4m,1920x1080,24.00,10,1920x1080,160,1070.416246,38.323752,50.069593,50.104233,11.981888,14.762963,62.556795,60.636000,36.085101,42.163031,37.669024,47.697483,48.448942,0.058286,,,,,,,aa38a785d8302fb5a875c191f8aae803,
RA,aom,av2,0,G2,SolLevanteFace_1920x1080p24_hdr10.y4m,1920x1080,24.00,10,1920x1080,185,296.854154,35.483011,48.354333,48.134993,9.824861,11.480280,37.126903,36.081070,32.446828,39.606686,34.685254,45.040093,46.498474,0.059584,,,,,,,20ece4d75d933db7136ab5454781471c,
RA,aom,av2,0,G2,SolLevanteFace_1920x1080p24_hdr10.y4m,1920x1080,24.00,10,1920x1080,210,64.386462,33.652955,46.756243,46.540314,8.882479,9.468566,15.042230,14.743947,30.227668,37.741676,32.687812,42.995875,44.937621,0.067654,,,,,,,dc9163389c11c3151e6dfd1bb7511bb7,
RA,aom,av2,0,G2,SolLevanteFace_1920x1080p24_hdr10.y4m,1920x1080,24.00,10,1920x1080,235,13.850585,32.460759,44.508015,44.329229,8.668744,8.441493,3.264453,3.187332,28.927712,36.083143,31.439180,41.143415,43.012327,0.112754,,,,,,,f13162faf3dca5edb9a4cb30b49d937a,
RA,aom,av2,0,G2,SparksTruck_2048x1080_5994_hdr10.y4m,2048x1080,60.00,10,2048x1080,110,5237.348498,44.447477,50.600580,50.465850,17.001877,23.067815,94.308012,92.457555,46.084279,44.345704,44.404681,50.595612,50.459736,0.587152,,,,,,,c11a68de47103d2c3a2fa7cdef185b52,
RA,aom,av2,0,G2,SparksTruck_2048x1080_5994_hdr10.y4m,2048x1080,60.00,10,2048x1080,135,1832.598171,42.138142,49.984025,50.097196,15.062663,20.606489,91.081934,88.973512,42.938492,43.037703,42.119184,49.982612,50.095693,0.588354,,,,,,,201850d6ad6fbcbd89802e74590bf6fa,
RA,aom,av2,0,G2,SparksTruck_2048x1080_5994_hdr10.y4m,2048x1080,60.00,10,2048x1080,160,658.237762,39.454864,49.067992,49.535325,12.865793,17.909904,85.049566,82.580341,39.518098,41.282141,39.445350,49.066317,49.534691,0.570596,,,,,,,a55293cf7ca2cd2ef84d070909dbc3f4,
RA,aom,av2,0,G2,SparksTruck_2048x1080_5994_hdr10.y4m,2048x1080,60.00,10,2048x1080,185,237.808960,36.541197,47.865014,48.721775,10.477005,14.753358,73.321274,70.640110,35.412139,39.164265,36.536189,47.862639,48.720997,0.618784,,,,,,,3e456dd77b3ac9af8c503e66c1c0054c,
RA,aom,av2,0,G2,SparksTruck_2048x1080_5994_hdr10.y4m,2048x1080,60.00,10,2048x1080,210,82.366864,33.864757,46.307809,47.592288,8.631663,11.643661,51.488289,49.256880,31.500669,37.017759,33.861667,46.307106,47.591861,0.665962,,,,,,,161360c419a8a3a1fa750ac92ce9a265,
RA,aom,av2,0,G2,SparksTruck_2048x1080_5994_hdr10.y4m,2048x1080,60.00,10,2048x1080,235,30.405287,31.667864,44.112628,46.080991,7.614531,9.393217,26.604069,25.212421,28.482307,34.849824,31.664730,44.111385,46.068172,0.928325,,,,,,,5b3c470c092eb8680a5075b7dc39b671,
RA,aom,av2,0,E,Artistic_Concert_1920x1080_25fps.y4m,1920x1080,25.00,8,1920x1080,110,14085.980000,42.909268,51.949400,51.256887,16.362047,21.392251,99.962054,99.938546,42.110098,44.865476,42.756006,51.694840,51.083599,0.031971,,,,,,,157710afcda22d5e44105740204c5f3f,
RA,aom,av2,0,E,Artistic_Concert_1920x1080_25fps.y4m,1920x1080,25.00,8,1920x1080,135,6653.470769,38.997731,49.224413,48.341958,13.075773,16.639615,98.161788,96.805198,36.535278,41.090295,38.835860,48.923810,48.140974,0.184487,,,,,,,34acbd2aebe6a181474f63db4b472429,
RA,aom,av2,0,E,Artistic_Concert_1920x1080_25fps.y4m,1920x1080,25.00,8,1920x1080,160,2359.555385,35.133991,47.168632,46.118018,10.151586,12.207011,81.952806,80.009137,31.565138,37.741694,34.948049,46.813942,45.920078,1.333499,,,,,,,48f4f141ebf5824978a7a1cd81e2f2a8,
RA,aom,av2,0,E,Artistic_Concert_1920x1080_25fps.y4m,1920x1080,25.00,8,1920x1080,185,791.176923,32.541863,44.955885,43.830122,8.794929,10.062088,66.094562,64.261346,28.613342,35.510328,32.417364,44.523608,43.594872,2.894524,,,,,,,f808fc254da4293080fc5448bc812f78,
RA,aom,av2,0,E,Artistic_Concert_1920x1080_25fps.y4m,1920x1080,25.00,8,1920x1080,210,319.155385,30.433133,42.661550,41.193018,8.013142,8.884905,52.613442,50.931310,26.360055,33.625881,30.341181,42.089041,40.960301,3.386706,,,,,,,877812806563d097ecce515fba7c5422,
RA,aom,av2,0,E,Artistic_Concert_1920x1080_25fps.y4m,1920x1080,25.00,8,1920x1080,235,135.413846,27.914949,39.901746,38.308192,7.208415,7.509382,37.369117,36.193786,23.730434,31.357953,27.816014,39.192750,38.068716,3.385701,,,,,,,90e90ed83c23ff6b1ee3dbdab8b5f76d,
RA,aom,av2,0,E,Artistic_Intro_1920x1080_2997fps.y4m,1920x1080,30.00,8,1920x1080,110,10539.459925,42.845789,45.331165,46.878724,19.263636,25.692096,99.619069,98.993413,44.793106,43.851875,42.602857,44.980619,46.274999,0.309838,,,,,,,7101aa6074c3f4729e9a0685a9a40508,
RA,aom,av2,0,E,Artistic_Intro_1920x1080_2997fps.y4m,1920x1080,30.00,8,1920x1080,135,3807.754092,40.127540,42.899113,44.595326,17.054120,22.714951,98.016313,97.019683,40.672893,41.355104,39.858604,42.430142,43.704282,0.310383,,,,,,,37a0e198917ce497a80a83e851a76c85,
RA,aom,av2,0,E,Artistic_Intro_1920x1080_2997fps.y4m,1920x1080,30.00,8,1920x1080,160,1573.966956,37.778585,41.229242,43.111004,15.359289,20.313075,95.079678,93.844854,37.118163,39.539126,37.499180,40.857509,42.330020,0.318746,,,,,,,dfd5a978c6ee1682caa6f581c3819e88,
RA,aom,av2,0,E,Artistic_Intro_1920x1080_2997fps.y4m,1920x1080,30.00,8,1920x1080,185,751.198340,35.108146,39.545479,41.615685,13.455895,17.683761,89.794695,88.067662,33.351950,37.566129,34.786299,39.252324,40.952422,0.465260,,,,,,,e232df7da3f82e5ed3c4d583944cab5e,
RA,aom,av2,0,E,Artistic_Intro_1920x1080_2997fps.y4m,1920x1080,30.00,8,1920x1080,210,345.051871,31.755175,37.413087,39.503565,11.004043,14.381597,79.295828,76.422258,29.146732,35.007471,31.429155,37.168341,38.960251,0.526270,,,,,,,2ee0f6dc0c24727b663b12b2feb1d4f4,
RA,aom,av2,0,E,Artistic_Intro_1920x1080_2997fps.y4m,1920x1080,30.00,8,1920x1080,235,130.569738,28.108296,34.897431,36.891505,8.299148,10.790081,62.173161,59.681578,25.033442,32.041890,27.833654,34.667724,36.450207,0.554700,,,,,,,6d6d5f233b18307b3d009190d966e690,
RA,aom,av2,0,E,MixedCoding_NewsIntroAnchor_1280x720_2997fps.y4m,1280x720,30.00,8,1280x720,110,2276.643357,45.463889,46.765182,49.116933,20.325696,24.879520,97.592907,96.232311,44.672210,48.020387,45.296559,46.687643,49.043957,5.050378,,,,,,,5eee9dee46df46b71e10afb4d710da04,
RA,aom,av2,0,E,MixedCoding_NewsIntroAnchor_1280x720_2997fps.y4m,1280x720,30.00,8,1280x720,135,917.521863,42.771688,44.572267,47.026134,18.292588,21.958297,95.295718,93.303524,41.490071,45.346044,42.623569,44.523605,46.978665,4.822429,,,,,,,47b4be3d710c62ebd8daa1354eee69c6,
RA,aom,av2,0,E,MixedCoding_NewsIntroAnchor_1280x720_2997fps.y4m,1280x720,30.00,8,1280x720,160,384.335664,40.029381,42.259566,44.888085,16.224333,19.056964,90.160031,87.213157,38.113274,42.791613,39.913581,42.202975,44.848709,4.278847,,,,,,,f5cdad3263ba70bed4507cff9a859853,
RA,aom,av2,0,E,MixedCoding_NewsIntroAnchor_1280x720_2997fps.y4m,1280x720,30.00,8,1280x720,185,172.699301,37.067992,39.752441,42.565764,14.044865,16.077507,81.055648,77.202298,34.568166,40.066438,36.974619,39.664032,42.517857,3.880204,,,,,,,74fa0b5d58b3ab8428ff1d47804fe9b3,
RA,aom,av2,0,E,MixedCoding_NewsIntroAnchor_1280x720_2997fps.y4m,1280x720,30.00,8,1280x720,210,78.475371,34.082004,37.035996,39.934967,12.033230,13.349267,68.102980,63.641610,31.213000,37.121712,34.022172,36.912328,39.877532,3.602028,,,,,,,abf986dc7763230417b3f1df20192edc,
RA,aom,av2,0,E,MixedCoding_NewsIntroAnchor_1280x720_2997fps.y4m,1280x720,30.00,8,1280x720,235,36.200108,30.971641,34.062514,37.184540,10.020785,10.989135,54.872898,49.969633,27.920255,34.023448,30.909599,33.862512,37.104805,2.848548,,,,,,,f480250ca171ec61a2ebdb9e7c0b06f8,
RA,aom,av2,0,E,MixedCoding_NewsIntroOnly_1280x720_2997fps.y4m,1280x720,30.00,8,1280x720,110,7216.906786,42.393166,44.466360,45.079813,17.004470,23.581740,99.384731,98.902962,43.503641,45.397163,42.153679,44.280200,44.921244,2.956744,,,,,,,c34b2c2c6f94a97e12e7fbccfd0e9739,
RA,aom,av2,0,E,MixedCoding_NewsIntroOnly_1280x720_2997fps.y4m,1280x720,30.00,8,1280x720,135,2785.112119,39.012167,42.172017,43.011936,14.633605,20.406801,97.003690,95.273047,39.211145,42.640895,38.711631,41.979885,42.889563,2.680739,,,,,,,9f114bbc8cfea2d9be1685a231e21b19,
RA,aom,av2,0,E,MixedCoding_NewsIntroOnly_1280x720_2997fps.y4m,1280x720,30.00,8,1280x720,160,1121.852916,36.071300,40.121144,41.065400,12.585938,17.223846,87.386359,85.026571,34.878268,40.103995,35.775236,39.941675,40.975675,2.483540,,,,,,,298344509095d8a2e46833eb92dc82a0,
RA,aom,av2,0,E,MixedCoding_NewsIntroOnly_1280x720_2997fps.y4m,1280x720,30.00,8,1280x720,185,470.791362,33.086733,38.039414,38.965643,10.568106,13.995229,72.293013,69.782608,30.717458,37.466434,32.796869,37.850485,38.882154,2.320572,,,,,,,695b31aa5b8b3a9b449c0ed953003e45,
RA,aom,av2,0,E,MixedCoding_NewsIntroOnly_1280x720_2997fps.y4m,1280x720,30.00,8,1280x720,210,189.298087,29.976047,35.795993,36.571660,8.634172,10.845181,54.068058,51.804825,26.799714,34.581994,29.703229,35.605802,36.499652,1.996929,,,,,,,76e8b38134cc2037b05a330a8e9c0f93,
RA,aom,av2,0,E,MixedCoding_NewsIntroOnly_1280x720_2997fps.y4m,1280x720,30.00,8,1280x720,235,70.906324,27.001137,33.624624,34.224713,7.177380,8.185871,35.739715,34.155885,23.304400,31.744751,26.768577,33.439958,34.171273,1.482533,,,,,,,710c61ade737cb19d7325afaa7fbb43e,
RA,aom,av2,0,E,MountainBike_1920x1080_30fps_8bit.y4m,1920x1080,30.00,8,1920x1080,110,46555.746462,40.358253,44.733221,44.544886,17.111409,23.665286,99.876122,99.841850,42.868362,40.589933,39.983042,44.508470,44.362375,0.319483,,,,,,,20046feb4ab82cb2b8345b2d14af11a9,
RA,aom,av2,0,E,MountainBike_1920x1080_30fps_8bit.y4m,1920x1080,30.00,8,1920x1080,135,23597.761846,35.832016,42.055377,41.732427,13.571786,19.336038,99.756082,99.712987,37.217834,37.258205,35.383480,41.806141,41.545482,0.318933,,,,,,,0db3a2d622fd3b654a329e6d6fc8cfe8,
RA,aom,av2,0,E,MountainBike_1920x1080_30fps_8bit.y4m,1920x1080,30.00,8,1920x1080,160,10317.991385,31.547461,39.494383,38.980850,10.251724,15.090359,97.061498,95.622926,31.384979,33.957234,31.101788,39.244791,38.803618,0.316737,,,,,,,b2b9b3a633b42d4536d53577c756093d,
RA,aom,av2,0,E,MountainBike_1920x1080_30fps_8bit.y4m,1920x1080,30.00,8,1920x1080,185,4020.419077,27.813745,37.229318,36.512361,7.455034,11.192033,79.021524,77.017282,26.138980,30.930217,27.398431,36.992379,36.351170,0.377927,,,,,,,e1a2be29f20087600e854fd57b645c19,
RA,aom,av2,0,E,MountainBike_1920x1080_30fps_8bit.y4m,1920x1080,30.00,8,1920x1080,210,1358.918769,24.737975,35.101564,34.349249,5.376697,7.767026,59.599211,57.903097,21.878811,28.138225,24.401310,34.901790,34.227345,0.538437,,,,,,,22ceba614dceb55a1716dbbb88df3a6d,
RA,aom,av2,0,E,MountainBike_1920x1080_30fps_8bit.y4m,1920x1080,30.00,8,1920x1080,235,418.000615,22.378202,33.045060,32.389473,4.138702,5.169649,45.661013,44.482352,18.876974,25.697973,22.132308,32.887345,32.291981,0.878562,,,,,,,b50d3cd70832413db85f8bc9ffadf974,
RA,aom,av2,0,E,Noise_AnimationCrayon_1920x1080_2398fps.y4m,1920x1080,24.00,8,1920x1080,110,11645.601906,39.803292,41.722704,46.149385,11.535430,17.784741,95.816403,94.598872,40.522207,40.483463,39.574314,41.588811,46.111430,0.018600,,,,,,,11e183e236866d7d8fc5c96af5330321,
RA,aom,av2,0,E,Noise_AnimationCrayon_1920x1080_2398fps.y4m,1920x1080,24.00,8,1920x1080,135,1982.443895,37.280101,40.038434,45.514878,9.214791,14.137734,92.008235,90.551809,36.225618,38.580447,37.203062,39.991102,45.491149,0.017880,,,,,,,d1eee5469c7f8d3d4274515c28cd679c,
RA,aom,av2,0,E,Noise_AnimationCrayon_1920x1080_2398fps.y4m,1920x1080,24.00,8,1920x1080,160,598.268931,36.245367,39.403397,44.603884,8.749814,13.164924,86.443972,84.773050,34.633272,37.852531,36.205569,39.382026,44.555231,0.038297,,,,,,,7f2a92269ac6173c93327c0cf59dad7c,
RA,aom,av2,0,E,Noise_AnimationCrayon_1920x1080_2398fps.y4m,1920x1080,24.00,8,1920x1080,185,199.110182,35.187044,38.721411,43.458448,8.489498,12.560849,78.924187,77.030072,33.054869,37.174175,35.144041,38.695677,43.374250,0.158331,,,,,,,2d6dd9380b498492c876ac8729781591,
RA,aom,av2,0,E,Noise_AnimationCrayon_1920x1080_2398fps.y4m,1920x1080,24.00,8,1920x1080,210,85.664489,33.849096,37.891707,42.098352,8.294412,12.080273,70.044755,67.818533,31.167735,36.360913,33.792838,37.866744,42.007565,0.580551,,,,,,,b853f380759c36863cd4ac424b95fd46,
RA,aom,av2,0,E,Noise_AnimationCrayon_1920x1080_2398fps.y4m,1920x1080,24.00,8,1920x1080,235,41.206301,31.981117,36.728901,40.246652,8.055141,11.554816,59.251439,56.532513,28.713793,35.219050,31.892652,36.711533,40.176301,0.964169,,,,,,,3845476295d35c7a0cf3277c2f784a15,
RA,aom,av2,0,E,Noise_Animation_1280x720_2398fps.y4m,1280x720,24.00,8,1280x720,110,2486.121878,41.280779,51.276371,49.282098,12.420337,18.623630,97.473493,96.294405,41.118784,45.703401,40.643155,51.151146,49.035994,8.613944,,,,,,,351c073105bd58305dfdecc4b413938b,
RA,aom,av2,0,E,Noise_Animation_1280x720_2398fps.y4m,1280x720,24.00,8,1280x720,135,520.238408,39.770558,49.877302,47.410092,11.127626,17.160159,95.748517,94.014817,39.509488,44.138681,39.502916,49.833461,47.214148,9.780311,,,,,,,19b9e992b7bb727be665389db0b2a3e4,
RA,aom,av2,0,E,Noise_Animation_1280x720_2398fps.y4m,1280x720,24.00,8,1280x720,160,116.632660,39.245980,49.018483,45.742176,10.918503,16.745268,93.648049,91.607142,38.758350,43.522167,39.028503,48.979153,45.518918,8.664289,,,,,,,c1070562ab9bdb62f17cf3da24b26f74,
RA,aom,av2,0,E,Noise_Animation_1280x720_2398fps.y4m,1280x720,24.00,8,1280x720,185,60.716145,38.467797,47.690792,43.089857,10.743311,16.203268,89.198700,86.862669,37.434733,42.581355,38.272471,47.650207,42.743210,8.967502,,,,,,,3574dcf728e3c5b68f365d2b80acce67,
RA,aom,av2,0,E,Noise_Animation_1280x720_2398fps.y4m,1280x720,24.00,8,1280x720,210,32.543948,36.905565,45.607083,39.269436,10.326309,15.043987,80.074667,77.134878,34.791172,41.001418,36.728579,45.549162,38.862482,7.248939,,,,,,,5f4536f9ed4666836fd99d822966efcd,
RA,aom,av2,0,E,Noise_Animation_1280x720_2398fps.y4m,1280x720,24.00,8,1280x720,235,16.352386,34.537193,42.569131,35.809119,9.745956,13.329982,65.058445,61.649554,31.405980,38.834463,34.284184,42.424610,35.409324,6.072899,,,,,,,4595fd45ec05fb27862a79da646654be,
RA,aom,av2,0,E,Noise_Ocean_1920x1080_60fps.y4m,1920x1080,60.00,8,1920x1080,110,14000.529231,41.188994,57.411399,60.935032,12.229699,17.890055,75.760234,74.687692,41.236430,45.020875,40.867769,57.034865,60.544834,0.478575,,,,,,,ddbeb99de4f2ae9a578895a4f4432bdd,
RA,aom,av2,0,E,Noise_Ocean_1920x1080_60fps.y4m,1920x1080,60.00,8,1920x1080,135,2104.678154,38.260777,55.204594,58.996985,9.470029,13.756557,52.644042,51.842708,36.486821,42.001185,37.983837,55.073237,58.835148,1.722361,,,,,,,51170bd837f068bfdbb05c46ab8428cb,
RA,aom,av2,0,E,Noise_Ocean_1920x1080_60fps.y4m,1920x1080,60.00,8,1920x1080,160,309.323077,37.608339,54.073111,57.719672,8.941410,12.874253,42.055139,41.353262,35.443147,41.195010,37.452004,54.016835,57.627560,2.266796,,,,,,,305ac4a4e7f9c6f7d47e33ecbbfb3ae4,
RA,aom,av2,0,E,Noise_Ocean_1920x1080_60fps.y4m,1920x1080,60.00,8,1920x1080,185,43.668923,37.366463,52.795825,55.698768,8.839568,12.603729,35.915388,35.190847,35.064977,40.726843,37.234026,52.753884,55.587379,2.009142,,,,,,,48947f80d98be258e00e07ec5783e580,
RA,aom,av2,0,E,Noise_Ocean_1920x1080_60fps.y4m,1920x1080,60.00,8,1920x1080,210,21.441231,37.058983,50.892980,53.036973,8.815121,12.407359,29.985933,29.149560,34.649594,39.983353,36.948814,50.835944,52.935103,1.663804,,,,,,,cd20f3a71447126c14b6c4bcb0874cca,
RA,aom,av2,0,E,Noise_Ocean_1920x1080_60fps.y4m,1920x1080,60.00,8,1920x1080,235,11.885538,36.487979,47.615023,50.803176,8.787158,12.152695,26.537771,25.493303,33.924118,38.829408,36.404342,47.571129,50.654499,1.170005,,,,,,,55664002a627549e3a694bd2c75a4ab1,
RA,aom,av2,0,E,Noise_Soccer_1920x1080_50fps.y4m,1920x1080,50.00,8,1920x1080,110,143305.809231,36.856646,46.823587,48.246029,12.585895,18.787029,97.681094,96.475554,42.065157,39.537943,36.561710,46.759037,48.030555,0.057175,,,,,,,2700d72c99b02c1cd30ef0b0c7ade6f7,
RA,aom,av2,0,E,Noise_Soccer_1920x1080_50fps.y4m,1920x1080,50.00,8,1920x1080,135,40018.932308,30.856077,44.983224,43.948277,5.784604,12.542253,91.450759,89.984938,35.376751,33.737422,30.503021,44.947562,43.724168,0.117156,,,,,,,7b8a45f974ed435ad8d98e949e219e86,
RA,aom,av2,0,E,Noise_Soccer_1920x1080_50fps.y4m,1920x1080,50.00,8,1920x1080,160,6805.406154,28.512473,42.968212,40.765912,3.374728,10.116100,84.239614,82.447120,32.556220,31.362924,28.428884,42.948150,40.649148,0.984269,,,,,,,749b966e17a71a34fcdb8b1d218f680e,
RA,aom,av2,0,E,Noise_Soccer_1920x1080_50fps.y4m,1920x1080,50.00,8,1920x1080,185,1323.064615,27.608453,40.891469,38.247580,2.923216,9.289794,74.319325,72.352016,30.573718,30.589383,27.599048,40.878048,38.204612,5.719598,,,,,,,81c075a5bf6e483a87f766c1b99190a8,
RA,aom,av2,0,E,Noise_Soccer_1920x1080_50fps.y4m,1920x1080,50.00,8,1920x1080,210,344.129231,26.820569,38.758232,35.409199,2.760308,8.761569,61.473421,59.472567,28.461777,29.956257,26.816100,38.748854,35.367433,10.400122,,,,,,,bb213886fd39034c7b41edc464bf0e4d,
RA,aom,av2,0,E,Noise_Soccer_1920x1080_50fps.y4m,1920x1080,50.00,8,1920x1080,235,114.073846,25.690840,36.601643,32.877040,2.579532,8.084276,44.700881,42.909830,25.583307,29.150533,25.685823,36.597065,32.857266,8.838869,,,,,,,9eb84e4664de5ac90082aca87fb71d5d,
RA,aom,av2,0,E,Shaky_Baseball_3840x2160_5994fps.y4m,3840x2160,60.00,8,3840x2160,110,24878.654884,44.952975,47.243997,47.431755,16.862668,21.714481,99.808849,99.696503,42.481035,45.230743,44.669906,47.105989,47.308421,7.044508,,,,,,,e3f2af14759a709bc76575b76ba4daed,
RA,aom,av2,0,E,Shaky_Baseball_3840x2160_5994fps.y4m,3840x2160,60.00,8,3840x2160,135,8473.691232,43.598171,46.091795,46.291044,16.275445,20.661657,99.038974,98.392729,40.749298,44.043461,43.184157,45.963715,46.191646,7.679019,,,,,,,523f3a0d2ea8c73539cf833ff85740e7,
RA,aom,av2,0,E,Shaky_Baseball_3840x2160_5994fps.y4m,3840x2160,60.00,8,3840x2160,160,3340.409744,42.036676,44.765608,44.942182,15.699219,19.489932,94.837281,93.094828,38.690835,42.711760,41.386379,44.608152,44.826647,7.970148,,,,,,,3788c67547c60a7ee3b67194d308aa22,
RA,aom,av2,0,E,Shaky_Baseball_3840x2160_5994fps.y4m,3840x2160,60.00,8,3840x2160,185,1511.883808,40.060364,42.911902,42.981960,15.065544,18.043464,84.644015,82.735536,36.215830,40.997039,39.117740,42.691151,42.809954,8.258070,,,,,,,529b07412bb43f0c92ae32e36347bae7,
RA,aom,av2,0,E,Shaky_Baseball_3840x2160_5994fps.y4m,3840x2160,60.00,8,3840x2160,210,706.259894,37.470853,40.339403,40.335893,14.290506,16.291500,69.157973,67.374085,33.250180,38.723995,36.294076,40.055021,40.123492,7.909548,,,,,,,380ef34b9edfdbea561834b849c23c1f,
RA,aom,av2,0,E,Shaky_Baseball_3840x2160_5994fps.y4m,3840x2160,60.00,8,3840x2160,235,323.484515,34.309144,37.340985,37.202185,13.318194,14.076217,49.945000,48.396164,29.906023,35.958553,33.066075,37.078674,37.010363,7.623489,,,,,,,d5dd9b0c96136039b5cb31906bb73488,
RA,aom,av2,0,E,Shaky_Fireworks_3840x2160_2997fps.y4m,3840x2160,30.00,8,3840x2160,110,8108.226543,48.568119,52.907471,52.303281,20.962517,22.519597,87.637641,87.136447,43.595024,48.362338,48.454976,52.554590,51.959041,10.005807,,,,,,,8fd629945e42cf239d2f09ea84eba1a8,
RA,aom,av2,0,E,Shaky_Fireworks_3840x2160_2997fps.y4m,3840x2160,30.00,8,3840x2160,135,2893.631292,46.323462,51.172090,50.517930,19.955965,19.894046,78.252285,77.656801,41.358335,46.023491,46.218425,50.818457,50.213907,13.541140,,,,,,,acb5995b4a9d86030110433c2372aa12,
RA,aom,av2,0,E,Shaky_Fireworks_3840x2160_2997fps.y4m,3840x2160,30.00,8,3840x2160,160,1004.069776,44.396869,49.681927,48.993989,19.336570,18.105735,66.574068,65.929834,39.622148,44.267199,44.242432,49.147032,48.599590,15.252362,,,,,,,89dde24f6dba0931fe743ed8e59fa660,
RA,aom,av2,0,E,Shaky_Fireworks_3840x2160_2997fps.y4m,3840x2160,30.00,8,3840x2160,185,408.311688,42.691330,47.937915,47.474340,18.931392,16.968363,58.098684,57.391543,38.108598,42.605530,42.405529,47.090479,46.823135,15.838823,,,,,,,b8645f1d25e0da5948433185b44f1f36,
RA,aom,av2,0,E,Shaky_Fireworks_3840x2160_2997fps.y4m,3840x2160,30.00,8,3840x2160,210,177.599631,40.644969,46.153138,45.891494,18.497355,15.935213,49.924708,49.227720,36.297671,40.883271,40.135045,44.847431,44.811316,15.673523,,,,,,,e93796ecb8259584663cf6d40c4b5108,
RA,aom,av2,0,E,Shaky_Fireworks_3840x2160_2997fps.y4m,3840x2160,30.00,8,3840x2160,235,81.057404,38.201068,43.951553,44.210375,17.987876,14.889579,42.075789,41.420108,34.085953,38.798473,37.451938,42.319540,42.542069,15.386867,,,,,,,90db46b209d8f4c3c0852a56b11df23c,
RA,aom,av2,0,E,Shaky_Quad_1920x1080_30fps.y4m,1920x1080,30.00,8,1920x1080,110,29027.676923,41.732637,52.795040,52.469261,18.669542,24.473223,99.976224,99.970199,44.129008,44.555886,41.533189,52.691235,52.332240,0.395759,,,,,,,1f70e82752fe646fe893601a3fc5b509,
RA,aom,av2,0,E,Shaky_Quad_1920x1080_30fps.y4m,1920x1080,30.00,8,1920x1080,135,16940.361231,37.402657,50.069306,49.725625,15.340846,20.549704,99.968480,99.959798,38.969135,40.740868,37.148618,49.961664,49.582685,0.507227,,,,,,,f15b9379d113021cdc06ba365ea5e70c,
RA,aom,av2,0,E,Shaky_Quad_1920x1080_30fps.y4m,1920x1080,30.00,8,1920x1080,160,8144.259692,32.745218,47.693676,47.323772,11.795119,16.424430,95.852313,93.957501,32.807873,36.883722,32.464119,47.602203,47.187167,0.593698,,,,,,,9570aeb757f45abb2c779ef0849ea891,
RA,aom,av2,0,E,Shaky_Quad_1920x1080_30fps.y4m,1920x1080,30.00,8,1920x1080,185,3218.510769,28.842017,46.110884,45.460170,8.926254,12.679465,74.874398,72.876852,27.176174,33.628511,28.606450,46.053302,45.324921,0.714867,,,,,,,c5a89da84f70f0508a069b0a33c84ea2,
RA,aom,av2,0,E,Shaky_Quad_1920x1080_30fps.y4m,1920x1080,30.00,8,1920x1080,210,1141.332923,25.791527,44.486782,43.291918,6.882765,9.488700,53.219835,51.561079,22.845142,30.842600,25.638004,44.436770,43.153937,1.013471,,,,,,,ac1bc008f5fad31b7847dba3faf40a6a,
RA,aom,av2,0,E,Shaky_Quad_1920x1080_30fps.y4m,1920x1080,30.00,8,1920x1080,235,378.033231,23.271727,42.810573,40.995810,5.446687,6.886331,34.813329,33.855950,19.640132,28.260711,23.176126,42.771445,40.842882,0.899111,,,,,,,cf98d10dbcf9ef13f9a7c686c9013698,
RA,aom,av2,0,E,Shaky_Walk_1920x1080_25fps.y4m,1920x1080,25.00,8,1920x1080,110,20830.073846,41.577395,51.494400,51.841742,16.671839,22.684994,99.971729,99.962313,43.459311,43.898719,41.298109,51.352546,51.700491,0.631894,,,,,,,f56de68c1733b629c86f3c36822ee5e1,
RA,aom,av2,0,E,Shaky_Walk_1920x1080_25fps.y4m,1920x1080,25.00,8,1920x1080,135,9801.392308,37.136678,48.439972,48.761050,12.838170,17.935637,99.615715,98.901784,37.551303,39.826411,36.778889,48.278368,48.610464,0.649321,,,,,,,fd123a323878693c5a976d0c18f1141f,
RA,aom,av2,0,E,Shaky_Walk_1920x1080_25fps.y4m,1920x1080,25.00,8,1920x1080,160,3442.584615,33.221521,45.851343,46.326774,9.581989,13.572119,85.642020,83.579118,31.984951,36.326443,32.848044,45.690288,46.204667,0.615767,,,,,,,e17403569cd37a564c6cd49acecea9ab,
RA,aom,av2,0,E,Shaky_Walk_1920x1080_25fps.y4m,1920x1080,25.00,8,1920x1080,185,1151.989231,30.313025,43.931176,44.474686,7.446710,10.433963,66.451337,64.472503,27.940629,33.789547,29.994416,43.802156,44.392509,0.661293,,,,,,,8d1e411c7a7724fa2408938b9e00e2d2,
RA,aom,av2,0,E,Shaky_Walk_1920x1080_25fps.y4m,1920x1080,25.00,8,1920x1080,210,377.560000,27.963624,41.888014,42.560706,6.011928,7.957044,48.462715,46.947229,24.825892,31.660231,27.707045,41.774275,42.492857,0.883631,,,,,,,385794952d7b799ccabee6ef687d30fb,
RA,aom,av2,0,E,Shaky_Walk_1920x1080_25fps.y4m,1920x1080,25.00,8,1920x1080,235,121.016923,25.976739,39.544947,40.117476,5.190458,6.231302,33.460546,32.561723,22.390436,29.694240,25.767404,39.407723,40.054038,1.458433,,,,,,,5fcff89fa920a6909ca290a60a7b95d3,
RA,aom,av2,0,E,Vertical_Carnaby_1080x1920_5994.y4m,1080x1920,60.00,8,1080x1920,110,11513.655575,46.251042,48.562696,48.728922,20.130720,24.846258,99.347151,98.645042,43.918329,46.466414,46.024970,48.470752,48.647335,4.617128,,,,,,,1170acecc04f1fe199c29c9ab8984584,
RA,aom,av2,0,E,Vertical_Carnaby_1080x1920_5994.y4m,1080x1920,60.00,8,1080x1920,135,4986.330592,43.543423,46.143856,46.382972,18.520168,22.166530,95.722548,93.778942,40.473685,43.897621,43.253675,46.068705,46.311322,4.781338,,,,,,,8c1825dccdc11effca2146f50c1bb1df,
RA,aom,av2,0,E,Vertical_Carnaby_1080x1920_5994.y4m,1080x1920,60.00,8,1080x1920,160,2162.242680,40.685299,43.903382,44.157835,16.976709,19.709001,85.384012,82.939780,36.998556,41.588317,40.318873,43.828652,44.084136,4.781705,,,,,,,019a378a507fbec9ee147ddeea21dc7e,
RA,aom,av2,0,E,Vertical_Carnaby_1080x1920_5994.y4m,1080x1920,60.00,8,1080x1920,185,983.301007,37.647428,41.789940,41.865187,15.404228,17.253312,70.626564,67.981004,33.544626,39.277545,37.209065,41.716002,41.783429,4.809246,,,,,,,ed49ff948411629f1e2c326744e7184c,
RA,aom,av2,0,E,Vertical_Carnaby_1080x1920_5994.y4m,1080x1920,60.00,8,1080x1920,210,441.966649,34.344969,39.586575,39.452446,13.719729,14.555510,51.435299,48.857777,30.060440,36.745384,33.903122,39.515771,39.374563,4.217280,,,,,,,0f2451cff199d5dad717a54d3fcaf7a4,
RA,aom,av2,0,E,Vertical_Carnaby_1080x1920_5994.y4m,1080x1920,60.00,8,1080x1920,235,185.629755,30.886312,37.111631,36.844617,12.025964,11.737502,29.232319,27.511279,26.606679,33.811165,30.522629,37.047104,36.772672,3.266229,,,,,,,069136b5d8eb8f28a9e908fbf78de842,
RA,aom,av2,0,E,WalkingInStreet_1920x1080_30fps.y4m,1080x1920,30.00,8,1080x1920,110,39049.356923,38.351165,42.103231,42.596637,13.948810,21.838679,99.975126,99.968965,42.626224,39.736849,38.113948,41.924491,42.483626,0.000961,,,,,,,5fe27e7d4424ecb3607b654549705306,
RA,aom,av2,0,E,WalkingInStreet_1920x1080_30fps.y4m,1080x1920,30.00,8,1080x1920,135,11713.386462,34.502008,39.350275,40.892246,10.484992,17.314819,99.680887,99.218710,36.610700,36.786951,34.336359,39.217475,40.840043,0.039481,,,,,,,fca68dc9b5141e6b47e5b556e2224b25,
RA,aom,av2,0,E,WalkingInStreet_1920x1080_30fps.y4m,1080x1920,30.00,8,1080x1920,160,3842.368615,32.133364,37.077387,39.997564,8.874037,15.090971,94.374052,92.494039,32.410271,34.866487,32.039616,36.969159,39.973775,0.063792,,,,,,,82d9db8f5e399faa4265073e5b2babb3,
RA,aom,av2,0,E,WalkingInStreet_1920x1080_30fps.y4m,1080x1920,30.00,8,1080x1920,185,1429.427077,29.863829,34.899086,39.011976,7.556090,13.008077,79.225516,77.147197,28.447859,32.983192,29.787416,34.798807,38.995206,0.072251,,,,,,,1a66be6aa9e832863f811c05932035c4,
RA,aom,av2,0,E,WalkingInStreet_1920x1080_30fps.y4m,1080x1920,30.00,8,1080x1920,210,539.904000,27.374121,32.841730,37.875438,6.154428,10.593843,58.230435,56.484897,24.630106,30.906924,27.298029,32.754654,37.860258,0.106859,,,,,,,735e4f5781cb24d999d7817ceaaa8019,
RA,aom,av2,0,E,WalkingInStreet_1920x1080_30fps.y4m,1080x1920,30.00,8,1080x1920,235,197.699077,24.854447,31.037380,36.409206,4.801575,8.086443,36.428981,35.296062,21.284173,28.644887,24.785860,30.959220,36.393774,0.093388,,,,,,,bdb4add218df787dd8ebc923dcf2b0fb,
RA,aom,av2,0,E,WorldCup_far_1920x1080_30p.y4m,1920x1080,30.00,8,1920x1080,110,9869.200615,42.805730,44.443611,46.829743,19.127665,26.429391,99.931503,99.736251,45.411471,43.978642,42.682573,44.295277,46.715235,0.018812,,,,,,,4b98da8aa28186a67527a9b12ff7e4af,
RA,aom,av2,0,E,WorldCup_far_1920x1080_30p.y4m,1920x1080,30.00,8,1920x1080,135,4000.030154,39.892347,42.051414,44.487340,16.814019,23.444044,99.348843,98.444370,41.195717,41.509119,39.812043,41.960727,44.416739,0.019551,,,,,,,22dd389a44ca9681308e242affb8a917,
RA,aom,av2,0,E,WorldCup_far_1920x1080_30p.y4m,1920x1080,30.00,8,1920x1080,160,1725.177231,36.978183,39.806945,42.130177,14.525981,20.468525,95.557496,93.177702,36.673954,39.167267,36.912173,39.746763,42.085350,0.018188,,,,,,,9fd8fe564869438e62097a8578c0aa94,
RA,aom,av2,0,E,WorldCup_far_1920x1080_30p.y4m,1920x1080,30.00,8,1920x1080,185,778.637538,33.783856,37.414899,39.567698,11.934549,17.107306,84.359678,81.677638,31.983079,36.516038,33.726133,37.373633,39.534523,0.017380,,,,,,,a4375a03b775eadd2b2d6ea9c0e35ebf,
RA,aom,av2,0,E,WorldCup_far_1920x1080_30p.y4m,1920x1080,30.00,8,1920x1080,210,336.046154,30.333388,34.658855,36.599968,9.201377,13.426770,65.866680,63.204082,27.324433,33.470906,30.288178,34.627236,36.572763,0.025207,,,,,,,4480f45dbff5656cdcce31e82ef4ca84,
RA,aom,av2,0,E,WorldCup_far_1920x1080_30p.y4m,1920x1080,30.00,8,1920x1080,235,131.940923,26.919201,31.826857,33.682862,6.776964,9.787316,42.001425,39.919616,23.116741,30.298690,26.887063,31.803992,33.661159,0.038013,,,,,,,83097086a608fcd1909c9a946b755f99,
