TestCfg,EncodeMethod,CodecName,EncodePreset,Class,Name,OrigRes,FPS,BitDepth,CodedRes,QP,Bitrate(kbps),PSNR_Y,PSNR_U,PSNR_V,SSIM_Y(dB),MS-SSIM_Y(dB),VMAF_Y,VMAF_Y-NEG,PSNR-HVS,CIEDE2000,APSNR_Y,APSNR_U,APSNR_V,CAMBI,EncT[s],DecT[s],EncInstr,DecInstr,EncCycles,DecCycles,EncMD5,DecMD5
LD,aom,av2,0,A2,Aerial3200_1920x1080_5994_10bit_420.y4m,1920x1080,60.00,10,1920x1080,110,8479.995082,42.188165,44.790226,44.688997,15.891908,23.391980,96.859005,95.048485,45.689717,40.670398,41.991883,44.746676,44.643683,0.000006,427440.10,12.36,2461663081366968,59723090383,1109653932283017,33915363073,fb127f44b550375cece073ad17f67fbb,
LD,aom,av2,0,A2,Aerial3200_1920x1080_5994_10bit_420.y4m,1920x1080,60.00,10,1920x1080,135,3060.864059,39.627985,43.395369,43.663319,13.687134,20.414970,92.664307,90.543357,41.214949,38.910413,39.358515,43.357438,43.629981,0.000018,336350.80,9.73,1947606521806539,50261865305,871950713500001,26810938289,6cf9f2e36512418e3401a774c6e15e54,
LD,aom,av2,0,A2,Aerial3200_1920x1080_5994_10bit_420.y4m,1920x1080,60.00,10,1920x1080,160,1117.426573,36.623158,41.725273,42.396262,11.037965,16.797105,83.711692,81.490493,36.239605,36.718822,36.323050,41.690649,42.363998,0.002361,229815.23,6.30,1715394474833640,43901765190,641165775282248,17604818669,1d0a18f3ffc0bd755029b3c13c3d2b34,
LD,aom,av2,0,A2,Aerial3200_1920x1080_5994_10bit_420.y4m,1920x1080,60.00,10,1920x1080,185,399.790978,33.607171,39.964839,40.852075,8.526545,13.157459,67.923874,65.795488,31.597088,34.361399,33.372380,39.937697,40.828261,0.012984,136368.68,5.51,1058616213393518,35934588147,464170829351656,20450005188,a6d220e4df8a8c7b56c1f2af6dc6e440,
LD,aom,av2,0,A2,Aerial3200_1920x1080_5994_10bit_420.y4m,1920x1080,60.00,10,1920x1080,210,143.446707,30.813948,38.228423,39.367812,6.606772,9.978089,45.618105,44.025640,27.664095,32.086923,30.666156,38.208566,39.350376,0.047248,66974.67,3.55,536619985130080,26996750376,187024751356397,9902306426,42b4b38908378e503e443a3e56f0e119,
LD,aom,av2,0,A2,Aerial3200_1920x1080_5994_10bit_420.y4m,1920x1080,60.00,10,1920x1080,235,54.012449,28.249351,36.649075,37.884459,5.320125,7.312530,22.595334,21.815837,24.454682,29.901469,28.174553,36.634701,37.876529,0.085443,43201.23,4.16,280994293432176,24732812936,114740420980247,11695454409,2888cb01281d04cb6d1be72173f49cfe,
LD,aom,av2,0,A2,Boat_1920x1080_5994_10bit_420.y4m,1920x1080,60.00,10,1920x1080,110,23854.214708,41.743526,44.956218,46.724444,19.417970,27.337310,99.976141,99.789374,48.018833,42.272817,41.623992,44.911128,46.684173,0.126874,504831.16,18.45,2863678728755247,81624429428,1309857277624696,50079695002,2c6db5e36cd3e11b2fd97d93bc5a196c,
LD,aom,av2,0,A2,Boat_1920x1080_5994_10bit_420.y4m,1920x1080,60.00,10,1920x1080,135,11093.318989,37.851867,43.186032,44.659304,16.102029,23.268700,97.480552,95.638590,41.505145,39.609687,37.732204,43.158733,44.630043,0.155550,700481.89,15.09,3886821668784382,70054123520,1814987122175259,41244283976,0b49361b36a25f9954efefef1601d0f3,
LD,aom,av2,0,A2,Boat_1920x1080_5994_10bit_420.y4m,1920x1080,60.00,10,1920x1080,160,4920.204718,33.670635,41.298955,42.324595,12.360996,18.710196,87.806649,85.727111,34.627384,36.501872,33.548885,41.277012,42.297262,0.173851,571809.45,8.98,4127884199398800,54660592513,1596943786787161,25104841477,f0f237af0e2d4bd8b94fbb23133e0fc1,
LD,aom,av2,0,A2,Boat_1920x1080_5994_10bit_420.y4m,1920x1080,60.00,10,1920x1080,185,2014.008146,29.716812,39.099838,39.904291,8.878765,14.242514,70.113132,68.155868,28.573074,33.220260,29.601546,39.073327,39.871765,0.210526,338878.71,6.58,2457730249717569,42664677147,946456259490801,18372315080,4c3ec53d2d1b12fdd0ca7b4fa344ad8a,
LD,aom,av2,0,A2,Boat_1920x1080_5994_10bit_420.y4m,1920x1080,60.00,10,1920x1080,210,710.269423,26.209396,36.686217,37.460728,6.028861,10.201332,45.886642,44.444775,23.616683,30.027136,26.105206,36.658112,37.441737,0.193339,222355.73,6.47,1305892713612765,33340482503,578713444242915,18359301368,bbd1f811ad45317a71e40944798f46c3,
LD,aom,av2,0,A2,Boat_1920x1080_5994_10bit_420.y4m,1920x1080,60.00,10,1920x1080,235,209.288558,23.382298,34.277391,34.581554,4.109556,7.014548,22.164477,21.370309,19.908524,27.250105,23.316612,34.264880,34.575949,0.146124,105364.67,5.60,636923682663877,30962348806,275088643352932,15734193708,3dfb19144edc6a175a39d243d1222dde,
LD,aom,av2,0,A2,CrowdRun_1920x1080p50.y4m,1920x1080,50.00,8,1920x1080,110,57117.996923,38.794439,40.270842,41.137092,13.447206,21.330504,99.976408,99.966517,43.961875,37.382839,38.592501,40.171059,41.052043,0.000385,1064954.73,32.38,6441855254040218,152947546344,2976581902812905,94197889469,147b935043850dec5549eb15df288e0d,
LD,aom,av2,0,A2,CrowdRun_1920x1080p50.y4m,1920x1080,50.00,8,1920x1080,135,23287.907692,35.112462,37.959446,38.661834,11.233032,18.536662,96.942731,94.925876,38.524652,34.901509,34.987825,37.904174,38.600893,0.000632,1363407.40,0.00,9500569975632924,3526153,3807433238035558,2407427,608556fb7152ba7b21b0eb8f2a510f57,
LD,aom,av2,0,A2,CrowdRun_1920x1080p50.y4m,1920x1080,50.00,8,1920x1080,160,9468.723077,31.420558,35.811400,36.278969,8.901792,15.309126,84.114356,81.838501,32.461224,32.419035,31.313492,35.768451,36.227767,0.000818,1733242.78,0.00,9605882818397920,3616120,4497244463705301,3552532,73e7f0e743db151ec56dbbf62d690165,
LD,aom,av2,0,A2,CrowdRun_1920x1080p50.y4m,1920x1080,50.00,8,1920x1080,185,3663.406154,27.971490,33.861515,34.083566,6.627040,11.855509,62.235196,60.251869,26.986585,29.966382,27.878178,33.826329,34.042405,0.002449,747092.96,9.71,5329646106604861,65753784359,2086477069158553,27140017592,aae916ea9c359bf32eb175bdc87f26c3,
LD,aom,av2,0,A2,CrowdRun_1920x1080p50.y4m,1920x1080,50.00,8,1920x1080,210,1229.563077,24.862703,32.102405,32.192538,4.736768,8.570291,36.209791,34.947744,22.400711,27.546597,24.790667,32.076537,32.163164,0.014288,417578.75,9.70,2468679243334591,53774470294,1086230487216770,27600196970,266d168a613fafda99c899041bd3c07c,
LD,aom,av2,0,A2,CrowdRun_1920x1080p50.y4m,1920x1080,50.00,8,1920x1080,235,340.166154,22.259548,30.596078,30.596271,3.475905,5.901515,14.115283,13.662757,18.906822,25.292252,22.211665,30.584248,30.581347,0.062870,126289.63,4.79,1005339255317209,37447549679,352720161234011,13355388518,a099e4cbe5c10dc692736a7ee668de6c,
LD,aom,av2,0,A2,DinnerSceneCropped_1920x1080_2997fps_10bit_420.y4m,1920x1080,30.00,10,1920x1080,110,12825.994313,38.969981,41.881282,46.532249,9.916513,16.935838,90.184010,88.892925,40.643678,38.889728,38.785515,41.790010,46.485920,0.825661,893643.93,14.25,6523072598887604,79837547565,2495628169428799,39753188675,e9e6fd8372651ca90166432f532e93aa,
LD,aom,av2,0,A2,DinnerSceneCropped_1920x1080_2997fps_10bit_420.y4m,1920x1080,30.00,10,1920x1080,135,1152.959041,37.634477,40.369287,45.949261,8.718509,14.788463,84.273781,82.491836,37.637471,37.668451,37.607975,40.345402,45.942465,3.072821,411713.46,8.82,2402223712729764,48508266514,1065334952535756,24970535846,f803f9d05bfd1420964adbab2982bead,
LD,aom,av2,0,A2,DinnerSceneCropped_1920x1080_2997fps_10bit_420.y4m,1920x1080,30.00,10,1920x1080,160,129.715823,37.259343,40.080280,45.617172,8.549315,14.313488,78.588171,76.482092,36.728117,37.367461,37.257145,40.077335,45.615731,3.350111,167891.65,5.85,1089521014281000,35835167571,470633403518479,17918304738,376b7813a0bc7bee5c343f7924274ebb,
LD,aom,av2,0,A2,DinnerSceneCropped_1920x1080_2997fps_10bit_420.y4m,1920x1080,30.00,10,1920x1080,185,46.862061,36.667183,39.892169,45.105646,8.418832,13.703781,68.678268,66.279861,35.449792,36.999985,36.662961,39.890009,45.103793,3.311490,74219.56,4.67,462804653925817,25834912003,194934436959819,13342155431,2257a2ddbc84d2871221fa0939292e38,
LD,aom,av2,0,A2,DinnerSceneCropped_1920x1080_2997fps_10bit_420.y4m,1920x1080,30.00,10,1920x1080,210,23.714132,35.551123,39.493565,44.120383,8.224520,12.691001,53.851699,51.233655,33.474844,36.327568,35.534579,39.488460,44.116410,2.614959,29301.73,4.32,176116427777965,25455457106,77794872538846,12158904189,5d6ea94ccd012a4935f94d3371ffd78b,
LD,aom,av2,0,A2,DinnerSceneCropped_1920x1080_2997fps_10bit_420.y4m,1920x1080,30.00,10,1920x1080,235,11.862599,33.654534,38.833409,42.676448,7.940313,11.151932,32.909048,31.070373,30.809301,35.234180,33.610218,38.826893,42.665888,3.171105,10408.18,3.16,75141141169168,22029150565,29072734210588,8805208139,646525a1611a0e20b7bb3df980d7be62,
LD,aom,av2,0,A2,FoodMarket_1920x1080_5994_10bit_420.y4m,1920x1080,60.00,10,1920x1080,110,18455.736264,39.937283,44.305090,45.223930,11.962837,19.097508,99.715879,98.617679,42.079060,39.987742,39.801388,44.259342,45.194158,0.101325,824510.09,16.88,4783630483281099,81318769903,2139131433231031,46473555669,3acb81299c5316afcb12e2a6a76920c4,
LD,aom,av2,0,A2,FoodMarket_1920x1080_5994_10bit_420.y4m,1920x1080,60.00,10,1920x1080,135,4590.460616,38.038050,43.150778,44.216469,10.643207,16.755635,94.709220,92.491651,38.322969,38.613457,37.986369,43.131744,44.203674,0.144035,571647.57,12.25,3274685422642139,63087225295,1480622195227975,34322186612,eddddc7111aeae2e4c0c8ce78f8f715a,
LD,aom,av2,0,A2,FoodMarket_1920x1080_5994_10bit_420.y4m,1920x1080,60.00,10,1920x1080,160,1541.529240,35.954072,41.791257,42.864833,9.346004,14.278256,83.815906,81.364448,34.532818,37.074643,35.896045,41.763078,42.842597,0.284156,430631.81,9.99,2519330610504050,56230361340,1118827730655668,28211580074,b4c2331f847a7d50a48ec48303ad1e6b,
LD,aom,av2,0,A2,FoodMarket_1920x1080_5994_10bit_420.y4m,1920x1080,60.00,10,1920x1080,185,587.523246,33.550593,40.378110,41.321446,7.995834,11.541339,66.035780,63.770557,30.798272,35.336117,33.485917,40.332878,41.290363,0.510768,208919.02,7.97,1262730779525864,43441919659,544688396174711,22256811339,1b11e8a736ea94d3d4809e0a279beb16,
LD,aom,av2,0,A2,FoodMarket_1920x1080_5994_10bit_420.y4m,1920x1080,60.00,10,1920x1080,210,217.639591,31.112573,38.717579,39.646589,6.897686,9.044270,47.473511,45.453348,27.558645,33.418041,31.056384,38.654960,39.612577,0.860182,88994.92,5.32,612853473790773,33847159523,252547982899310,16137261225,20fa0df2fdea712674c8dff2d283a626,
LD,aom,av2,0,A2,FoodMarket_1920x1080_5994_10bit_420.y4m,1920x1080,60.00,10,1920x1080,235,79.891801,28.814033,37.088686,37.860004,6.179700,7.127175,32.581944,31.051914,24.923422,31.491222,28.768015,37.031365,37.834952,1.105525,42304.46,4.32,279358082318545,24953320420,113319599620382,12311892362,b2711653a368358a03fc26b2a6dfc298,
LD,aom,av2,0,A2,GregoryScarf_1080x1920p30_yuv420p10le_130frames.y4m,1080x1920,30.00,10,1080x1920,110,26449.312615,40.489978,47.233825,46.877799,15.023025,22.282574,99.974926,99.968683,43.986850,42.059833,40.279799,46.966972,46.650933,0.072397,839855.42,29.15,4651245502559722,129381550903,2175703802644907,79293012586,7d869ff96a2c7bd65496ed6d7ec1d16f,
LD,aom,av2,0,A2,GregoryScarf_1080x1920p30_yuv420p10le_130frames.y4m,1080x1920,30.00,10,1080x1920,135,10647.851077,36.797491,44.244898,43.890233,12.168901,18.445583,99.967630,99.948830,38.039482,38.911241,36.612662,43.927640,43.645088,0.070637,964000.15,20.08,5270455445763310,94740160545,2493068092459926,55223934713,be8b85b7b05b6a3716bb85602e8ae734,
LD,aom,av2,0,A2,GregoryScarf_1080x1920p30_yuv420p10le_130frames.y4m,1080x1920,30.00,10,1080x1920,160,4184.052923,33.360578,41.291215,41.004505,9.546768,14.730749,94.614639,92.672715,32.611413,35.890504,33.181222,40.932412,40.745009,0.074154,1063161.18,14.82,5902259642079458,74091304043,2756551859637257,41172795486,86a3b325ee51a03a7a0789785e4bfecd,
LD,aom,av2,0,A2,GregoryScarf_1080x1920p30_yuv420p10le_130frames.y4m,1080x1920,30.00,10,1080x1920,185,1552.366154,30.174366,38.601180,38.421322,7.288752,11.228521,73.884578,71.734866,27.930015,33.035677,29.992997,38.238212,38.199237,0.073976,570069.73,11.92,3251142340689054,63104701634,1479115414415433,33421001235,a6917fcdf98391f09e13cdf8a3553576,
LD,aom,av2,0,A2,GregoryScarf_1080x1920p30_yuv420p10le_130frames.y4m,1080x1920,30.00,10,1080x1920,210,519.336000,27.416096,36.231547,36.346527,5.762447,8.252433,50.828983,49.234399,24.176501,30.483678,27.243290,35.872954,36.161097,0.078930,242211.65,9.46,1445092398101475,61804545380,632419795356954,26847859856,21410e40bdd1b5bceab591134bc70e88,
LD,aom,av2,0,A2,GregoryScarf_1080x1920p30_yuv420p10le_130frames.y4m,1080x1920,30.00,10,1080x1920,235,168.528000,25.102763,34.190307,34.339913,4.855430,5.961627,34.670283,33.618798,21.397580,28.120496,24.979799,33.850522,34.225680,0.184236,72689.42,6.77,592719255293240,52323426086,202996601831394,18952368565,336f43c516f19a5f7d8a3870e6d5726c,
LD,aom,av2,0,A2,MeridianTalk_sdr_1920x1080p_5994_10bit.y4m,1920x1080,60.00,10,1920x1080,110,5551.224160,42.636488,46.591807,52.682749,13.665219,21.115600,94.992723,93.404525,44.735055,43.151748,42.588599,46.583744,52.673011,0.759003,282012.40,7.23,2146464233290004,44982684393,787612667586729,20162820940,0304bcbc75cc32215e0756fa7bdbd96e,
LD,aom,av2,0,A2,MeridianTalk_sdr_1920x1080p_5994_10bit.y4m,1920x1080,60.00,10,1920x1080,135,1289.028510,41.539338,46.196104,51.716569,13.032511,19.609588,91.614715,89.682737,42.226537,42.459249,41.527109,46.193553,51.702863,0.837279,213752.47,7.55,1254040418565009,39612679087,554133479619335,21429904200,fa960b43f77d22a65ee442fea65363cc,
LD,aom,av2,0,A2,MeridianTalk_sdr_1920x1080p_5994_10bit.y4m,1920x1080,60.00,10,1920x1080,160,420.661185,40.121950,45.547566,50.261539,12.378383,17.789937,85.241413,82.905815,39.357920,41.525959,40.104102,45.542980,50.245078,0.901999,132324.27,6.25,782968259722040,35528816828,344900818559472,17867936219,7a673a44fc00a4e240899fd33070c309,
LD,aom,av2,0,A2,MeridianTalk_sdr_1920x1080p_5994_10bit.y4m,1920x1080,60.00,10,1920x1080,185,157.607316,38.319242,44.588736,48.376344,11.664215,15.713790,74.711714,72.184018,36.370774,40.253796,38.293881,44.581473,48.358863,1.015589,58478.23,4.57,357055308115295,24991992572,153533225920866,13066187335,7b22787a8a94ebcb859ba444b8d9b698,
LD,aom,av2,0,A2,MeridianTalk_sdr_1920x1080p_5994_10bit.y4m,1920x1080,60.00,10,1920x1080,210,63.167602,36.181918,43.352469,46.174168,10.991335,13.592754,61.276933,58.364345,33.407131,38.664042,36.146367,43.342794,46.156556,1.103669,19890.61,2.67,157871936070491,19585763162,55549472088031,7490008193,1ae02a8f629cdad01a0d55bbd85f14d8,
LD,aom,av2,0,A2,MeridianTalk_sdr_1920x1080p_5994_10bit.y4m,1920x1080,60.00,10,1920x1080,235,26.318297,33.731996,41.583086,43.987758,10.335375,11.582850,45.692595,42.601663,30.433143,36.678525,33.684827,41.577819,43.982886,1.077416,14272.88,3.96,85730339827980,21588014104,38566905964508,11248023011,3f19d45576b19ef60544b4663f0d61c5,
LD,aom,av2,0,A2,Motorcycle_1920x1080_30fps_8bit.y4m,1920x1080,30.00,8,1920x1080,110,46929.744000,41.438839,43.626078,44.527159,18.503263,24.705102,99.977234,99.971292,44.788781,41.761752,41.238848,43.496244,44.418005,0.029972,922686.50,40.25,4935257895591908,170390279280,2391055135129167,109000456946,2f0037f32a89ae3cf015a8aabb3e8d44,
LD,aom,av2,0,A2,Motorcycle_1920x1080_30fps_8bit.y4m,1920x1080,30.00,8,1920x1080,135,24693.618462,36.596097,40.183338,41.526528,15.023921,20.688331,99.970403,99.961286,38.962152,38.192749,36.391092,40.070957,41.440082,0.059646,911896.05,25.97,6199523262143521,137200919810,3086784815409259,92673896077,4b01325ccbc8990256236e34df94b45a,
LD,aom,av2,0,A2,Motorcycle_1920x1080_30fps_8bit.y4m,1920x1080,30.00,8,1920x1080,160,11193.409846,31.892980,37.155298,38.884536,11.529062,16.532610,95.252235,93.363052,32.925217,34.710344,31.706315,37.065804,38.816750,0.092923,1507340.62,0.00,10401173583208726,3474764,4209158609777521,2375069,087207b8cfd69befe798a7f541e63b54,
LD,aom,av2,0,A2,Motorcycle_1920x1080_30fps_8bit.y4m,1920x1080,30.00,8,1920x1080,185,4198.822154,27.733668,34.629238,36.643377,8.393786,12.483295,73.927642,71.639905,27.175250,31.461173,27.573082,34.555792,36.585962,0.107010,1022532.61,12.16,7079528395696142,81117173912,2855645648901127,33915521600,9f12f6096709f25b887aadb63c2152c9,
LD,aom,av2,0,A2,Motorcycle_1920x1080_30fps_8bit.y4m,1920x1080,30.00,8,1920x1080,210,1231.857231,24.465274,32.408365,34.729401,6.084197,8.844664,47.922834,46.072676,22.281638,28.555206,24.357211,32.343835,34.684585,0.119206,531433.41,11.92,3080553987598259,71004755461,1383761138081204,33955529644,bc3f0defd620f63c5fdbf9b84cb6fec8,
LD,aom,av2,0,A2,Motorcycle_1920x1080_30fps_8bit.y4m,1920x1080,30.00,8,1920x1080,235,338.230154,22.170755,30.549004,32.937131,4.795206,6.127341,27.254199,26.113320,19.025510,26.093472,22.105834,30.487987,32.889567,0.135184,185641.78,11.52,1149079468947150,69426380577,487004709582928,33331854285,d5528ee199e32a507e04b64a80e851ac,
LD,aom,av2,0,A2,OldTownCross_1920x1080p50.y4m,1920x1080,50.00,8,1920x1080,110,30292.547692,37.958595,39.710082,42.167405,10.721370,18.573259,96.390439,94.648934,42.243656,35.651006,37.704957,39.612577,42.135673,0.000089,1079163.73,18.68,7887213717241991,116739510458,3013814864107269,52250694000,2869e0b9f1a9aa905972452fb0ce5b2a,
LD,aom,av2,0,A2,OldTownCross_1920x1080p50.y4m,1920x1080,50.00,8,1920x1080,135,3817.415385,35.986407,39.123755,41.300441,9.297635,16.808883,92.136683,90.271015,39.255873,34.597590,35.938225,39.117574,41.293539,0.000214,496419.32,8.58,3621341192346076,60236278882,1386276070655389,23903575711,5c3542f9a27e06e5e7b708786680b4b3,
LD,aom,av2,0,A2,OldTownCross_1920x1080p50.y4m,1920x1080,50.00,8,1920x1080,160,821.030769,34.631070,38.779461,40.541700,8.631976,15.717626,85.954015,83.754823,36.416876,33.895954,34.615738,38.778697,40.535347,0.001763,387906.45,7.66,2231980024384563,43574153639,1005170920415066,21616304305,d97460205006683ec231f42b2d9ce931,
LD,aom,av2,0,A2,OldTownCross_1920x1080p50.y4m,1920x1080,50.00,8,1920x1080,185,311.544615,32.825697,38.222365,39.276899,7.739151,14.065189,74.561120,72.125890,32.782119,32.906686,32.799204,38.221582,39.272203,0.008143,141424.42,4.22,1066615056186225,30434942472,394958286618193,11799421733,5889be76063739f2b780d71421573032,
LD,aom,av2,0,A2,OldTownCross_1920x1080p50.y4m,1920x1080,50.00,8,1920x1080,210,123.596923,30.450523,37.351964,37.651064,6.501832,11.661794,54.616851,52.424738,28.696472,31.489821,30.422003,37.351036,37.648944,0.024755,86726.51,4.79,533510871440613,28843812229,226631717866753,13384973953,f704796fb41c83f80a200beea124ad6a,
LD,aom,av2,0,A2,OldTownCross_1920x1080p50.y4m,1920x1080,50.00,8,1920x1080,235,45.252308,27.897453,36.280417,36.294067,5.210895,8.852666,28.551370,27.232923,24.898001,29.756540,27.876512,36.279122,36.293667,0.024800,42616.47,4.08,264683894265141,23631285241,112638357650313,11386015520,1dd59de93019f189f25e24bcf4e0bc35,
LD,aom,av2,0,A2,PedestrianArea_1920x1080p25.y4m,1920x1080,25.00,8,1920x1080,110,4262.978462,42.563363,46.765637,48.541867,14.477749,21.777269,99.663239,98.854962,44.543540,41.590636,42.497301,46.727637,48.496586,0.135747,386174.04,11.46,2851382055856589,61557245978,1308507247887744,41278080800,76f27cd7f4306d307a648a24653b6861,
LD,aom,av2,0,A2,PedestrianArea_1920x1080p25.y4m,1920x1080,25.00,8,1920x1080,135,1586.720000,40.707879,45.319695,46.729015,13.158544,19.413506,96.624335,94.587290,40.676105,40.134598,40.672095,45.298115,46.694430,0.167354,365651.98,11.07,2056926429275986,54911938278,944832253571644,30757423007,0e47246bf48840687ae3f447d46296ea,
LD,aom,av2,0,A2,PedestrianArea_1920x1080p25.y4m,1920x1080,25.00,8,1920x1080,160,719.672308,38.384608,43.413131,44.408708,11.798195,16.728669,86.217000,83.805416,36.542429,38.331957,38.336031,43.381901,44.366488,0.235987,291289.09,9.81,1659146690244592,51062017545,755699777887968,27625427566,61a0458848d06eba96fdef6ccf30942e,
LD,aom,av2,0,A2,PedestrianArea_1920x1080p25.y4m,1920x1080,25.00,8,1920x1080,185,342.653846,35.688779,41.261566,41.874400,10.448453,14.086681,69.185765,66.579696,32.681273,36.174713,35.632335,41.223697,41.828862,0.372456,142672.04,8.56,842836889959224,43879327355,371922108473388,24193437928,e6c58af102095d249584ce24ae2998f4,
LD,aom,av2,0,A2,PedestrianArea_1920x1080p25.y4m,1920x1080,25.00,8,1920x1080,210,158.824615,32.625722,38.901815,39.173912,9.067252,11.313111,46.804347,44.464831,28.923609,33.680830,32.566307,38.856404,39.118414,0.500796,66660.92,6.51,413982649998213,35775834176,176092699849707,18587906552,68297e72d39e23d673f16481f038c003,
LD,aom,av2,0,A2,PedestrianArea_1920x1080p25.y4m,1920x1080,25.00,8,1920x1080,235,71.475385,29.419867,36.648118,36.839519,7.801348,8.621885,23.272416,22.048928,25.444666,30.995591,29.356157,36.606928,36.787245,0.566698,32494.14,5.34,207315985220411,30148450695,87505847228637,15347324276,393e8a980ba95813468ef4d73ed3d0ce,
LD,aom,av2,0,A2,RitualDance_1920x1080_5994_10bit_420.y4m,1920x1080,60.00,10,1920x1080,110,8457.428110,46.504455,49.502911,50.356613,19.134460,24.805824,99.516637,98.369718,46.684350,48.082965,46.422297,49.449042,50.280927,0.256794,297662.93,15.16,1703213376845337,73090596227,772660331725456,42190681322,104568225155c424f980951e4ea69367,
LD,aom,av2,0,A2,RitualDance_1920x1080_5994_10bit_420.y4m,1920x1080,60.00,10,1920x1080,135,4163.270576,43.474167,47.254260,47.676891,17.277974,21.915743,95.735767,93.513557,42.241068,45.648202,43.365736,47.188467,47.588035,0.275182,299400.30,12.47,1674345001395694,64937709148,775459632467535,34697523867,f773dbb27662b6c31b142d4a1d9bd1b6,
LD,aom,av2,0,A2,RitualDance_1920x1080_5994_10bit_420.y4m,1920x1080,60.00,10,1920x1080,160,1974.023515,39.971276,44.674655,44.814306,15.086553,18.589090,85.582319,82.846518,37.466716,42.790618,39.848360,44.603699,44.722917,0.358178,288632.49,10.83,1635939318272594,56303020246,750392332543680,30698889400,45ad901e9a129c5537c1852b0fa79fec,
LD,aom,av2,0,A2,RitualDance_1920x1080_5994_10bit_420.y4m,1920x1080,60.00,10,1920x1080,185,913.737340,36.447335,42.346085,42.107827,12.992647,15.333955,68.396841,65.500037,33.066123,39.863282,36.320435,42.272892,42.022828,0.444999,163437.49,9.83,964578189631739,56208166863,426522305154280,27732803083,07a621466915d5b96e143a4407112768,
LD,aom,av2,0,A2,RitualDance_1920x1080_5994_10bit_420.y4m,1920x1080,60.00,10,1920x1080,210,394.387151,32.983050,40.211073,39.629121,11.211482,12.322439,45.615205,43.018700,29.089049,36.811496,32.854846,40.148709,39.554499,0.495526,67180.04,6.87,527097897189038,48919280767,187624486403021,19206891126,16551c6b620ce473fef5af4fdefd7ab2,
LD,aom,av2,0,A2,RitualDance_1920x1080_5994_10bit_420.y4m,1920x1080,60.00,10,1920x1080,235,157.821256,29.734247,38.560832,37.509050,9.868249,9.726578,21.679217,19.680926,25.627285,34.059802,29.608349,38.512118,37.455780,0.453039,41743.78,6.95,259880912293130,39037161572,111704479912875,19908870695,b41388dbfb893113bf8362aa6965573e,
LD,aom,av2,0,A2,Riverbed_1920x1080p25.y4m,1920x1080,25.00,8,1920x1080,110,21414.063077,41.107212,43.834059,46.064198,14.339721,21.971535,99.972194,99.964077,43.546464,39.267087,40.999076,43.727310,45.977637,0.000002,877159.32,19.64,6095442575049789,124814732708,2449593416728106,54833741592,4487b6d1603b395be7369db61898a994,
LD,aom,av2,0,A2,Riverbed_1920x1080p25.y4m,1920x1080,25.00,8,1920x1080,135,9937.575385,38.044148,41.448464,44.064562,11.935363,18.132272,99.883355,98.763704,37.439515,36.816184,37.956949,41.394027,44.024749,0.000014,1052613.81,19.99,6118314344736397,108094423557,2926160426291971,59153638749,88cd6c4481be14d70e451e9fd5bdbd4c,
LD,aom,av2,0,A2,Riverbed_1920x1080p25.y4m,1920x1080,25.00,8,1920x1080,160,4453.769231,34.707620,39.438657,42.422604,9.539369,14.208394,82.866284,80.822725,32.124945,34.353542,34.615226,39.404198,42.399082,0.000069,1112679.13,15.17,6169648872233676,93276549411,2875532541857517,42104526951,be53702ca19d87820ab74573e9af4945,
LD,aom,av2,0,A2,Riverbed_1920x1080p25.y4m,1920x1080,25.00,8,1920x1080,185,1858.007692,31.369680,37.717839,41.024277,7.438722,10.581386,55.739590,54.078203,27.719136,31.822937,31.276559,37.691949,41.002955,0.000511,417902.27,11.10,3021240200056471,82252305244,1167053863923977,31029142014,be70048a08dc7c99b893e4d5240feb71,
LD,aom,av2,0,A2,Riverbed_1920x1080p25.y4m,1920x1080,25.00,8,1920x1080,210,681.915385,28.206699,36.726236,40.192124,5.843917,7.435609,31.326299,30.451364,24.109274,29.548801,28.123759,36.716165,40.182882,0.005315,208752.41,10.87,1260471955292356,64208886596,546546142072035,30841262299,e01d6f02a4a7f23d5a06d5034f454e9f,
LD,aom,av2,0,A2,Riverbed_1920x1080p25.y4m,1920x1080,25.00,8,1920x1080,235,215.844615,25.382936,35.984055,39.636045,4.798353,4.976356,17.070151,16.776687,21.227146,27.309149,25.319328,35.977428,39.631734,0.041619,58700.50,7.71,471992687331387,58345434092,163822127545677,21519515228,3e07c6b2e9f11a679b9ae9e9f279a5db,
LD,aom,av2,0,A2,RushFieldCuts_1920x1080_2997.y4m,1920x1080,30.00,8,1920x1080,110,25506.717897,41.018720,43.916910,45.160761,15.630347,22.443777,99.319029,97.902261,44.001317,39.377245,40.784883,43.797529,45.055945,0.004032,716348.29,24.06,5064753229423791,122965786487,2427189751875048,84878770213,3f6ea16d95cc79003464215f9e3d4999,
LD,aom,av2,0,A2,RushFieldCuts_1920x1080_2997.y4m,1920x1080,30.00,8,1920x1080,135,7755.705218,36.876154,41.563820,43.073156,12.836574,19.052130,93.233253,91.286063,38.464969,36.704730,36.732114,41.505130,43.026383,0.005829,1054770.91,21.56,5770871345283423,95286385734,2730261526815614,59419767705,2d55f622ff99e8b33daf4b5d550b1dfb,
LD,aom,av2,0,A2,RushFieldCuts_1920x1080_2997.y4m,1920x1080,30.00,8,1920x1080,160,3024.534850,33.727867,39.412495,41.121609,10.721847,15.753754,80.873513,78.788167,33.167232,34.447395,33.642847,39.364496,41.087026,0.017701,904139.43,16.37,5032509690696210,83694838856,2346308216722473,45678254510,67a41261094a0061d3a92abb0b4fde0c,
LD,aom,av2,0,A2,RushFieldCuts_1920x1080_2997.y4m,1920x1080,30.00,8,1920x1080,185,1244.021824,30.419392,37.336539,39.245263,8.579572,12.314968,61.361731,59.455182,28.230782,32.034427,30.332219,37.291277,39.214159,0.084716,357674.05,9.08,2605375941419211,57763937048,998885808220182,25361467705,4865c8a9d8500fa4c253c67654cd1fbc,
LD,aom,av2,0,A2,RushFieldCuts_1920x1080_2997.y4m,1920x1080,30.00,8,1920x1080,210,453.148697,27.093709,35.454948,37.387340,6.663283,9.119645,39.432591,38.066044,23.875330,29.583617,27.004775,35.421802,37.363335,0.281536,201315.56,7.12,1210555828204791,38180976589,525248864871396,20217673617,18a12dc243d200f892969b44e2a13f77,
LD,aom,av2,0,A2,RushFieldCuts_1920x1080_2997.y4m,1920x1080,30.00,8,1920x1080,235,138.367479,24.115857,33.531600,35.580455,5.161901,6.381644,20.539101,19.898439,20.335410,27.160769,24.050204,33.510247,35.569349,0.425241,64853.68,3.80,517668753091724,25113874145,181123614596598,10583549979,245c4c894fdbbd5bac093b6762f539db,
LD,aom,av2,0,A2,Skater227_1920x1080_30fps.y4m,1920x1080,30.00,10,1920x1080,110,2290.530462,49.029685,55.636125,55.959777,20.730079,25.623211,99.870766,99.536418,47.835992,49.299859,48.845407,55.573557,55.887885,0.678803,279550.76,11.54,1610688557437009,58431815959,727263529042030,32329638395,46a58a677e38122890c2c4eee90db4e8,
LD,aom,av2,0,A2,Skater227_1920x1080_30fps.y4m,1920x1080,30.00,10,1920x1080,135,949.277538,46.575397,53.083438,53.545143,19.295404,22.800902,97.656835,96.022428,44.185333,47.065492,46.287782,53.002222,53.450999,0.707781,217537.99,10.31,1267939026685528,57663146279,566292728643796,29110606375,e824885776783586d2cab232d7b90d0f,
LD,aom,av2,0,A2,Skater227_1920x1080_30fps.y4m,1920x1080,30.00,10,1920x1080,160,383.363077,43.747299,50.221848,50.834963,17.957329,19.856971,87.805301,85.017771,40.501300,44.490828,43.432448,50.112461,50.711199,0.728508,129548.40,9.29,768110006625561,52318504402,339134068667458,26302467543,9b2b2e5fdaa82c1bf41f7f8fbf577a86,
LD,aom,av2,0,A2,Skater227_1920x1080_30fps.y4m,1920x1080,30.00,10,1920x1080,185,166.469538,40.773076,47.136634,47.955804,16.896435,17.130670,72.063826,68.881722,37.089397,41.605254,40.527717,46.998553,47.794798,0.720506,66508.74,7.50,413152725628730,41872312081,176186004285881,21124929832,5cce20611bf31753631b8728ce461a62,
LD,aom,av2,0,A2,Skater227_1920x1080_30fps.y4m,1920x1080,30.00,10,1920x1080,210,74.442462,37.529534,44.466644,45.408714,15.877244,14.508316,50.875543,47.930299,33.720698,38.756618,37.339677,44.269916,45.184459,0.632916,37520.37,6.82,226944646963277,36910832031,100921561401921,19491639890,7dae04818b8a8f444a94b17c4f807474,
LD,aom,av2,0,A2,Skater227_1920x1080_30fps.y4m,1920x1080,30.00,10,1920x1080,235,35.045538,34.166425,41.717901,42.654334,14.791992,12.086042,29.236543,26.982236,30.371360,35.740230,34.017817,41.574072,42.466541,0.653948,17236.55,3.83,135604964473462,26795598961,48132622132197,10683128780,a4fca1a57f0a268f14f95fa22cab587e,
LD,aom,av2,0,A2,ToddlerFountainCropped_1080x1080p2997_yuv420p10le_130frames.y4m,1080x1080,30.00,10,1080x1080,110,27219.349266,39.682454,45.853845,44.124864,14.631584,22.347669,99.974690,99.967602,44.348451,39.032080,39.495656,45.826126,44.086761,0.077501,733689.42,23.48,4020827993087253,99280495689,1898569356740678,63270492960,b2837e882e72501a22403dadb110287f,
LD,aom,av2,0,A2,ToddlerFountainCropped_1080x1080p2997_yuv420p10le_130frames.y4m,1080x1080,30.00,10,1080x1080,135,12295.451011,35.281419,44.380902,42.574189,10.762586,17.456196,99.626153,98.533485,37.526375,36.325963,35.120612,44.362762,42.552110,0.119217,820633.11,14.10,5641673233992771,77233112903,2291717199556581,39375419593,cc9e59422d6576daa49c33b7277789cb,
LD,aom,av2,0,A2,ToddlerFountainCropped_1080x1080p2997_yuv420p10le_130frames.y4m,1080x1080,30.00,10,1080x1080,160,4621.841543,31.494525,42.718424,40.870135,7.641148,13.015715,84.499688,82.488454,31.296120,33.690703,31.385834,42.695045,40.845589,0.162732,962813.62,9.34,6775880142330517,59615349393,2688760320948070,26101496280,6293295da7618734af8464f058ba5d91,
LD,aom,av2,0,A2,ToddlerFountainCropped_1080x1080p2997_yuv420p10le_130frames.y4m,1080x1080,30.00,10,1080x1080,185,1586.185507,28.546285,41.047607,38.986846,5.671805,9.688744,60.529461,58.680084,26.591048,31.414523,28.474187,41.023616,38.957080,0.239942,424383.19,7.24,3059936487440243,48464245054,1437401714339822,26394539926,11cfae6b8c79735c4877463d2220ffc3,
LD,aom,av2,0,A2,ToddlerFountainCropped_1080x1080p2997_yuv420p10le_130frames.y4m,1080x1080,30.00,10,1080x1080,210,508.712211,26.110567,39.681483,37.619620,4.473262,7.360918,36.273568,35.058703,23.035630,29.316095,26.060020,39.649508,37.604954,0.318085,154421.85,5.57,1163427524474296,39652326950,431227264122004,15588652902,e59f5d44c7500ade2b6ba4cc7b38248b,
LD,aom,av2,0,A2,ToddlerFountainCropped_1080x1080p2997_yuv420p10le_130frames.y4m,1080x1080,30.00,10,1080x1080,235,144.433413,23.903229,38.646132,36.934007,3.681799,5.472175,18.023679,17.380865,20.255970,27.429684,23.865446,38.623291,36.928875,0.359762,51764.55,4.49,418147031307367,34866691314,144556280341571,12576768776,8a3f9e04f411ad068e6136e193e47ce8,
LD,aom,av2,0,A2,TreesAndGrass_1920_1080_30fps_8bit.y4m,1920x1080,30.00,8,1920x1080,110,52908.437538,38.904345,42.777394,45.222305,17.320928,24.765511,99.976733,99.970284,45.885896,41.191373,38.674362,42.616045,45.146164,0.000056,905526.85,28.82,6443385806511402,170379242675,2528757785736031,80478403091,4045c0ef3b11bf0fa4a9a8000d547447,
LD,aom,av2,0,A2,TreesAndGrass_1920_1080_30fps_8bit.y4m,1920x1080,30.00,8,1920x1080,135,18762.134769,33.732377,40.182172,43.276610,13.096609,19.663415,99.935341,99.838049,38.604496,36.887130,33.500571,40.044325,43.226168,0.000058,1184337.14,19.14,8365692518140685,115185458922,3307330864090685,53482782437,c7309213d2f93ad3f258335c82eb42be,
LD,aom,av2,0,A2,TreesAndGrass_1920_1080_30fps_8bit.y4m,1920x1080,30.00,8,1920x1080,160,5199.550154,29.476237,37.890570,41.424831,9.616961,15.457515,96.735248,94.929200,32.265165,33.196984,29.282695,37.785796,41.384027,0.000340,1108755.98,10.44,7996253439320456,66443094301,3093540301600367,29152394028,f9cbb1ddc046a1ca42e11f427fe78969,
LD,aom,av2,0,A2,TreesAndGrass_1920_1080_30fps_8bit.y4m,1920x1080,30.00,8,1920x1080,185,1800.804923,26.224017,35.830487,39.766310,6.643370,11.558109,81.342364,79.072535,27.036519,30.217035,26.072704,35.751797,39.729453,0.008088,703750.90,8.90,4337404712654917,47808710955,1968449664387318,26471832496,462ac152a5e66714e94d4799940d9b5b,
LD,aom,av2,0,A2,TreesAndGrass_1920_1080_30fps_8bit.y4m,1920x1080,30.00,8,1920x1080,210,564.199385,23.301985,34.032915,38.199763,4.057808,7.721549,59.693676,57.918527,22.389306,27.436013,23.193004,33.979530,38.154551,0.039096,375989.32,7.03,2201249303861985,37888824750,978060677909117,19829202013,553816b237eef31812c9fad4fab6664e,
LD,aom,av2,0,A2,TreesAndGrass_1920_1080_30fps_8bit.y4m,1920x1080,30.00,8,1920x1080,235,137.536615,21.236740,32.379243,36.462107,2.507554,4.935260,40.811306,39.613235,19.141095,25.330308,21.180589,32.333543,36.402336,0.118704,145895.72,5.80,969402255044743,35479388793,412004158726289,17905357846,bdab1aa8e9b467561c602853cf87218f,
LD,aom,av2,0,A2,TunnelFlag_1920x1080_5994_10bit_420.y4m,1920x1080,60.00,10,1920x1080,110,19083.845385,41.811964,46.890483,49.639281,16.725549,24.280526,99.978455,99.973654,45.990643,42.918536,41.704008,46.850669,49.620770,0.004718,556191.15,21.13,3138021679627704,97610350399,1443305740805867,58294106477,509f5b2cbe288fb3be4b429b899ea8e2,
LD,aom,av2,0,A2,TunnelFlag_1920x1080_5994_10bit_420.y4m,1920x1080,60.00,10,1920x1080,135,7605.272266,38.716473,45.256090,48.280703,14.595451,21.404636,99.973808,99.966421,40.806228,40.692741,38.617186,45.223399,48.257418,0.005683,554870.67,15.80,3061523672681173,79049112945,1436745598323768,43900598367,563a096ce203d43f0dd8c9bff4a1cc32,
LD,aom,av2,0,A2,TunnelFlag_1920x1080_5994_10bit_420.y4m,1920x1080,60.00,10,1920x1080,160,3089.236917,35.553875,43.401984,46.589987,12.399766,18.382012,99.961215,99.950237,35.460932,38.233295,35.465587,43.358529,46.558001,0.008393,369649.12,9.64,2677583387020725,65744985424,1032381852787263,26953358898,9a9df97135177c9b07caeb15260a8e72,
LD,aom,av2,0,A2,TunnelFlag_1920x1080_5994_10bit_420.y4m,1920x1080,60.00,10,1920x1080,185,1405.160993,32.609751,41.597720,45.132363,10.968318,16.260848,99.020875,97.357412,31.033194,35.938804,32.530088,41.552324,45.102210,0.009023,247499.72,10.51,1435374809588427,57419954302,644207636792618,29405497586,f1336c0cad013b2f4c9d1293241c67a7,
LD,aom,av2,0,A2,TunnelFlag_1920x1080_5994_10bit_420.y4m,1920x1080,60.00,10,1920x1080,210,677.805886,29.475718,39.772866,43.449004,9.532724,13.848785,84.592552,81.828951,26.786278,33.375614,29.387841,39.734383,43.414730,0.009680,102689.06,8.47,774466441540978,53357515819,352784316511294,31269918948,b9569bf381e54cc96bf0fdbb3aa6b130,
LD,aom,av2,0,A2,TunnelFlag_1920x1080_5994_10bit_420.y4m,1920x1080,60.00,10,1920x1080,235,326.070237,26.097128,38.134117,41.103479,7.897327,11.055702,65.152770,62.506212,22.655415,30.502313,26.005873,38.119405,41.082675,0.003731,72464.59,8.49,460474554569756,46204964729,192210986545260,23193850998,931001215749f85cacff41b3fd6d4a41,
LD,aom,av2,0,A2,Vertical_bees_1080x1920_2997.y4m,1080x1920,30.00,8,1080x1920,110,3309.416122,45.428068,48.562127,49.688830,20.342081,26.715404,98.745242,97.420480,47.135129,46.536228,45.339591,48.470716,49.600302,0.036888,226359.17,11.39,1690901597515015,69481926735,768868172446590,41434072313,67f72c7f5f5ba1c292894474e4e7d785,
LD,aom,av2,0,A2,Vertical_bees_1080x1920_2997.y4m,1080x1920,30.00,8,1080x1920,135,1204.929839,42.782373,46.399967,47.757798,18.619240,24.191045,95.742312,93.604801,43.028563,44.362023,42.723175,46.345607,47.707294,0.083623,224300.80,10.13,1288880891628274,57023237172,582111783263625,28550702366,cbc314bbb3c5ebbbcd38988aa09667d2,
LD,aom,av2,0,A2,Vertical_bees_1080x1920_2997.y4m,1080x1920,30.00,8,1080x1920,160,513.053716,39.723922,43.698844,45.293480,16.483503,21.138964,88.970467,86.422535,38.419541,41.650849,39.666059,43.654040,45.232153,0.153854,189095.65,8.98,1102680079853074,49437690981,492099680190218,25446241568,d3a25357573485f3a85ea1a62ac84bff,
LD,aom,av2,0,A2,Vertical_bees_1080x1920_2997.y4m,1080x1920,30.00,8,1080x1920,185,237.290709,36.419991,40.855975,42.506585,14.121177,17.791505,77.189546,74.391765,33.883346,38.600037,36.357178,40.826434,42.438865,0.295354,112873.23,6.68,668332289312157,35676817297,294704692401582,19097608591,b292c4e7b57fdb9a96bc092dd8a7db10,
LD,aom,av2,0,A2,Vertical_bees_1080x1920_2997.y4m,1080x1920,30.00,8,1080x1920,210,107.827557,32.888843,37.762250,39.568137,11.724345,14.325747,59.651522,57.007621,29.519667,35.315136,32.828465,37.748418,39.475517,0.280952,49253.77,4.79,384365532838331,29274772112,169618074816196,17616819342,515492028b0d93965f2e55b60e0d9f09,
LD,aom,av2,0,A2,Vertical_bees_1080x1920_2997.y4m,1080x1920,30.00,8,1080x1920,235,47.223546,29.452925,35.008423,36.028803,9.628115,11.041492,38.839484,36.969612,25.584103,32.051741,29.397542,35.002258,35.864948,0.252030,32605.39,3.36,204545463174186,19601519806,86520262030030,9604556819,c847af2575de2836190df8023d69f3ea,
LD,aom,av2,0,A2,WorldCup_1920x1080_30p.y4m,1920x1080,30.00,8,1920x1080,110,4733.721231,46.281679,50.625266,50.562061,19.834924,24.880011,99.946922,99.493581,46.038288,46.488782,46.191149,50.551530,50.494858,0.270508,534413.33,17.14,3035916179383407,86076764146,1390566059903179,47527599710,009898267250c4c87ade13020fd54e02,
LD,aom,av2,0,A2,WorldCup_1920x1080_30p.y4m,1920x1080,30.00,8,1920x1080,135,2130.319385,43.277217,48.564586,48.639697,17.910098,21.840337,97.613654,95.511387,41.974338,44.329413,43.189809,48.511229,48.597523,0.282639,513886.98,13.96,2978992437364092,75667137929,1336456921818793,39151180639,f43d2446be695d98749c35a31d9c07da,
LD,aom,av2,0,A2,WorldCup_1920x1080_30p.y4m,1920x1080,30.00,8,1920x1080,160,986.911385,39.839244,46.147084,46.297221,15.667000,18.473870,88.770454,85.816902,37.562600,41.710131,39.746992,46.094543,46.251241,0.336734,343875.88,11.92,1984661113765623,66114637557,894881876659014,33775114497,238105ff1d96a3637ba75593f88c3b80,
LD,aom,av2,0,A2,WorldCup_1920x1080_30p.y4m,1920x1080,30.00,8,1920x1080,185,472.290462,36.343919,43.658127,43.731012,13.523860,15.218203,74.294271,70.808905,33.314329,38.912967,36.256057,43.599094,43.686360,0.346632,193657.28,10.22,1164730486870421,60599047451,505710453965721,29171973084,a720529ed412d64aafeca045425021e4,
LD,aom,av2,0,A2,WorldCup_1920x1080_30p.y4m,1920x1080,30.00,8,1920x1080,210,221.564308,32.846998,41.181032,40.915739,11.724137,12.258648,55.426434,51.936152,29.319267,35.988105,32.761710,41.108485,40.854177,0.347185,104195.19,9.98,649148209149679,60740362368,274777857956398,28519371959,71e24936f146394f7dfa50ffb2d58bab,
LD,aom,av2,0,A2,WorldCup_1920x1080_30p.y4m,1920x1080,30.00,8,1920x1080,235,100.611692,29.414647,38.529533,37.959025,10.315481,9.821665,34.924819,32.190355,25.590793,32.927364,29.338625,38.461252,37.890948,0.399440,47121.54,6.71,384379108980112,52169001347,131583603022026,18723091763,10ad384c1d93ea3d5f32f2fb0dcf767e,
LD,aom,av2,0,A3,ControlledBurn_1280x720p30_420.y4m,1280x720,30.00,8,1280x720,110,4210.133538,42.571447,48.652912,47.605925,17.160564,23.600763,97.007180,95.493148,44.267518,43.290452,42.114395,48.588873,47.491978,1.252592,417548.12,6.70,2212149702647183,29322077507,1077221663403106,18091214182,9bab43e125911ce3402c9735a7b09cf0,
LD,aom,av2,0,A3,ControlledBurn_1280x720p30_420.y4m,1280x720,30.00,8,1280x720,135,1735.995692,39.567601,46.914684,45.462300,15.053431,20.382182,91.469375,89.525898,40.033981,40.879644,39.047172,46.860773,45.328345,1.297556,218627.92,4.95,1174013006200674,25064584739,563582381654260,13595637679,8fb59f00da8dd19fbd24b629f78e71c6,
LD,aom,av2,0,A3,ControlledBurn_1280x720p30_420.y4m,1280x720,30.00,8,1280x720,160,711.121846,36.412973,44.773181,42.998448,12.829518,17.036731,79.838599,77.719656,35.549533,38.214621,35.848642,44.711839,42.821841,1.443236,129987.87,3.17,921088187862013,19618904365,439593035824958,11554631747,c27d36f049db2929fe389ae89f58e1a5,
LD,aom,av2,0,A3,ControlledBurn_1280x720p30_420.y4m,1280x720,30.00,8,1280x720,185,292.379077,33.324337,42.429022,40.316826,10.661329,13.873551,63.658961,61.608118,31.477317,35.462596,32.761267,42.360896,40.063925,1.600518,64141.05,2.09,457244986083440,14388884623,179115487991115,5843507698,58184236c453ffbbdf131022d3bbbdd1,
LD,aom,av2,0,A3,ControlledBurn_1280x720p30_420.y4m,1280x720,30.00,8,1280x720,210,108.583385,30.188816,39.896360,37.732344,8.536609,10.782169,44.486677,42.882014,27.636748,32.568205,29.605302,39.828968,37.363116,1.924777,35559.34,2.48,203952643804107,14096647429,92586496973106,7059154777,9d4e91229734883fef61fb33a84dca4d,
LD,aom,av2,0,A3,ControlledBurn_1280x720p30_420.y4m,1280x720,30.00,8,1280x720,235,36.326769,27.315154,37.096456,35.069270,6.903573,8.030828,27.713055,26.600031,24.122836,29.738748,26.726105,36.979748,34.588172,2.237129,14779.91,2.27,86891469674455,13334929664,38937134358623,6558888616,93d5fcc7a17eb2e97d1f38592d568c96,
LD,aom,av2,0,A3,DrivingPOV_1280x720p_5994_10bit_420.y4m,1280x720,60.00,10,1280x720,110,8787.895182,40.984823,45.035661,44.192632,16.341788,24.571361,99.155880,97.987440,46.504852,40.305209,40.841048,44.982461,44.158094,0.000566,521508.36,6.49,3660696448828131,39079303415,1456430483591617,18130347567,a387103ff46184fa9b7e60ac97fdf6f3,
LD,aom,av2,0,A3,DrivingPOV_1280x720p_5994_10bit_420.y4m,1280x720,60.00,10,1280x720,135,3346.219319,37.389660,43.173154,43.039699,13.529034,21.013610,95.825117,94.128275,41.258738,38.150112,37.265579,43.112923,43.014673,0.027900,301024.01,5.15,2098977019707682,32747548442,840678665335098,14399494110,a3d9a60f35d0f631dc300d151a7c1496,
LD,aom,av2,0,A3,DrivingPOV_1280x720p_5994_10bit_420.y4m,1280x720,60.00,10,1280x720,160,1229.962653,33.989254,41.096167,41.589289,11.090204,17.807341,88.452183,86.365554,35.816403,35.864892,33.882762,41.013940,41.544600,0.232010,307296.07,4.88,1734572030145902,26240756592,796498664499143,13754811344,c916b47c56e70b7e96ab4d507e16044b,
LD,aom,av2,0,A3,DrivingPOV_1280x720p_5994_10bit_420.y4m,1280x720,60.00,10,1280x720,185,463.729501,30.931696,39.149919,40.084093,8.922298,14.855063,75.501565,73.100209,30.864666,33.545436,30.847570,39.075745,40.029722,0.383478,166862.24,3.29,938548673326171,20324926727,432917891007039,9358330657,4d4426fd7eece61adf35d0361cb52a81,
LD,aom,av2,0,A3,DrivingPOV_1280x720p_5994_10bit_420.y4m,1280x720,60.00,10,1280x720,210,179.156228,28.137032,37.128951,38.503913,7.032721,11.783987,56.918575,54.526516,26.396359,31.241460,28.070448,37.073501,38.449167,0.402287,74920.92,2.40,446438265410889,13785359174,195154560871123,6820100632,adc6ae68314f33207783401970705891,
LD,aom,av2,0,A3,DrivingPOV_1280x720p_5994_10bit_420.y4m,1280x720,60.00,10,1280x720,235,70.810420,25.512994,35.211155,36.940809,5.567168,8.918099,35.096584,33.015673,22.544509,28.854428,25.451399,35.158574,36.893590,0.233959,26928.65,1.95,220348702918455,15666479004,75211518017304,5454314086,eaac72ec55af1314dad55846139d0a8f,
LD,aom,av2,0,A3,Johnny_1280x720_60.y4m,1280x720,60.00,8,1280x720,110,2375.128615,43.439927,48.783832,49.429566,15.575899,22.336921,96.619677,95.265331,43.841613,44.234986,43.379439,48.775325,49.422480,9.495510,328893.54,3.92,1842438539691144,17223363906,850934306691542,10767173580,c3ac732220e0be10be3e83ed7a2e511a,
LD,aom,av2,0,A3,Johnny_1280x720_60.y4m,1280x720,60.00,8,1280x720,135,585.972923,41.982915,47.921328,48.531593,14.745165,21.090139,94.953008,93.237346,42.094990,43.307645,41.962786,47.914441,48.523901,11.021892,110886.73,2.75,647548894511108,13193633218,287341295613866,7682805397,5dbfdd8aace18951adc89f89f64a0059,
LD,aom,av2,0,A3,Johnny_1280x720_60.y4m,1280x720,60.00,8,1280x720,160,218.592000,40.271571,46.582856,47.026506,13.807848,19.620225,91.580450,89.450355,39.703643,42.129784,40.253175,46.574428,47.016864,10.942881,54106.58,2.22,325147265825824,11358530373,140895070737791,6238627887,8787a5ebe6869e232237eea5b806d2a6,
LD,aom,av2,0,A3,Johnny_1280x720_60.y4m,1280x720,60.00,8,1280x720,185,103.536000,37.967728,44.788255,45.105021,12.527801,17.695181,85.024381,82.439371,36.576986,40.468375,37.943415,44.781631,45.099199,10.838700,28335.28,1.83,171784879724490,9864688162,74190011271605,5221555326,e7e015e913045cc3b7ca58891bb3b5a5,
LD,aom,av2,0,A3,Johnny_1280x720_60.y4m,1280x720,60.00,8,1280x720,210,50.580923,35.034731,42.247722,42.781900,10.849892,15.227418,73.690416,70.529775,32.760119,38.202321,35.008492,42.242105,42.776934,11.355032,11859.51,1.17,95955799099835,8715565181,33119652455388,3290142383,23d463d65bc1cd0d0e07b5728ef3c877,
LD,aom,av2,0,A3,Johnny_1280x720_60.y4m,1280x720,60.00,8,1280x720,235,23.922462,31.884262,39.283437,39.607873,9.325415,12.765403,57.252433,53.661092,28.795554,35.595982,31.854094,39.280496,39.604164,11.059466,8529.30,1.56,55492651563037,8881319271,22788916051456,4418821664,9872297ad78ddd6d9a94f62c72938d5c,
LD,aom,av2,0,A3,KristenAndSara_1280x720_60.y4m,1280x720,60.00,8,1280x720,110,2452.260923,43.962693,48.323041,49.224055,16.276558,22.906129,96.779844,95.475734,43.960913,43.710745,43.909080,48.311577,49.215100,7.689420,291175.90,4.39,1639950851538808,20110315003,752986067900794,11979924534,dfffbd2b406f81651f595fcd78e1d781,
LD,aom,av2,0,A3,KristenAndSara_1280x720_60.y4m,1280x720,60.00,8,1280x720,135,730.648615,42.188434,47.261426,48.160782,15.308405,21.237465,94.956636,93.236720,41.740448,42.627936,42.157876,47.250283,48.151064,8.618327,104145.43,3.70,647515557242085,16481025228,290938206458240,11152653399,951d8f8e0ffde172b4e11aa60a3781a2,
LD,aom,av2,0,A3,KristenAndSara_1280x720_60.y4m,1280x720,60.00,8,1280x720,160,290.440615,39.997508,45.615670,46.465000,14.169317,19.181684,90.983300,88.773909,38.781695,41.200184,39.963930,45.601846,46.452421,8.845234,64815.24,2.80,377290476399884,15053741993,168762857230605,7823284945,cea72d6383983fd5c41045ed9c57cea8,
LD,aom,av2,0,A3,KristenAndSara_1280x720_60.y4m,1280x720,60.00,8,1280x720,185,135.703385,37.371007,43.644960,44.529473,12.851446,16.875032,83.252586,80.646566,35.417403,39.369070,37.334164,43.626613,44.514565,8.669385,28068.41,1.94,220580650378533,11584395946,95921223556307,7181913991,5668e240982bb59af81a7969a2e36a0d,
LD,aom,av2,0,A3,KristenAndSara_1280x720_60.y4m,1280x720,60.00,8,1280x720,210,63.924923,34.263948,40.967473,42.021269,11.347709,14.349327,71.946504,68.609260,31.613713,37.083895,34.224422,40.949687,42.008887,8.225632,19283.60,1.86,119611096985094,10990274841,50906989104297,5225067733,939e2a337a89041ffb63765f428945de,
LD,aom,av2,0,A3,KristenAndSara_1280x720_60.y4m,1280x720,60.00,8,1280x720,235,30.480000,30.829858,38.305182,39.251464,9.666323,11.671533,55.999704,52.532342,27.623334,34.301448,30.794698,38.283888,39.244791,7.099945,9809.30,1.54,62855495781329,8465114337,26243498701611,4389530770,402225f075d48c46dd28110f8f954062,
LD,aom,av2,0,A3,RollerCoaster_1280x720p_5994_10bit_420.y4m,1280x720,60.00,10,1280x720,110,4893.790517,44.123776,45.837955,46.333071,18.608572,25.756014,99.975784,99.966302,47.098870,43.429460,44.042354,45.782994,46.300469,0.026403,563257.08,6.53,3080491840240900,32867105245,1460139290159259,17856717409,70221abd8c1a7615e8df5a628bba16c6,
LD,aom,av2,0,A3,RollerCoaster_1280x720p_5994_10bit_420.y4m,1280x720,60.00,10,1280x720,135,2125.655268,40.701221,43.096911,44.248606,15.749205,22.189920,98.904988,97.160993,41.707604,41.003610,40.630741,43.027513,44.205294,0.049644,245160.26,4.10,1729539543218275,26866730149,684624230827336,11473137288,3b867677165a89d888e647e13e1da033,
LD,aom,av2,0,A3,RollerCoaster_1280x720p_5994_10bit_420.y4m,1280x720,60.00,10,1280x720,160,925.688465,37.140768,39.964145,41.783209,12.799281,18.396905,89.780491,87.361901,36.200600,38.249094,37.068128,39.873696,41.710118,0.089525,179326.14,2.89,1273021931902140,22854513694,500821613277128,8074188638,ab8ebae81d1717b89c3f5a1e61c2981f,
LD,aom,av2,0,A3,RollerCoaster_1280x720p_5994_10bit_420.y4m,1280x720,60.00,10,1280x720,185,415.567202,33.786521,36.906744,39.366613,10.309353,14.785509,72.424703,69.939163,31.255446,35.484030,33.712357,36.802777,39.283120,0.124374,119669.12,3.29,705887770956050,18957458975,311455431761232,9221303790,cfa58c6e1c9f98c2203b93a64f5b6816,
LD,aom,av2,0,A3,RollerCoaster_1280x720p_5994_10bit_420.y4m,1280x720,60.00,10,1280x720,210,182.000154,30.499319,34.117828,37.131321,8.227118,11.447817,49.043639,46.696661,26.899807,32.674499,30.426032,34.003943,37.038554,0.119530,59403.14,2.54,372536006642142,14892312547,155686341599483,7165436210,f56b0bd92517c82a0f72ff50c593fc78,
LD,aom,av2,0,A3,RollerCoaster_1280x720p_5994_10bit_420.y4m,1280x720,60.00,10,1280x720,235,76.122032,27.359435,31.489245,35.116188,6.595127,8.468319,23.440329,21.954288,23.215416,29.950552,27.292774,31.364384,35.006753,0.109873,30390.66,2.17,202440718772669,13077390152,80551466635043,6144468515,8928c5e50d5479f242567375537e8a44,
LD,aom,av2,0,A3,Vidyo3_1280x720p_60fps.y4m,1280x720,60.00,8,1280x720,110,3029.671385,44.062554,49.338501,49.286014,17.657732,24.283899,96.116513,94.349440,45.020820,43.586239,44.004617,49.329557,49.274144,1.950916,204036.03,3.22,1460083978819310,17654608183,690229431116490,11469545103,60930687a5c306fbb0715c6ae1090384,
LD,aom,av2,0,A3,Vidyo3_1280x720p_60fps.y4m,1280x720,60.00,8,1280x720,135,925.200000,41.906972,48.546735,48.198899,16.659357,22.643990,93.101938,90.932454,42.646192,42.361326,41.874428,48.537606,48.192494,2.064960,110444.92,2.97,629185836106050,15091580248,286022498684741,8309562361,720ae2cb60aac16bad1f1b86999007bd,
LD,aom,av2,0,A3,Vidyo3_1280x720p_60fps.y4m,1280x720,60.00,8,1280x720,160,364.777846,39.516223,47.395430,46.769960,15.525288,20.719520,87.947762,85.363640,39.334166,40.912845,39.484544,47.383647,46.762621,2.865816,69287.11,2.45,390764642482874,12247566306,179995634313858,6915533076,75beaf8a37599fb409e9308832556733,
LD,aom,av2,0,A3,Vidyo3_1280x720p_60fps.y4m,1280x720,60.00,8,1280x720,185,177.984000,36.526493,45.899277,44.804879,13.803390,18.113457,78.154323,75.419259,35.090319,38.951144,36.482381,45.884248,44.797246,3.496602,30309.71,1.52,226877805655549,10714204581,84640359826114,4275403429,02180d12854ec28427c9ccaf332df620,
LD,aom,av2,0,A3,Vidyo3_1280x720p_60fps.y4m,1280x720,60.00,8,1280x720,210,85.092923,32.960926,44.174290,42.294474,11.422898,14.657998,61.040156,58.107865,30.328686,36.277157,32.919248,44.165801,42.291418,3.357300,23661.45,1.94,144139389108989,10856101564,61985435310997,5268925276,6a3bbbad375262c44d516a1e5b4ddb8d,
LD,aom,av2,0,A3,Vidyo3_1280x720p_60fps.y4m,1280x720,60.00,8,1280x720,235,36.498462,29.386339,41.888337,39.742826,9.036216,10.872904,37.966853,35.389397,25.919860,33.358137,29.350390,41.887159,39.741683,3.048922,10788.26,1.20,88243262382173,9485419705,30126449489703,3341848255,e4a2a9a502a7c6510b568c738d671ad9,
LD,aom,av2,0,A3,Vidyo4_1280x720p_60fps.y4m,1280x720,60.00,8,1280x720,110,3293.881846,43.598252,49.133841,49.482400,16.425774,23.470301,97.026820,95.458963,44.515554,43.500137,43.506422,49.120841,49.470080,1.521775,248662.62,3.73,1736022385812473,20390806581,694336527423065,10406114065,82ebacb364fb68581a1a3dd131578dcb,
LD,aom,av2,0,A3,Vidyo4_1280x720p_60fps.y4m,1280x720,60.00,8,1280x720,135,937.085538,41.453565,48.103531,48.461253,14.969738,21.225222,94.596121,92.520081,41.568766,42.194662,41.389880,48.082614,48.440214,1.748706,125761.69,3.37,715089946216485,16441475424,325535015577525,9302735629,3f45b1e136f9b75f5061ef43f6abd5d6,
LD,aom,av2,0,A3,Vidyo4_1280x720p_60fps.y4m,1280x720,60.00,8,1280x720,160,361.827692,39.164965,46.631967,46.923771,13.450328,18.703016,89.855388,87.315103,38.118158,40.583299,39.097696,46.600181,46.881477,1.987298,74986.41,2.56,428502899788859,13582386624,194697166640851,7239857206,021253d3247166b9d7a6d1fc8953ea56,
LD,aom,av2,0,A3,Vidyo4_1280x720p_60fps.y4m,1280x720,60.00,8,1280x720,185,165.548308,36.458703,44.713003,44.858216,11.874593,16.029310,81.269009,78.320912,34.385926,38.505852,36.376285,44.680469,44.796396,2.200434,40451.51,2.09,243314677585952,11217809726,105498793797691,5964246080,60d9a5a724142d9e60c77c3642f3b4fc,
LD,aom,av2,0,A3,Vidyo4_1280x720p_60fps.y4m,1280x720,60.00,8,1280x720,210,76.508308,33.377121,42.455331,42.198385,10.200228,13.318895,67.836733,64.386065,30.425992,35.980903,33.275607,42.412838,42.123949,2.143029,20556.81,1.70,129060946158321,9115790116,54131709422695,4842663216,b7659d96bd78aa130d511efbe5b74cf8,
LD,aom,av2,0,A3,Vidyo4_1280x720p_60fps.y4m,1280x720,60.00,8,1280x720,235,35.121231,30.323905,39.772539,39.161628,8.875168,10.808172,50.259107,46.523438,26.754712,33.153864,30.229932,39.734096,39.086500,2.295233,11118.28,1.58,72371460922990,9146567879,29618079817309,4483175833,f7060ae35744299040c486dcfb41ff2e,
LD,aom,av2,0,A3,WestWindEasy_1280x720p30_420.y4m,1280x720,30.00,8,1280x720,110,9068.178462,42.681449,49.614819,51.142883,17.121223,24.440460,99.978580,99.974522,45.359985,45.355876,42.531198,49.573707,51.106983,0.185521,437253.59,6.56,2958026436499198,38559990641,1221150210489637,18304296821,3907d4b6664ef23ab87928b9e887f090,
LD,aom,av2,0,A3,WestWindEasy_1280x720p30_420.y4m,1280x720,30.00,8,1280x720,135,4286.699077,38.841781,47.865200,49.266910,13.990748,20.205620,99.975980,99.968363,39.615132,42.289080,38.694821,47.822625,49.236071,0.209446,404760.85,5.56,2734280944967385,34877655687,1130641279239027,15568437858,14876533e6c7cdcfbea95e8569c522bf,
LD,aom,av2,0,A3,WestWindEasy_1280x720p30_420.y4m,1280x720,30.00,8,1280x720,160,1732.838769,34.986464,46.038589,47.611170,10.920621,15.797793,96.634376,94.729324,33.737594,39.067631,34.841946,45.987178,47.581142,0.467530,502605.06,6.20,2773031473306111,29595486082,1301262421473735,17279634160,8c1858b03b2f4f4dd6cefab51c69b336,
LD,aom,av2,0,A3,WestWindEasy_1280x720p30_420.y4m,1280x720,30.00,8,1280x720,185,603.520615,31.593950,43.787398,46.268858,8.556835,11.850706,82.593025,80.318861,28.923954,35.963102,31.455238,43.727148,46.233894,0.859187,220478.36,4.12,1251039237408047,21622038992,571728474653691,11539462469,d919bb8f7e4f4dd10136ca29e0d83f9f,
LD,aom,av2,0,A3,WestWindEasy_1280x720p30_420.y4m,1280x720,30.00,8,1280x720,210,188.627077,28.838703,41.762076,44.765910,7.157343,8.800185,66.974906,64.715651,25.565285,33.067553,28.731642,41.703227,44.745439,1.573765,62932.37,2.29,490805342043191,18078986542,175745432401087,6396687216,0bd642abc07e587b5ead491d4b6fa3ac,
LD,aom,av2,0,A3,WestWindEasy_1280x720p30_420.y4m,1280x720,30.00,8,1280x720,235,58.938462,26.397735,39.270770,41.912131,6.400731,6.638867,55.314011,52.899634,23.113909,30.539112,26.322918,39.222455,41.889879,1.906139,27442.41,2.38,179982193402928,13565011621,72852702725012,6768092211,4590b8c343816fb8200d68379c00f8f2,
LD,aom,av2,0,A4,BlueSky_360p25_v2.y4m,640x360,25.00,8,640x360,110,1156.916923,41.768665,42.715451,45.079684,20.102297,27.209283,99.977122,99.971380,48.425253,42.277053,41.504789,42.447279,44.913295,0.030756,123783.66,2.07,868690530984277,11695807913,419426701300593,7326787946,a8e7c9c31162d2a3e2e7e36fc9e36d3f,
LD,aom,av2,0,A4,BlueSky_360p25_v2.y4m,640x360,25.00,8,640x360,135,424.701538,37.682800,39.856013,42.783989,17.251770,23.940128,99.781973,98.967525,42.954013,39.492925,37.411659,39.643902,42.671018,0.069958,70190.69,1.45,498974703439094,9599477730,196015522753751,4031787791,9095739d0376b0be9b10f3c3ddbb6695,
LD,aom,av2,0,A4,BlueSky_360p25_v2.y4m,640x360,25.00,8,640x360,160,158.238462,33.881013,36.999486,40.453883,14.262016,20.431285,93.479838,91.483872,37.068188,36.771866,33.627544,36.826671,40.357130,0.114187,66119.90,1.23,371412292592592,7330385783,171394445570746,3386376860,c0da8229ba8617415f10a7b9152fc159,
LD,aom,av2,0,A4,BlueSky_360p25_v2.y4m,640x360,25.00,8,640x360,185,63.876923,30.173819,34.769425,38.222239,11.353769,16.909717,81.301428,79.148267,31.657470,34.042602,29.919873,34.632050,38.103236,0.212698,31192.62,0.71,216757255503715,4945165381,105773755771809,2521447280,3ea0fbe5a9422c3c16121da83b7a3e8a,
LD,aom,av2,0,A4,BlueSky_360p25_v2.y4m,640x360,25.00,8,640x360,210,26.941538,26.584175,32.806670,36.346491,8.664884,13.272587,62.899192,60.950937,26.341120,31.283866,26.367569,32.639406,36.219476,0.125951,16189.97,0.55,122777030700641,4117238228,45211298299514,1547899280,56b6933ae2bbb175e66e4d6dd363ce15,
LD,aom,av2,0,A4,BlueSky_360p25_v2.y4m,640x360,25.00,8,640x360,235,10.736923,23.217066,31.484855,35.036635,6.271760,9.459320,39.378171,37.916064,21.430456,28.463367,23.028871,31.338086,34.881092,0.186636,9134.50,0.43,72018735287620,3236660975,25512329006124,1240343006,c04864a29c5cf661238cbb34b87873d0,
LD,aom,av2,0,A4,RedKayak_360_2997.y4m,640x360,30.00,8,640x360,110,6681.640206,39.897628,44.606382,49.247057,14.531162,21.543499,99.973858,99.965799,43.957842,40.435878,39.689108,44.524096,49.184301,0.246382,297782.56,4.54,1575747331125439,19371139271,769496781902190,12155867191,b9e507714230560ac6df509739b25810,
LD,aom,av2,0,A4,RedKayak_360_2997.y4m,640x360,30.00,8,640x360,135,3348.556059,35.051729,42.105237,47.413859,10.998606,17.174997,96.991088,95.254647,37.778769,37.087454,34.818253,42.036697,47.317399,0.231502,215250.11,3.37,1150454428280704,15674662281,555700384637321,9070633411,84f53e1e535eb9f7c0cbbb22d91b1fe9,
LD,aom,av2,0,A4,RedKayak_360_2997.y4m,640x360,30.00,8,640x360,160,1217.637132,30.613938,39.761329,45.577740,7.943135,13.240863,77.011016,75.170980,32.096959,33.909386,30.404916,39.704811,45.458568,0.203353,302953.58,2.11,2064330899074049,11951427042,846060933037822,5890670993,9b35d04abc33676a5417d0d8f124cb99,
LD,aom,av2,0,A4,RedKayak_360_2997.y4m,640x360,30.00,8,640x360,185,327.064320,27.384494,38.075568,44.218433,5.795927,9.920981,47.291923,45.995004,27.296631,31.418439,27.248253,38.029655,43.972458,0.266134,115857.07,1.21,828087321771217,8290348697,391913086078471,4353735520,f98b25ce093909c8b7b4c49825d90be8,
LD,aom,av2,0,A4,RedKayak_360_2997.y4m,640x360,30.00,8,640x360,210,83.855222,25.438051,36.327460,42.387119,4.758603,7.393165,18.818461,18.229452,23.701938,29.346465,25.362331,36.271775,41.972243,0.209546,29730.39,1.04,215498851210568,7565913267,83026897580822,2893492556,b52ceb0505c392619fc4e1587ef3e33d,
LD,aom,av2,0,A4,RedKayak_360_2997.y4m,640x360,30.00,8,640x360,235,25.136095,23.859001,34.873328,40.259109,4.259564,5.547406,5.008752,4.986721,21.231122,27.449366,23.800745,34.776703,39.948107,0.215816,7656.11,0.63,59188045409353,4216702379,21379592915959,1776728927,d552edb6738e31cf6bce3d720bab05bc,
LD,aom,av2,0,A4,SnowMountain_640x360_2997.y4m,640x360,30.00,8,640x360,110,571.761777,41.468796,48.975302,49.936985,20.103147,27.193951,95.272444,93.739189,49.104413,43.005446,41.331533,48.972880,49.935414,1.179305,107507.93,0.97,601407446122440,3757059018,278650600721706,2613139303,530908e2731c352ff26554a71da2c751,
LD,aom,av2,0,A4,SnowMountain_640x360_2997.y4m,640x360,30.00,8,640x360,135,182.282333,38.612974,47.408779,48.806206,17.785906,24.697824,92.902179,91.150985,45.309968,41.118717,38.561011,47.408161,48.805671,1.191067,33927.45,0.48,189254642938451,2111106564,87836323333969,1328137219,50ce9e4610059e78e1b1fe8995aa929c,
LD,aom,av2,0,A4,SnowMountain_640x360_2997.y4m,640x360,30.00,8,640x360,160,82.200876,35.549706,45.603798,47.278387,14.921581,21.634733,89.096451,87.015161,40.917232,38.823105,35.530930,45.603532,47.277930,1.259395,20298.17,0.39,109199174783584,1969661350,52604445487253,1071108832,896bfbb68077c5ea80faf2e21c6c4bb9,
LD,aom,av2,0,A4,SnowMountain_640x360_2997.y4m,640x360,30.00,8,640x360,185,44.493968,31.988637,43.748281,45.730297,11.595199,17.959039,81.676483,79.550905,36.095011,35.999578,31.983369,43.748198,45.730168,1.042505,14165.38,0.31,78924735029529,1804171909,36702771034313,872604040,6dc8736ab7974c4c4c2588dfe168e37a,
LD,aom,av2,0,A4,SnowMountain_640x360_2997.y4m,640x360,30.00,8,640x360,210,19.512795,27.589204,41.598428,43.377410,8.526638,14.112146,66.527479,64.336319,30.594669,32.505095,27.588371,41.598368,43.377296,1.027293,8179.87,0.25,59388444104569,1511557793,27816917029804,928301602,1f8f0513571cc555a91ebcd830cf3783,
LD,aom,av2,0,A4,SnowMountain_640x360_2997.y4m,640x360,30.00,8,640x360,235,7.664950,23.881227,39.847013,41.368533,6.216018,10.756121,42.044747,39.874215,24.951247,29.428698,23.880908,39.846971,41.368455,0.716605,4929.14,0.26,36973426261662,1805859597,16820508441286,1005148047,5511a33288b950f3e257190281604dfa,
LD,aom,av2,0,A4,SpeedBag_640x360_2997.y4m,640x360,30.00,8,640x360,110,264.416814,46.707930,50.061298,51.742700,19.741787,26.417113,97.844478,96.426371,48.446611,45.679211,46.577715,50.009329,51.669236,0.015790,42816.07,1.15,232426425108842,5271912480,110597655991538,3171150935,3d2e65139003604b2eb028099690782c,
LD,aom,av2,0,A4,SpeedBag_640x360_2997.y4m,640x360,30.00,8,640x360,135,121.914393,44.174352,48.172784,50.276625,18.313289,23.938892,95.630786,93.564587,44.565856,43.976479,43.985329,48.092028,50.139197,0.057596,21871.47,0.92,119945439606663,4895783703,56508986701384,2505048941,a1d7bf7c30be0ea34f9d762697e0cf71,
LD,aom,av2,0,A4,SpeedBag_640x360_2997.y4m,640x360,30.00,8,640x360,160,58.886959,41.170251,45.795630,48.039364,16.741921,21.107697,89.927423,86.978509,40.301908,41.782251,40.965974,45.699638,47.841530,0.077179,11690.62,0.62,86221983435104,4061922029,39607876540253,2241914282,a29e827bd0bd0562006a9e061a34bd38,
LD,aom,av2,0,A4,SpeedBag_640x360_2997.y4m,640x360,30.00,8,640x360,185,29.665719,37.931233,42.900469,45.659960,14.949230,18.134723,79.331414,75.816119,36.070385,39.052651,37.717919,42.798554,45.437331,0.075090,7971.47,0.64,46078405569538,3302623975,20726831446682,1755835675,303d52047e02fbafb3419922ae130526,
LD,aom,av2,0,A4,SpeedBag_640x360_2997.y4m,640x360,30.00,8,640x360,210,15.969876,34.715564,40.210366,43.038016,13.194759,15.049385,62.869237,59.295777,31.924361,36.187348,34.486072,40.113192,42.704031,0.064938,3696.69,0.44,22182313897793,2511523556,9696087453562,1277317131,dde99eb835b4d9b56efd93dc4ed74b71,
LD,aom,av2,0,A4,SpeedBag_640x360_2997.y4m,640x360,30.00,8,640x360,235,9.046338,30.932306,37.461844,40.017117,11.212765,11.966665,41.432792,38.424053,27.617387,32.906175,30.703775,37.387257,39.692197,0.135689,1244.92,0.33,9596152216506,2155167712,4330022425275,1224389421,794a23f07bd9c6070ef664e13794930b,
LD,aom,av2,0,A4,Stockholm_640x360_5994.y4m,640x360,60.00,8,640x360,110,1518.903251,40.044257,45.917073,45.421028,15.350377,24.199210,99.501575,97.875536,47.681757,40.366720,39.916887,45.886562,45.403334,0.000071,166522.01,1.40,928988864113864,7668152063,431176500218437,3768357518,bee1cbed27a427a0861b461805987827,
LD,aom,av2,0,A4,Stockholm_640x360_5994.y4m,640x360,60.00,8,640x360,135,481.689388,37.707834,44.128342,43.779333,13.771980,22.099877,97.341224,95.367790,43.971327,38.598024,37.666810,44.097547,43.762328,0.006253,54622.54,1.01,396656507030476,5913986984,184938475586794,3548450481,be6ebfccf92ed1b9344450f07d9d074d,
LD,aom,av2,0,A4,Stockholm_640x360_5994.y4m,640x360,60.00,8,640x360,160,200.100207,34.974257,41.796013,41.457906,11.881915,19.576157,92.806524,90.555125,39.187581,36.433971,34.937545,41.764720,41.439414,0.032843,36101.53,0.79,252540505362512,5261601847,100818666864125,2202153550,0b5cc37cc8bb5e8efef41d0dd0a1cb94,
LD,aom,av2,0,A4,Stockholm_640x360_5994.y4m,640x360,60.00,8,640x360,185,90.983478,31.601896,39.767707,39.253875,9.367424,16.144535,82.856405,80.056253,33.683073,33.918293,31.567027,39.739034,39.235795,0.055021,25582.75,0.56,148810825171342,3396377667,66284889239774,1525321072,5659810d6eb153948fee60e882b9c309,
LD,aom,av2,0,A4,Stockholm_640x360_5994.y4m,640x360,60.00,8,640x360,210,38.287866,28.048385,37.588403,37.156229,6.678025,12.167989,63.016303,59.993281,28.066327,31.019366,28.025480,37.553451,37.136261,0.056689,13710.51,0.54,80166819215943,3154372622,35600178627952,1506792742,464069dd126a7dce0c284857032bb97b,
LD,aom,av2,0,A4,Stockholm_640x360_5994.y4m,640x360,60.00,8,640x360,235,15.366787,24.944988,36.059880,35.694365,4.564004,8.485068,34.301859,32.322090,23.316432,28.446749,24.927098,36.033813,35.679362,0.044017,4437.59,0.33,34818574578185,2296711021,12392552997930,924413680,1030d07535c9eea35c7c6dfb783554e4,
LD,aom,av2,0,A4,TouchdownPass_640x360_2997.y4m,640x360,30.00,8,640x360,110,859.274879,41.899426,47.540812,47.470345,15.949774,24.217154,96.859118,94.928630,48.174656,42.270364,41.822482,47.509706,47.437735,0.000000,93667.42,1.29,663536857302536,8466605568,261621235995875,3622205494,32cdfab14afa22844f0d80f57fbda981,
LD,aom,av2,0,A4,TouchdownPass_640x360_2997.y4m,640x360,30.00,8,640x360,135,380.270806,38.565526,45.511845,45.136673,13.214663,21.063936,93.224196,90.865886,43.021677,39.899318,38.495915,45.482200,45.091033,0.000042,58097.36,1.10,417168798926124,7101925517,162246359529336,3102656926,4d81d20e32e0173f664645e4f427233d,
LD,aom,av2,0,A4,TouchdownPass_640x360_2997.y4m,640x360,30.00,8,640x360,160,155.571198,34.718814,43.603081,42.732775,9.498738,16.388754,84.414898,81.898306,36.846672,36.899546,34.667187,43.573411,42.683303,0.002029,50880.71,0.89,368798361395619,6063963677,142152094239088,2467788460,424e81d7e7ddac5e995c87f4dc388d74,
LD,aom,av2,0,A4,TouchdownPass_640x360_2997.y4m,640x360,30.00,8,640x360,185,62.177207,31.318661,42.086460,40.367884,6.648450,11.778633,68.011794,65.595795,31.181001,34.228741,31.282813,42.070314,40.332025,0.019065,36724.09,0.88,214508871839609,5133105922,95223082825639,2472936793,3e4ef65c098dd7db8ef96d3ef76f06cf,
LD,aom,av2,0,A4,TouchdownPass_640x360_2997.y4m,640x360,30.00,8,640x360,210,25.172981,28.611156,40.241901,38.436375,5.522649,9.000540,46.241560,44.518343,27.011982,32.208207,28.575988,40.229781,38.417568,0.969031,15992.84,0.58,95524384803337,3394787498,41634641017352,1653410054,5be4a54e5b593c0c90be44d146f4f5c2,
LD,aom,av2,0,A4,TouchdownPass_640x360_2997.y4m,640x360,30.00,8,640x360,235,9.529547,25.964070,38.500862,36.788885,4.894633,7.537545,22.879868,21.954016,23.319211,30.487262,25.925063,38.494063,36.778182,1.268853,5791.93,0.46,46552058596848,3525158614,16178230273751,1285072611,695cda6033649d1d33cfe9e5779ea306,
LD,aom,av2,0,A5,FourPeople_480x270_60.y4m,480x270,60.00,8,480x270,110,601.044923,43.823479,47.155762,48.189220,20.161205,28.637318,96.727824,95.459187,47.910944,43.156191,43.726841,47.124125,48.148675,1.765349,35643.73,0.70,189481552777621,2505974742,92121954630654,1910606102,da0d000392fcc218f408f70ebada27ee,
LD,aom,av2,0,A5,FourPeople_480x270_60.y4m,480x270,60.00,8,480x270,135,298.600615,40.385486,44.991425,45.771891,17.826673,25.706675,94.735832,93.137622,43.786356,40.909352,40.275223,44.958436,45.728211,2.010524,21664.24,0.49,119634992988745,2241527766,56101893540609,1385105722,69154de2e6b32b6f8fba9c01a2d90165,
LD,aom,av2,0,A5,FourPeople_480x270_60.y4m,480x270,60.00,8,480x270,160,146.001231,36.560660,42.534293,43.151943,14.875805,21.983944,90.162080,88.071243,38.381564,38.241715,36.459266,42.507981,43.118024,2.195687,19241.61,0.37,106885381922818,1692426116,49850356799639,995232940,c372c2f71cbca90e69fc6f8a43d8d1d6,
LD,aom,av2,0,A5,FourPeople_480x270_60.y4m,480x270,60.00,8,480x270,185,72.694154,32.738139,40.066696,40.490146,11.857700,18.111284,81.602859,78.989049,33.065167,35.256991,32.666431,40.053560,40.474396,1.563892,11152.48,0.34,61442434788187,1736727709,28880804088158,929569679,62c591030e4e09789099965557978ca7,
LD,aom,av2,0,A5,FourPeople_480x270_60.y4m,480x270,60.00,8,480x270,210,31.358769,28.751578,36.765071,37.527028,8.680591,13.750352,66.051317,63.148190,27.655604,31.783507,28.706775,36.759227,37.517787,1.899646,5608.35,0.26,31772007767943,1435919314,14566476066432,712455562,95065c5930b38f95f598e546d411d724,
LD,aom,av2,0,A5,FourPeople_480x270_60.y4m,480x270,60.00,8,480x270,235,13.181538,25.213610,34.157943,34.700576,6.140395,10.055404,46.149667,43.496594,23.038764,28.842419,25.186819,34.154664,34.696949,1.896637,2507.39,0.22,14567208905330,1239753256,6545178885936,636455932,064b30b94f453477299bfb18e5da4f04,
LD,aom,av2,0,A5,ParkJoy_480x270_50.y4m,480x270,50.00,8,480x270,110,5244.304615,38.930862,40.371714,42.441305,16.735128,24.755939,99.290576,98.245353,45.545903,38.528564,38.630848,40.107126,42.262669,0.718771,136279.56,1.84,923562504321254,9397084489,380592762605373,5164653969,18a5ca322bcb849c71d383b1f07c65f8,
LD,aom,av2,0,A5,ParkJoy_480x270_50.y4m,480x270,50.00,8,480x270,135,2348.541538,33.523723,37.066523,40.133131,12.331292,19.927653,94.177602,92.123029,39.069400,34.564361,33.203211,36.868432,40.020882,1.133496,129028.57,1.34,904257737717438,7811241028,360389668503421,3765893849,215c3b483ef7473c0e592e5e7a65b336,
LD,aom,av2,0,A5,ParkJoy_480x270_50.y4m,480x270,50.00,8,480x270,160,815.464615,28.694385,34.599510,38.416058,8.289451,15.031811,79.946906,77.678897,32.244549,30.954146,28.378308,34.470204,38.329389,1.479066,172483.77,0.88,1181063065595679,5845010882,481806271614030,2481063543,2d4913d58780b0f83ea4928da95c3723,
LD,aom,av2,0,A5,ParkJoy_480x270_50.y4m,480x270,50.00,8,480x270,185,248.504615,25.250116,32.781817,37.274513,5.453783,10.943472,57.021262,55.176141,26.670995,28.253251,25.011913,32.682465,37.215749,1.739573,78051.11,0.58,553621022844655,3960768593,217966347502320,1633399557,389732f8d5ceedfbe3c8fce2ea47780f,
LD,aom,av2,0,A5,ParkJoy_480x270_50.y4m,480x270,50.00,8,480x270,210,62.947692,22.820992,31.345262,36.260204,3.587928,7.631120,31.475936,30.459446,22.441469,26.053276,22.672880,31.279982,36.212140,1.803349,29373.32,0.44,166731040380538,2311426312,76085649327882,1239480473,3dd55ec46f8e93fff9766060f09e85f6,
LD,aom,av2,0,A5,ParkJoy_480x270_50.y4m,480x270,50.00,8,480x270,235,18.523077,21.169276,29.874385,35.040926,2.642643,5.331683,13.177105,12.751600,19.409109,24.294075,21.074760,29.816477,35.016018,2.029279,6674.55,0.28,39735556844942,1572165969,17362972512401,771810741,dcdd45f02041feb4a48e4ca98e93a350,
LD,aom,av2,0,A5,SparksElevator_480x270p_5994_10bit.y4m,480x270,60.00,10,480x270,110,2445.038039,40.889689,48.993414,46.869365,17.211071,24.148516,96.004013,94.142396,46.835884,41.968340,40.743396,48.926751,46.798835,0.150456,87031.71,1.15,601122287838894,6091240821,294869618395288,4002886551,fed8864025fa8b120d2eff4a4f8b1218,
LD,aom,av2,0,A5,SparksElevator_480x270p_5994_10bit.y4m,480x270,60.00,10,480x270,135,965.507108,36.686329,47.026646,44.535290,13.686725,20.027676,90.571859,88.255594,40.794296,38.934984,36.543553,46.967131,44.471880,0.187280,62660.36,0.86,439525655378387,4850826098,174986373467551,2422391254,3197705396f2f3931c0ff708403dc454,
LD,aom,av2,0,A5,SparksElevator_480x270p_5994_10bit.y4m,480x270,60.00,10,480x270,160,335.004073,33.085896,44.856274,42.212445,10.411354,16.058227,80.044545,77.398839,35.244768,36.073762,32.964480,44.807865,42.152411,0.167215,59871.10,0.60,410000871578686,3651501692,167199518339635,1698795332,f1d24c201fc5d5fc7eebac016dbe2b17,
LD,aom,av2,0,A5,SparksElevator_480x270p_5994_10bit.y4m,480x270,60.00,10,480x270,185,117.165296,30.064973,43.018786,40.014823,7.935406,12.611575,64.125518,61.282759,30.617375,33.529534,29.961372,42.986598,39.983974,0.181170,32256.78,0.40,198637356606919,2044096318,90074857969362,1157416959,13cdf4809b33b515f86810d11d9edef8,
LD,aom,av2,0,A5,SparksElevator_480x270p_5994_10bit.y4m,480x270,60.00,10,480x270,210,38.697303,27.340423,40.794086,37.671509,5.993655,9.655904,42.759258,40.344955,26.728961,31.060874,27.252277,40.776926,37.652730,0.136090,9602.98,0.22,71973193603682,1321070086,32605211377413,807105883,dedbab0d5bfb953c41e6da991168ad24,
LD,aom,av2,0,A5,SparksElevator_480x270p_5994_10bit.y4m,480x270,60.00,10,480x270,235,12.220395,24.921452,39.323598,35.206132,4.171840,7.036113,21.328806,19.898125,23.460443,28.743165,24.854464,39.313339,35.186699,0.138877,4455.39,0.27,27785902037153,1520796371,11604100603286,726469525,df56c2548a9a94235224a414a52a36b4,
LD,aom,av2,0,A5,Vertical_Bayshore_270x480_2997.y4m,270x480,30.00,8,270x480,110,759.459003,41.978641,50.739821,50.459976,16.842454,23.978218,97.873824,96.588252,44.690479,44.028279,41.767731,50.537831,50.303793,0.336933,93105.17,0.93,669719914330302,5430297375,260020821334524,2597433972,14fcb126c62ed50ef51e84d514c23af6,
LD,aom,av2,0,A5,Vertical_Bayshore_270x480_2997.y4m,270x480,30.00,8,270x480,135,280.445708,37.846852,48.757375,48.358882,13.201130,19.874701,93.987379,91.713045,39.888044,40.851017,37.607540,48.476478,48.173051,0.479302,76194.62,0.95,430608189102956,4517782736,197475014484058,2600104481,52b176637efab51e95a57f3f8e6b04e1,
LD,aom,av2,0,A5,Vertical_Bayshore_270x480_2997.y4m,270x480,30.00,8,270x480,160,104.295704,34.359064,46.475687,46.332172,10.020120,15.567067,84.437120,81.786126,34.730492,37.821738,34.162419,46.053541,46.069475,0.632976,46123.11,0.65,266329827791966,3932247161,119584201174558,1771276360,9ebb7999e7cb885d32822348e908db9c,
LD,aom,av2,0,A5,Vertical_Bayshore_270x480_2997.y4m,270x480,30.00,8,270x480,185,37.817567,31.740453,44.540400,44.401408,8.072966,12.381346,69.690681,66.676423,30.735750,35.462550,31.630770,43.862113,44.003432,0.773372,19890.56,0.57,114857539431407,3443438849,51622308727719,1586488811,5676fd4cf4a482a4dd3d4f6e5b1cf26b,
LD,aom,av2,0,A5,Vertical_Bayshore_270x480_2997.y4m,270x480,30.00,8,270x480,210,14.431722,29.530225,42.576136,42.244166,7.040056,10.309571,51.195387,48.098290,27.548206,33.306343,29.421975,41.880741,41.948755,0.941105,7596.77,0.55,47070395453452,3177822883,19827417308917,1465397026,e26a68106767cfc7b468701d42b54d2d,
LD,aom,av2,0,A5,Vertical_Bayshore_270x480_2997.y4m,270x480,30.00,8,270x480,235,7.013909,27.069792,39.957275,40.307276,6.156533,8.399983,27.725153,25.388625,24.310356,30.968092,26.845442,39.509329,39.986383,0.809080,2573.16,0.30,21383350858209,2355721909,7188042843198,836964434,a5c7803d675a6ee8b932724b16d39675,
LD,aom,av2,0,B1,CosmosTreeTrunk_sdr_2048x858_25_8bit.y4m,2048x858,24.00,8,2048x858,110,14815.867569,40.290445,45.368499,47.459185,13.469200,21.805734,99.550560,98.590195,44.682398,42.877061,40.106240,45.273163,47.385699,0.352898,1143730.89,16.76,8052821728188289,97794192650,3194082798671849,46803072748,3cb35cbab28b76072b1420d86edcbc42,
LD,aom,av2,0,B1,CosmosTreeTrunk_sdr_2048x858_25_8bit.y4m,2048x858,24.00,8,2048x858,135,5837.043692,37.278528,43.039280,45.579700,11.494979,18.711694,94.089755,92.000915,39.591427,40.359908,37.192036,42.965282,45.523905,0.620886,677157.41,13.70,4742059487754061,77993954945,2297173405555880,49524968418,004582ed560e4e9fde2a17117ba19b6a,
LD,aom,av2,0,B1,CosmosTreeTrunk_sdr_2048x858_25_8bit.y4m,2048x858,24.00,8,2048x858,160,2128.255015,34.110759,41.153928,43.853825,9.626508,15.397069,79.588726,77.317318,34.290239,37.775564,34.022275,41.104164,43.807123,0.654562,742849.66,11.92,4215486004776435,64804206335,1928757727580220,33196929085,63d18de73f2629a5a5f399319cf33577,
LD,aom,av2,0,B1,CosmosTreeTrunk_sdr_2048x858_25_8bit.y4m,2048x858,24.00,8,2048x858,185,644.165908,31.025578,39.547322,42.266040,7.669220,11.913674,56.221079,54.326930,29.366961,35.270794,30.936690,39.512112,42.221256,0.737856,294081.18,7.42,2180653887109263,53557429147,821319477979655,20694393638,de73d7659b6318ee4638f739156e3f50,
LD,aom,av2,0,B1,CosmosTreeTrunk_sdr_2048x858_25_8bit.y4m,2048x858,24.00,8,2048x858,210,158.292185,28.460828,37.952198,40.925107,6.130742,8.888889,31.916410,30.718587,25.565273,33.015165,28.392118,37.914356,40.887783,0.822015,144499.10,6.69,882045132957506,40480085006,377622958123828,19084765875,87a6116bb9015be79d75443d4b8a1cb6,
LD,aom,av2,0,B1,CosmosTreeTrunk_sdr_2048x858_25_8bit.y4m,2048x858,24.00,8,2048x858,235,38.117908,26.631790,36.408809,39.315909,5.203087,6.803257,14.611355,14.169283,23.160796,30.991270,26.599013,36.379691,39.267837,0.800115,51428.78,4.54,327053056542710,25840249736,136079201917083,13034854703,2cc791251072c6673bd6e2ea6e6fdc13,
LD,aom,av2,0,B1,EuroTruckSimulator2_1920x1080p60_v2.y4m,1920x1080,60.00,8,1920x1080,110,79673.874462,38.942740,44.322540,45.938389,14.634003,22.840639,99.976544,99.970625,45.137790,40.122898,38.716547,44.258549,45.890822,0.016343,1106839.86,41.71,6214321051572326,168405245111,2869968548623760,112862697242,fc842bd161ea90884ca01c4866d05f06,
LD,aom,av2,0,B1,EuroTruckSimulator2_1920x1080p60_v2.y4m,1920x1080,60.00,8,1920x1080,135,26486.754462,34.523754,42.026626,43.889494,10.944363,18.241281,98.156663,96.192594,38.277339,36.730313,34.372075,41.981737,43.852228,0.026172,1340997.43,0.00,9467428322381812,3502155,3744905704592232,2617844,1f22a0248fee30c46d2dfd1a7dbd4ed1,
LD,aom,av2,0,B1,EuroTruckSimulator2_1920x1080p60_v2.y4m,1920x1080,60.00,8,1920x1080,160,7141.794462,31.114581,39.963071,42.008328,8.185305,14.366444,87.203625,84.691222,32.430108,33.963305,31.036475,39.921056,41.966466,0.053242,1147960.61,11.43,8293827209246632,72881224522,3205877866083702,31932660709,f293b39032a93b1e76438904b36e266d,
LD,aom,av2,0,B1,EuroTruckSimulator2_1920x1080p60_v2.y4m,1920x1080,60.00,8,1920x1080,185,1890.808615,28.475566,38.034609,40.134274,6.061308,11.031130,70.880480,68.357057,27.795575,31.611756,28.429246,37.988786,40.090296,0.113206,609933.37,9.46,3532732400704097,52209374861,1583938659136302,26696089409,7788a15e8aba60b5171c6cef7787154d,
LD,aom,av2,0,B1,EuroTruckSimulator2_1920x1080p60_v2.y4m,1920x1080,60.00,8,1920x1080,210,522.398769,26.308281,36.159208,38.301662,4.570450,8.307851,53.373668,50.963011,24.256865,29.502825,26.275403,36.123422,38.262247,0.123610,176755.04,5.79,1373630927428824,40098599267,493612571713769,16174017456,ade96a57cfea60ed6fcc9e7a2caac5cc,
LD,aom,av2,0,B1,EuroTruckSimulator2_1920x1080p60_v2.y4m,1920x1080,60.00,8,1920x1080,235,152.555077,24.407235,34.205315,36.206929,3.649791,6.163288,37.419646,35.491073,21.521778,27.503660,24.382443,34.182173,36.168099,0.112044,83018.47,4.90,532240147005282,28033338432,218680308310971,13917874663,12c9f450b3aa919ce87d4611facde465,
LD,aom,av2,0,B1,GlassHalf_1920x1080p_24p_8bit_420.y4m,1920x1080,24.00,8,1920x1080,110,4895.979323,48.649247,49.047738,49.296139,24.651241,32.333212,99.170588,98.108636,52.592518,51.247491,48.277980,48.474018,48.384545,2.616228,337085.57,12.66,1868122008890805,53397479628,881753174720285,34964414527,d9ba2e48cab5669573b25c73f55dd188,
LD,aom,av2,0,B1,GlassHalf_1920x1080p_24p_8bit_420.y4m,1920x1080,24.00,8,1920x1080,135,2685.078646,44.728494,45.129009,45.375755,22.277171,29.065468,97.942289,96.053151,48.169774,48.348470,44.197669,44.371178,44.198028,1.517076,397165.05,11.82,2758832086401646,50858370419,1316994629583034,32934779373,92651920dacd4b331eb4f5982275acb9,
LD,aom,av2,0,B1,GlassHalf_1920x1080p_24p_8bit_420.y4m,1920x1080,24.00,8,1920x1080,160,1361.576862,40.477618,41.322959,41.627807,19.149900,25.083043,94.133422,91.344133,42.592118,45.280104,39.846170,40.308343,40.160601,1.350393,458395.01,10.13,2549451910149145,46629494504,1198735350147632,28422119097,636a6dc39599a830983aa2caf3996d5b,
LD,aom,av2,0,B1,GlassHalf_1920x1080p_24p_8bit_420.y4m,1920x1080,24.00,8,1920x1080,185,665.712738,36.341786,37.785803,38.168318,15.806572,20.646824,85.230382,81.772228,36.669444,41.925805,35.704831,36.697513,36.617886,1.382879,259203.73,6.93,1855400768720987,42689377432,723884709269719,19332736358,56d5831b780e75016e4d0f26eee16cdf,
LD,aom,av2,0,B1,GlassHalf_1920x1080p_24p_8bit_420.y4m,1920x1080,24.00,8,1920x1080,210,292.361354,32.212921,34.399285,34.591644,12.421920,15.893867,67.217347,63.515245,30.699774,38.224654,31.665856,33.427820,33.043430,1.290222,185375.86,8.57,1054601132361087,46938220524,485610626770834,24781965172,26d8827cdefcdaff29b9ae72c1fc082f,
LD,aom,av2,0,B1,GlassHalf_1920x1080p_24p_8bit_420.y4m,1920x1080,24.00,8,1920x1080,235,109.200738,28.272272,30.948195,31.054573,9.423854,11.203406,38.661415,35.630191,25.288470,33.907594,27.889707,30.223738,29.557674,0.985996,78847.62,6.32,475591860532723,34720872463,208078295229894,18407520765,4e3db2aeca5cb58e0cbe93c0221ea023,
LD,aom,av2,0,B1,Life_1080p30_v2.y4m,1920x1080,30.00,8,1920x1080,110,8869.740923,43.182084,48.445808,47.995048,17.362909,25.649959,99.209695,97.888297,47.930860,45.346956,43.076298,48.402306,47.948080,0.308829,389058.83,18.35,2189337859556697,79714128093,1010884694430736,50808310779,0ecd5233dc9413ecef5963815c28e937,
LD,aom,av2,0,B1,Life_1080p30_v2.y4m,1920x1080,30.00,8,1920x1080,135,3467.826462,39.504225,45.717196,45.423324,14.349480,22.070022,96.265208,94.424977,42.869565,42.273166,39.435049,45.659281,45.362020,0.309761,490047.65,13.86,2728520198869159,65001494059,1271480564031173,38668366155,a070d7c16ebc04fcfa3dbf5ba0a88d5f,
LD,aom,av2,0,B1,Life_1080p30_v2.y4m,1920x1080,30.00,8,1920x1080,160,1397.499692,35.893954,42.968165,42.635410,11.094433,17.951771,89.796479,87.334407,37.439160,39.036539,35.847498,42.895911,42.557024,0.321035,360202.37,9.54,2614064156566864,55629383960,1006037713244392,26738384404,fb3e05def6ca473f269f07728f142ec4,
LD,aom,av2,0,B1,Life_1080p30_v2.y4m,1920x1080,30.00,8,1920x1080,185,578.187692,32.608642,40.104477,39.584461,8.241297,13.958379,76.798282,73.799061,32.349171,36.036294,32.568558,40.014866,39.496070,0.406787,203557.40,8.43,1522328672069349,57659006269,568510016728180,23576006439,f1622db1ff442ac253d20e3ea270e8a1,
LD,aom,av2,0,B1,Life_1080p30_v2.y4m,1920x1080,30.00,8,1920x1080,210,259.584000,29.912394,37.112657,36.511012,7.221707,11.588532,57.548689,54.374675,28.038756,33.634206,29.845963,37.004252,36.418070,0.442037,98212.06,8.02,766202290954299,56697852861,274263213907627,22374914813,6be7f13ff9f5b84744e6d418702d4e1d,
LD,aom,av2,0,B1,Life_1080p30_v2.y4m,1920x1080,30.00,8,1920x1080,235,109.945846,26.966711,34.136930,33.496083,6.301854,9.249293,37.198757,34.152687,23.941479,30.963596,26.880333,34.026067,33.420520,0.348855,64478.70,6.30,404121007375362,37153487131,170435062692430,18055348343,92ca79c43ecf0bfedc56740492d027d5,
LD,aom,av2,0,B1,MINECRAFT_1080p_60_8bit.y4m,1920x1080,60.00,8,1920x1080,110,55725.385846,41.771754,45.072162,45.026532,17.097782,24.247765,99.837599,99.606772,46.113403,42.571375,41.448917,44.872881,44.811935,0.189617,923755.55,25.29,6466766456268576,126180760602,2579518665337167,70638368466,a5089a5aa28e969f7f45fb805dbce1c2,
LD,aom,av2,0,B1,MINECRAFT_1080p_60_8bit.y4m,1920x1080,60.00,8,1920x1080,135,24708.240000,36.465859,42.862011,42.653786,12.191784,19.043263,98.929784,97.998416,39.437568,38.947878,36.132402,42.704083,42.485237,0.190932,1702813.43,22.36,11647092358449068,109302799424,5804520984623813,80080247700,9c65e4bbe8397dda207cb4d0e86bb46b,
LD,aom,av2,0,B1,MINECRAFT_1080p_60_8bit.y4m,1920x1080,60.00,8,1920x1080,160,7598.300308,32.266482,40.824718,40.387098,8.569373,14.458422,89.176058,86.689782,33.462752,35.554909,31.984802,40.708278,40.252817,0.232545,1302314.50,0.00,9299641971881380,3430291,3636472416253526,2368578,4c6351d0c80b7a70f94ef1274f3a7828,
LD,aom,av2,0,B1,MINECRAFT_1080p_60_8bit.y4m,1920x1080,60.00,8,1920x1080,185,2487.921231,29.532162,38.606273,38.051545,6.420791,10.784951,69.772565,67.396169,28.924450,32.828019,29.320452,38.510992,37.945063,0.255876,595425.89,8.35,4312542142419093,55269815841,1662912644960926,23311433629,649d20ff5b6d87215dfbd90b0276094f,
LD,aom,av2,0,B1,MINECRAFT_1080p_60_8bit.y4m,1920x1080,60.00,8,1920x1080,210,608.067692,27.047915,36.445174,36.004508,5.038734,7.739834,46.087256,44.397557,25.312604,30.361713,26.876029,36.374912,35.921097,0.281395,304412.32,8.44,1877069647401756,53143260995,796786780858974,24122298604,40d074167aa446172412f7d0813b2b28,
LD,aom,av2,0,B1,MINECRAFT_1080p_60_8bit.y4m,1920x1080,60.00,8,1920x1080,235,170.270769,25.214270,34.318255,34.100146,4.309648,5.557030,30.931485,29.917409,22.644917,28.235080,25.100091,34.280136,34.050033,0.461695,113334.57,5.29,735280549127034,28613202766,300044529645506,14796480682,b26cf4021346e119c951c0652b0b5d4d,
LD,aom,av2,0,B1,Sniper_1920x1080P_30fps_8bit.y4m,1920x1080,30.00,8,1920x1080,110,52410.339692,40.176282,45.586143,46.254973,15.885688,22.661907,99.736208,99.641204,44.370330,41.015834,39.745396,45.238787,45.937600,0.118085,660923.35,29.59,4508516532253681,155733760563,1845681376505141,82681181265,54ebc4af20c2a74f177b53db9b1c8886,
LD,aom,av2,0,B1,Sniper_1920x1080P_30fps_8bit.y4m,1920x1080,30.00,8,1920x1080,135,26650.633846,35.417958,43.173679,43.923552,11.816224,17.839550,97.865869,96.551331,38.115231,37.604030,34.863061,42.778393,43.587825,0.120868,957472.95,23.29,6541097671695805,123308537041,2669752285998289,65027769882,594ad9eea3e7f147de2ec611ce379477,
LD,aom,av2,0,B1,Sniper_1920x1080P_30fps_8bit.y4m,1920x1080,30.00,8,1920x1080,160,11244.103385,30.980463,41.069440,41.870485,8.485758,13.358967,83.622223,81.434302,32.296007,34.318126,30.301993,40.664609,41.557982,0.174925,1513721.05,0.00,10538594362525422,3517439,4227234982852498,2296434,11de8c28dfa7cfb21717a5ab471f61a7,
LD,aom,av2,0,B1,Sniper_1920x1080P_30fps_8bit.y4m,1920x1080,30.00,8,1920x1080,185,2893.290462,27.065657,39.246130,40.046639,6.059160,9.769150,59.869408,58.004780,27.451126,31.365915,26.292141,38.850417,39.734836,0.361222,946689.68,10.55,6767046318216734,65242857171,2643761291950604,29469952670,3e4fa62a40fb275351de5527cebc7314,
LD,aom,av2,0,B1,Sniper_1920x1080P_30fps_8bit.y4m,1920x1080,30.00,8,1920x1080,210,495.773538,24.713867,37.810725,38.430891,4.721702,7.221146,36.161675,34.900223,23.873111,29.233073,24.008337,37.494089,38.162049,0.664598,394529.02,9.31,2347913434439754,57355287091,1028321600878459,26697632272,66c814c56970ea248c1255356319add9,
LD,aom,av2,0,B1,Sniper_1920x1080P_30fps_8bit.y4m,1920x1080,30.00,8,1920x1080,235,101.621538,23.307454,36.046661,36.510817,4.069134,5.518038,20.234684,19.416890,21.467730,27.543167,22.725879,35.823423,36.307583,0.841438,96645.94,6.20,768491228889384,46298054263,269913173538990,17327143648,ac1cb2da1dd38b096a30aa176c724f99,
LD,aom,av2,0,B1,SolLevanteDragons_sdr_1920x1080_24_10bit.y4m,1920x1080,24.00,10,1920x1080,110,6621.269169,42.310430,46.942618,46.771530,13.346603,20.218189,99.383255,98.690203,43.388630,45.355139,42.001350,46.816480,46.453022,0.226325,600027.86,16.76,3326782369136262,81648179839,1547446255512573,46459962441,4f2e0545f11ed388db39c5fc80fa1161,
LD,aom,av2,0,B1,SolLevanteDragons_sdr_1920x1080_24_10bit.y4m,1920x1080,24.00,10,1920x1080,135,2646.306462,40.784513,44.853264,44.458992,12.413535,18.051735,92.348094,90.630300,39.839054,43.746434,40.452276,44.696848,44.075984,0.302665,330538.68,11.44,2277351726060052,78843903158,923066349584808,31968586323,487b0fc79247e5dbd7298330bea2ba5c,
LD,aom,av2,0,B1,SolLevanteDragons_sdr_1920x1080_24_10bit.y4m,1920x1080,24.00,10,1920x1080,160,1134.281354,38.963790,42.313105,41.774178,11.697433,15.748453,73.836028,72.007817,36.332888,41.809513,38.588591,42.134764,41.355323,0.309802,233224.42,9.27,1634656872350541,64930928263,651296157883937,25941704907,306694aa5320e4ab519c809d8e1e5fb4,
LD,aom,av2,0,B1,SolLevanteDragons_sdr_1920x1080_24_10bit.y4m,1920x1080,24.00,10,1920x1080,185,488.489354,36.734787,39.637713,38.995106,11.090527,13.427194,47.886676,46.526446,33.090610,39.490991,36.354915,39.463324,38.594512,0.334918,95815.52,7.28,677577420583877,53747543473,267595630627100,20341891497,01927c1b6025c9573e377a8f821d11ce,
LD,aom,av2,0,B1,SolLevanteDragons_sdr_1920x1080_24_10bit.y4m,1920x1080,24.00,10,1920x1080,210,207.290585,34.169408,36.880189,36.118163,10.586414,11.257942,24.151814,23.459960,30.059801,36.774383,33.837931,36.727888,35.761095,0.368329,47546.69,9.68,272292035579825,55739808494,125392774433857,27496970950,1e510d6553ee404265864e6bc75d288f,
LD,aom,av2,0,B1,SolLevanteDragons_sdr_1920x1080_24_10bit.y4m,1920x1080,24.00,10,1920x1080,235,88.702523,31.329986,34.020140,33.224746,10.125424,9.295847,13.343102,13.167352,27.102438,33.773329,31.068408,33.895935,32.932708,0.489081,18934.19,7.61,102431437786866,49772160573,51201832062813,22159562914,925bf62f73078823e5de18d1ff5bcdcf,
LD,aom,av2,0,B1,SolLevanteFace_sdr_1920x1080_24_10bit.y4m,1920x1080,24.00,10,1920x1080,110,12104.112738,44.638184,46.785206,44.747240,18.346796,23.826147,95.887763,94.091329,46.034123,45.735345,44.370099,46.373704,44.276134,0.016283,1126789.05,22.81,6381431238899528,109056089876,2924402130410371,62319467799,3854ce05391ce23a78b33747650ada25,
LD,aom,av2,0,B1,SolLevanteFace_sdr_1920x1080_24_10bit.y4m,1920x1080,24.00,10,1920x1080,135,5833.348431,40.732731,45.366889,42.775125,14.926173,19.562061,88.706546,86.188102,40.709585,43.378171,40.329761,44.626210,41.801675,0.015925,1100457.22,15.14,7707641513122375,87358434169,3073186953845443,42255034773,eae9031aecf78af45b85a733e85f94f2,
LD,aom,av2,0,B1,SolLevanteFace_sdr_1920x1080_24_10bit.y4m,1920x1080,24.00,10,1920x1080,160,2393.009723,36.704887,43.634614,40.661053,11.417857,15.045464,70.308312,67.626499,35.320007,40.604904,36.191288,42.317927,39.338119,0.014049,958309.41,15.16,5430016495457244,72828437856,2488489692753714,42604119165,4fe28296f047c94fb6cb22303b66e90c,
LD,aom,av2,0,B1,SolLevanteFace_sdr_1920x1080_24_10bit.y4m,1920x1080,24.00,10,1920x1080,185,780.952615,33.219418,41.931596,38.654610,8.622969,11.000278,43.369545,41.559811,30.707094,37.928467,32.561616,39.726743,37.151547,0.013017,330809.95,9.97,2474788863459216,62056449996,1124896351652205,36911087740,b6af12dad1377583ae7d40ef7bdee329,
LD,aom,av2,0,B1,SolLevanteFace_sdr_1920x1080_24_10bit.y4m,1920x1080,24.00,10,1920x1080,210,174.842585,30.620929,40.338115,36.973417,7.061502,8.019743,17.073881,16.554456,27.369415,35.651056,29.711339,37.192984,35.410702,0.011714,123170.37,6.90,962284967263514,52255851470,344004429100506,19286131428,2fd945ab5db508d8f4cb17b2b4369aac,
LD,aom,av2,0,B1,SolLevanteFace_sdr_1920x1080_24_10bit.y4m,1920x1080,24.00,10,1920x1080,235,33.402092,29.060943,38.788844,35.328324,6.626191,6.554283,2.139973,2.109837,25.535679,33.923852,27.918420,35.247030,33.914107,0.011692,46511.76,5.41,283801996680078,31508243875,123989174183115,15800398460,394868e6cfdcd63a5f2c092f07b70c73,
LD,aom,av2,0,B1,STARCRAFT_1080p60.y4m,1920x1080,60.00,8,1920x1080,110,8065.222154,44.826592,50.370110,51.575940,19.402624,26.543532,97.236568,96.248574,49.721958,46.128417,44.707215,50.303892,51.549161,0.423203,119573.14,7.11,857133457466085,40249282596,333917240063289,19888837688,0ce97e8b7e3f5a2caf6b5916d4839b0a,
LD,aom,av2,0,B1,STARCRAFT_1080p60.y4m,1920x1080,60.00,8,1920x1080,135,3583.916308,41.037808,47.686967,49.026381,16.491553,22.982284,95.406777,93.849074,44.513295,43.693991,40.942940,47.651796,49.010006,0.548341,200050.71,7.54,1106119653510489,32823994017,519217717358852,21123827927,a51bac42746b9c41067b9fbc1356648c,
LD,aom,av2,0,B1,STARCRAFT_1080p60.y4m,1920x1080,60.00,8,1920x1080,160,1402.648615,37.284100,44.925524,46.191374,13.513352,19.181102,90.381527,88.239853,39.245861,40.910527,37.225561,44.909916,46.180624,0.830241,210908.87,6.02,1199715028582518,28057971513,548556621198520,17149057834,2ad076513de75eadf9122200fe140e42,
LD,aom,av2,0,B1,STARCRAFT_1080p60.y4m,1920x1080,60.00,8,1920x1080,185,509.390769,33.956526,42.167286,43.240620,10.987266,15.610862,79.892537,77.256086,34.432920,38.034864,33.928114,42.157756,43.234500,1.153376,122932.30,4.88,701019283143913,25539224225,319817052746094,14070282565,f9214dcc5813a3a195661c6e3bb126ef,
LD,aom,av2,0,B1,STARCRAFT_1080p60.y4m,1920x1080,60.00,8,1920x1080,210,187.085538,30.950208,39.203780,40.341344,8.861569,12.330740,63.505784,60.804785,30.094576,35.199843,30.936259,39.199601,40.337700,1.470918,42511.85,2.60,322114061622378,17784277749,118712672176624,7297494225,b246c8a5c66250e038ae5fdfe0c41bb8,
LD,aom,av2,0,B1,STARCRAFT_1080p60.y4m,1920x1080,60.00,8,1920x1080,235,70.899692,28.002364,36.596620,37.303776,7.170621,9.391504,42.472288,40.233778,26.171322,32.371243,27.994058,36.592209,37.302431,1.177896,25329.35,2.74,144017184836194,13638536963,67163419179932,7935394430,41403602dddefb4cd3e46e1ce1c51714,
LD,aom,av2,0,B1,WITCHER3_1920x1080_60_8bit_420.y4m,1920x1080,60.00,8,1920x1080,110,30219.692308,41.795392,48.709756,48.022888,14.079724,20.142434,98.085585,96.448152,43.439951,42.471574,41.277042,48.520987,47.856400,0.233245,546792.83,20.00,3940145388885834,92861596311,1852910904070847,71945624348,65671eaf23b61a792ceb150dca7d73ec,
LD,aom,av2,0,B1,WITCHER3_1920x1080_60_8bit_420.y4m,1920x1080,60.00,8,1920x1080,135,9348.908308,38.252912,47.148666,45.943541,11.099230,16.067532,90.775140,88.560221,38.259917,39.911783,37.753538,47.011916,45.833954,0.427907,697415.01,14.33,3918818041303804,67407893961,1804897774891998,39114921327,3bd1b1007f8bde3925f6b1414f11f682,
LD,aom,av2,0,B1,WITCHER3_1920x1080_60_8bit_420.y4m,1920x1080,60.00,8,1920x1080,160,2390.377846,35.536486,45.675833,43.917485,9.082482,12.781390,76.141311,73.997739,34.179455,37.730647,35.184241,45.582856,43.832458,0.861410,414400.46,6.45,3082166106951881,48497561921,1157295716826767,18014072486,4ab11fb2a659d3c6c273880399e156b8,
LD,aom,av2,0,B1,WITCHER3_1920x1080_60_8bit_420.y4m,1920x1080,60.00,8,1920x1080,185,631.137231,33.567081,44.239192,42.134829,7.977168,10.395988,59.252408,57.508929,31.322231,35.982619,33.370097,44.166840,42.052365,1.457093,201397.90,6.79,1206513770247310,37508317087,524086925689353,19276727674,620db2a3b86c01b1ed74720445fa9da8,
LD,aom,av2,0,B1,WITCHER3_1920x1080_60_8bit_420.y4m,1920x1080,60.00,8,1920x1080,210,181.458462,31.901961,42.625984,40.488612,7.446374,8.768064,45.732287,44.191507,29.245763,34.459497,31.805436,42.574717,40.375073,2.545303,69603.43,5.82,437012931026228,33368802678,184099750437496,16726908313,e68f1e9cacebbfa6be2f642d35d606cf,
LD,aom,av2,0,B1,WITCHER3_1920x1080_60_8bit_420.y4m,1920x1080,60.00,8,1920x1080,235,60.771692,30.148110,41.008854,38.638837,7.096691,7.698602,32.178013,31.101549,27.347260,32.979933,30.101573,40.954707,38.504310,3.419240,22520.80,3.24,135346463325898,17490617632,60138480759342,9412579872,7c8e2aa80e527849d75ed81a95347a18,
LD,aom,av2,0,B2,BigBuckBunnyStudio1_1920x1080_60fps_10bit_420_020_0149.y4m,1920x1080,60.00,10,1920x1080,110,1710.675692,51.123292,53.813996,53.451375,25.107601,30.905871,96.529857,95.553029,51.944593,52.889603,51.028137,53.731865,53.364915,0.116501,63679.42,3.73,460245545484503,21041259457,177830823789071,10488341141,7369abe3dbd9a9c900df3fdcd17bdc45,
LD,aom,av2,0,B2,BigBuckBunnyStudio1_1920x1080_60fps_10bit_420_020_0149.y4m,1920x1080,60.00,10,1920x1080,135,968.030769,46.905278,50.204571,49.769424,21.882952,26.799085,94.930451,93.463558,46.537270,49.134125,46.802296,50.127072,49.689033,0.120481,78943.12,4.88,433288206424280,19524312095,206747268005597,13835402379,13d16dfe7f022fac0754da92c39e2702,
LD,aom,av2,0,B2,BigBuckBunnyStudio1_1920x1080_60fps_10bit_420_020_0149.y4m,1920x1080,60.00,10,1920x1080,160,529.735385,42.529044,46.388905,45.863756,18.677253,22.726561,90.575488,88.556506,41.355647,44.880136,42.445138,46.323618,45.794637,0.158198,47171.97,3.12,333482321236458,18958411082,131730113287120,8727630791,1503c5e1da774856cbd70f5cca2a1760,
LD,aom,av2,0,B2,BigBuckBunnyStudio1_1920x1080_60fps_10bit_420_020_0149.y4m,1920x1080,60.00,10,1920x1080,185,292.626462,38.225375,42.629406,42.089126,15.627835,18.883740,81.610038,79.243615,36.612493,40.714829,38.161383,42.571189,42.029051,0.265485,36545.27,2.95,256345283149613,17012247836,125945931834807,11118528492,60588b37480543b9855ad95447b9c921,
LD,aom,av2,0,B2,BigBuckBunnyStudio1_1920x1080_60fps_10bit_420_020_0149.y4m,1920x1080,60.00,10,1920x1080,210,157.107692,33.815731,39.400407,38.545051,12.743797,15.154584,66.456042,63.562060,31.959027,36.962107,33.762186,39.351827,38.473410,0.630014,34956.35,3.40,197889692794822,14893263210,93055283436138,9846725025,c1aae59831a1b6d1b70bff393b94f220,
LD,aom,av2,0,B2,BigBuckBunnyStudio1_1920x1080_60fps_10bit_420_020_0149.y4m,1920x1080,60.00,10,1920x1080,235,74.706462,29.446330,36.244140,35.377227,9.953557,11.466568,47.486568,43.594868,27.265076,32.947933,29.408120,36.206528,35.310293,0.536944,22454.34,2.74,125609326632582,13336992510,60432915419991,8031162898,7b07212d66debb9d289c5db981cbdbdd,
LD,aom,av2,0,B2,Debugging_1920x1080_30fps_8bit_420.y4m,1920x1080,30.00,8,1920x1080,110,269.366769,57.176112,53.909023,55.073966,39.092974,45.075064,97.353353,96.752737,60.253600,57.440848,56.906373,53.755143,54.967379,0.038809,15153.88,1.77,113214984984654,10469833213,42316444423110,4944689695,c331bfb1662d84ef19f0c1830ee55f16,
LD,aom,av2,0,B2,Debugging_1920x1080_30fps_8bit_420.y4m,1920x1080,30.00,8,1920x1080,135,175.421538,51.593378,50.386248,51.175829,33.319957,39.182462,96.900619,95.945093,56.055336,53.755738,51.404472,50.277055,51.104823,0.147154,17312.60,2.24,122834969845436,10983735664,48353088238749,6446042105,4253191df5d0844cd30c1c645207ed7d,
LD,aom,av2,0,B2,Debugging_1920x1080_30fps_8bit_420.y4m,1920x1080,30.00,8,1920x1080,160,121.796308,46.141185,46.935542,47.263370,27.975340,33.248638,95.906526,94.278744,50.515854,49.910972,45.999260,46.812754,47.186197,0.432530,17458.93,1.95,124494790083264,11348874581,48754526967983,5530933248,9a0bcbf762ec1e16f504090fceed6e65,
LD,aom,av2,0,B2,Debugging_1920x1080_30fps_8bit_420.y4m,1920x1080,30.00,8,1920x1080,185,86.381538,40.801631,43.793247,43.478086,22.733157,27.080702,92.858351,90.326606,43.767322,46.082845,40.677548,43.667415,43.386083,1.144115,19471.28,2.20,139734327907177,13808079028,54375744059472,6112874561,3adb74c0f1db92d394a4cf80061a447f,
LD,aom,av2,0,B2,Debugging_1920x1080_30fps_8bit_420.y4m,1920x1080,30.00,8,1920x1080,210,59.586462,35.264315,40.290221,38.958518,17.303233,20.646373,84.415038,80.842394,36.131440,40.254669,35.134897,40.186455,38.849669,3.320892,19593.64,2.40,142643746473563,16442711621,54728095579420,6718164338,979fd97ac5cc0ac302c15470f53a076e,
LD,aom,av2,0,B2,Debugging_1920x1080_30fps_8bit_420.y4m,1920x1080,30.00,8,1920x1080,235,34.648615,29.930596,36.162944,34.389260,12.007441,13.833823,62.001993,59.200533,28.704835,35.654780,29.821049,36.096767,34.338734,7.030411,22088.47,3.10,126285223498693,16121653330,59570465494091,9111051786,e01d46d6ca9056f2efc63ef0e7d83044,
LD,aom,av2,0,B2,MissionControlClip1_1920x1080_60fps_10bit_420_0450_0579.y4m,1920x1080,60.00,10,1920x1080,110,3653.424000,47.258208,50.690758,51.482294,21.704075,28.623014,96.821479,95.905003,50.924635,48.347877,46.820970,50.473425,51.363851,0.440368,93434.03,4.34,672926607065096,24983873515,260953943228114,12123177695,466fb0dfcd6084c74a5adcb56e330161,
LD,aom,av2,0,B2,MissionControlClip1_1920x1080_60fps_10bit_420_0450_0579.y4m,1920x1080,60.00,10,1920x1080,135,1824.963692,42.966880,46.989919,48.331329,18.440499,24.648075,95.441942,94.076234,45.658170,45.085337,42.516684,46.871968,48.291913,0.387001,111624.76,3.19,809866579846371,19639725556,311752222557724,8842797325,93f951c62e8047d90d6c8aa6ae85314a,
LD,aom,av2,0,B2,MissionControlClip1_1920x1080_60fps_10bit_420_0450_0579.y4m,1920x1080,60.00,10,1920x1080,160,818.625231,38.664119,43.584530,45.445965,15.460300,20.889019,91.671000,89.804764,40.570752,41.710278,38.266945,43.560172,45.427856,0.743641,93740.92,3.06,672246050498062,18407066511,261792765623840,8598445402,8a955b49b3ff3f02dba5a038bc868555,
LD,aom,av2,0,B2,MissionControlClip1_1920x1080_60fps_10bit_420_0450_0579.y4m,1920x1080,60.00,10,1920x1080,185,382.995692,34.832844,41.064386,42.604866,13.560649,18.278042,84.754215,82.157600,36.157443,38.781197,34.593757,41.048668,42.594199,0.816574,67651.90,3.19,488007678472150,16793861605,232061054479556,11959103294,3bbbed771aee4ff3e3385829bba23422,
LD,aom,av2,0,B2,MissionControlClip1_1920x1080_60fps_10bit_420_0450_0579.y4m,1920x1080,60.00,10,1920x1080,210,196.851692,31.267547,38.589066,39.739332,11.714330,15.783011,73.516262,70.178914,31.689801,35.714658,31.184932,38.564046,39.727699,0.819453,45566.90,2.95,340166472613485,18380319950,152995338048148,8441745394,a2ce7f4af134053581e253770d0372b2,
LD,aom,av2,0,B2,MissionControlClip1_1920x1080_60fps_10bit_420_0450_0579.y4m,1920x1080,60.00,10,1920x1080,235,111.489231,26.917390,35.267884,36.650102,9.196305,12.448311,53.378287,49.772471,26.294559,31.877380,26.868826,35.250857,36.626205,0.689766,30817.43,3.60,230748332188589,17440015784,109165131644247,10470067356,0c7805998b5a9ad22eaa61c2c35d3fa6,
LD,aom,av2,0,B2,MobileDeviceScreenSharing.y4m,1078x2220,15.00,8,1078x2220,110,67.786154,59.855491,62.516292,64.751951,47.991444,55.216876,99.326777,99.253082,66.725421,74.270035,59.798056,61.258917,63.988056,0.001558,21001.10,3.04,118210971966068,11546107167,57362620396414,8864990654,add6a662ecf7a5d1f64a9d86940c876a,
LD,aom,av2,0,B2,MobileDeviceScreenSharing.y4m,1078x2220,15.00,8,1078x2220,135,52.732615,53.908918,58.972725,61.449958,42.115262,48.996461,99.292022,99.156442,62.527298,68.194043,53.881493,58.362281,60.995650,0.002988,20977.14,2.98,114646552031357,11789544910,57601225839136,8675174726,7127e46a1d33e0085d930e3bee604fc2,
LD,aom,av2,0,B2,MobileDeviceScreenSharing.y4m,1078x2220,15.00,8,1078x2220,160,41.752615,47.708619,55.807518,57.980054,35.839966,42.377549,99.150778,98.907851,56.915461,62.064272,47.683195,55.405781,57.720192,0.005803,21085.79,3.04,114703414417342,12839217374,57708813039029,8896258034,e32eca67fb50f4dd0b91a6bcf12f5e5b,
LD,aom,av2,0,B2,MobileDeviceScreenSharing.y4m,1078x2220,15.00,8,1078x2220,185,32.703692,42.130709,52.982557,55.081547,30.038385,35.885999,98.721913,98.302170,49.993520,56.262064,42.113302,52.600739,54.847705,0.003645,22748.63,3.62,122026904365817,17460032940,61820252685211,10553792747,f8a2e4c4d438cf1162c6d53ae7cf4aa5,
LD,aom,av2,0,B2,MobileDeviceScreenSharing.y4m,1078x2220,15.00,8,1078x2220,210,24.310154,36.668615,46.801546,50.714263,24.194225,28.646843,97.509216,96.803574,41.496486,46.504155,36.655952,46.505122,50.449616,0.003602,24336.72,4.28,131912781597341,19118023597,66149100528113,12320930484,975629eb6cf9ff363a0738266ddb2299,
LD,aom,av2,0,B2,MobileDeviceScreenSharing.y4m,1078x2220,15.00,8,1078x2220,235,17.893846,31.862402,43.765746,47.670307,19.318553,21.908891,94.058713,91.410608,33.425372,41.499432,31.850458,43.524487,47.424501,0.001448,21365.95,4.29,118362183569781,20576684199,58485847429114,12381558686,2ae1f9ee43eedcc7350032abcc409afb,
LD,aom,av2,0,B2,SceneComposition_2.y4m,1920x1080,15.00,8,1920x1080,110,195.891692,55.036057,59.495907,58.626976,30.992648,38.289852,97.326909,96.756499,57.706401,65.013023,54.921154,59.335451,58.357709,0.127678,45023.61,3.72,259180377077046,16157426570,118904623552518,10825274239,26ec32d0f31c0f7b5aa768910c4a4187,
LD,aom,av2,0,B2,SceneComposition_2.y4m,1920x1080,15.00,8,1920x1080,135,94.586769,51.057216,56.453395,55.660705,28.437184,34.914386,96.946244,95.974002,53.614194,60.440165,50.997098,56.252406,55.345784,0.138056,30788.73,3.37,230191266674796,14060176254,108005393357486,9655302375,5c537d6ec951dd07b2e7f16488810606,
LD,aom,av2,0,B2,SceneComposition_2.y4m,1920x1080,15.00,8,1920x1080,160,52.529538,46.552023,53.243060,52.183894,25.887934,31.546448,95.883894,94.276588,49.123626,55.532293,46.523745,53.088121,51.872862,0.134426,28302.70,3.27,158826968731719,12827226559,75544237368503,9478659493,3fa836714189787eaf9ffe1075d49f34,
LD,aom,av2,0,B2,SceneComposition_2.y4m,1920x1080,15.00,8,1920x1080,185,32.079692,41.608013,48.883539,48.184234,22.579939,27.074258,92.745613,90.589249,43.872127,49.761760,41.593155,48.789760,47.963898,0.114833,23720.05,2.90,136006955787290,12873430345,63521145696700,8220150040,94fb217f4acbf7cbf05740b751960f97,
LD,aom,av2,0,B2,SceneComposition_2.y4m,1920x1080,15.00,8,1920x1080,210,19.762154,36.356479,44.388774,44.250263,18.528743,22.513029,85.217230,82.135468,37.714053,42.852228,36.345754,44.348004,44.058440,0.124387,20938.59,3.65,112498211466183,19826409762,56540197570775,10659082176,2c44bc487f69d4486a525e0ed1edd450,
LD,aom,av2,0,B2,SceneComposition_2.y4m,1920x1080,15.00,8,1920x1080,235,11.658462,31.104845,40.182863,40.028202,14.497130,17.586451,69.156063,65.106867,31.403407,38.375425,31.089084,40.172636,39.968202,0.039636,19564.17,2.96,106107719466930,13781824585,53164975706041,8602538559,7c44802a8488e2ad4b7a57182f60de7e,
LD,aom,av2,0,B2,Slides1_1920x1080_30fps_8bit_420.y4m,1920x1080,30.00,8,1920x1080,110,852.164308,54.402864,56.078279,55.440113,36.493394,41.434974,98.192503,97.400375,57.608990,63.852617,54.068102,53.043564,53.514048,0.007163,60017.93,6.41,337045787386992,26871149844,158927333918254,18192105568,99dfd07185298354f65ae1f8158ff46c,
LD,aom,av2,0,B2,Slides1_1920x1080_30fps_8bit_420.y4m,1920x1080,30.00,8,1920x1080,135,471.472615,49.751158,52.544660,51.905640,32.251129,36.839203,97.321682,96.095831,52.751649,58.995147,49.368865,49.223219,49.987208,0.014756,70582.02,5.67,397621391661074,26900265858,186031817200240,16081720973,711151ba04e51f1bcbb64668c50383e8,
LD,aom,av2,0,B2,Slides1_1920x1080_30fps_8bit_420.y4m,1920x1080,30.00,8,1920x1080,160,267.971077,44.878600,49.037409,48.384174,27.717869,31.689771,95.017181,93.243563,47.127280,53.634153,44.372779,45.339680,46.457418,0.029130,60923.60,6.80,326670075142841,30678103719,161000644668163,19184443355,643a69b11300739514778a4083197a89,
LD,aom,av2,0,B2,Slides1_1920x1080_30fps_8bit_420.y4m,1920x1080,30.00,8,1920x1080,185,158.099077,40.294983,45.807040,44.925287,23.365739,26.526871,90.071656,87.574423,41.308995,49.371793,39.642429,41.883540,43.035273,0.037122,53032.17,6.47,289339285555752,34049730482,140479246905770,18645155424,4721725ec191f86f62ae3f18891f7c71,
LD,aom,av2,0,B2,Slides1_1920x1080_30fps_8bit_420.y4m,1920x1080,30.00,8,1920x1080,210,94.670769,35.614782,41.030005,41.892447,18.807598,21.063228,78.876458,75.491957,35.013361,42.023891,34.711156,37.863393,39.275296,0.029950,43468.94,6.07,240913119009804,35528675427,116114943075685,17674902149,c34f401a9788d507989588fbfe240006,
LD,aom,av2,0,B2,Slides1_1920x1080_30fps_8bit_420.y4m,1920x1080,30.00,8,1920x1080,235,55.371692,31.216451,39.280970,38.807617,14.880075,15.948301,60.110093,55.949546,29.299494,40.986993,29.958946,34.053713,35.625403,0.015790,33499.35,5.38,185822417930884,27341601264,89477072199807,15069759548,b1f62a86af542deafed342c5d1918889,
LD,aom,av2,0,B2,Slides2r_1920x1080_30fps_8bit_420.y4m,1920x1080,30.00,8,1920x1080,110,1739.305846,52.311782,54.295264,54.395367,30.609079,36.788533,98.120386,97.494138,55.860866,62.108683,49.442512,49.973738,50.292585,0.001245,104260.71,7.13,571363540139575,30447078641,273252999493018,20123523330,92d2f9627b6ab3dac48c6b480f7369db,
LD,aom,av2,0,B2,Slides2r_1920x1080_30fps_8bit_420.y4m,1920x1080,30.00,8,1920x1080,135,931.940308,47.491722,50.225695,50.446188,26.634770,32.009213,97.047976,96.016928,50.264332,56.647456,45.127328,46.088286,46.504709,0.002877,131868.48,6.74,728176249873438,31916235634,344399226555601,19232260313,066f3cbb6da9445db9c1e4a9b94dee76,
LD,aom,av2,0,B2,Slides2r_1920x1080_30fps_8bit_420.y4m,1920x1080,30.00,8,1920x1080,160,477.228923,42.468873,46.548904,46.822799,22.570872,27.045781,93.872699,92.413247,44.248473,51.258024,40.445197,42.294342,42.700901,0.005110,122617.74,7.05,665062044153234,34120545767,320300695871393,20413949442,c46c8e88629f3d258bb5cf4a2ac15275,
LD,aom,av2,0,B2,Slides2r_1920x1080_30fps_8bit_420.y4m,1920x1080,30.00,8,1920x1080,185,255.673846,37.799484,43.846599,43.934148,19.055340,22.490560,87.182044,85.252298,38.649615,47.772657,35.992282,39.125842,39.404195,0.023903,90978.66,6.65,491922525674119,36057572156,237914334971182,19129878784,7775269eb964fc0af3d4ab590712a6c6,
LD,aom,av2,0,B2,Slides2r_1920x1080_30fps_8bit_420.y4m,1920x1080,30.00,8,1920x1080,210,133.582154,33.120025,41.542796,41.677018,15.723238,18.073497,74.936139,72.557870,32.875070,44.423012,31.413519,36.310115,36.345836,0.013954,50596.24,6.74,333587447899085,38875914220,175123313824591,25393880235,5b5f2a7b242b7db62be6d6860246612f,
LD,aom,av2,0,B2,Slides2r_1920x1080_30fps_8bit_420.y4m,1920x1080,30.00,8,1920x1080,235,64.969846,28.286164,38.576732,39.038964,12.483834,13.768862,55.185136,52.682232,27.019663,37.997188,26.510688,33.604570,33.234810,0.032441,42956.06,5.68,237689228427363,33234855283,114137776686266,16429421289,3155691c962a6dc73cf4d58ba0370eac,
LD,aom,av2,0,B2,Spreadsheet_1920x1080_30fps_8bit_420_130f.y4m,1920x1080,30.00,8,1920x1080,110,682.783385,50.572276,55.400456,55.018487,33.867464,40.761864,97.311933,96.389959,57.063487,58.085165,50.245379,55.130826,54.751659,0.054914,45798.31,4.07,251203452532906,17937463791,121568793928674,11595381402,8b0ddc26e0d5fca90525c3f918a77b5e,
LD,aom,av2,0,B2,Spreadsheet_1920x1080_30fps_8bit_420_130f.y4m,1920x1080,30.00,8,1920x1080,135,344.171077,46.656775,52.131832,51.753723,30.040805,36.570508,96.785164,95.504782,53.046449,53.662274,46.397874,51.864140,51.549890,0.054298,44920.63,3.58,237792112022785,16973185844,118848037607510,10272357093,682139fcac8bc97039c47cb6da5b2bdb,
LD,aom,av2,0,B2,Spreadsheet_1920x1080_30fps_8bit_420_130f.y4m,1920x1080,30.00,8,1920x1080,160,193.949538,42.466614,48.757458,48.822183,25.818341,31.834057,95.468422,93.724537,48.028383,49.442221,42.258959,48.496294,48.668150,0.053891,34225.93,4.30,212639128226849,15967370249,119611706519133,16181217820,9881bffeef9fb3e588211babe60ec37e,
LD,aom,av2,0,B2,Spreadsheet_1920x1080_30fps_8bit_420_130f.y4m,1920x1080,30.00,8,1920x1080,185,121.984615,38.176844,45.252722,45.863467,21.048705,26.462316,92.325497,89.995511,41.960329,44.806875,38.010635,44.998683,45.732554,0.054637,32833.40,3.96,204396591672931,16834522367,114635645598048,15104702089,18fa60a4b9f821e60a863f70d6934438,
LD,aom,av2,0,B2,Spreadsheet_1920x1080_30fps_8bit_420_130f.y4m,1920x1080,30.00,8,1920x1080,210,81.162462,33.320585,41.000414,42.760968,15.424528,20.241466,84.748895,81.447620,34.739760,39.733434,33.156755,40.751642,42.687820,0.061211,34996.35,4.08,189221219626763,18903853528,93406803061168,11940765681,d76e510eaef9ee28db108493165d2639,
LD,aom,av2,0,B2,Spreadsheet_1920x1080_30fps_8bit_420_130f.y4m,1920x1080,30.00,8,1920x1080,235,54.856615,28.337799,37.419857,38.160858,11.264543,15.027087,67.859917,64.030770,27.661478,34.287431,28.149430,37.273296,38.127591,0.056573,30945.91,3.76,165653408960127,18989885690,83041873955628,10949311353,f0246604dd17826d8fa4e645bc3bf8da,
LD,aom,av2,0,B2,Wikipedia_1920x1080p30.y4m,1920x1080,30.00,8,1920x1080,110,400.980923,51.574283,53.651887,54.649818,23.339392,31.216576,98.663200,98.326784,50.657391,55.675129,51.537637,53.270018,54.408935,0.027603,44659.15,3.39,240253927084121,12494775049,118496624421703,9848725383,74c6eff4b34e5e70d55389a8e7390d39,
LD,aom,av2,0,B2,Wikipedia_1920x1080p30.y4m,1920x1080,30.00,8,1920x1080,135,227.857846,48.410092,51.053328,52.159607,21.662109,28.836778,98.472934,97.888219,48.536089,52.558741,48.339819,50.420517,51.704771,0.914191,27916.03,3.16,182091205858028,14727875562,97565708044491,12057135205,80729bd10dd76945aa864ecb55d5816d,
LD,aom,av2,0,B2,Wikipedia_1920x1080p30.y4m,1920x1080,30.00,8,1920x1080,160,156.203077,44.679430,48.075111,49.424760,20.783465,27.375822,97.802967,96.891304,46.369832,49.159575,44.543479,47.508269,48.899061,0.921892,32746.00,3.49,173790799167006,15088824602,87472561927278,10213948596,a3af828b562a83cdda205b0045653d64,
LD,aom,av2,0,B2,Wikipedia_1920x1080p30.y4m,1920x1080,30.00,8,1920x1080,185,113.846769,40.129063,45.110957,46.317180,19.276933,24.821296,96.074968,94.402253,42.553234,45.154692,39.971087,44.652093,45.840832,0.930008,34088.04,3.64,181175948150958,16643901155,90941091851465,10556364028,ce96d770882cd6e262423d8d44d25ed5,
LD,aom,av2,0,B2,Wikipedia_1920x1080p30.y4m,1920x1080,30.00,8,1920x1080,210,83.523692,35.018040,41.809779,43.017221,16.930974,21.097255,89.621687,86.297333,37.045249,40.914977,34.837565,41.493775,42.683759,0.960210,27214.10,3.63,173657312969550,17899358837,95648484840804,13843393992,a31a0bc24c1c6ed08cdc41bd200db018,
LD,aom,av2,0,B2,Wikipedia_1920x1080p30.y4m,1920x1080,30.00,8,1920x1080,235,57.360000,29.426230,37.969279,39.727846,13.540480,16.188175,68.889952,65.006232,29.907031,36.604900,29.143620,37.864371,39.516235,0.743324,30489.06,4.16,166404971639646,19463124588,81895632963795,11840863688,28395316aebe832d37ab67c14bb3a1b0,
