TestCfg,EncodeMethod,CodecName,EncodePreset,Class,Name,OrigRes,FPS,BitDepth,CodedRes,QP,Bitrate(kbps),PSNR_Y,PSNR_U,PSNR_V,SSIM_Y(dB),MS-SSIM_Y(dB),VMAF_Y,VMAF_Y-NEG,PSNR-HVS,CIEDE2000,APSNR_Y,APSNR_U,APSNR_V,CAMBI,EncT[s],DecT[s],EncInstr,DecInstr,EncCycles,DecCycles,EncMD5,DecMD5
LD,aom,av2,0,A2,Aerial3200_1920x1080_5994_10bit_420.y4m,1920x1080,60.00,10,1920x1080,110,8477.737647,42.188232,44.790136,44.688417,15.892289,23.391702,96.864343,95.051381,45.688340,40.670135,41.991985,44.746582,44.642991,0.000008,419445.93,12.34,2462776867477228,59304119858,1088511260940218,33926528685,56662b9bbd96016fc1f7e0cfc1b5f3ec,
LD,aom,av2,0,A2,Aerial3200_1920x1080_5994_10bit_420.y4m,1920x1080,60.00,10,1920x1080,135,3063.855529,39.631056,43.398558,43.664276,13.689721,20.417481,92.659668,90.545140,41.220681,38.912656,39.362280,43.361539,43.631524,0.000020,256830.27,7.20,1938078296813806,49512539482,717260343891918,20134145995,ced10797aca9fd28f739934ece414fb3,
LD,aom,av2,0,A2,Aerial3200_1920x1080_5994_10bit_420.y4m,1920x1080,60.00,10,1920x1080,160,1117.426573,36.623158,41.725273,42.396262,11.037965,16.797105,83.711692,81.490493,36.239605,36.718822,36.323050,41.690649,42.363998,0.002361,226473.37,6.07,1715344177664735,43899347794,632472110385897,16930067315,846b648236f733aef23727754073e6ae,
LD,aom,av2,0,A2,Aerial3200_1920x1080_5994_10bit_420.y4m,1920x1080,60.00,10,1920x1080,185,399.790978,33.607171,39.964839,40.852075,8.526545,13.157459,67.923874,65.795488,31.597088,34.361399,33.372380,39.937697,40.828261,0.012984,135811.90,4.86,1056934626302768,35738199740,379279992413956,13607798314,18a1e04d090f5bbd893cc31ca5448af7,
LD,aom,av2,0,A2,Aerial3200_1920x1080_5994_10bit_420.y4m,1920x1080,60.00,10,1920x1080,210,143.446707,30.813948,38.228423,39.367812,6.606772,9.978089,45.618105,44.025640,27.664095,32.086923,30.666156,38.208566,39.350376,0.047248,84103.01,4.48,537622715702818,27106111072,220211963313746,12891442554,fe0c33cd1f7a7759b8096308f24bbac8,
LD,aom,av2,0,A2,Aerial3200_1920x1080_5994_10bit_420.y4m,1920x1080,60.00,10,1920x1080,235,54.012449,28.249351,36.649075,37.884459,5.320125,7.312530,22.595334,21.815837,24.454682,29.901469,28.174553,36.634701,37.876529,0.085443,33457.96,3.46,280516391272559,24643888205,93441959792950,9704196632,379bfcecb33e7ebb8ca7576f62eba4e9,
LD,aom,av2,0,A2,Boat_1920x1080_5994_10bit_420.y4m,1920x1080,60.00,10,1920x1080,110,23839.924998,41.743164,44.961247,46.734761,19.416117,27.333384,99.976141,99.792364,48.016371,42.275684,41.623519,44.916256,46.695060,0.127726,398360.10,15.30,2865538878098178,81575096835,1112514257539956,42747854066,5622c38c4ae8a1b3cebb8944d8d0a779,
LD,aom,av2,0,A2,Boat_1920x1080_5994_10bit_420.y4m,1920x1080,60.00,10,1920x1080,135,11093.318989,37.851867,43.186032,44.659304,16.102029,23.268700,97.480552,95.638590,41.505145,39.609687,37.732204,43.158733,44.630043,0.155550,562656.82,11.46,3885156234961796,69637516129,1571390311318329,32014648856,5aaa82b36ea4efbf79cae67c5d6ee43f,
LD,aom,av2,0,A2,Boat_1920x1080_5994_10bit_420.y4m,1920x1080,60.00,10,1920x1080,160,4920.204718,33.670635,41.298955,42.324595,12.360996,18.710196,87.806649,85.727111,34.627384,36.501872,33.548885,41.277012,42.297262,0.173851,572369.64,11.06,4129839184616792,55047752057,1943516366187573,40208076844,450208d7a7b75ab9a2a54035d3245c48,
LD,aom,av2,0,A2,Boat_1920x1080_5994_10bit_420.y4m,1920x1080,60.00,10,1920x1080,185,2014.008146,29.716812,39.099838,39.904291,8.878765,14.242514,70.113132,68.155868,28.573074,33.220260,29.601546,39.073327,39.871765,0.210526,424366.17,8.66,2459878177894826,43057400149,1100457542463666,24466743040,9b200b86f8f77088d0ebbbb21789e769,
LD,aom,av2,0,A2,Boat_1920x1080_5994_10bit_420.y4m,1920x1080,60.00,10,1920x1080,210,710.269423,26.209396,36.686217,37.460728,6.028861,10.201332,45.886642,44.444775,23.616683,30.027136,26.105206,36.658112,37.441737,0.193339,222115.12,6.21,1305844831217943,33338119476,577896615009753,17645248868,ff68ccd78cead4fdebab765396f88bff,
LD,aom,av2,0,A2,Boat_1920x1080_5994_10bit_420.y4m,1920x1080,60.00,10,1920x1080,235,209.288558,23.382298,34.277391,34.581554,4.109556,7.014548,22.164477,21.370309,19.908524,27.250105,23.316612,34.264880,34.575949,0.146124,80596.91,4.37,635583459958839,30817258731,225084381894801,12247739566,ab7e5d94621354e8ce232d7b1b920812,
LD,aom,av2,0,A2,CrowdRun_1920x1080p50.y4m,1920x1080,50.00,8,1920x1080,110,57187.935385,38.800696,40.274770,41.135194,13.457372,21.347619,99.976408,99.967199,43.982920,37.388769,38.598489,40.174860,41.050305,0.000463,1146555.86,34.47,6397887929614976,152848540267,2972975139919362,93277620000,137f1d9bc8bf1f6e5c7c8bb88f1b4dea,
LD,aom,av2,0,A2,CrowdRun_1920x1080p50.y4m,1920x1080,50.00,8,1920x1080,135,23269.800000,35.111658,37.958378,38.658830,11.233282,18.538073,96.949700,94.929713,38.522620,34.901120,34.987015,37.903280,38.597779,0.000666,1371361.61,19.54,9492976114887900,115341741416,3829725136448022,54521369167,2cfd5899831def9d3b64db842eabc14e,
LD,aom,av2,0,A2,CrowdRun_1920x1080p50.y4m,1920x1080,50.00,8,1920x1080,160,9468.723077,31.420558,35.811400,36.278969,8.901792,15.309126,84.114356,81.838501,32.461224,32.419035,31.313492,35.768451,36.227767,0.000818,1365179.15,13.40,9602713746188428,87132593749,3812419782652356,37473136700,14f9596fd2f68b7c3e6bedf0de0400b7,
LD,aom,av2,0,A2,CrowdRun_1920x1080p50.y4m,1920x1080,50.00,8,1920x1080,185,3663.406154,27.971490,33.861515,34.083566,6.627040,11.855509,62.235196,60.251869,26.986585,29.966382,27.878178,33.826329,34.042405,0.002449,735467.55,10.07,5329446189444457,65735818836,2054059282562610,28248982081,d21ec192ae143e88b3e230a8766e8493,
LD,aom,av2,0,A2,CrowdRun_1920x1080p50.y4m,1920x1080,50.00,8,1920x1080,210,1229.563077,24.862703,32.102405,32.192538,4.736768,8.570291,36.209791,34.947744,22.400711,27.546597,24.790667,32.076537,32.163164,0.014288,333378.99,7.67,2464972656739843,53427561362,931039947020956,21395791048,0dcba99aed5454659cd149e2faf4e8da,
LD,aom,av2,0,A2,CrowdRun_1920x1080p50.y4m,1920x1080,50.00,8,1920x1080,235,340.166154,22.259548,30.596078,30.596271,3.475905,5.901515,14.115283,13.662757,18.906822,25.292252,22.211665,30.584248,30.581347,0.062870,126269.77,5.07,1005311010877245,37444485516,352629980722470,14213415426,c0ec01e91e69d1d9eb4f985e1d53c0ce,
LD,aom,av2,0,A2,DinnerSceneCropped_1920x1080_2997fps_10bit_420.y4m,1920x1080,30.00,10,1920x1080,110,12819.441482,38.969720,41.881330,46.534242,9.916251,16.934673,90.199464,88.894018,40.642205,38.889995,38.785398,41.789736,46.487851,0.829947,906383.26,14.29,6584060371039712,80966687120,2531310110625191,39958729201,1dc7860cac578f8772eba41b0bdfa34c,
LD,aom,av2,0,A2,DinnerSceneCropped_1920x1080_2997fps_10bit_420.y4m,1920x1080,30.00,10,1920x1080,135,1153.071544,37.634701,40.369419,45.947496,8.718662,14.788657,84.262037,82.489602,37.637758,37.667673,37.608196,40.345482,45.940742,3.064342,406694.09,8.57,2388981839402798,48433337617,1052583484809867,24254429335,09e360d7c41a8544aede7e0279befafb,
LD,aom,av2,0,A2,DinnerSceneCropped_1920x1080_2997fps_10bit_420.y4m,1920x1080,30.00,10,1920x1080,160,129.715823,37.259343,40.080280,45.617172,8.549315,14.313488,78.588171,76.482092,36.728117,37.367461,37.257145,40.077335,45.615731,3.350111,139644.77,4.92,1087128138079622,35663466199,389994287700578,13710107719,0762113678c417a09696b05ae3fa3e8e,
LD,aom,av2,0,A2,DinnerSceneCropped_1920x1080_2997fps_10bit_420.y4m,1920x1080,30.00,10,1920x1080,185,46.862061,36.667183,39.892169,45.105646,8.418832,13.703781,68.678268,66.279861,35.449792,36.999985,36.662961,39.890009,45.103793,3.311490,57217.63,3.64,461728042512258,25713608501,159796488054411,10175864284,3bff3a2e02cb794a8f7e983901935bb8,
LD,aom,av2,0,A2,DinnerSceneCropped_1920x1080_2997fps_10bit_420.y4m,1920x1080,30.00,10,1920x1080,210,23.714132,35.551123,39.493565,44.120383,8.224520,12.691001,53.851699,51.233655,33.474844,36.327568,35.534579,39.488460,44.116410,2.614959,29394.92,4.74,176114803826489,25454666904,78040858506879,13369048615,b8f7eac88ebefc5f1abebb4cce85de94,
LD,aom,av2,0,A2,DinnerSceneCropped_1920x1080_2997fps_10bit_420.y4m,1920x1080,30.00,10,1920x1080,235,11.862599,33.654534,38.833409,42.676448,7.940313,11.151932,32.909048,31.070373,30.809301,35.234180,33.610218,38.826893,42.665888,3.171105,10905.44,3.37,75293268995398,22143054329,38698076767554,12454600201,f6e153348a838c2f4ce0f3827eeb50a2,
LD,aom,av2,0,A2,FoodMarket_1920x1080_5994_10bit_420.y4m,1920x1080,60.00,10,1920x1080,110,18459.863828,39.937828,44.311912,45.227508,11.963722,19.099001,99.716529,98.617309,42.082668,39.990452,39.801918,44.266188,45.197721,0.103954,817261.43,17.75,4785853973115416,82266831965,2119752162736113,48935686590,44d15d6b8dca263e7d225ddcd17853fd,
LD,aom,av2,0,A2,FoodMarket_1920x1080_5994_10bit_420.y4m,1920x1080,60.00,10,1920x1080,135,4589.763467,38.037196,43.155494,44.219726,10.642371,16.755133,94.710519,92.499880,38.321208,38.615788,37.985707,43.137054,44.207282,0.138223,561765.19,14.70,3263382614392712,62663102544,1454363361488367,39905501787,4856e78ec891f373995e492678bf6a96,
LD,aom,av2,0,A2,FoodMarket_1920x1080_5994_10bit_420.y4m,1920x1080,60.00,10,1920x1080,160,1541.529240,35.954072,41.791257,42.864833,9.346004,14.278256,83.815906,81.364448,34.532818,37.074643,35.896045,41.763078,42.842597,0.284156,425329.54,9.77,2519273763202687,56225241897,1104416975394675,27604677310,1d2cd123c2e3d380271408dc4e0471bb,
LD,aom,av2,0,A2,FoodMarket_1920x1080_5994_10bit_420.y4m,1920x1080,60.00,10,1920x1080,185,587.523246,33.550593,40.378110,41.321446,7.995834,11.541339,66.035780,63.770557,30.798272,35.336117,33.485917,40.332878,41.290363,0.510768,161448.61,5.95,1260267563276125,43157698747,450907059359410,16615278520,cc25f9b2f3db2b712004aa46c1356077,
LD,aom,av2,0,A2,FoodMarket_1920x1080_5994_10bit_420.y4m,1920x1080,60.00,10,1920x1080,210,217.639591,31.112573,38.717579,39.646589,6.897686,9.044270,47.473511,45.453348,27.558645,33.418041,31.056384,38.654960,39.612577,0.860182,75248.82,5.02,612843083592228,33845706837,259180630166372,18572556463,46931bda9ab26a880f625f37f353843a,
LD,aom,av2,0,A2,FoodMarket_1920x1080_5994_10bit_420.y4m,1920x1080,60.00,10,1920x1080,235,79.891801,28.814033,37.088686,37.860004,6.179700,7.127175,32.581944,31.051914,24.923422,31.491222,28.768015,37.031365,37.834952,1.105525,42650.16,4.32,279355984525544,24952544739,114153906580164,12358402053,4aba8b5954da0824e20bbc01486fd974,
LD,aom,av2,0,A2,GregoryScarf_1080x1920p30_yuv420p10le_130frames.y4m,1080x1920,30.00,10,1080x1920,110,26441.040000,40.489374,47.232800,46.879902,15.022442,22.281895,99.974926,99.968683,43.986609,42.061540,40.279560,46.964900,46.651925,0.072357,833749.52,29.19,4656163255767413,128698591861,2159640239277246,79429193890,444af62203532afbd7ce46d1db43f603,
LD,aom,av2,0,A2,GregoryScarf_1080x1920p30_yuv420p10le_130frames.y4m,1080x1920,30.00,10,1080x1920,135,10644.742154,36.794537,44.237452,43.888815,12.165651,18.439503,99.967630,99.948336,38.034379,38.905563,36.610191,43.921486,43.644938,0.070811,957272.56,18.82,5254290614906336,95061552433,2475232647409725,51631344465,12ef025dd89b424a1fe37d6738d43e77,
LD,aom,av2,0,A2,GregoryScarf_1080x1920p30_yuv420p10le_130frames.y4m,1080x1920,30.00,10,1080x1920,160,4184.052923,33.360578,41.291215,41.004505,9.546768,14.730749,94.614639,92.672715,32.611413,35.890504,33.181222,40.932412,40.745009,0.074154,842150.45,11.51,5898720669894513,73734375900,2351826603247818,32133917409,339878df34bbbc69b2db9ad03e7571f5,
LD,aom,av2,0,A2,GregoryScarf_1080x1920p30_yuv420p10le_130frames.y4m,1080x1920,30.00,10,1080x1920,185,1552.366154,30.174366,38.601180,38.421322,7.288752,11.228521,73.884578,71.734866,27.930015,33.035677,29.992997,38.238212,38.199237,0.073976,564542.46,12.12,3251004799017383,63096763486,1465347719385643,34145723263,91344229f4098522c2e9082a6b7a8c12,
LD,aom,av2,0,A2,GregoryScarf_1080x1920p30_yuv420p10le_130frames.y4m,1080x1920,30.00,10,1080x1920,210,519.336000,27.416096,36.231547,36.346527,5.762447,8.252433,50.828983,49.234399,24.176501,30.483678,27.243290,35.872954,36.161097,0.078930,190330.36,8.57,1441974603592235,61490664847,531520736453511,23913648152,ce234637dea4ba0beb525fe110d81772,
LD,aom,av2,0,A2,GregoryScarf_1080x1920p30_yuv420p10le_130frames.y4m,1080x1920,30.00,10,1080x1920,235,168.528000,25.102763,34.190307,34.339913,4.855430,5.961627,34.670283,33.618798,21.397580,28.120496,24.979799,33.850522,34.225680,0.184236,73275.32,8.25,594247122658499,52547588767,253391924490380,30839110813,7db71f8e2317a25560b5988ef2ffdd48,
LD,aom,av2,0,A2,MeridianTalk_sdr_1920x1080p_5994_10bit.y4m,1920x1080,60.00,10,1920x1080,110,5572.496427,42.637565,46.588470,52.676714,13.665965,21.116615,94.999605,93.405864,44.734797,43.150479,42.589458,46.580340,52.667316,0.757088,290086.98,7.14,2128313020269607,46055404888,810172208635948,19900652651,ffe56f3e3f2e0693c6b3fe5dbfa4325e,
LD,aom,av2,0,A2,MeridianTalk_sdr_1920x1080p_5994_10bit.y4m,1920x1080,60.00,10,1920x1080,135,1290.824867,41.539596,46.198939,51.727215,13.032950,19.609398,91.638446,89.693164,42.228180,42.461919,41.527390,46.196509,51.714629,0.842476,168177.05,5.66,1256671032747692,39127252872,469754892947737,15845657406,2fe365666b9e3724f2fa0bc7010dcd3f,
LD,aom,av2,0,A2,MeridianTalk_sdr_1920x1080p_5994_10bit.y4m,1920x1080,60.00,10,1920x1080,160,420.661185,40.121950,45.547566,50.261539,12.378383,17.789937,85.241413,82.905815,39.357920,41.525959,40.104102,45.542980,50.245078,0.901999,101112.43,4.77,781228424695382,35231431305,282364576769936,13372482326,fc7f7c4259ff93b10cb6ab93b55e7e2e,
LD,aom,av2,0,A2,MeridianTalk_sdr_1920x1080p_5994_10bit.y4m,1920x1080,60.00,10,1920x1080,185,157.607316,38.319242,44.588736,48.376344,11.664215,15.713790,74.711714,72.184018,36.370774,40.253796,38.293881,44.581473,48.358863,1.015589,58316.36,4.50,357050875925274,24991396836,153204004799202,12839504982,8884b590b16e21bc4fcbdafa0446a51b,
LD,aom,av2,0,A2,MeridianTalk_sdr_1920x1080p_5994_10bit.y4m,1920x1080,60.00,10,1920x1080,210,63.167602,36.181918,43.352469,46.174168,10.991335,13.592754,61.276933,58.364345,33.407131,38.664042,36.146367,43.342794,46.156556,1.103669,19913.84,2.85,157869732230809,19585271227,55618453504807,7968584920,deed4b372fff6b1443f5b3aa3cf80d9a,
LD,aom,av2,0,A2,MeridianTalk_sdr_1920x1080p_5994_10bit.y4m,1920x1080,60.00,10,1920x1080,235,26.318297,33.731996,41.583086,43.987758,10.335375,11.582850,45.692595,42.601663,30.433143,36.678525,33.684827,41.577819,43.982886,1.077416,13901.97,4.09,85729680869073,21587611158,37506201947804,11546918878,e3e65833cabb4888f4e7fe68ebce940b,
LD,aom,av2,0,A2,Motorcycle_1920x1080_30fps_8bit.y4m,1920x1080,30.00,8,1920x1080,110,46927.198154,41.437672,43.626554,44.527681,18.502436,24.703044,99.977234,99.971292,44.786009,41.761830,41.238219,43.496643,44.418369,0.029408,724405.13,31.72,4931376699589168,169850575962,2023050937929873,88607768140,4879ee4a7aeb575fad4a6d77b0d10293,
LD,aom,av2,0,A2,Motorcycle_1920x1080_30fps_8bit.y4m,1920x1080,30.00,8,1920x1080,135,24695.209846,36.596820,40.182240,41.524301,15.024533,20.685535,99.970403,99.961286,38.957769,38.193685,36.391318,40.069532,41.437397,0.060715,907423.82,24.54,6174271266962864,136353881338,2534122117364053,68527880120,4e1d9f794425ea6d1add51d336c793db,
LD,aom,av2,0,A2,Motorcycle_1920x1080_30fps_8bit.y4m,1920x1080,30.00,8,1920x1080,160,11193.409846,31.892980,37.155298,38.884536,11.529062,16.532610,95.252235,93.363052,32.925217,34.710344,31.706315,37.065804,38.816750,0.092923,1501585.41,18.42,10400874180874624,104013233587,4193335011874172,51552039208,9e66075fa76d4cb1c3ca4d7dc02765cb,
LD,aom,av2,0,A2,Motorcycle_1920x1080_30fps_8bit.y4m,1920x1080,30.00,8,1920x1080,185,4198.822154,27.733668,34.629238,36.643377,8.393786,12.483295,73.927642,71.639905,27.175250,31.461173,27.573082,34.555792,36.585962,0.107010,1011483.00,12.80,7079326949768207,81097892781,2824843362365297,35728502727,37ab62d040cb2fb87c8dd7968a1e94aa,
LD,aom,av2,0,A2,Motorcycle_1920x1080_30fps_8bit.y4m,1920x1080,30.00,8,1920x1080,210,1231.857231,24.465274,32.408365,34.729401,6.084197,8.844664,47.922834,46.072676,22.281638,28.555206,24.357211,32.343835,34.684585,0.119206,424396.33,9.71,3076264698651974,70573954333,1185159910605569,27088784100,2cb90c6a5561438f9ac21c0fd99e96c2,
LD,aom,av2,0,A2,Motorcycle_1920x1080_30fps_8bit.y4m,1920x1080,30.00,8,1920x1080,235,338.230154,22.170755,30.549004,32.937131,4.795206,6.127341,27.254199,26.113320,19.025510,26.093472,22.105834,30.487987,32.889567,0.135184,146444.51,9.03,1146155084516016,69041421255,409010564806462,25192030051,0ba23096d426dc51c9b2ad69dc604762,
LD,aom,av2,0,A2,OldTownCross_1920x1080p50.y4m,1920x1080,50.00,8,1920x1080,110,30326.578462,37.960966,39.709129,42.166060,10.722587,18.575643,96.396239,94.657298,42.246584,35.651907,37.707089,39.611416,42.134341,0.000105,1049445.11,19.62,7886740322615592,116854831411,3558133716081974,69355613780,593c9fc2d1df512d4a40156cc72f5da5,
LD,aom,av2,0,A2,OldTownCross_1920x1080p50.y4m,1920x1080,50.00,8,1920x1080,135,3824.781538,35.985063,39.120030,41.300728,9.297053,16.808260,92.121016,90.263264,39.253008,34.595903,35.936842,39.113820,41.293907,0.000224,624319.22,11.28,3600245901682140,59823321744,1614797586323652,31255917459,13cdce41ca5ffce2d01478cd0f473f6d,
LD,aom,av2,0,A2,OldTownCross_1920x1080p50.y4m,1920x1080,50.00,8,1920x1080,160,821.030769,34.631070,38.779461,40.541700,8.631976,15.717626,85.954015,83.754823,36.416876,33.895954,34.615738,38.778697,40.535347,0.001763,299666.85,6.39,2229600010028085,43284630218,836906046614077,17889459023,4648e14e0dcca8b8ac0efb3a875f60e5,
LD,aom,av2,0,A2,OldTownCross_1920x1080p50.y4m,1920x1080,50.00,8,1920x1080,185,311.544615,32.825697,38.222365,39.276899,7.739151,14.065189,74.561120,72.125890,32.782119,32.906686,32.799204,38.221582,39.272203,0.008143,138562.15,4.22,1066582686617197,30434133332,386953409237061,11748566743,7905ccf610aba6800ea812f68c4cc69c,
LD,aom,av2,0,A2,OldTownCross_1920x1080p50.y4m,1920x1080,50.00,8,1920x1080,210,123.596923,30.450523,37.351964,37.651064,6.501832,11.661794,54.616851,52.424738,28.696472,31.489821,30.422003,37.351036,37.648944,0.024755,69788.06,4.85,533489895588881,28842975355,239057901975325,17686982556,4bdda0b17407b90f57611d3300afe44f,
LD,aom,av2,0,A2,OldTownCross_1920x1080p50.y4m,1920x1080,50.00,8,1920x1080,235,45.252308,27.897453,36.280417,36.294067,5.210895,8.852666,28.551370,27.232923,24.898001,29.756540,27.876512,36.279122,36.293667,0.024800,32804.31,3.10,264210667236185,23546603173,91618824359277,8728476388,76ae72077e1c6d9591d1226de2eaa97b,
LD,aom,av2,0,A2,PedestrianArea_1920x1080p25.y4m,1920x1080,25.00,8,1920x1080,110,4261.940000,42.564871,46.768493,48.547102,14.479290,21.779173,99.670930,98.853821,44.542444,41.594818,42.498759,46.730895,48.501723,0.139444,380729.18,10.79,2851363006439546,62803375690,1289217373048699,38755406178,b067d16860dea9b0eb27743565c55458,
LD,aom,av2,0,A2,PedestrianArea_1920x1080p25.y4m,1920x1080,25.00,8,1920x1080,135,1586.723077,40.710886,45.319994,46.708452,13.158212,19.410989,96.605657,94.591846,40.677842,40.136869,40.675443,45.297925,46.673904,0.162838,286980.26,8.12,2065009861465979,53178560915,801456741020362,22711334411,5c568676192e2790895b5cad6d19c717,
LD,aom,av2,0,A2,PedestrianArea_1920x1080p25.y4m,1920x1080,25.00,8,1920x1080,160,719.672308,38.384608,43.413131,44.408708,11.798195,16.728669,86.217000,83.805416,36.542429,38.331957,38.336031,43.381901,44.366488,0.235987,226425.93,7.48,1656614102227984,50660642239,632316600225176,20862068327,9e523f5f7892db33618c11c2977724c1,
LD,aom,av2,0,A2,PedestrianArea_1920x1080p25.y4m,1920x1080,25.00,8,1920x1080,185,342.653846,35.688779,41.261566,41.874400,10.448453,14.086681,69.185765,66.579696,32.681273,36.174713,35.632335,41.223697,41.828862,0.372456,140043.68,7.88,842814243779316,43876437565,364880924341976,22276101323,ca84d6e267bc5e290382428b722bb216,
LD,aom,av2,0,A2,PedestrianArea_1920x1080p25.y4m,1920x1080,25.00,8,1920x1080,210,158.824615,32.625722,38.901815,39.173912,9.067252,11.313111,46.804347,44.464831,28.923609,33.680830,32.566307,38.856404,39.118414,0.500796,51800.58,5.12,412728270641580,35545839531,144651607249245,14268407277,f1cb69d246ae81a45226b4567976c05c,
LD,aom,av2,0,A2,PedestrianArea_1920x1080p25.y4m,1920x1080,25.00,8,1920x1080,235,71.475385,29.419867,36.648118,36.839519,7.801348,8.621885,23.272416,22.048928,25.444666,30.995591,29.356157,36.606928,36.787245,0.566698,31440.16,5.40,207254687138943,30118573906,84291980196711,15527588743,4e18c833133c9d38a95666243152206d,
LD,aom,av2,0,A2,RitualDance_1920x1080_5994_10bit_420.y4m,1920x1080,60.00,10,1920x1080,110,8464.923384,46.507674,49.499519,50.360165,19.138249,24.813195,99.511695,98.368909,46.691815,48.081409,46.425214,49.445732,50.285409,0.254626,233882.72,11.73,1703007644099832,73186348781,653121744922737,32684461908,a31b4ff17394a231f444c31bafbab305,
LD,aom,av2,0,A2,RitualDance_1920x1080_5994_10bit_420.y4m,1920x1080,60.00,10,1920x1080,135,4159.998770,43.476789,47.218215,47.684204,17.283773,21.923150,95.737820,93.514737,42.247006,45.639159,43.368443,47.153933,47.597299,0.282118,294168.20,12.85,1678040956692167,64187261888,761591205369825,35878239801,9563c86939ae9389657005919e0e678d,
LD,aom,av2,0,A2,RitualDance_1920x1080_5994_10bit_420.y4m,1920x1080,60.00,10,1920x1080,160,1974.023515,39.971276,44.674655,44.814306,15.086553,18.589090,85.582319,82.846518,37.466716,42.790618,39.848360,44.603699,44.722917,0.358178,285382.26,10.40,1635873106692780,56294063916,741694647144792,29416001421,73b32790dcd4e8c5bbfdc6e593f2ec02,
LD,aom,av2,0,A2,RitualDance_1920x1080_5994_10bit_420.y4m,1920x1080,60.00,10,1920x1080,185,913.737340,36.447335,42.346085,42.107827,12.992647,15.333955,68.396841,65.500037,33.066123,39.863282,36.320435,42.272892,42.022828,0.444999,125552.80,7.48,962890108612065,55792043296,350641810112090,20877780432,ce28fd04bbe09260fe656dd8e6a507f2,
LD,aom,av2,0,A2,RitualDance_1920x1080_5994_10bit_420.y4m,1920x1080,60.00,10,1920x1080,210,394.387151,32.983050,40.211073,39.629121,11.211482,12.322439,45.615205,43.018700,29.089049,36.811496,32.854846,40.148709,39.554499,0.495526,66474.80,6.83,527086913515588,48916005935,185678337350250,19091576579,86b2fbc76611a638c7508b963b112444,
LD,aom,av2,0,A2,RitualDance_1920x1080_5994_10bit_420.y4m,1920x1080,60.00,10,1920x1080,235,157.821256,29.734247,38.560832,37.509050,9.868249,9.726578,21.679217,19.680926,25.627285,34.059802,29.608349,38.512118,37.455780,0.453039,40494.48,7.21,259797480110240,39059490045,107980887069336,20067565707,a419f9fde45c162f28b3ba098e06acd0,
LD,aom,av2,0,A2,Riverbed_1920x1080p25.y4m,1920x1080,25.00,8,1920x1080,110,21415.118462,41.107546,43.834171,46.062479,14.340135,21.972658,99.972194,99.964077,43.548381,39.267917,40.999776,43.727608,45.974605,0.000003,889768.12,19.29,6077321797726400,124640941793,2484908184805873,53894011265,8a3c634b649f318b31239f04619fe141,
LD,aom,av2,0,A2,Riverbed_1920x1080p25.y4m,1920x1080,25.00,8,1920x1080,135,9934.403077,38.042491,41.447045,44.065627,11.935295,18.132019,99.890448,98.772097,37.436484,36.813749,37.955042,41.392716,44.025997,0.000015,1112036.82,20.29,6111906300197130,108056164998,2859874724132073,55967710277,f59d1f48d8a5070c6bee6dc3f4522275,
LD,aom,av2,0,A2,Riverbed_1920x1080p25.y4m,1920x1080,25.00,8,1920x1080,160,4453.769231,34.707620,39.438657,42.422604,9.539369,14.208394,82.866284,80.822725,32.124945,34.353542,34.615226,39.404198,42.399082,0.000069,888526.82,13.35,6164290294752588,92836429802,2481374198457407,37315475813,3fc1f42947caf8250abe5219318551aa,
LD,aom,av2,0,A2,Riverbed_1920x1080p25.y4m,1920x1080,25.00,8,1920x1080,185,1858.007692,31.369680,37.717839,41.024277,7.438722,10.581386,55.739590,54.078203,27.719136,31.822937,31.276559,37.691949,41.002955,0.000511,418315.69,11.10,3021079747198764,82245381937,1168257379939524,31094645857,c3b4de1ee9494650d455645ec0bd6f5f,
LD,aom,av2,0,A2,Riverbed_1920x1080p25.y4m,1920x1080,25.00,8,1920x1080,210,681.915385,28.206699,36.726236,40.192124,5.843917,7.435609,31.326299,30.451364,24.109274,29.548801,28.123759,36.716165,40.182882,0.005315,163538.92,9.00,1255738429196389,63749593546,456744952566624,25117023470,5b52c5e2db97a1d65a604db214aebb1f,
LD,aom,av2,0,A2,Riverbed_1920x1080p25.y4m,1920x1080,25.00,8,1920x1080,235,215.844615,25.382936,35.984055,39.636045,4.798353,4.976356,17.070151,16.776687,21.227146,27.309149,25.319328,35.977428,39.631734,0.041619,59213.86,8.65,473745023873091,58710412859,205509380337255,32446425406,2e7ef9de36c9bd913c063964ad687858,
LD,aom,av2,0,A2,RushFieldCuts_1920x1080_2997.y4m,1920x1080,30.00,8,1920x1080,110,25513.641435,41.020162,43.914334,45.162982,15.633277,22.445032,99.313002,97.897968,44.000642,39.378368,40.785826,43.794121,45.058108,0.004107,905870.09,29.58,5051784465672308,122096273489,2346825967939435,79733443516,9ad517f42bdc0c19b25dc1867f9db740,
LD,aom,av2,0,A2,RushFieldCuts_1920x1080_2997.y4m,1920x1080,30.00,8,1920x1080,135,7757.020211,36.875488,41.564622,43.069596,12.836110,19.052093,93.245551,91.290671,38.464873,36.701607,36.731674,41.505895,43.022909,0.006159,830355.94,16.01,5774580385877635,94873785921,2318986077972788,44713289210,005c03fdf9a4fc2ed48231b60a3565c0,
LD,aom,av2,0,A2,RushFieldCuts_1920x1080_2997.y4m,1920x1080,30.00,8,1920x1080,160,3024.534850,33.727867,39.412495,41.121609,10.721847,15.753754,80.873513,78.788167,33.167232,34.447395,33.642847,39.364496,41.087026,0.017701,707713.38,12.62,5029054006128092,83269806564,1976818612621117,35252406496,7cb6fce715c717e3d5c18328dc098923,
LD,aom,av2,0,A2,RushFieldCuts_1920x1080_2997.y4m,1920x1080,30.00,8,1920x1080,185,1244.021824,30.419392,37.336539,39.245263,8.579572,12.314968,61.361731,59.455182,28.230782,32.034427,30.332219,37.291277,39.214159,0.084716,445718.85,10.52,2607776486674003,58026961217,1157874835383899,29628035456,705db51d775c23cd41ad078cefbe6173,
LD,aom,av2,0,A2,RushFieldCuts_1920x1080_2997.y4m,1920x1080,30.00,8,1920x1080,210,453.148697,27.093709,35.454948,37.387340,6.663283,9.119645,39.432591,38.066044,23.875330,29.583617,27.004775,35.421802,37.363335,0.281536,199640.15,8.05,1210521105008286,38174380491,520794816799108,22863614498,326f74922a5c6ae4514ddb6d07f28195,
LD,aom,av2,0,A2,RushFieldCuts_1920x1080_2997.y4m,1920x1080,30.00,8,1920x1080,235,138.367479,24.115857,33.531600,35.580455,5.161901,6.381644,20.539101,19.898439,20.335410,27.160769,24.050204,33.510247,35.569349,0.425241,64449.58,4.50,518903572030116,25221163284,221835695045524,16598452370,ecd751ea03c82e8de87c8c8a03e3d852,
LD,aom,av2,0,A2,Skater227_1920x1080_30fps.y4m,1920x1080,30.00,10,1920x1080,110,2289.587077,49.028910,55.613607,55.946808,20.728662,25.620717,99.872194,99.536010,47.833370,49.281945,48.843708,55.549103,55.874868,0.679617,272940.35,11.09,1611318675564116,58546558469,709754472420810,31190595542,e7205a08a09543d2a1392277f6053495,
LD,aom,av2,0,A2,Skater227_1920x1080_30fps.y4m,1920x1080,30.00,10,1920x1080,135,948.912000,46.573243,53.077263,53.547766,19.295696,22.794489,97.611746,95.977204,44.178317,47.068379,46.284771,52.992979,53.456377,0.710828,172813.99,8.58,1267537967694554,58587385262,482611848317457,23970907896,ab69504c57a527b00e7627cee6b960b7,
LD,aom,av2,0,A2,Skater227_1920x1080_30fps.y4m,1920x1080,30.00,10,1920x1080,160,383.942769,43.753948,50.216102,50.756012,17.961369,19.865264,87.907426,85.126948,40.505143,44.478747,43.439464,50.111529,50.626556,0.731338,127200.15,9.06,767957601581736,50672564024,332595358524966,25211799248,b95529f5f862fb9afdcc9925d0025d4c,
LD,aom,av2,0,A2,Skater227_1920x1080_30fps.y4m,1920x1080,30.00,10,1920x1080,185,166.449231,40.765762,47.208485,47.959892,16.891006,17.115474,71.947100,68.756269,37.084267,41.647391,40.520323,47.071608,47.803614,0.729270,52134.56,6.18,411521433664946,44307673506,145595264284328,17251247818,6ba696acc94c3b1520350a44703a6450,
LD,aom,av2,0,A2,Skater227_1920x1080_30fps.y4m,1920x1080,30.00,10,1920x1080,210,74.143385,37.530288,44.533221,45.469223,15.882560,14.506880,50.826312,47.944257,33.725450,38.777383,37.344764,44.367099,45.257920,0.669622,28735.91,5.06,230105793046076,35953618996,80254096127211,14143486572,4e1b436cce6bf035e93115e49cb6d738,
LD,aom,av2,0,A2,Skater227_1920x1080_30fps.y4m,1920x1080,30.00,10,1920x1080,235,35.045538,34.166425,41.717901,42.654334,14.791992,12.086042,29.236543,26.982236,30.371360,35.740230,34.017817,41.574072,42.466541,0.653948,21208.47,4.62,135768035748683,27001644036,57963596909143,13214365443,2f5ca1b2421e41c0085c637d14f2f84c,
LD,aom,av2,0,A2,ToddlerFountainCropped_1080x1080p2997_yuv420p10le_130frames.y4m,1080x1080,30.00,10,1080x1080,110,27214.354876,39.680898,45.848615,44.126095,14.628771,22.343454,99.974690,99.967602,44.342784,39.030001,39.494443,45.821105,44.088018,0.078776,726152.87,22.71,4018096537452631,99355193875,1878775873675837,61241278322,8f9783e926ba984b1116b6ef64811b86,
LD,aom,av2,0,A2,ToddlerFountainCropped_1080x1080p2997_yuv420p10le_130frames.y4m,1080x1080,30.00,10,1080x1080,135,12302.083148,35.283680,44.370572,42.581043,10.764665,17.461055,99.622994,98.540742,37.532744,36.322572,35.122833,44.352172,42.559190,0.118889,967288.16,15.63,5646326491173149,77482487626,2696371154102166,45581298706,6c06eead0a9f9cd74f29fcbed3321799,
LD,aom,av2,0,A2,ToddlerFountainCropped_1080x1080p2997_yuv420p10le_130frames.y4m,1080x1080,30.00,10,1080x1080,160,4621.841543,31.494525,42.718424,40.870135,7.641148,13.015715,84.499688,82.488454,31.296120,33.690703,31.385834,42.695045,40.845589,0.162732,970511.57,9.12,6775570186239435,59580747197,2707592840235407,25477404442,251f2de50c09f1f1789cdc2a0d3b524c,
LD,aom,av2,0,A2,ToddlerFountainCropped_1080x1080p2997_yuv420p10le_130frames.y4m,1080x1080,30.00,10,1080x1080,185,1586.185507,28.546285,41.047607,38.986846,5.671805,9.688744,60.529461,58.680084,26.591048,31.414523,28.474187,41.023616,38.957080,0.239942,428046.74,6.94,3056852724603604,48278635976,1195394859741320,19426856080,857a47f35d9883d962059ac6344b9a33,
LD,aom,av2,0,A2,ToddlerFountainCropped_1080x1080p2997_yuv420p10le_130frames.y4m,1080x1080,30.00,10,1080x1080,210,508.712211,26.110567,39.681483,37.619620,4.473262,7.360918,36.273568,35.058703,23.035630,29.316095,26.060020,39.649508,37.604954,0.318085,195360.72,6.52,1165546573267864,39788795482,508997373759607,18516485345,07c6b736625106b737f4c4c5cfed36b4,
LD,aom,av2,0,A2,ToddlerFountainCropped_1080x1080p2997_yuv420p10le_130frames.y4m,1080x1080,30.00,10,1080x1080,235,144.433413,23.903229,38.646132,36.934007,3.681799,5.472175,18.023679,17.380865,20.255970,27.429684,23.865446,38.623291,36.928875,0.359762,52091.24,4.71,418141949479947,34865562952,145488389739994,13162805852,8048c947c788c83c36edc124b5bce8cb,
LD,aom,av2,0,A2,TreesAndGrass_1920_1080_30fps_8bit.y4m,1920x1080,30.00,8,1920x1080,110,52919.664000,38.903415,42.774484,45.225132,17.319273,24.764327,99.976733,99.970284,45.884207,41.191383,38.673435,42.614790,45.149451,0.000058,911342.39,29.08,6442970353509310,169813676477,2545002142712264,81176966711,a841e1c227aa3fc5961e9fdccef45461,
LD,aom,av2,0,A2,TreesAndGrass_1920_1080_30fps_8bit.y4m,1920x1080,30.00,8,1920x1080,135,18754.637538,33.731991,40.178467,43.281792,13.097291,19.663525,99.935235,99.834586,38.601468,36.884834,33.500301,40.042267,43.230686,0.000069,1484305.15,25.45,8337282926529411,115509645682,3842113832787256,68712547669,d9e2a94e96a06b27d1e528ff75523039,
LD,aom,av2,0,A2,TreesAndGrass_1920_1080_30fps_8bit.y4m,1920x1080,30.00,8,1920x1080,160,5199.550154,29.476237,37.890570,41.424831,9.616961,15.457515,96.735248,94.929200,32.265165,33.196984,29.282695,37.785796,41.384027,0.000340,1106445.04,10.60,7995975266265457,66426396887,3089900603777087,29574099453,f857c92ae89b393584e1d398fdf97e95,
LD,aom,av2,0,A2,TreesAndGrass_1920_1080_30fps_8bit.y4m,1920x1080,30.00,8,1920x1080,185,1800.804923,26.224017,35.830487,39.766310,6.643370,11.558109,81.342364,79.072535,27.036519,30.217035,26.072704,35.751797,39.729453,0.008088,583424.15,8.82,4337232949426462,47803325724,1979007915275659,32154211618,8abde5f4d075b210555eaf815ddaef11,
LD,aom,av2,0,A2,TreesAndGrass_1920_1080_30fps_8bit.y4m,1920x1080,30.00,8,1920x1080,210,564.199385,23.301985,34.032915,38.199763,4.057808,7.721549,59.693676,57.918527,22.389306,27.436013,23.193004,33.979530,38.154551,0.039096,371274.60,7.15,2201188447855496,37886622738,965646459361342,20177524432,ee126529c1852ead9dca805cc9669cd3,
LD,aom,av2,0,A2,TreesAndGrass_1920_1080_30fps_8bit.y4m,1920x1080,30.00,8,1920x1080,235,137.536615,21.236740,32.379243,36.462107,2.507554,4.935260,40.811306,39.613235,19.141095,25.330308,21.180589,32.333543,36.402336,0.118704,155551.02,5.86,969370705025853,35478253078,407915420902372,16844151969,5d805be46329d647a8d4d3a25e274fbe,
LD,aom,av2,0,A2,TunnelFlag_1920x1080_5994_10bit_420.y4m,1920x1080,60.00,10,1920x1080,110,19098.278952,41.813094,46.892335,49.642528,16.723616,24.280084,99.978455,99.973654,45.995655,42.918685,41.705197,46.852279,49.624349,0.005371,437332.82,15.71,3143240121387590,96949494474,1221323091413425,43851953547,2ce067582af167bf543cedda0c570502,
LD,aom,av2,0,A2,TunnelFlag_1920x1080_5994_10bit_420.y4m,1920x1080,60.00,10,1920x1080,135,7598.234381,38.714327,45.268227,48.288567,14.588461,21.396155,99.973808,99.966421,40.803133,40.689351,38.615292,45.235805,48.265573,0.005510,430387.45,11.50,3059612519363302,78593538126,1201879241281717,32125430234,2492473a95af810ceb0a7890cd70ff7e,
LD,aom,av2,0,A2,TunnelFlag_1920x1080_5994_10bit_420.y4m,1920x1080,60.00,10,1920x1080,160,3089.236917,35.553875,43.401984,46.589987,12.399766,18.382012,99.961215,99.950237,35.460932,38.233295,35.465587,43.358529,46.558001,0.008393,468822.01,12.46,2678475612034481,66182505483,1217147627445385,34903465164,ca0b4dea3a983863ef7d86a56803bf07,
LD,aom,av2,0,A2,TunnelFlag_1920x1080_5994_10bit_420.y4m,1920x1080,60.00,10,1920x1080,185,1405.160993,32.609751,41.597720,45.132363,10.968318,16.260848,99.020875,97.357412,31.033194,35.938804,32.530088,41.552324,45.102210,0.009023,244704.58,10.28,1435306091692264,57415541619,637426528949759,29061263419,6bb30f05a158885b9d0e4ea839002767,
LD,aom,av2,0,A2,TunnelFlag_1920x1080_5994_10bit_420.y4m,1920x1080,60.00,10,1920x1080,210,677.805886,29.475718,39.772866,43.449004,9.532724,13.848785,84.592552,81.828951,26.786278,33.375614,29.387841,39.734383,43.414730,0.009680,98544.84,7.37,773253984926120,53023960226,275187883813711,20599396709,cbba75e4f8a7f8ec82052a34d118799a,
LD,aom,av2,0,A2,TunnelFlag_1920x1080_5994_10bit_420.y4m,1920x1080,60.00,10,1920x1080,235,326.070237,26.097128,38.134117,41.103479,7.897327,11.055702,65.152770,62.506212,22.655415,30.502313,26.005873,38.119405,41.082675,0.003731,56452.15,6.21,459695752701977,45950091818,157685007043613,17395547789,27a50f5db7beb5cd523088b02c69f59f,
LD,aom,av2,0,A2,Vertical_bees_1080x1920_2997.y4m,1080x1920,30.00,8,1080x1920,110,3311.802659,45.426799,48.560976,49.695437,20.342314,26.713775,98.737670,97.411601,47.134638,46.539863,45.338552,48.470310,49.607535,0.035927,227640.06,10.17,1692704098854283,68076995901,635744833391667,28463372594,32e2d1aa735488aab65a7bd513a4faaa,
LD,aom,av2,0,A2,Vertical_bees_1080x1920_2997.y4m,1080x1920,30.00,8,1080x1920,135,1204.252978,42.779045,46.391083,47.730794,18.611661,24.184757,95.743938,93.604299,43.020220,44.344775,42.720021,46.336431,47.678735,0.089057,174157.15,8.94,1285414968167105,57096468877,486342997671326,25068049289,f0b986ef5340e615fc98acb04423b6b6,
LD,aom,av2,0,A2,Vertical_bees_1080x1920_2997.y4m,1080x1920,30.00,8,1080x1920,160,513.053716,39.723922,43.698844,45.293480,16.483503,21.138964,88.970467,86.422535,38.419541,41.650849,39.666059,43.654040,45.232153,0.153854,146891.98,6.75,1101196355067514,49143498377,410222446583531,18855186892,778df971ac7527ca32b29da06217a95e,
LD,aom,av2,0,A2,Vertical_bees_1080x1920_2997.y4m,1080x1920,30.00,8,1080x1920,185,237.290709,36.419991,40.855975,42.506585,14.121177,17.791505,77.189546,74.391765,33.883346,38.600037,36.357178,40.826434,42.438865,0.295354,85554.35,5.06,667252068723876,35469123348,238945599762257,14148139471,7b6f94dc8bbe24356450ba1c5b178489,
LD,aom,av2,0,A2,Vertical_bees_1080x1920_2997.y4m,1080x1920,30.00,8,1080x1920,210,107.827557,32.888843,37.762250,39.568137,11.724345,14.325747,59.651522,57.007621,29.519667,35.315136,32.828465,37.748418,39.475517,0.280952,48128.83,4.02,383630704053681,29133209775,134430521103646,11192541328,1c9a8e6b89f6421cbc20e11e85654bbb,
LD,aom,av2,0,A2,Vertical_bees_1080x1920_2997.y4m,1080x1920,30.00,8,1080x1920,235,47.223546,29.452925,35.008423,36.028803,9.628115,11.041492,38.839484,36.969612,25.584103,32.051741,29.397542,35.002258,35.864948,0.252030,31313.84,3.51,204479734103672,19553075913,82952119607272,9983299258,1a3097bed1dd159dba6070038a8bd784,
LD,aom,av2,0,A2,WorldCup_1920x1080_30p.y4m,1920x1080,30.00,8,1920x1080,110,4735.790769,46.281607,50.627981,50.554730,19.836037,24.880635,99.946922,99.495811,46.038900,46.493562,46.191207,50.554917,50.487299,0.270341,519317.76,16.68,3033921301768280,86591889974,1350609390664726,46326307530,bb2bb17fdf4d443f67727d7408cb29ce,
LD,aom,av2,0,A2,WorldCup_1920x1080_30p.y4m,1920x1080,30.00,8,1920x1080,135,2129.412923,43.275345,48.551157,48.656079,17.907400,21.836143,97.622185,95.519019,41.971189,44.328694,43.188068,48.498946,48.613527,0.285117,400647.83,12.80,2970541837385445,77308476259,1361443190343947,46814195827,1d7f34e66a193f83a4a75fb242cb627f,
LD,aom,av2,0,A2,WorldCup_1920x1080_30p.y4m,1920x1080,30.00,8,1920x1080,160,988.074462,39.840389,46.131787,46.330024,15.668664,18.473888,88.792295,85.831109,37.564999,41.715472,39.748346,46.074843,46.286436,0.334234,268928.96,9.35,1988200217701314,66494853528,751077341098954,26125288760,9e169e79a7fa7b5d6e0b1428221b297f,
LD,aom,av2,0,A2,WorldCup_1920x1080_30p.y4m,1920x1080,30.00,8,1920x1080,185,472.115077,36.346861,43.731042,43.763996,13.526327,15.214753,74.265563,70.797665,33.318686,38.933549,36.258776,43.672749,43.719415,0.366145,190644.62,9.72,1155913968621485,60351286286,497958048916612,27663106854,86c2a8a8ca14c37068da745aa9db6bc6,
LD,aom,av2,0,A2,WorldCup_1920x1080_30p.y4m,1920x1080,30.00,8,1920x1080,210,221.617846,32.841745,41.264238,40.966059,11.715445,12.252721,55.573556,52.133180,29.315860,36.018498,32.756985,41.200475,40.900922,0.363796,81542.31,7.96,650648916305626,58386860314,227703002296970,22238056155,4c623c3a8bf6dc5bd732798a8c72403d,
LD,aom,av2,0,A2,WorldCup_1920x1080_30p.y4m,1920x1080,30.00,8,1920x1080,235,100.480615,29.402993,38.546830,37.930754,10.306441,9.812852,35.142507,32.295732,25.575073,32.953458,29.326256,38.470178,37.844543,0.409268,46909.82,6.57,382753317611410,49751763098,131008227356176,18430611098,bdcff162497371478d6f08f6c24c06f5,
LD,aom,av2,0,A3,ControlledBurn_1280x720p30_420.y4m,1280x720,30.00,8,1280x720,110,4210.087385,42.572503,48.653894,47.608561,17.162606,23.603095,97.020324,95.511279,44.266535,43.290079,42.116259,48.590334,47.495733,1.250646,314399.39,5.13,2211548983748991,29788361167,1060688298747265,18205228000,9ff254ff58cfed96300922c9555bf674,
LD,aom,av2,0,A3,ControlledBurn_1280x720p30_420.y4m,1280x720,30.00,8,1280x720,135,1736.490462,39.568631,46.903892,45.466031,15.053714,20.384933,91.431028,89.513101,40.037319,40.881679,39.047844,46.849623,45.332120,1.284787,172036.26,4.00,1183762462485845,25205900845,480438532032202,11203348774,9b3765388368d665d75372c9000ea64e,
LD,aom,av2,0,A3,ControlledBurn_1280x720p30_420.y4m,1280x720,30.00,8,1280x720,160,711.121846,36.412973,44.773181,42.998448,12.829518,17.036731,79.838599,77.719656,35.549533,38.214621,35.848642,44.711839,42.821841,1.443236,167519.07,3.73,920756588635732,19597223766,433482807704286,10405031299,d48b3f21fc0679d871deed05a0129232,
LD,aom,av2,0,A3,ControlledBurn_1280x720p30_420.y4m,1280x720,30.00,8,1280x720,185,292.379077,33.324337,42.429022,40.316826,10.661329,13.873551,63.658961,61.608118,31.477317,35.462596,32.761267,42.360896,40.063925,1.600518,81776.21,3.02,458093190713070,14438438364,211742417934084,8558477016,5c6e931a297a3d7886c2aa0e5f82a5d9,
LD,aom,av2,0,A3,ControlledBurn_1280x720p30_420.y4m,1280x720,30.00,8,1280x720,210,108.583385,30.188816,39.896360,37.732344,8.536609,10.782169,44.486677,42.882014,27.636748,32.568205,29.605302,39.828968,37.363116,1.924777,28849.73,1.92,203421790022038,14053855061,80566115469722,5368870257,04f91520e615bf4c6af6ce3882cbab1c,
LD,aom,av2,0,A3,ControlledBurn_1280x720p30_420.y4m,1280x720,30.00,8,1280x720,235,36.326769,27.315154,37.096456,35.069270,6.903573,8.030828,27.713055,26.600031,24.122836,29.738748,26.726105,36.979748,34.588172,2.237129,11570.54,1.71,86651523266923,13287095692,32320354231009,4775856816,1ee6e16e876875c1e87a346ab6fca61f,
LD,aom,av2,0,A3,DrivingPOV_1280x720p_5994_10bit_420.y4m,1280x720,60.00,10,1280x720,110,8787.677553,40.980394,45.032492,44.184551,16.335388,24.562373,99.157181,97.987452,46.497233,40.300065,40.836304,44.978301,44.149890,0.000544,668032.82,8.24,3666548764991914,39112788586,1729986218085896,22547726645,6718ace4b971194ff07811c443820171,
LD,aom,av2,0,A3,DrivingPOV_1280x720p_5994_10bit_420.y4m,1280x720,60.00,10,1280x720,135,3343.220472,37.390186,43.188810,43.046198,13.531171,21.019145,95.817900,94.129605,41.269810,38.156035,37.266173,43.129797,43.021553,0.028948,374332.84,5.95,2102429360741966,32901764933,970218061329729,16457146977,87997bd6acb93c96c2b9129dcb50be01,
LD,aom,av2,0,A3,DrivingPOV_1280x720p_5994_10bit_420.y4m,1280x720,60.00,10,1280x720,160,1229.962653,33.989254,41.096167,41.589289,11.090204,17.807341,88.452183,86.365554,35.816403,35.864892,33.882762,41.013940,41.544600,0.232010,303647.29,4.56,1733935497113274,26280641932,787534519530433,12858408215,004535dc76c5048b412466c88cce8f43,
LD,aom,av2,0,A3,DrivingPOV_1280x720p_5994_10bit_420.y4m,1280x720,60.00,10,1280x720,185,463.729501,30.931696,39.149919,40.084093,8.922298,14.855063,75.501565,73.100209,30.864666,33.545436,30.847570,39.075745,40.029722,0.383478,129117.49,2.80,937583321312087,20221030940,360610833756664,7828969994,1254d16451df6404319b9064c737b2df,
LD,aom,av2,0,A3,DrivingPOV_1280x720p_5994_10bit_420.y4m,1280x720,60.00,10,1280x720,210,179.156228,28.137032,37.128951,38.503913,7.032721,11.783987,56.918575,54.526516,26.396359,31.241460,28.070448,37.073501,38.449167,0.402287,56953.13,1.93,446420517203468,13784565613,193974550490604,7075775237,a14e54dff7626f8da8b8bc2b25a50139,
LD,aom,av2,0,A3,DrivingPOV_1280x720p_5994_10bit_420.y4m,1280x720,60.00,10,1280x720,235,70.810420,25.512994,35.211155,36.940809,5.567168,8.918099,35.096584,33.015673,22.544509,28.854428,25.451399,35.158574,36.893590,0.233959,34626.54,2.68,220765912964165,15704971043,90687249088094,7348739988,03381b51c699ff21439ec100c95ad9ab,
LD,aom,av2,0,A3,Johnny_1280x720_60.y4m,1280x720,60.00,8,1280x720,110,2371.166769,43.439286,48.788170,49.427197,15.575965,22.336342,96.627619,95.261799,43.842526,44.237920,43.378958,48.779549,49.420210,9.532847,329493.96,3.76,1856542428701575,17938396509,852691221793446,10370937996,717ab412175d484faaf2509a75a44a83,
LD,aom,av2,0,A3,Johnny_1280x720_60.y4m,1280x720,60.00,8,1280x720,135,585.972923,41.982915,47.921328,48.531593,14.745165,21.090139,94.953008,93.237346,42.094990,43.307645,41.962786,47.914441,48.523901,11.021892,86447.59,2.11,646927441635093,13082876519,241406598866119,5933383587,dae117416a78706d10e34aaadb09d663,
LD,aom,av2,0,A3,Johnny_1280x720_60.y4m,1280x720,60.00,8,1280x720,160,218.592000,40.271571,46.582856,47.026506,13.807848,19.620225,91.580450,89.450355,39.703643,42.129784,40.253175,46.574428,47.016864,10.942881,54003.20,2.21,325134004964049,11358302099,140661982949197,6268392630,48637b41e85493c678c803b815615c66,
LD,aom,av2,0,A3,Johnny_1280x720_60.y4m,1280x720,60.00,8,1280x720,185,103.536000,37.967728,44.788255,45.105021,12.527801,17.695181,85.024381,82.439371,36.576986,40.468375,37.943415,44.781631,45.099199,10.838700,21830.19,1.46,171780417078806,9864575783,74644609512479,5408300749,7e3148504b36f52001511ae35f9c50df,
LD,aom,av2,0,A3,Johnny_1280x720_60.y4m,1280x720,60.00,8,1280x720,210,50.580923,35.034731,42.247722,42.781900,10.849892,15.227418,73.690416,70.529775,32.760119,38.202321,35.008492,42.242105,42.776934,11.355032,11715.96,1.78,96107921706875,8731049603,40406869416095,6670993677,224b03b3ac16940f9cc95108476ad246,
LD,aom,av2,0,A3,Johnny_1280x720_60.y4m,1280x720,60.00,8,1280x720,235,23.922462,31.884262,39.283437,39.607873,9.325415,12.765403,57.252433,53.661092,28.795554,35.595982,31.854094,39.280496,39.604164,11.059466,8713.66,1.76,55491846752861,8881331925,23310414513009,5016315844,64bb15b20d143f1e2f7249520b27b442,
LD,aom,av2,0,A3,KristenAndSara_1280x720_60.y4m,1280x720,60.00,8,1280x720,110,2457.456000,43.964813,48.317462,49.228848,16.276011,22.907110,96.794303,95.485101,43.960662,43.707935,43.911148,48.305794,49.219925,7.653172,291326.04,4.05,1644649971492764,20121405196,752722049197931,10998827085,bfdc99c89504315af1f9d6b0805e7bf1,
LD,aom,av2,0,A3,KristenAndSara_1280x720_60.y4m,1280x720,60.00,8,1280x720,135,730.486154,42.188592,47.263755,48.157143,15.308785,21.240560,94.954546,93.237726,41.743657,42.631553,42.158044,47.252968,48.147337,8.617440,86200.25,2.45,647044639738719,16272594078,240750458744551,6869167382,781ece76ae60ccb86bc6bdcbfb25257a,
LD,aom,av2,0,A3,KristenAndSara_1280x720_60.y4m,1280x720,60.00,8,1280x720,160,290.440615,39.997508,45.615670,46.465000,14.169317,19.181684,90.983300,88.773909,38.781695,41.200184,39.963930,45.601846,46.452421,8.845234,50302.95,2.13,376689281055455,15001294919,140406143786028,5930253858,9b8e507abbe94560656e008885701bb4,
LD,aom,av2,0,A3,KristenAndSara_1280x720_60.y4m,1280x720,60.00,8,1280x720,185,135.703385,37.371007,43.644960,44.529473,12.851446,16.875032,83.252586,80.646566,35.417403,39.369070,37.334164,43.626613,44.514565,8.669385,35720.06,2.13,220575159034915,11584311645,93458259881550,6030137286,901a37ca9441a68b84eab260851c6691,
LD,aom,av2,0,A3,KristenAndSara_1280x720_60.y4m,1280x720,60.00,8,1280x720,210,63.924923,34.263948,40.967473,42.021269,11.347709,14.349327,71.946504,68.609260,31.613713,37.083895,34.224422,40.949687,42.008887,8.225632,19368.91,2.08,119608120189794,10990291918,51067989767509,5788405573,6c8deabde43e340c829e3058f24952ca,
LD,aom,av2,0,A3,KristenAndSara_1280x720_60.y4m,1280x720,60.00,8,1280x720,235,30.480000,30.829858,38.305182,39.251464,9.666323,11.671533,55.999704,52.532342,27.623334,34.301448,30.794698,38.283888,39.244791,7.099945,9720.99,1.58,62854304210690,8465130991,25937972561855,4496233129,2f1122995eefaa7d541a49a52ee5e792,
LD,aom,av2,0,A3,RollerCoaster_1280x720p_5994_10bit_420.y4m,1280x720,60.00,10,1280x720,110,4896.593868,44.130918,45.845022,46.330299,18.618046,25.767909,99.975784,99.967200,47.111555,43.435653,44.049430,45.789803,46.297216,0.027110,438034.97,5.77,3079628038868769,32769251426,1484547859696466,20656373810,8770c83f907ec5741317030ee5acd1fb,
LD,aom,av2,0,A3,RollerCoaster_1280x720p_5994_10bit_420.y4m,1280x720,60.00,10,1280x720,135,2123.209713,40.705763,43.098601,44.241516,15.751732,22.193362,98.905454,97.177134,41.707844,41.012797,40.634829,43.027951,44.198349,0.054091,304105.80,5.19,1724322150713692,26505928078,788604495501634,14359802879,206c779bc241262fa59e0d50e6107b32,
LD,aom,av2,0,A3,RollerCoaster_1280x720p_5994_10bit_420.y4m,1280x720,60.00,10,1280x720,160,924.803197,37.141460,39.978457,41.784915,12.800324,18.398973,89.794433,87.382909,36.204723,38.223430,37.069711,39.890162,41.714808,0.088977,220826.56,4.23,1268919665984797,23060209374,573440484177862,11773930416,0355c314ef8d6d172eb33ad20cabb750,
LD,aom,av2,0,A3,RollerCoaster_1280x720p_5994_10bit_420.y4m,1280x720,60.00,10,1280x720,185,415.253669,33.783883,36.895548,39.373166,10.307167,14.782134,72.394183,69.913871,31.249883,35.476237,33.709540,36.789554,39.291723,0.126078,92709.23,2.58,704422688157445,18583577068,258888749477511,7254780011,ab332b0be5aa5452da13d0302f391057,
LD,aom,av2,0,A3,RollerCoaster_1280x720p_5994_10bit_420.y4m,1280x720,60.00,10,1280x720,210,182.059172,30.495212,34.120146,37.136641,8.224795,11.441667,49.073838,46.725371,26.896457,32.673953,30.421376,34.006422,37.045518,0.119482,60158.40,2.85,373712134546298,14806971208,157512464171056,7878934386,3af4928f44fedea663d264b956ebff7e,
LD,aom,av2,0,A3,RollerCoaster_1280x720p_5994_10bit_420.y4m,1280x720,60.00,10,1280x720,235,76.122032,27.359435,31.489245,35.116188,6.595127,8.468319,23.440329,21.954288,23.215416,29.950552,27.292774,31.364384,35.006753,0.109873,30375.22,2.15,202438683618036,13076789227,80446120537941,6129129440,3bbfc7506ef92f9684fd4b3f25ff5ad8,
LD,aom,av2,0,A3,Vidyo3_1280x720p_60fps.y4m,1280x720,60.00,8,1280x720,110,3025.628308,44.059718,49.330635,49.281045,17.652912,24.278710,96.115084,94.343252,45.017350,43.582958,44.001796,49.321812,49.269283,1.951597,206138.44,3.18,1458366419187048,17614129203,575689547883137,8937064089,799a5266bab63ec6fffcb7a4748164bf,
LD,aom,av2,0,A3,Vidyo3_1280x720p_60fps.y4m,1280x720,60.00,8,1280x720,135,925.200000,41.906972,48.546735,48.198899,16.659357,22.643990,93.101938,90.932454,42.646192,42.361326,41.874428,48.537606,48.192494,2.064960,88285.77,2.44,628660824153991,14994829072,246585954808107,6886462995,50edceaba2a0f894afa87793ab5b647b,
LD,aom,av2,0,A3,Vidyo3_1280x720p_60fps.y4m,1280x720,60.00,8,1280x720,160,364.777846,39.516223,47.395430,46.769960,15.525288,20.719520,87.947762,85.363640,39.334166,40.912845,39.484544,47.383647,46.762621,2.865816,67252.51,2.44,390743778760892,12247121578,174650165856176,6832423670,67b43d87772fd83b6b66eb883e1c4873,
LD,aom,av2,0,A3,Vidyo3_1280x720p_60fps.y4m,1280x720,60.00,8,1280x720,185,177.984000,36.526493,45.899277,44.804879,13.803390,18.113457,78.154323,75.419259,35.090319,38.951144,36.482381,45.884248,44.797246,3.496602,31360.38,1.56,226864633731439,10714045832,87579845578650,4376912044,6cb83129563906509150ed14256286e5,
LD,aom,av2,0,A3,Vidyo3_1280x720p_60fps.y4m,1280x720,60.00,8,1280x720,210,85.092923,32.960926,44.174290,42.294474,11.422898,14.657998,61.040156,58.107865,30.328686,36.277157,32.919248,44.165801,42.291418,3.357300,23499.41,1.93,144134140740914,10855989776,61591685909613,5468487343,165b4a745f9fc559f25ed579b87d675e,
LD,aom,av2,0,A3,Vidyo3_1280x720p_60fps.y4m,1280x720,60.00,8,1280x720,235,36.498462,29.386339,41.888337,39.742826,9.036216,10.872904,37.966853,35.389397,25.919860,33.358137,29.350390,41.887159,39.741683,3.048922,13736.80,1.70,88363909227790,9482308610,36298992246095,4859217089,a11eb13c3e75d019bd4b1f09826426a6,
LD,aom,av2,0,A3,Vidyo4_1280x720p_60fps.y4m,1280x720,60.00,8,1280x720,110,3291.323077,43.598488,49.122696,49.487527,16.426182,23.478231,97.044010,95.474412,44.525969,43.491752,43.506703,49.109759,49.475074,1.498382,312959.19,4.31,1737929537078338,20400516202,809777020403001,11796676966,0870ee058634d729a17dfd445fbd4d2c,
LD,aom,av2,0,A3,Vidyo4_1280x720p_60fps.y4m,1280x720,60.00,8,1280x720,135,940.320000,41.454134,48.097641,48.472609,14.970835,21.225035,94.528919,92.477710,41.565062,42.191595,41.389964,48.076153,48.451609,1.738707,98006.42,2.64,713568588677957,16135442373,273735054993806,7400978218,79f4cf61c80b84f661a668c848490259,
LD,aom,av2,0,A3,Vidyo4_1280x720p_60fps.y4m,1280x720,60.00,8,1280x720,160,361.827692,39.164965,46.631967,46.923771,13.450328,18.703016,89.855388,87.315103,38.118158,40.583299,39.097696,46.600181,46.881477,1.987298,57583.72,2.07,427926072613649,13518493709,160861620266250,5798208486,4447a454db07143a529572f4af162851,
LD,aom,av2,0,A3,Vidyo4_1280x720p_60fps.y4m,1280x720,60.00,8,1280x720,185,165.548308,36.458703,44.713003,44.858216,11.874593,16.029310,81.269009,78.320912,34.385926,38.505852,36.376285,44.680469,44.796396,2.200434,31494.39,1.75,243302727087930,11217730471,107319560839594,6415844086,e1f21daeebe3dda11d57827cbc26ced9,
LD,aom,av2,0,A3,Vidyo4_1280x720p_60fps.y4m,1280x720,60.00,8,1280x720,210,76.508308,33.377121,42.455331,42.198385,10.200228,13.318895,67.836733,64.386065,30.425992,35.980903,33.275607,42.412838,42.123949,2.143029,16298.63,1.24,128812559231366,9096578424,45515417923745,3467678579,40180cb9b57a69410b9b9f5e7465b343,
LD,aom,av2,0,A3,Vidyo4_1280x720p_60fps.y4m,1280x720,60.00,8,1280x720,235,35.121231,30.323905,39.772539,39.161628,8.875168,10.808172,50.259107,46.523438,26.754712,33.153864,30.229932,39.734096,39.086500,2.295233,8860.93,1.38,72235010463436,9123885170,24746749288170,3846693000,757b9dfbcdc2fee37a7e4ce5e2a3163d,
LD,aom,av2,0,A3,WestWindEasy_1280x720p30_420.y4m,1280x720,30.00,8,1280x720,110,9062.804308,42.680900,49.619202,51.139657,17.120628,24.442396,99.978580,99.974522,45.361648,45.356431,42.530533,49.578374,51.103572,0.183592,425544.88,6.87,2954613202504146,38311682861,1434830916966928,24296901101,93bdb90b28883376a5fb6088b5a7f4f6,
LD,aom,av2,0,A3,WestWindEasy_1280x720p30_420.y4m,1280x720,30.00,8,1280x720,135,4291.992000,38.845781,47.852769,49.274812,13.996169,20.214221,99.975980,99.968363,39.628257,42.289512,38.698845,47.810368,49.241936,0.224787,387779.72,5.82,2745948624254607,35500708010,1306900869986778,20804741744,fb693464a9d73ec29e3bbcb5ccab02e3,
LD,aom,av2,0,A3,WestWindEasy_1280x720p30_420.y4m,1280x720,30.00,8,1280x720,160,1732.838769,34.986464,46.038589,47.611170,10.920621,15.797793,96.634376,94.729324,33.737594,39.067631,34.841946,45.987178,47.581142,0.467530,501443.33,5.64,2772837028115964,29584999413,1298221173669684,15689919281,4c7c5805a46a186baf9daf078aabffe7,
LD,aom,av2,0,A3,WestWindEasy_1280x720p30_420.y4m,1280x720,30.00,8,1280x720,185,603.520615,31.593950,43.787398,46.268858,8.556835,11.850706,82.593025,80.318861,28.923954,35.963102,31.455238,43.727148,46.233894,0.859187,220972.50,4.19,1250963279198062,21621582635,573227803198640,11770811544,5c531a15ba2102a4c885be05075c7826,
LD,aom,av2,0,A3,WestWindEasy_1280x720p30_420.y4m,1280x720,30.00,8,1280x720,210,188.627077,28.838703,41.762076,44.765910,7.157343,8.800185,66.974906,64.715651,25.565285,33.067553,28.731642,41.703227,44.745439,1.573765,79795.35,3.17,492246586582970,18132832500,208825392076514,9072683089,fafe98eaa2c6e52a71431072094830fa,
LD,aom,av2,0,A3,WestWindEasy_1280x720p30_420.y4m,1280x720,30.00,8,1280x720,235,58.938462,26.397735,39.270770,41.912131,6.400731,6.638867,55.314011,52.899634,23.113909,30.539112,26.322918,39.222455,41.889879,1.906139,27379.65,2.29,179978292443473,13564913787,72561517443555,6541410032,b38621a033b84bf8d121c61221916ccd,
LD,aom,av2,0,A4,BlueSky_360p25_v2.y4m,640x360,25.00,8,640x360,110,1156.918462,41.768665,42.715451,45.079684,20.102297,27.209283,99.977122,99.971380,48.425253,42.277053,41.504789,42.447279,44.913295,0.030756,157640.15,2.30,868552602660316,11692030329,408186223025362,6257223028,c6a7a4e9074cfa27f9c4bbbbe1456349,
LD,aom,av2,0,A4,BlueSky_360p25_v2.y4m,640x360,25.00,8,640x360,135,424.703077,37.682800,39.856013,42.783989,17.251770,23.940128,99.781973,98.967525,42.954013,39.492925,37.411659,39.643902,42.671018,0.069958,89272.13,1.95,499008369600572,9598519331,231206816739360,5308577455,c0cf48e4cd0ca08b9f5feb22ccbd1570,
LD,aom,av2,0,A4,BlueSky_360p25_v2.y4m,640x360,25.00,8,640x360,160,158.240000,33.881013,36.999486,40.453883,14.262016,20.431285,93.479838,91.483872,37.068188,36.771866,33.627544,36.826671,40.357130,0.114187,50901.35,1.02,371379842673669,7329791920,172618442761954,3681032006,dd1a7a44bfcb0d5d47b4139c6b4d9cbc,
LD,aom,av2,0,A4,BlueSky_360p25_v2.y4m,640x360,25.00,8,640x360,185,63.878462,30.173819,34.769425,38.222239,11.353769,16.909717,81.301428,79.148267,31.657470,34.042602,29.919873,34.632050,38.103236,0.212698,37767.13,0.87,216676469369194,5014328946,97944895251467,2358862295,139dc4abc0256b3b286fad8d45418115,
LD,aom,av2,0,A4,BlueSky_360p25_v2.y4m,640x360,25.00,8,640x360,210,26.943077,26.584175,32.806670,36.346491,8.664884,13.272587,62.899192,60.950937,26.341120,31.283866,26.367569,32.639406,36.219476,0.125951,16459.32,0.58,122770648000278,4117034974,45977465681352,1671157893,d400430efafc8546c2773783b4e033f8,
LD,aom,av2,0,A4,BlueSky_360p25_v2.y4m,640x360,25.00,8,640x360,235,10.738462,23.217066,31.484855,35.036635,6.271760,9.459320,39.378171,37.916064,21.430456,28.463367,23.028871,31.338086,34.881092,0.186636,9220.15,0.42,72016469529403,3236484151,25747391283245,1206578038,d188c6bb910ab2bc74917f82b90652ea,
LD,aom,av2,0,A4,RedKayak_360_2997.y4m,640x360,30.00,8,640x360,110,6681.642050,39.897628,44.606382,49.247057,14.531162,21.543499,99.973858,99.965799,43.957842,40.435878,39.689108,44.524096,49.184301,0.246382,301115.38,4.28,1575563189102352,19359684557,778206223968584,11415163720,26d4f821fd92400507202cb7fa351236,
LD,aom,av2,0,A4,RedKayak_360_2997.y4m,640x360,30.00,8,640x360,135,3348.557904,35.051729,42.105237,47.413859,10.998606,17.174997,96.991088,95.254647,37.778769,37.087454,34.818253,42.036697,47.317399,0.231502,173600.96,2.52,1150146466939377,15667182596,482952905467556,7040001632,1026d096efa0932e33f93113353ee3bf,
LD,aom,av2,0,A4,RedKayak_360_2997.y4m,640x360,30.00,8,640x360,160,1217.638976,30.613938,39.761329,45.577740,7.943135,13.240863,77.011016,75.170980,32.096959,33.909386,30.404916,39.704811,45.458568,0.203353,289228.35,1.70,2064591954545961,11944009673,978952601974332,6007875907,c6d6c310a3d1bc28102023255d9e444e,
LD,aom,av2,0,A4,RedKayak_360_2997.y4m,640x360,30.00,8,640x360,185,327.066165,27.384494,38.075568,44.218433,5.795927,9.920981,47.291923,45.995004,27.296631,31.418439,27.248253,38.029655,43.972458,0.266134,149949.05,1.44,828025889812554,8288964306,387811250695563,3993492638,c90d34236612a73a167f51fbb7f59a32,
LD,aom,av2,0,A4,RedKayak_360_2997.y4m,640x360,30.00,8,640x360,210,83.857066,25.438051,36.327460,42.387119,4.758603,7.393165,18.818461,18.229452,23.701938,29.346465,25.362331,36.271775,41.972243,0.209546,37248.78,1.28,215863160767889,7525018071,96802670162952,3609342633,72e373b0fb14e9b68e1c16b9b2fcf237,
LD,aom,av2,0,A4,RedKayak_360_2997.y4m,640x360,30.00,8,640x360,235,25.137939,23.859001,34.873328,40.259109,4.259564,5.547406,5.008752,4.986721,21.231122,27.449366,23.800745,34.776703,39.948107,0.215816,7695.07,0.53,59186579039566,4216494975,21488975599928,1537410337,45b861fbbdf20e5beb36996ebe6737ee,
LD,aom,av2,0,A4,SnowMountain_640x360_2997.y4m,640x360,30.00,8,640x360,110,571.763621,41.468796,48.975302,49.936985,20.103147,27.193951,95.272444,93.739189,49.104413,43.005446,41.331533,48.972880,49.935414,1.179305,84852.81,0.72,601175440671382,3753923411,237002122461266,2027484521,d41b2ac3696846e91d5b5f0c4c07cde2,
LD,aom,av2,0,A4,SnowMountain_640x360_2997.y4m,640x360,30.00,8,640x360,135,182.284177,38.612974,47.408779,48.806206,17.785906,24.697824,92.902179,91.150985,45.309968,41.118717,38.561011,47.408161,48.805671,1.191067,26981.79,0.37,189141243860627,2110273040,75358384856438,1027925369,8544055ee4804334a13803fd415c2796,
LD,aom,av2,0,A4,SnowMountain_640x360_2997.y4m,640x360,30.00,8,640x360,160,82.202720,35.549706,45.603798,47.278387,14.921581,21.634733,89.096451,87.015161,40.917232,38.823105,35.530930,45.603532,47.277930,1.259395,15811.58,0.36,109106912596332,1969404885,44153849767466,1038087094,a5d1de341f07871240a22ebda9795a5f,
LD,aom,av2,0,A4,SnowMountain_640x360_2997.y4m,640x360,30.00,8,640x360,185,44.495812,31.988637,43.748281,45.730297,11.595199,17.959039,81.676483,79.550905,36.095011,35.999578,31.983369,43.748198,45.730168,1.042505,13898.67,0.32,78929774796985,1804113378,36017759553226,899352684,ffee47d589ca23906d1e9262366e3129,
LD,aom,av2,0,A4,SnowMountain_640x360_2997.y4m,640x360,30.00,8,640x360,210,19.514639,27.589204,41.598428,43.377410,8.526638,14.112146,66.527479,64.336319,30.594669,32.505095,27.588371,41.598368,43.377296,1.027293,10296.79,0.29,59374291526782,1485157631,26786817997504,852446718,271878367ee691161535180813cad824,
LD,aom,av2,0,A4,SnowMountain_640x360_2997.y4m,640x360,30.00,8,640x360,235,7.666795,23.881227,39.847013,41.368533,6.216018,10.756121,42.044747,39.874215,24.951247,29.428698,23.880908,39.846971,41.368455,0.716605,4926.48,0.21,36911590073776,1805817124,13758674799908,585074170,65f325b57c78aaf6225893bd6d018d26,
LD,aom,av2,0,A4,SpeedBag_640x360_2997.y4m,640x360,30.00,8,640x360,110,264.418658,46.707930,50.061298,51.742700,19.741787,26.417113,97.844478,96.426371,48.446611,45.679211,46.577715,50.009329,51.669236,0.015790,33162.68,0.88,232262736931847,5265909984,92613841495994,2499974892,a892b1caa05f2e94e2f12f21d392add3,
LD,aom,av2,0,A4,SpeedBag_640x360_2997.y4m,640x360,30.00,8,640x360,135,121.916238,44.174352,48.172784,50.276625,18.313289,23.938892,95.630786,93.564587,44.565856,43.976479,43.985329,48.092028,50.139197,0.057596,16549.65,0.74,119832623838182,4891320426,46214658473641,2107846400,a2b0d939502721846ce032203aeea940,
LD,aom,av2,0,A4,SpeedBag_640x360_2997.y4m,640x360,30.00,8,640x360,160,58.888804,41.170251,45.795630,48.039364,16.741921,21.107697,89.927423,86.978509,40.301908,41.782251,40.965974,45.699638,47.841530,0.077179,11907.65,0.67,86216810500667,4061553013,40339079946084,2408252265,d9fa07cd75864ec83fd4825b92c26c3c,
LD,aom,av2,0,A4,SpeedBag_640x360_2997.y4m,640x360,30.00,8,640x360,185,29.667563,37.931233,42.900469,45.659960,14.949230,18.134723,79.331414,75.816119,36.070385,39.052651,37.717919,42.798554,45.437331,0.075090,6132.04,0.47,45995305259648,3300787495,17131418926245,1305927122,a8d9a571f244b60beaab5f4851561b08,
LD,aom,av2,0,A4,SpeedBag_640x360_2997.y4m,640x360,30.00,8,640x360,210,15.971721,34.715564,40.210366,43.038016,13.194759,15.049385,62.869237,59.295777,31.924361,36.187348,34.486072,40.113192,42.704031,0.064938,2860.95,0.35,22133311174473,2510408856,7990688854422,1016395658,b37607e17f80103e802907eac48ff1d2,
LD,aom,av2,0,A4,SpeedBag_640x360_2997.y4m,640x360,30.00,8,640x360,235,9.048183,30.932306,37.461844,40.017117,11.212765,11.966665,41.432792,38.424053,27.617387,32.906175,30.703775,37.387257,39.692197,0.135689,1223.36,0.29,9572413364288,2154619350,3418536393279,813048832,b81c5993eccb94142d3ad8fd67160d96,
LD,aom,av2,0,A4,Stockholm_640x360_5994.y4m,640x360,60.00,8,640x360,110,1518.906939,40.044257,45.917073,45.421028,15.350377,24.199210,99.501575,97.875536,47.681757,40.366720,39.916887,45.886562,45.403334,0.000071,128990.34,1.30,928655828779591,7665086257,360225842193696,3623262202,36340f7efe39ddf50adc86509460eecd,
LD,aom,av2,0,A4,Stockholm_640x360_5994.y4m,640x360,60.00,8,640x360,135,481.693076,37.707834,44.128342,43.779333,13.771980,22.099877,97.341224,95.367790,43.971327,38.598024,37.666810,44.097547,43.762328,0.006253,69681.01,1.07,396494964988707,5924141701,180367729905141,2907565373,87a372b4ffaad95b8a46bb0724f3e73c,
LD,aom,av2,0,A4,Stockholm_640x360_5994.y4m,640x360,60.00,8,640x360,160,200.103896,34.974257,41.796013,41.457906,11.881915,19.576157,92.806524,90.555125,39.187581,36.433971,34.937545,41.764720,41.439414,0.032843,44027.72,0.93,252613533655576,5245314570,114105361709880,2573892090,e8cbe69986f3c72484b934dec569f650,
LD,aom,av2,0,A4,Stockholm_640x360_5994.y4m,640x360,60.00,8,640x360,185,90.987167,31.601896,39.767707,39.253875,9.367424,16.144535,82.856405,80.056253,33.683073,33.918293,31.567027,39.739034,39.235795,0.055021,19860.45,0.52,148804595417921,3396200163,67308935118903,1867205294,79118011b96851e659f1cc8797e8be6d,
LD,aom,av2,0,A4,Stockholm_640x360_5994.y4m,640x360,60.00,8,640x360,210,38.291555,28.048385,37.588403,37.156229,6.678025,12.167989,63.016303,59.993281,28.066327,31.019366,28.025480,37.553451,37.136261,0.056689,13454.44,0.49,80141755371200,3174181937,34966233728827,1368451924,e51c4fed8f25922c89620d72a22ddf73,
LD,aom,av2,0,A4,Stockholm_640x360_5994.y4m,640x360,60.00,8,640x360,235,15.370476,24.944988,36.059880,35.694365,4.564004,8.485068,34.301859,32.322090,23.316432,28.446749,24.927098,36.033813,35.679362,0.044017,4429.14,0.32,34818048800244,2296659445,12371151206090,911056003,d05ee898efd5067ca03299c16ede2fe8,
LD,aom,av2,0,A4,TouchdownPass_640x360_2997.y4m,640x360,30.00,8,640x360,110,859.276723,41.899426,47.540812,47.470345,15.949774,24.217154,96.859118,94.928630,48.174656,42.270364,41.822482,47.509706,47.437735,0.000000,95380.92,1.44,663443018105601,8463669593,266361950100549,4055166009,fe3b4ea94b333f3aed4da824352dce29,
LD,aom,av2,0,A4,TouchdownPass_640x360_2997.y4m,640x360,30.00,8,640x360,135,380.272650,38.565526,45.511845,45.136673,13.214663,21.063936,93.224196,90.865886,43.021677,39.899318,38.495915,45.482200,45.091033,0.000042,57423.98,1.13,417284285710430,7101513935,194405920048560,4036058675,33d1643c5ebb851078d63171e22bfc91,
LD,aom,av2,0,A4,TouchdownPass_640x360_2997.y4m,640x360,30.00,8,640x360,160,155.573042,34.718814,43.603081,42.732775,9.498738,16.388754,84.414898,81.898306,36.846672,36.899546,34.667187,43.573411,42.683303,0.002029,65302.80,1.11,369005617309175,6063680582,169203117500556,3104656460,7ca1d5513c8f89f5d87bfd53f90b685b,
LD,aom,av2,0,A4,TouchdownPass_640x360_2997.y4m,640x360,30.00,8,640x360,185,62.179052,31.318661,42.086460,40.367884,6.648450,11.778633,68.011794,65.595795,31.181001,34.228741,31.282813,42.070314,40.332025,0.019065,37071.00,0.85,214434274889176,5098467285,96137286431517,2351133380,213823b73a8a8dc06d2a48c91419c947,
LD,aom,av2,0,A4,TouchdownPass_640x360_2997.y4m,640x360,30.00,8,640x360,210,25.174825,28.611156,40.241901,38.436375,5.522649,9.000540,46.241560,44.518343,27.011982,32.208207,28.575988,40.229781,38.417568,0.969031,12297.97,0.44,95379732729774,3394501519,34351633999948,1263194230,0a88c3d52d296ac60887b10d0bb17b1a,
LD,aom,av2,0,A4,TouchdownPass_640x360_2997.y4m,640x360,30.00,8,640x360,235,9.531392,25.964070,38.500862,36.788885,4.894633,7.537545,22.879868,21.954016,23.319211,30.487262,25.925063,38.494063,36.778182,1.268853,5813.11,0.48,46551037215924,3524939631,16234448679618,1360992527,df59a6d398ae61b29a6b9b9cc095de42,
LD,aom,av2,0,A5,FourPeople_480x270_60.y4m,480x270,60.00,8,480x270,110,601.044923,43.823479,47.155762,48.189220,20.161205,28.637318,96.727824,95.459187,47.910944,43.156191,43.726841,47.124125,48.148675,1.765349,27434.72,0.47,189410845997498,2505551376,76614478265350,1307311579,34ee357404fbde2121969f49051e9a9a,
LD,aom,av2,0,A5,FourPeople_480x270_60.y4m,480x270,60.00,8,480x270,135,298.600615,40.385486,44.991425,45.771891,17.826673,25.706675,94.735832,93.137622,43.786356,40.909352,40.275223,44.958436,45.728211,2.010524,21474.04,0.48,119585916102059,2233382752,55627606494886,1289948422,4eb664da47286c1d2105e8ca54c2ea61,
LD,aom,av2,0,A5,FourPeople_480x270_60.y4m,480x270,60.00,8,480x270,160,146.001231,36.560660,42.534293,43.151943,14.875805,21.983944,90.162080,88.071243,38.381564,38.241715,36.459266,42.507981,43.118024,2.195687,15495.21,0.26,106820327485084,1692271027,43276311751224,750449130,61c75843f7aa3979ea6e074396d1a25b,
LD,aom,av2,0,A5,FourPeople_480x270_60.y4m,480x270,60.00,8,480x270,185,72.694154,32.738139,40.066696,40.490146,11.857700,18.111284,81.602859,78.989049,33.065167,35.256991,32.666431,40.053560,40.474396,1.563892,8690.19,0.25,61383724625288,1736623112,24268198086766,706654382,66609a71b16135bc622b6a50b9d1df7c,
LD,aom,av2,0,A5,FourPeople_480x270_60.y4m,480x270,60.00,8,480x270,210,31.358769,28.751578,36.765071,37.527028,8.680591,13.750352,66.051317,63.148190,27.655604,31.783507,28.706775,36.759227,37.517787,1.899646,4374.51,0.22,31721412552756,1435857493,12216101357526,593898407,1f495ed8801f1baa40dd16d44b3d57e0,
LD,aom,av2,0,A5,FourPeople_480x270_60.y4m,480x270,60.00,8,480x270,235,13.181538,25.213610,34.157943,34.700576,6.140395,10.055404,46.149667,43.496594,23.038764,28.842419,25.186819,34.154664,34.696949,1.896637,1968.63,0.18,14536765321578,1239684416,5499952006987,492197574,f429ef0f0697d7ec6c9326cc1f086ec8,
LD,aom,av2,0,A5,ParkJoy_480x270_50.y4m,480x270,50.00,8,480x270,110,5244.304615,38.930862,40.371714,42.441305,16.735128,24.755939,99.290576,98.245353,45.545903,38.528564,38.630848,40.107126,42.262669,0.718771,134622.75,1.84,923427367920055,9394752525,375960935200197,5157673437,a0bb59c783fe375cca01ee666b466d6e,
LD,aom,av2,0,A5,ParkJoy_480x270_50.y4m,480x270,50.00,8,480x270,135,2345.144615,33.518047,37.069813,40.147928,12.321254,19.914125,94.123569,92.102301,39.084465,34.562453,33.197431,36.871534,40.038771,1.119322,133794.16,1.38,908752286038076,7895168975,373646203422860,3842267552,f023901836ff7c003da9071c9d020bf4,
LD,aom,av2,0,A5,ParkJoy_480x270_50.y4m,480x270,50.00,8,480x270,160,815.464615,28.694385,34.599510,38.416058,8.289451,15.031811,79.946906,77.678897,32.244549,30.954146,28.378308,34.470204,38.329389,1.479066,211010.38,1.22,1181162785333749,5844442341,546906772921878,3276154956,c21c729e5f6adfe969f6b2b08b22febc,
LD,aom,av2,0,A5,ParkJoy_480x270_50.y4m,480x270,50.00,8,480x270,185,248.504615,25.250116,32.781817,37.274513,5.453783,10.943472,57.021262,55.176141,26.670995,28.253251,25.011913,32.682465,37.215749,1.739573,98071.46,0.68,553666866473412,3963746885,254263340914616,1906388043,54499439fe03c2257c7d6ca9bd904122,
LD,aom,av2,0,A5,ParkJoy_480x270_50.y4m,480x270,50.00,8,480x270,210,62.947692,22.820992,31.345262,36.260204,3.587928,7.631120,31.475936,30.459446,22.441469,26.053276,22.672880,31.279982,36.212140,1.803349,23331.35,0.34,166527480247572,2311276145,65159025300183,954669685,723cf23df44c6e9599797acb057d2930,
LD,aom,av2,0,A5,ParkJoy_480x270_50.y4m,480x270,50.00,8,480x270,235,18.523077,21.169276,29.874385,35.040926,2.642643,5.331683,13.177105,12.751600,19.409109,24.294075,21.074760,29.816477,35.016018,2.029279,6692.73,0.27,39734948375489,1572164800,17413314971217,789993316,8dcaccad924a7d19086423fe3a44b997,
LD,aom,av2,0,A5,SparksElevator_480x270p_5994_10bit.y4m,480x270,60.00,10,480x270,110,2445.038039,40.889689,48.993414,46.869365,17.211071,24.148516,96.004013,94.142396,46.835884,41.968340,40.743396,48.926751,46.798835,0.150456,111585.25,1.32,600830554574524,6082961502,289006091226377,3533189586,a0b25a0d1ca18b58c0e3923349baed92,
LD,aom,av2,0,A5,SparksElevator_480x270p_5994_10bit.y4m,480x270,60.00,10,480x270,135,965.507108,36.686329,47.026646,44.535290,13.686725,20.027676,90.571859,88.255594,40.794296,38.934984,36.543553,46.967131,44.471880,0.187280,79649.87,1.06,439438157362022,4805240106,206073371696050,2859105223,4bcd38f792eef9911f6acec5a89bcb29,
LD,aom,av2,0,A5,SparksElevator_480x270p_5994_10bit.y4m,480x270,60.00,10,480x270,160,335.004073,33.085896,44.856274,42.212445,10.411354,16.058227,80.044545,77.398839,35.244768,36.073762,32.964480,44.807865,42.152411,0.167215,57669.92,0.59,409961870107498,3650495432,161051311093200,1660663168,bcc8678a12c815767178f652509e5958,
LD,aom,av2,0,A5,SparksElevator_480x270p_5994_10bit.y4m,480x270,60.00,10,480x270,185,117.165296,30.064973,43.018786,40.014823,7.935406,12.611575,64.125518,61.282759,30.617375,33.529534,29.961372,42.986598,39.983974,0.181170,27360.77,0.32,198443053302466,2043647071,76407314894719,898793092,f99b61552657ff6fd3630cd98b147983,
LD,aom,av2,0,A5,SparksElevator_480x270p_5994_10bit.y4m,480x270,60.00,10,480x270,210,38.697303,27.340423,40.794086,37.671509,5.993655,9.655904,42.759258,40.344955,26.728961,31.060874,27.252277,40.776926,37.652730,0.136090,12011.95,0.25,71948741038738,1308291025,31205429148065,679530248,fc41189751612e17cd3c10eb7f15b060,
LD,aom,av2,0,A5,SparksElevator_480x270p_5994_10bit.y4m,480x270,60.00,10,480x270,235,12.220395,24.921452,39.323598,35.206132,4.171840,7.036113,21.328806,19.898125,23.460443,28.743165,24.854464,39.313339,35.186699,0.138877,3500.27,0.19,27723291742863,1520652661,9774366207715,547015275,8e4d44b7ad104a9ae49ce6160351484c,
LD,aom,av2,0,A5,Vertical_Bayshore_270x480_2997.y4m,270x480,30.00,8,270x480,110,759.624990,41.978347,50.717184,50.448869,16.843639,23.980018,97.889934,96.601343,44.687179,44.022344,41.767703,50.507472,50.290043,0.329040,93674.15,0.99,670482905688321,5444180347,261626758266841,2775095024,e79a291d47f55c691bd9d12d1f287ba0,
LD,aom,av2,0,A5,Vertical_Bayshore_270x480_2997.y4m,270x480,30.00,8,270x480,135,280.445708,37.846852,48.757375,48.358882,13.201130,19.874701,93.987379,91.713045,39.888044,40.851017,37.607540,48.476478,48.173051,0.479302,59277.07,0.70,430420671070555,4516724952,165551460886289,1930081437,42f3c8f46e5ead815a8daf0107e2af46,
LD,aom,av2,0,A5,Vertical_Bayshore_270x480_2997.y4m,270x480,30.00,8,270x480,160,104.295704,34.359064,46.475687,46.332172,10.020120,15.567067,84.437120,81.786126,34.730492,37.821738,34.162419,46.053541,46.069475,0.632976,36435.47,0.54,266144526398356,3931101287,101758411347697,1519375635,e8233d0478be1f4850f0faf2b6eafb04,
LD,aom,av2,0,A5,Vertical_Bayshore_270x480_2997.y4m,270x480,30.00,8,270x480,185,37.817567,31.740453,44.540400,44.401408,8.072966,12.381346,69.690681,66.676423,30.735750,35.462550,31.630770,43.862113,44.003432,0.773372,15183.22,0.49,114710156324176,3442910439,42411359604315,1376413198,d09d523c0505118afd8a2be9b02b58aa,
LD,aom,av2,0,A5,Vertical_Bayshore_270x480_2997.y4m,270x480,30.00,8,270x480,210,14.431722,29.530225,42.576136,42.244166,7.040056,10.309571,51.195387,48.098290,27.548206,33.306343,29.421975,41.880741,41.948755,0.941105,5897.77,0.41,46983095253834,3177567238,16470517975529,1163897855,55142bfe865146d869b68696685fb6c9,
LD,aom,av2,0,A5,Vertical_Bayshore_270x480_2997.y4m,270x480,30.00,8,270x480,235,7.013909,27.069792,39.957275,40.307276,6.156533,8.399983,27.725153,25.388625,24.310356,30.968092,26.845442,39.509329,39.986383,0.809080,2607.85,0.33,21428921070650,2355886905,8955448825602,1222961585,70cacc66f3a756e465c115af39d892fb,
LD,aom,av2,0,B1,CosmosTreeTrunk_sdr_2048x858_25_8bit.y4m,2048x858,24.00,8,2048x858,110,14826.687508,40.293485,45.362753,47.456094,13.473583,21.810636,99.552644,98.593846,44.690994,42.874553,40.108563,45.268304,47.383501,0.348029,1146096.67,15.49,8060225621392662,97926449823,3200656019402633,43249480065,7c5e3216c2ab942ef50f442b71ed3395,
LD,aom,av2,0,B1,CosmosTreeTrunk_sdr_2048x858_25_8bit.y4m,2048x858,24.00,8,2048x858,135,5836.132431,37.278154,43.041137,45.564037,11.494918,18.709867,94.108648,91.997223,39.588396,40.357552,37.191791,42.965163,45.508974,0.613722,852359.19,16.37,4735866065007845,78269549481,2209665862596718,45254533209,e9f3524e5bbb9818848031658fa8b510,
LD,aom,av2,0,B1,CosmosTreeTrunk_sdr_2048x858_25_8bit.y4m,2048x858,24.00,8,2048x858,160,2128.255015,34.110759,41.153928,43.853825,9.626508,15.397069,79.588726,77.317318,34.290239,37.775564,34.022275,41.104164,43.807123,0.654562,742052.51,12.03,4215369758441477,64792444442,1927195124561194,33544496669,651e45a829252edc70a1e32581d7667c,
LD,aom,av2,0,B1,CosmosTreeTrunk_sdr_2048x858_25_8bit.y4m,2048x858,24.00,8,2048x858,185,644.165908,31.025578,39.547322,42.266040,7.669220,11.913674,56.221079,54.326930,29.366961,35.270794,30.936690,39.512112,42.221256,0.737856,372642.98,8.46,2182382488704286,53898249623,968585262349566,23979868103,732a7d73d3ad36e55fe708da0ad9e548,
LD,aom,av2,0,B1,CosmosTreeTrunk_sdr_2048x858_25_8bit.y4m,2048x858,24.00,8,2048x858,210,158.292185,28.460828,37.952198,40.925107,6.130742,8.888889,31.916410,30.718587,25.565273,33.015165,28.392118,37.914356,40.887783,0.822015,135424.66,6.44,882020338453564,40478545431,381397600968382,19742827114,f2674a0d4c29cfd354e14f788a10e4d4,
LD,aom,av2,0,B1,CosmosTreeTrunk_sdr_2048x858_25_8bit.y4m,2048x858,24.00,8,2048x858,235,38.117908,26.631790,36.408809,39.315909,5.203087,6.803257,14.611355,14.169283,23.160796,30.991270,26.599013,36.379691,39.267837,0.800115,52108.86,4.37,327048412028557,25839436189,137892273702976,12506540623,09c47ed23633716dfbaa2b76da904592,
LD,aom,av2,0,B1,EuroTruckSimulator2_1920x1080p60_v2.y4m,1920x1080,60.00,8,1920x1080,110,79670.182154,38.941557,44.319172,45.934248,14.630334,22.838161,99.976544,99.970625,45.136078,40.121126,38.715939,44.255217,45.886703,0.016462,1114363.33,41.46,6218453343817511,168243498779,2890896040391040,112299922294,120055160d3ff16a39748d30ba0458f4,
LD,aom,av2,0,B1,EuroTruckSimulator2_1920x1080p60_v2.y4m,1920x1080,60.00,8,1920x1080,135,26491.022769,34.524478,42.036822,43.882958,10.944448,18.241024,98.136897,96.180097,38.275813,36.732374,34.373013,41.992382,43.845459,0.025506,1694564.08,24.88,9475221010231480,110947508093,4393742704573224,67937080068,4e67b935d4cf1cc7ba6ffca13d6dfb39,
LD,aom,av2,0,B1,EuroTruckSimulator2_1920x1080p60_v2.y4m,1920x1080,60.00,8,1920x1080,160,7141.794462,31.114581,39.963071,42.008328,8.185305,14.366444,87.203625,84.691222,32.430108,33.963305,31.036475,39.921056,41.966466,0.053242,1135329.41,13.80,8297116246356513,73267712384,3854612940874846,50181247602,5483695b87602a920e16afa7b65b8f7b,
LD,aom,av2,0,B1,EuroTruckSimulator2_1920x1080p60_v2.y4m,1920x1080,60.00,8,1920x1080,185,1890.808615,28.475566,38.034609,40.134274,6.061308,11.031130,70.880480,68.357057,27.795575,31.611756,28.429246,37.988786,40.090296,0.113206,605953.76,9.55,3531561759326385,52238029251,1574149565817909,26940146593,265af49f0c06c02501ea8280add702db,
LD,aom,av2,0,B1,EuroTruckSimulator2_1920x1080p60_v2.y4m,1920x1080,60.00,8,1920x1080,210,522.398769,26.308281,36.159208,38.301662,4.570450,8.307851,53.373668,50.963011,24.256865,29.502825,26.275403,36.123422,38.262247,0.123610,225815.21,6.99,1376060757220305,40333543419,588603959222109,19942947165,28ac188b8457508b5d43862329b9de04,
LD,aom,av2,0,B1,EuroTruckSimulator2_1920x1080p60_v2.y4m,1920x1080,60.00,8,1920x1080,235,152.555077,24.407235,34.205315,36.206929,3.649791,6.163288,37.419646,35.491073,21.521778,27.503660,24.382443,34.182173,36.168099,0.112044,64336.70,3.83,531159114096123,27911433524,179665397191182,10723574793,2b3e405d7919bc1d53d1903e1175c63e,
LD,aom,av2,0,B1,GlassHalf_1920x1080p_24p_8bit_420.y4m,1920x1080,24.00,8,1920x1080,110,4897.007262,48.649920,49.049602,49.286186,24.651372,32.337253,99.169725,98.110256,52.596319,51.249016,48.279464,48.473817,48.381483,2.688709,262571.26,9.76,1873146196575776,52912622603,733332895851808,27266912702,df0c96af3da9165e74f4afecab1056ba,
LD,aom,av2,0,B1,GlassHalf_1920x1080p_24p_8bit_420.y4m,1920x1080,24.00,8,1920x1080,135,2684.292923,44.726213,45.111628,45.381100,22.276906,29.062665,97.936390,96.057865,48.175371,48.349073,44.193840,44.354240,44.194193,1.595889,393550.70,9.20,2759454392853376,50835396608,1099032800093113,25674060679,e6ae5134c7670dc82ab4c3c053f91403,
LD,aom,av2,0,B1,GlassHalf_1920x1080p_24p_8bit_420.y4m,1920x1080,24.00,8,1920x1080,160,1359.894646,40.468461,41.305235,41.604335,19.128588,25.058897,94.056598,91.337314,42.562742,45.250366,39.836297,40.302877,40.151828,1.326037,357455.95,7.55,2533619570140724,45296737435,998192639135375,21112491840,1ad769b609d099ca0aebb495e8c103cd,
LD,aom,av2,0,B1,GlassHalf_1920x1080p_24p_8bit_420.y4m,1920x1080,24.00,8,1920x1080,185,665.621169,36.338140,37.799532,38.161595,15.801553,20.658958,85.234578,81.790221,36.667781,41.948098,35.699514,36.713470,36.615016,1.296211,328445.80,7.68,1853216398962398,42480438218,857603321230001,21838203329,fc235ee57d842351e819f983f2b76b94,
LD,aom,av2,0,B1,GlassHalf_1920x1080p_24p_8bit_420.y4m,1920x1080,24.00,8,1920x1080,210,292.234338,32.199738,34.363617,34.592077,12.406021,15.883834,67.114221,63.408874,30.689436,38.223759,31.649300,33.385677,33.053690,1.252997,144505.16,6.60,1052150099126012,46147313717,403575477910165,18435548299,e1a20469c7d4f0ce553a7e52064f48f4,
LD,aom,av2,0,B1,GlassHalf_1920x1080p_24p_8bit_420.y4m,1920x1080,24.00,8,1920x1080,235,108.889108,28.262253,30.972806,31.044793,9.418425,11.190198,38.608039,35.497325,25.266887,33.846172,27.874753,30.228471,29.505439,1.017658,61872.00,4.86,477273703707863,34595954610,172810847789726,13579542439,93a56b34b1b1f6ea3d7b2c4339a15433,
LD,aom,av2,0,B1,Life_1080p30_v2.y4m,1920x1080,30.00,8,1920x1080,110,8865.467077,43.179390,48.434116,47.995260,17.358220,25.640762,99.207665,97.891667,47.925908,45.345020,43.073830,48.390725,47.948078,0.312800,383984.71,17.81,2193845727418981,79341048138,997331469607609,49414813167,7d686455e125e84fc2347483e7b1c221,
LD,aom,av2,0,B1,Life_1080p30_v2.y4m,1920x1080,30.00,8,1920x1080,135,3467.769231,39.502305,45.717984,45.418303,14.346440,22.069067,96.256954,94.424946,42.870190,42.268380,39.432878,45.659922,45.356129,0.309014,379230.17,11.18,2728189288984162,64672478489,1059006342155870,31301215109,7a21a75fc92ae380bafa40c5929b4c13,
LD,aom,av2,0,B1,Life_1080p30_v2.y4m,1920x1080,30.00,8,1920x1080,160,1397.499692,35.893954,42.968165,42.635410,11.094433,17.951771,89.796479,87.334407,37.439160,39.036539,35.847498,42.895911,42.557024,0.321035,453651.45,11.33,2614992186198499,56014417521,1179616742065343,31673407730,a935967de9fcf513404b384c3087fad3,
LD,aom,av2,0,B1,Life_1080p30_v2.y4m,1920x1080,30.00,8,1920x1080,185,578.187692,32.608642,40.104477,39.584461,8.241297,13.958379,76.798282,73.799061,32.349171,36.036294,32.568558,40.014866,39.496070,0.406787,260074.36,10.79,1524075889828215,58052441533,677225400914703,31493144871,1e58e27c2d6bdb3b631ecd5b78e4a976,
LD,aom,av2,0,B1,Life_1080p30_v2.y4m,1920x1080,30.00,8,1920x1080,210,259.584000,29.912394,37.112657,36.511012,7.221707,11.588532,57.548689,54.374675,28.038756,33.634206,29.845963,37.004252,36.418070,0.442037,97928.53,8.34,766184823753542,56693962115,273475976004857,23467904849,849dda9ff998bd9bd9ed27feec53007d,
LD,aom,av2,0,B1,Life_1080p30_v2.y4m,1920x1080,30.00,8,1920x1080,235,109.945846,26.966711,34.136930,33.496083,6.301854,9.249293,37.198757,34.152687,23.941479,30.963596,26.880333,34.026067,33.420520,0.348855,49981.33,4.95,403268000224833,36981131657,139579945329859,13801382171,53615512ef3930aeeac7b656ecc5d15f,
LD,aom,av2,0,B1,MINECRAFT_1080p_60_8bit.y4m,1920x1080,60.00,8,1920x1080,110,55720.966154,41.771014,45.071141,45.027697,17.097006,24.246127,99.835554,99.603869,46.112936,42.581186,41.449130,44.870882,44.812980,0.191303,928770.84,27.25,6487270859350418,126811633364,3163701923032750,96843514835,48f5af0e48272618eafedf58da4fef45,
LD,aom,av2,0,B1,MINECRAFT_1080p_60_8bit.y4m,1920x1080,60.00,8,1920x1080,135,24725.261538,36.468589,42.859553,42.669261,12.192713,19.041866,98.913563,97.995632,39.437775,38.950474,36.135629,42.702683,42.502144,0.180441,2127317.61,22.90,11733499227264944,108674810967,5542993290986563,62589654786,87178e8a18f45ac1b37c5c3719b08ba9,
LD,aom,av2,0,B1,MINECRAFT_1080p_60_8bit.y4m,1920x1080,60.00,8,1920x1080,160,7606.648615,32.269013,40.848177,40.386075,8.573380,14.460482,89.175674,86.669107,33.464167,35.557430,31.987125,40.732258,40.254422,0.230781,1651703.60,16.15,9307951660086012,72677780482,4302474826749246,44938182904,61e43da87c1babe03d2d3e5ec8c1fa01,
LD,aom,av2,0,B1,MINECRAFT_1080p_60_8bit.y4m,1920x1080,60.00,8,1920x1080,185,2484.073846,29.531891,38.649263,38.118404,6.422964,10.785363,69.829004,67.444033,28.929741,32.848714,29.319959,38.553008,38.011517,0.237801,749520.75,10.59,4321628694892582,55701243732,1952387713286660,29901403269,08b5e1a45c8950fd544c871f3d300142,
LD,aom,av2,0,B1,MINECRAFT_1080p_60_8bit.y4m,1920x1080,60.00,8,1920x1080,210,607.868308,27.043576,36.457098,36.065528,5.037243,7.738758,46.223813,44.533314,25.313392,30.364743,26.872050,36.384941,35.980731,0.263316,301921.53,9.03,1862598792123898,54027938489,790553359146619,25929328667,9a85e5d23eb0256a48a216ff64b75bfe,
LD,aom,av2,0,B1,MINECRAFT_1080p_60_8bit.y4m,1920x1080,60.00,8,1920x1080,235,170.916923,25.218435,34.318502,34.131968,4.309906,5.559213,30.877296,29.882915,22.648970,28.230872,25.103770,34.279688,34.076493,0.442655,88808.42,4.31,738295771009741,28459219223,248074616292378,12037446935,d4c0092438d1738dda86e7790b618754,
LD,aom,av2,0,B1,Sniper_1920x1080P_30fps_8bit.y4m,1920x1080,30.00,8,1920x1080,110,52411.159385,40.175998,45.591947,46.258819,15.884718,22.661746,99.739424,99.643496,44.369314,41.019601,39.744406,45.244299,45.939631,0.120275,823097.48,39.32,4503424260715516,156222922580,2137337494616631,106586989599,c5348b2a1c8d91ca9ab032abf3ad43b9,
LD,aom,av2,0,B1,Sniper_1920x1080P_30fps_8bit.y4m,1920x1080,30.00,8,1920x1080,135,26661.708923,35.420638,43.150372,43.930485,11.818357,17.838962,97.852639,96.550437,38.111849,37.599424,34.865740,42.749696,43.595848,0.120279,1215836.67,28.08,6538197331282686,123435483205,3154183730626060,76221220637,25b84c625923218b3673318dc843e54b,
LD,aom,av2,0,B1,Sniper_1920x1080P_30fps_8bit.y4m,1920x1080,30.00,8,1920x1080,160,11244.103385,30.980463,41.069440,41.870485,8.485758,13.358967,83.622223,81.434302,32.296007,34.318126,30.301993,40.664609,41.557982,0.174925,1506962.17,16.27,10538384405916408,89783405357,4208420381987784,45382564775,a956d8fc23bba7185d5a993d0837dd9d,
LD,aom,av2,0,B1,Sniper_1920x1080P_30fps_8bit.y4m,1920x1080,30.00,8,1920x1080,185,2893.290462,27.065657,39.246130,40.046639,6.059160,9.769150,59.869408,58.004780,27.451126,31.365915,26.292141,38.850417,39.734836,0.361222,1190264.84,12.99,6770542524440326,65634038914,3092818552423598,36426329064,37de93055db03bb9fcda1740a8d74e83,
LD,aom,av2,0,B1,Sniper_1920x1080P_30fps_8bit.y4m,1920x1080,30.00,8,1920x1080,210,495.773538,24.713867,37.810725,38.430891,4.721702,7.221146,36.161675,34.900223,23.873111,29.233073,24.008337,37.494089,38.162049,0.664598,310538.90,9.10,2347794339968802,57351467872,1058039872593415,33930271944,9b3640c5e9ea4e4694fefa7b4cb72426,
LD,aom,av2,0,B1,Sniper_1920x1080P_30fps_8bit.y4m,1920x1080,30.00,8,1920x1080,235,101.621538,23.307454,36.046661,36.510817,4.069134,5.518038,20.234684,19.416890,21.467730,27.543167,22.725879,35.823423,36.307583,0.841438,113873.67,6.58,770029199162487,46514991029,321932096519685,20020091187,ec60d4a568bd3a88a470a6785a8ce4a0,
LD,aom,av2,0,B1,SolLevanteDragons_sdr_1920x1080_24_10bit.y4m,1920x1080,24.00,10,1920x1080,110,6613.773785,42.308583,46.941221,46.771512,13.344847,20.216996,99.389129,98.684542,43.386852,45.352717,41.999524,46.814990,46.452969,0.228401,474948.11,12.90,3328335817605842,80099723731,1326386599117928,36023061493,b09c4fd282d5e717a7dc780c3fc467b1,
LD,aom,av2,0,B1,SolLevanteDragons_sdr_1920x1080_24_10bit.y4m,1920x1080,24.00,10,1920x1080,135,2649.691569,40.787010,44.846786,44.459891,12.414363,18.056188,92.353507,90.638566,39.844705,43.746915,40.454139,44.689044,44.077009,0.305359,423050.65,15.43,2298911177452333,80227803155,1086729960728819,43180308886,c49cacc0b2e2b00f196051c0d4f8ba73,
LD,aom,av2,0,B1,SolLevanteDragons_sdr_1920x1080_24_10bit.y4m,1920x1080,24.00,10,1920x1080,160,1134.281354,38.963790,42.313105,41.774178,11.697433,15.748453,73.836028,72.007817,36.332888,41.809513,38.588591,42.134764,41.355323,0.309802,303241.57,12.19,1638083444297321,65253471302,782547105525208,33932340678,3b575eb3c4f9320b9c875747b4d7dbe1,
LD,aom,av2,0,B1,SolLevanteDragons_sdr_1920x1080_24_10bit.y4m,1920x1080,24.00,10,1920x1080,185,488.489354,36.734787,39.637713,38.995106,11.090527,13.427194,47.886676,46.526446,33.090610,39.490991,36.354915,39.463324,38.594512,0.334918,94551.47,7.55,677588987890161,53739999610,264075793617063,21127481060,375773517da743081309819e1b741c9f,
LD,aom,av2,0,B1,SolLevanteDragons_sdr_1920x1080_24_10bit.y4m,1920x1080,24.00,10,1920x1080,210,207.290585,34.169408,36.880189,36.118163,10.586414,11.257942,24.151814,23.459960,30.059801,36.774383,33.837931,36.727888,35.761095,0.368329,37262.90,7.31,270995374019168,55414615072,104102812591196,20451022991,df755cc08869e9f7116987021eae1634,
LD,aom,av2,0,B1,SolLevanteDragons_sdr_1920x1080_24_10bit.y4m,1920x1080,24.00,10,1920x1080,235,88.702523,31.329986,34.020140,33.224746,10.125424,9.295847,13.343102,13.167352,27.102438,33.773329,31.068408,33.895935,32.932708,0.489081,13570.30,6.00,101989038165650,49449029231,37893581535508,16763029597,3a04065eab6e1aa16718e3fe09ad1eae,
LD,aom,av2,0,B1,SolLevanteFace_sdr_1920x1080_24_10bit.y4m,1920x1080,24.00,10,1920x1080,110,12109.741292,44.642278,46.785996,44.742866,18.348667,23.829559,95.930801,94.124566,46.035124,45.734984,44.374010,46.375662,44.271898,0.016471,909624.60,20.09,6384614145075162,108458419121,2540272669633534,56045435248,d96b38814b2a8d2c4ab1d20853199392,
LD,aom,av2,0,B1,SolLevanteFace_sdr_1920x1080_24_10bit.y4m,1920x1080,24.00,10,1920x1080,135,5837.996308,40.735365,45.361345,42.775612,14.926685,19.564876,88.718009,86.195820,40.710950,43.374909,40.332648,44.619269,41.804785,0.016023,1366173.42,20.87,7707748522936711,87258918738,3545663089673584,56705620783,c4a9e8b94dca302b2b8d9fe41055d4be,
LD,aom,av2,0,B1,SolLevanteFace_sdr_1920x1080_24_10bit.y4m,1920x1080,24.00,10,1920x1080,160,2394.869169,36.708815,43.649808,40.658685,11.420508,15.049304,70.342370,67.672273,35.327299,40.617664,36.193628,42.330293,39.336679,0.013014,749911.81,11.80,5424302422603284,72276594274,2094198456699311,32926808957,3a8589dfa9e7538c1fa55d0d7d987a77,
LD,aom,av2,0,B1,SolLevanteFace_sdr_1920x1080_24_10bit.y4m,1920x1080,24.00,10,1920x1080,185,780.143262,33.222898,41.920560,38.652750,8.625344,11.000243,43.338235,41.504081,30.708329,37.924017,32.564305,39.727882,37.154646,0.013668,328371.01,9.01,2444235597639563,61897474410,917080133535951,25159311054,9f2e7008e72f8c17131741e500ca311e,
LD,aom,av2,0,B1,SolLevanteFace_sdr_1920x1080_24_10bit.y4m,1920x1080,24.00,10,1920x1080,210,174.842585,30.620929,40.338115,36.973417,7.061502,8.019743,17.073881,16.554456,27.369415,35.651056,29.711339,37.192984,35.410702,0.011714,123968.15,7.02,962269864502419,52253439217,346232596861295,19618220249,2c75d5ece5ffa0856b2784b1110318d8,
LD,aom,av2,0,B1,SolLevanteFace_sdr_1920x1080_24_10bit.y4m,1920x1080,24.00,10,1920x1080,235,33.402092,29.060943,38.788844,35.328324,6.626191,6.554283,2.139973,2.109837,25.535679,33.923852,27.918420,35.247030,33.914107,0.011692,36011.90,4.43,282999898281343,31307732681,100563820355782,12365476898,0d8f2d047442ea521e72c74d4e6e8ab7,
LD,aom,av2,0,B1,STARCRAFT_1080p60.y4m,1920x1080,60.00,8,1920x1080,110,8071.964308,44.834767,50.364375,51.575514,19.410714,26.553129,97.246742,96.253713,49.726729,46.131418,44.715049,50.299083,51.549914,0.433758,153460.59,9.99,856996400524116,39755884282,398989114426354,27809314333,d3267296356bd9e9bc44bfd486ebed9d,
LD,aom,av2,0,B1,STARCRAFT_1080p60.y4m,1920x1080,60.00,8,1920x1080,135,3586.260923,41.037069,47.673014,49.017751,16.494378,22.987169,95.394399,93.843629,44.512774,43.695658,40.942341,47.638091,49.001547,0.549053,153808.51,5.98,1096625007693067,32701872808,429437484978303,16745018337,4acb08181acc83a077d30f370b352ea1,
LD,aom,av2,0,B1,STARCRAFT_1080p60.y4m,1920x1080,60.00,8,1920x1080,160,1402.648615,37.284100,44.925524,46.191374,13.513352,19.181102,90.381527,88.239853,39.245861,40.910527,37.225561,44.909916,46.180624,0.830241,163631.30,5.54,1199693160327418,28054107867,556442408098811,20472193082,67f424cb47eb49b3e421c27ec168696d,
LD,aom,av2,0,B1,STARCRAFT_1080p60.y4m,1920x1080,60.00,8,1920x1080,185,509.390769,33.956526,42.167286,43.240620,10.987266,15.610862,79.892537,77.256086,34.432920,38.034864,33.928114,42.157756,43.234500,1.153376,120407.19,5.27,700795267696805,25543918798,313331017416845,15272998200,266be92c0aec0c97b9bfceb0d87c798e,
LD,aom,av2,0,B1,STARCRAFT_1080p60.y4m,1920x1080,60.00,8,1920x1080,210,187.085538,30.950208,39.203780,40.341344,8.861569,12.330740,63.505784,60.804785,30.094576,35.199843,30.936259,39.199601,40.337700,1.470918,42931.16,2.61,322109727294903,17783465299,119883429399390,7274862381,09b23167cb3d362548bf709c64ae2734,
LD,aom,av2,0,B1,STARCRAFT_1080p60.y4m,1920x1080,60.00,8,1920x1080,235,70.899692,28.002364,36.596620,37.303776,7.170621,9.391504,42.472288,40.233778,26.171322,32.371243,27.994058,36.592209,37.302431,1.177896,19215.47,1.96,143720085939013,13567097170,53678801442234,5458451615,d4920afe8af2ed2da65a006e2c80b4a3,
LD,aom,av2,0,B1,WITCHER3_1920x1080_60_8bit_420.y4m,1920x1080,60.00,8,1920x1080,110,30222.609231,41.796454,48.712408,48.024353,14.080816,20.144468,98.091303,96.449770,43.442472,42.474308,41.277705,48.523569,47.856474,0.234404,692912.47,20.77,3936080700643522,92446549545,1795728492544172,56747856875,e0325821dd59e661419df3d20a3769d4,
LD,aom,av2,0,B1,WITCHER3_1920x1080_60_8bit_420.y4m,1920x1080,60.00,8,1920x1080,135,9361.318154,38.256384,47.144476,45.935107,11.101837,16.073266,90.835493,88.590591,38.264627,39.911346,37.756262,47.010359,45.825998,0.434893,675198.44,12.05,3909521668509872,67573168653,1746049620981680,33191247113,9200f8271377c07d79765441c3e981cb,
LD,aom,av2,0,B1,WITCHER3_1920x1080_60_8bit_420.y4m,1920x1080,60.00,8,1920x1080,160,2390.377846,35.536486,45.675833,43.917485,9.082482,12.781390,76.141311,73.997739,34.179455,37.730647,35.184241,45.582856,43.832458,0.861410,491868.62,8.83,3086092304762038,48905113631,1376227893481110,26701905870,7702244135b57f3f833a441b963868d2,
LD,aom,av2,0,B1,WITCHER3_1920x1080_60_8bit_420.y4m,1920x1080,60.00,8,1920x1080,185,631.137231,33.567081,44.239192,42.134829,7.977168,10.395988,59.252408,57.508929,31.322231,35.982619,33.370097,44.166840,42.052365,1.457093,199245.58,6.24,1206116720631850,37540767670,519359602188679,17691032157,df1970075dd133a1f30568f03ffe2e4d,
LD,aom,av2,0,B1,WITCHER3_1920x1080_60_8bit_420.y4m,1920x1080,60.00,8,1920x1080,210,181.458462,31.901961,42.625984,40.488612,7.446374,8.768064,45.732287,44.191507,29.245763,34.459497,31.805436,42.574717,40.375073,2.545303,53844.11,4.55,435991083045322,33155313025,150360903890440,12688917981,4df0e8d3d1b8e9cea14e9d15fbb6f67d,
LD,aom,av2,0,B1,WITCHER3_1920x1080_60_8bit_420.y4m,1920x1080,60.00,8,1920x1080,235,60.771692,30.148110,41.008854,38.638837,7.096691,7.698602,32.178013,31.101549,27.347260,32.979933,30.101573,40.954707,38.504310,3.419240,22771.55,3.38,135345738689003,17489962940,61007611276215,9828372354,2777810497cb0c8149c99cf39094fd3d,
LD,aom,av2,0,B2,BigBuckBunnyStudio1_1920x1080_60fps_10bit_420_020_0149.y4m,1920x1080,60.00,10,1920x1080,110,1711.945846,51.109295,53.823260,53.435986,25.089282,30.891696,96.498912,95.538388,51.950767,52.878384,51.014108,53.741653,53.349471,0.116545,80604.73,5.06,459186711537040,22175174473,211147440176240,14482097205,d034204ebaa7178c1dd4983bdd2c9838,
LD,aom,av2,0,B2,BigBuckBunnyStudio1_1920x1080_60fps_10bit_420_020_0149.y4m,1920x1080,60.00,10,1920x1080,135,966.686769,46.904326,50.207910,49.780812,21.886200,26.812323,94.944237,93.472133,46.557682,49.121367,46.803452,50.132588,49.700129,0.116151,79421.38,4.47,440113435861025,19772853561,207811081633369,12673260811,7ec34efcdaa3028e34092f296d8d19d9,
LD,aom,av2,0,B2,BigBuckBunnyStudio1_1920x1080_60fps_10bit_420_020_0149.y4m,1920x1080,60.00,10,1920x1080,160,531.230769,42.538222,46.360440,45.835062,18.687258,22.742825,90.625321,88.599600,41.360879,44.858205,42.453044,46.290801,45.765647,0.160448,61208.14,3.62,346398109154525,17666682248,160611147114521,10414869572,99a63fdf79994a0ab666f9d9b4a625a6,
LD,aom,av2,0,B2,BigBuckBunnyStudio1_1920x1080_60fps_10bit_420_020_0149.y4m,1920x1080,60.00,10,1920x1080,185,293.051077,38.217795,42.629744,42.072365,15.641948,18.877464,81.603158,79.183690,36.597051,40.697938,38.152350,42.572810,42.012372,0.279157,48973.03,3.44,267695768502193,16802142031,128903885409531,9947731425,d7a8221268bdcc225ab1982fd339285f,
LD,aom,av2,0,B2,BigBuckBunnyStudio1_1920x1080_60fps_10bit_420_020_0149.y4m,1920x1080,60.00,10,1920x1080,210,157.107692,33.815731,39.400407,38.545051,12.743797,15.154584,66.456042,63.562060,31.959027,36.962107,33.762186,39.351827,38.473410,0.630014,33866.07,3.54,197887218666976,14892212499,90046724532867,10017284104,29364d5f01a32980d510a22588a6568d,
LD,aom,av2,0,B2,BigBuckBunnyStudio1_1920x1080_60fps_10bit_420_020_0149.y4m,1920x1080,60.00,10,1920x1080,235,74.706462,29.446330,36.244140,35.377227,9.953557,11.466568,47.486568,43.594868,27.265076,32.947933,29.408120,36.206528,35.310293,0.536944,22171.65,2.73,125609146562382,13336035869,59617887969046,7980975010,063fcc19b57039ab28286de8fc9b9c93,
LD,aom,av2,0,B2,Debugging_1920x1080_30fps_8bit_420.y4m,1920x1080,30.00,8,1920x1080,110,265.777846,57.137261,53.946820,55.118941,39.037942,44.958617,97.345393,96.747354,60.169470,57.468401,56.863299,53.810139,55.028445,0.038933,19617.11,2.59,113082571841477,10876715469,52969925778045,7645975426,dbb337258b56dd5c669fca48b42e8c69,
LD,aom,av2,0,B2,Debugging_1920x1080_30fps_8bit_420.y4m,1920x1080,30.00,8,1920x1080,135,173.453538,51.633932,50.354385,51.207857,33.348758,39.263021,96.922346,95.966532,56.186373,53.794771,51.456687,50.248458,51.132628,0.106621,17260.27,1.84,124305649300342,10881387779,48206215357939,5164299440,f54d49baae40d5b3cbf0d36257ebd3cd,
LD,aom,av2,0,B2,Debugging_1920x1080_30fps_8bit_420.y4m,1920x1080,30.00,8,1920x1080,160,121.488000,46.199534,46.954184,47.323665,28.102579,33.338402,95.998719,94.323788,50.682734,49.940407,46.064993,46.824819,47.245566,0.457068,16821.09,1.91,124176496301739,11282194689,46971610430027,5388925458,92c178666625d443424c11e7a97d54c0,
LD,aom,av2,0,B2,Debugging_1920x1080_30fps_8bit_420.y4m,1920x1080,30.00,8,1920x1080,185,86.390769,40.801616,43.793792,43.478117,22.732864,27.080464,92.858265,90.326497,43.766566,46.082796,40.677527,43.668145,43.386125,1.145486,20877.39,2.71,139851499071429,13857360753,73223941351354,10394572979,54cf0058a77453a8ffa2e6b088792e44,
LD,aom,av2,0,B2,Debugging_1920x1080_30fps_8bit_420.y4m,1920x1080,30.00,8,1920x1080,210,59.608615,35.269748,40.292194,38.959990,17.306329,20.652304,84.440840,80.871090,36.139562,40.259972,35.141719,40.189441,38.851216,3.281777,19548.75,2.32,142002863847244,16038963347,54593225206195,6441126792,3415ab2f2dc492c5a29121b0e7d6ad69,
LD,aom,av2,0,B2,Debugging_1920x1080_30fps_8bit_420.y4m,1920x1080,30.00,8,1920x1080,235,34.648615,29.930596,36.162944,34.389260,12.007441,13.833823,62.001993,59.200533,28.704835,35.654780,29.821049,36.096767,34.338734,7.030411,21918.44,3.15,126246488582383,16106598953,59005295997430,9219637141,ebb97119a8d269748260c8d45e2937f5,
LD,aom,av2,0,B2,MissionControlClip1_1920x1080_60fps_10bit_420_0450_0579.y4m,1920x1080,60.00,10,1920x1080,110,3649.938462,47.233049,50.666142,51.460345,21.661335,28.567806,96.855996,95.915907,50.865516,48.326355,46.796722,50.452774,51.341534,0.445340,116560.40,5.38,671999868064860,25385447483,305455612534594,15265458621,4183f3337e9c9bd4bcc3217f942a2dd4,
LD,aom,av2,0,B2,MissionControlClip1_1920x1080_60fps_10bit_420_0450_0579.y4m,1920x1080,60.00,10,1920x1080,135,1827.943385,42.963353,46.958438,48.291671,18.403551,24.594616,95.510665,94.121765,45.602128,45.028535,42.513667,46.844015,48.254349,0.387457,113724.31,3.38,807853751174774,19763919787,317598662234012,9460044930,2364e9aef4a9c42ffa85bde7f43b8df4,
LD,aom,av2,0,B2,MissionControlClip1_1920x1080_60fps_10bit_420_0450_0579.y4m,1920x1080,60.00,10,1920x1080,160,817.222154,38.645785,43.597901,45.437398,15.415740,20.847530,91.786205,89.871749,40.549088,41.687440,38.247906,43.574640,45.419961,0.764657,117369.42,4.01,664039793095211,18698836121,307014393807915,11516952259,5a920b3b23eea099d4865e1d02f91dc6,
LD,aom,av2,0,B2,MissionControlClip1_1920x1080_60fps_10bit_420_0450_0579.y4m,1920x1080,60.00,10,1920x1080,185,382.574769,34.845793,41.152053,42.690685,13.562321,18.315252,84.760252,82.308456,36.194926,38.816220,34.607098,41.129926,42.677484,0.915298,66560.44,2.67,482147410401029,16740467960,185886329418246,7520379038,8b1b43edf9805f89f657a28ae58a1e2e,
LD,aom,av2,0,B2,MissionControlClip1_1920x1080_60fps_10bit_420_0450_0579.y4m,1920x1080,60.00,10,1920x1080,210,196.932923,31.280175,38.568635,39.710711,11.686277,15.729419,73.516649,70.123949,31.653244,35.691779,31.198425,38.544777,39.699305,0.805666,56974.57,3.60,339360672827350,18585258663,150637376300918,10331477009,e87c0fa0106aeb1ab4838215ae47f39e,
LD,aom,av2,0,B2,MissionControlClip1_1920x1080_60fps_10bit_420_0450_0579.y4m,1920x1080,60.00,10,1920x1080,235,111.489231,26.917390,35.267884,36.650102,9.196305,12.448311,53.378287,49.772471,26.294559,31.877380,26.868826,35.250857,36.626205,0.689766,30428.67,2.61,230397404874213,17314390235,84972241364451,7215841793,daa349911b471f1f9e52f4d4b619a52e,
LD,aom,av2,0,B2,MobileDeviceScreenSharing.y4m,1078x2220,15.00,8,1078x2220,110,67.786154,59.855491,62.516292,64.751951,47.991444,55.216876,99.326777,99.253082,66.725421,74.270035,59.798056,61.258917,63.988056,0.001558,16886.63,2.79,118208080796084,11546213826,60153006096298,10593322844,3b5171feddc64c2c64b825f26347c73f,
LD,aom,av2,0,B2,MobileDeviceScreenSharing.y4m,1078x2220,15.00,8,1078x2220,135,52.732615,53.908918,58.972725,61.449958,42.115262,48.996461,99.292022,99.156442,62.527298,68.194043,53.881493,58.362281,60.995650,0.002988,19995.88,2.95,114639653061213,11789755884,54713745358104,8705312050,565a1f927e0818dab4b05e3d079405b1,
LD,aom,av2,0,B2,MobileDeviceScreenSharing.y4m,1078x2220,15.00,8,1078x2220,160,41.752615,47.708619,55.807518,57.980054,35.839966,42.377549,99.150778,98.907851,56.915461,62.064272,47.683195,55.405781,57.720192,0.005803,15188.93,2.10,114643271307020,12824014787,42421528439624,5870437755,2337e150047fddab7389d5334f4d5f1f,
LD,aom,av2,0,B2,MobileDeviceScreenSharing.y4m,1078x2220,15.00,8,1078x2220,185,32.703692,42.130709,52.982557,55.081547,30.038385,35.885999,98.721913,98.302170,49.993520,56.262064,42.113302,52.600739,54.847705,0.003645,20036.19,3.36,122020605288293,17460151249,58495248511450,10436973532,02cc7ab6d6ecf8b6d6a461237f93f773,
LD,aom,av2,0,B2,MobileDeviceScreenSharing.y4m,1078x2220,15.00,8,1078x2220,210,24.310154,36.668615,46.801546,50.714263,24.194225,28.646843,97.509216,96.803574,41.496486,46.504155,36.655952,46.505122,50.449616,0.003602,17595.00,2.88,131833881704108,19048756473,49132082983020,8057622257,c67adaf97211a2e880ef9d219452d9de,
LD,aom,av2,0,B2,MobileDeviceScreenSharing.y4m,1078x2220,15.00,8,1078x2220,235,17.885538,31.861994,43.765715,47.670280,19.318517,21.909685,94.058653,91.410300,33.424743,41.499258,31.850010,43.524462,47.424485,0.001448,20399.14,4.06,118316934035587,20595784172,55677388319561,11822416686,b7efbeae77a3ed19f5fa8535bbbf7a7e,
LD,aom,av2,0,B2,SceneComposition_2.y4m,1920x1080,15.00,8,1920x1080,110,195.891692,55.036057,59.495907,58.626976,30.992648,38.289852,97.326909,96.756499,57.706401,65.013023,54.921154,59.335451,58.357709,0.127678,45998.22,4.33,259183288998132,16156887026,121588312691559,12562668536,51e100e0589b31aecd8951b04d1f3b09,
LD,aom,av2,0,B2,SceneComposition_2.y4m,1920x1080,15.00,8,1920x1080,135,94.586769,51.057216,56.453395,55.660705,28.437184,34.914386,96.946244,95.974002,53.614194,60.440165,50.997098,56.252406,55.345784,0.138056,31178.47,2.36,230010135448612,13872687507,87083404643739,6577272690,4570a17870743cc5d881b4c2b3a518bd,
LD,aom,av2,0,B2,SceneComposition_2.y4m,1920x1080,15.00,8,1920x1080,160,52.529538,46.552023,53.243060,52.183894,25.887934,31.546448,95.883894,94.276588,49.123626,55.532293,46.523745,53.088121,51.872862,0.134426,27583.49,2.90,158812914460300,12827237659,73502260908710,8467903686,26a018d599b74bd744a935b8363245f6,
LD,aom,av2,0,B2,SceneComposition_2.y4m,1920x1080,15.00,8,1920x1080,185,32.079692,41.608013,48.883539,48.184234,22.579939,27.074258,92.745613,90.589249,43.872127,49.761760,41.593155,48.789760,47.963898,0.114833,24310.32,3.10,136000984864700,12873368990,64908221908442,8669997818,d70fedb4820b41d43c8dfc756b7ce985,
LD,aom,av2,0,B2,SceneComposition_2.y4m,1920x1080,15.00,8,1920x1080,210,19.762154,36.356479,44.388774,44.250263,18.528743,22.513029,85.217230,82.135468,37.714053,42.852228,36.345754,44.348004,44.058440,0.124387,19827.12,3.96,112455872216617,19851645594,53322316654467,11649172516,d26c01a10ec2e1feae366787c496c187,
LD,aom,av2,0,B2,SceneComposition_2.y4m,1920x1080,15.00,8,1920x1080,235,11.658462,31.104845,40.182863,40.028202,14.497130,17.586451,69.156063,65.106867,31.403407,38.375425,31.089084,40.172636,39.968202,0.039636,18483.99,2.96,106105690240549,13781929395,50033760888939,8729720962,6622cb0c710f12249ff2f6b5f37476d0,
LD,aom,av2,0,B2,Slides1_1920x1080_30fps_8bit_420.y4m,1920x1080,30.00,8,1920x1080,110,849.675692,54.411767,56.000858,55.367031,36.556363,41.570979,98.175855,97.401082,57.589425,63.777548,54.080430,53.029752,53.417483,0.006390,46745.33,4.64,336096376956376,27249829856,130567537348860,12979952463,10aa70d92b06958a59c073f13fe50e45,
LD,aom,av2,0,B2,Slides1_1920x1080_30fps_8bit_420.y4m,1920x1080,30.00,8,1920x1080,135,469.240615,49.764909,52.528502,51.902273,32.284750,36.842931,97.312967,96.080148,52.775775,59.071553,49.382200,49.222684,50.030979,0.015938,55868.56,4.78,401974879511818,26310100765,156052018116552,13412966788,81808e264f87e428072ecd5c8fca194d,
LD,aom,av2,0,B2,Slides1_1920x1080_30fps_8bit_420.y4m,1920x1080,30.00,8,1920x1080,160,268.410462,44.872185,49.035667,48.384510,27.717961,31.678023,94.985067,93.224699,47.122442,53.664730,44.365295,45.336891,46.457501,0.020640,46206.62,4.78,326841135841738,30630124250,129024186811607,13354604828,327c3bfd2183f03e12e8215a6a0af065,
LD,aom,av2,0,B2,Slides1_1920x1080_30fps_8bit_420.y4m,1920x1080,30.00,8,1920x1080,185,158.099077,40.294983,45.807040,44.925287,23.365739,26.526871,90.071656,87.574423,41.308995,49.371793,39.642429,41.883540,43.035273,0.037122,39288.98,5.13,289069772718801,33786201332,109727380760958,14330825023,e6d0d01f3b345d267a40cdb99b67a4e1,
LD,aom,av2,0,B2,Slides1_1920x1080_30fps_8bit_420.y4m,1920x1080,30.00,8,1920x1080,210,95.167385,35.616423,41.469832,41.701339,18.734865,20.991784,78.926964,75.586479,35.060611,43.376222,34.693457,38.005916,39.267315,0.044126,42365.19,6.22,240471216519166,34404047813,112839243100518,18052761750,d59739ebc1e987ad56bbeab577bc0d4f,
LD,aom,av2,0,B2,Slides1_1920x1080_30fps_8bit_420.y4m,1920x1080,30.00,8,1920x1080,235,55.371692,31.216451,39.280970,38.807617,14.880075,15.948301,60.110093,55.949546,29.299494,40.986993,29.958946,34.053713,35.625403,0.015790,25383.49,3.92,185558793662360,27201850395,70897976412670,11030265529,01a31521a2d3a101014a4323026b386c,
LD,aom,av2,0,B2,Slides2r_1920x1080_30fps_8bit_420.y4m,1920x1080,30.00,8,1920x1080,110,1741.460308,52.311711,54.301068,54.388977,30.607653,36.788769,98.105669,97.488441,55.860992,62.108128,49.445116,49.970730,50.313605,0.001413,101827.11,6.98,567820727558088,31110306779,266854210659033,19733254505,6a44cd5eb86a10035f401d3d0ab55d50,
LD,aom,av2,0,B2,Slides2r_1920x1080_30fps_8bit_420.y4m,1920x1080,30.00,8,1920x1080,135,932.612308,47.500799,50.236418,50.428480,26.637563,32.015026,97.017653,96.012929,50.266605,56.660445,45.134104,46.096078,46.482326,0.003408,104311.69,5.13,739179566864001,32392306934,291281007705270,14373621321,21629e9c0746cd255999a9eba4be3e66,
LD,aom,av2,0,B2,Slides2r_1920x1080_30fps_8bit_420.y4m,1920x1080,30.00,8,1920x1080,160,476.398154,42.474634,46.583091,46.877608,22.605985,27.121350,93.810750,92.383915,44.311810,51.315196,40.446200,42.332417,42.736340,0.005517,92425.38,5.12,647321875579294,33386495356,258105149748892,14302290227,731e317b7a187de20e6332525e6d17e0,
LD,aom,av2,0,B2,Slides2r_1920x1080_30fps_8bit_420.y4m,1920x1080,30.00,8,1920x1080,185,255.673846,37.799484,43.846599,43.934148,19.055340,22.490560,87.182044,85.252298,38.649615,47.772657,35.992282,39.125842,39.404195,0.023903,70819.74,5.16,491417987502132,35831681046,197763956372731,14414256245,5fdf787eba03165d1a90c6e21beff985,
LD,aom,av2,0,B2,Slides2r_1920x1080_30fps_8bit_420.y4m,1920x1080,30.00,8,1920x1080,210,133.582154,33.120025,41.542796,41.677018,15.723238,18.073497,74.936139,72.557870,32.875070,44.423012,31.413519,36.310115,36.345836,0.013954,48379.55,6.99,333588762425728,38875738416,166847395745483,26416076244,53d9c9e5aaa8b9df3b88f345339bd80f,
LD,aom,av2,0,B2,Slides2r_1920x1080_30fps_8bit_420.y4m,1920x1080,30.00,8,1920x1080,235,64.969846,28.286164,38.576732,39.038964,12.483834,13.768862,55.185136,52.682232,27.019663,37.997188,26.510688,33.604570,33.234810,0.032441,31503.89,4.47,237268822849136,33076374889,87983306987908,12522969575,1e21998598e9a6c3de9ec0184eaa7432,
LD,aom,av2,0,B2,Spreadsheet_1920x1080_30fps_8bit_420_130f.y4m,1920x1080,30.00,8,1920x1080,110,673.947692,50.586848,55.406029,55.012109,33.954499,40.786127,97.300333,96.386937,57.034602,58.107154,50.267934,55.168537,54.754592,0.055164,36357.52,3.35,258581756869074,17929905434,101545495935299,9327126819,b1df0117adce245c138eecb9396f0dbd,
LD,aom,av2,0,B2,Spreadsheet_1920x1080_30fps_8bit_420_130f.y4m,1920x1080,30.00,8,1920x1080,135,341.508923,46.652096,52.119684,51.735180,30.019349,36.504798,96.769312,95.499658,53.003596,53.655989,46.393468,51.848782,51.535153,0.054456,43398.44,4.36,240668383938904,17292039956,115217934732478,12577808281,22d9a14749edc8e5d54ac180eb8298f8,
LD,aom,av2,0,B2,Spreadsheet_1920x1080_30fps_8bit_420_130f.y4m,1920x1080,30.00,8,1920x1080,160,193.949538,42.466614,48.757458,48.822183,25.818341,31.834057,95.468422,93.724537,48.028383,49.442221,42.258959,48.496294,48.668150,0.053891,35928.71,4.02,212626360544920,15967303303,102771570912120,12448606655,b8e6e8314a2d591d2ddafc135f670fce,
LD,aom,av2,0,B2,Spreadsheet_1920x1080_30fps_8bit_420_130f.y4m,1920x1080,30.00,8,1920x1080,185,122.204308,38.182272,45.221932,45.818209,21.149848,26.515311,92.306353,89.997092,41.947491,44.741898,38.020816,45.000172,45.694787,0.023287,29202.04,2.72,204326112211880,16800949816,81557311233742,7582297884,af22d7581c0552c93ddfe89d133d5704,
LD,aom,av2,0,B2,Spreadsheet_1920x1080_30fps_8bit_420_130f.y4m,1920x1080,30.00,8,1920x1080,210,81.162462,33.320585,41.000414,42.760968,15.424528,20.241466,84.748895,81.447620,34.739760,39.733434,33.156755,40.751642,42.687820,0.061211,26729.17,2.95,189057542563343,18786472375,74646292458074,8291115490,fa7f6f01abf9c06694a1d642d455339c,
LD,aom,av2,0,B2,Spreadsheet_1920x1080_30fps_8bit_420_130f.y4m,1920x1080,30.00,8,1920x1080,235,54.856615,28.337799,37.419857,38.160858,11.264543,15.027087,67.859917,64.030770,27.661478,34.287431,28.149430,37.273296,38.127591,0.056573,22974.73,2.83,165460922982982,18900252695,64155651849707,7897656011,f135e47d6b0c84e5b1155ba93ec9ffe8,
LD,aom,av2,0,B2,Wikipedia_1920x1080p30.y4m,1920x1080,30.00,8,1920x1080,110,404.040000,51.573601,53.682789,54.630795,23.336961,31.216626,98.664308,98.327854,50.668206,55.697473,51.536838,53.306705,54.397918,0.027494,39815.48,3.37,228757238619990,12486787581,105294002291516,9883110987,56768f883ce0b3b74afa47222e8517c6,
LD,aom,av2,0,B2,Wikipedia_1920x1080p30.y4m,1920x1080,30.00,8,1920x1080,135,228.049846,48.389981,51.095159,52.121513,21.665050,28.834453,98.468689,97.881189,48.536122,52.579670,48.320108,50.466569,51.670867,0.916034,25630.69,2.55,179452665483132,14361753180,71569185515747,7155675498,a34d1f08ba89b96ce8f40da9ba4f236c,
LD,aom,av2,0,B2,Wikipedia_1920x1080p30.y4m,1920x1080,30.00,8,1920x1080,160,156.206769,44.687188,48.119009,49.355872,20.782667,27.360835,97.812838,96.885770,46.338463,49.209027,44.552680,47.544646,48.844181,0.921284,24868.74,2.57,176286265668401,15090941997,69445638744208,7206452636,31128db28bb780fbcd6c4284329872bb,
LD,aom,av2,0,B2,Wikipedia_1920x1080p30.y4m,1920x1080,30.00,8,1920x1080,185,113.379692,40.125512,45.112145,46.298385,19.266046,24.831691,96.098625,94.399103,42.573951,45.343261,39.973707,44.609117,45.794349,0.935115,26007.14,2.85,180298085159051,16214248867,72621251828010,7995102775,15755d05c45467934626a72a88e2f2f9,
LD,aom,av2,0,B2,Wikipedia_1920x1080p30.y4m,1920x1080,30.00,8,1920x1080,210,83.523692,35.018040,41.809779,43.017221,16.930974,21.097255,89.621687,86.297333,37.045249,40.914977,34.837565,41.493775,42.683759,0.960210,24543.63,2.91,173517866981684,17809234083,68537280750057,8108722407,2baec2270b15da0b21959328569b70e7,
LD,aom,av2,0,B2,Wikipedia_1920x1080p30.y4m,1920x1080,30.00,8,1920x1080,235,57.657231,29.485930,38.033081,39.694255,13.669603,16.221068,68.960114,65.201518,29.988468,36.497912,29.180030,37.916957,39.496856,0.720590,29181.99,3.73,165987158504134,17933363246,78375378869687,11000229963,428b6cdfe48914a72bf8993c86ad34a2,
