TestCfg,EncodeMethod,CodecName,EncodePreset,Class,Name,OrigRes,FPS,BitDepth,CodedRes,QP,Bitrate(kbps),PSNR_Y,PSNR_U,PSNR_V,SSIM_Y(dB),MS-SSIM_Y(dB),VMAF_Y,VMAF_Y-NEG,PSNR-HVS,CIEDE2000,APSNR_Y,APSNR_U,APSNR_V,CAMBI,EncT[s],DecT[s],EncInstr,DecInstr,EncCycles,DecCycles,EncMD5,DecMD5
RA,aom,av2,0,A1,BoxingPractice_3840x2160_5994fps_10bit_420.y4m,3840x2160,60.00,10,3840x2160,110,18686.861446,42.397510,48.727441,48.730439,13.974238,20.338303,99.974870,99.913693,43.028553,43.266628,42.346394,48.702186,48.704581,0.971280,,,,,,,b3885b5835f18ebffec6f8dd743a9ccf,
RA,aom,av2,0,A1,BoxingPractice_3840x2160_5994fps_10bit_420.y4m,3840x2160,60.00,10,3840x2160,135,6628.153385,41.573640,47.551075,47.475924,13.574550,19.569106,99.634024,97.779357,41.500669,42.402142,41.558775,47.539015,47.462571,1.189391,,,,,,,8c7008b88a3c01a2d14b3cdeb3094e7a,
RA,aom,av2,0,A1,BoxingPractice_3840x2160_5994fps_10bit_420.y4m,3840x2160,60.00,10,3840x2160,160,2748.024898,40.302340,45.978915,45.809845,13.047371,18.450339,95.187997,92.780491,39.168184,41.218028,40.287914,45.966135,45.797331,1.236379,,,,,,,e9274cd55f1c3e7f4424f89c6f1903a0,
RA,aom,av2,0,A1,BoxingPractice_3840x2160_5994fps_10bit_420.y4m,3840x2160,60.00,10,3840x2160,185,1320.628910,38.277972,43.975278,43.716367,12.215143,16.686019,85.938395,83.201898,35.926258,39.555254,38.257199,43.962788,43.705768,1.267856,,,,,,,5bd10a50580ad07fdffaa1f423042ddf,
RA,aom,av2,0,A1,BoxingPractice_3840x2160_5994fps_10bit_420.y4m,3840x2160,60.00,10,3840x2160,210,637.083532,35.576577,41.544790,41.349178,11.117021,14.425912,71.203989,68.152619,32.267836,37.402984,35.550552,41.531979,41.333414,1.316835,,,,,,,604f38a52a96afeef95502ee64cb91da,
RA,aom,av2,0,A1,BoxingPractice_3840x2160_5994fps_10bit_420.y4m,3840x2160,60.00,10,3840x2160,235,294.473526,32.413764,38.811171,38.787917,9.877806,11.913835,51.599668,48.622341,28.518344,34.766047,32.386579,38.798631,38.777026,1.261357,,,,,,,c9efa4ebb7219c4602b83471ca1ab72a,
RA,aom,av2,0,A1,Crosswalk_3840x2160_5994fps_10bit_420.y4m,3840x2160,60.00,10,3840x2160,110,17149.024514,42.792031,48.817432,52.279403,13.526505,20.071464,95.547829,93.751189,43.159160,43.705820,42.751950,48.803058,52.269407,0.316997,,,,,,,d2d351fd1dab84a00f2f6510303780ae,
RA,aom,av2,0,A1,Crosswalk_3840x2160_5994fps_10bit_420.y4m,3840x2160,60.00,10,3840x2160,135,5346.181203,42.130736,48.160819,51.342348,13.216866,19.201818,91.142417,89.016411,41.607253,43.054661,42.121450,48.156030,51.334332,0.370124,,,,,,,6736592877da23ddb216af03ffcb2491,
RA,aom,av2,0,A1,Crosswalk_3840x2160_5994fps_10bit_420.y4m,3840x2160,60.00,10,3840x2160,160,2271.805733,41.079463,47.162608,49.921457,12.880922,17.946414,82.940772,80.560236,39.454238,42.068453,41.058596,47.155741,49.907411,0.382870,,,,,,,1f8cd3a6f02f116d90c4a33a63fbe303,
RA,aom,av2,0,A1,Crosswalk_3840x2160_5994fps_10bit_420.y4m,3840x2160,60.00,10,3840x2160,185,1056.173365,39.457742,45.752296,47.976921,12.457361,16.257370,69.881678,67.404281,36.844747,40.628501,39.418285,45.741326,47.956593,0.413666,,,,,,,7644fa8ae8450a331b45757cd9eefacb,
RA,aom,av2,0,A1,Crosswalk_3840x2160_5994fps_10bit_420.y4m,3840x2160,60.00,10,3840x2160,210,498.505802,37.202535,43.695373,45.558467,11.953346,14.230477,52.274778,49.944161,33.916579,38.603752,37.144037,43.678597,45.532830,0.454383,,,,,,,c9d9c17dd2a51c35728c513fac1a81e5,
RA,aom,av2,0,A1,Crosswalk_3840x2160_5994fps_10bit_420.y4m,3840x2160,60.00,10,3840x2160,235,231.966188,34.352506,41.438325,42.868343,11.359943,11.967713,31.552737,29.945752,30.748117,36.067171,34.281392,41.428066,42.838267,0.377525,,,,,,,da537bdfd64582b8bb55069fa79871f2,
RA,aom,av2,0,A1,FoodMarket2_3840x2160_5994fps_10bit_420.y4m,3840x2160,60.00,10,3840x2160,110,24897.120111,43.191269,49.110780,49.326980,15.940855,22.924762,99.970096,99.961796,44.767380,44.212790,43.094486,49.017362,49.227543,0.010046,,,,,,,7b2ccad18786824be0b284339a88e4bc,
RA,aom,av2,0,A1,FoodMarket2_3840x2160_5994fps_10bit_420.y4m,3840x2160,60.00,10,3840x2160,135,10651.632675,41.767716,47.273814,47.409125,14.985460,21.104718,99.956362,99.944951,41.644707,42.698476,41.695218,47.194231,47.315192,0.011520,,,,,,,e705bd1245cd4dca32a6bdedd37d7cb1,
RA,aom,av2,0,A1,FoodMarket2_3840x2160_5994fps_10bit_420.y4m,3840x2160,60.00,10,3840x2160,160,4790.689925,39.422692,44.896153,44.949069,13.467955,18.363611,98.852515,96.704773,37.494980,40.459987,39.340303,44.815503,44.844808,0.013783,,,,,,,ff358947c8caba133802f2b79537f60b,
RA,aom,av2,0,A1,FoodMarket2_3840x2160_5994fps_10bit_420.y4m,3840x2160,60.00,10,3840x2160,185,2183.123953,36.447850,42.295219,42.270380,11.577724,15.176810,84.666284,82.205047,33.242834,37.768269,36.356349,42.211981,42.154105,0.017961,,,,,,,f24e0f47357974a295a693cc3154f38f,
RA,aom,av2,0,A1,FoodMarket2_3840x2160_5994fps_10bit_420.y4m,3840x2160,60.00,10,3840x2160,210,976.687313,33.228195,39.737380,39.600048,9.639173,12.017621,63.917620,61.696360,29.299791,34.891605,33.132556,39.653570,39.494867,0.028356,,,,,,,736dc0431febd577f8bb7c7e131bb102,
RA,aom,av2,0,A1,FoodMarket2_3840x2160_5994fps_10bit_420.y4m,3840x2160,60.00,10,3840x2160,235,404.663644,29.940516,37.096923,36.866229,7.879904,9.045424,41.153269,39.797557,25.679940,31.918979,29.841489,37.001936,36.749650,0.070148,,,,,,,0294a9a89219726678e7fce9dc4668f4,
RA,aom,av2,0,A1,Neon1224_3840x2160_2997fps.y4m,3840x2160,30.00,10,3840x2160,110,37759.567202,44.756684,48.617190,47.936553,18.207924,22.503176,99.976332,99.971354,43.688339,46.630995,44.664950,48.475367,47.784982,0.952674,,,,,,,39ba4f0dd2b6bf9b93bfe6ce336fd195,
RA,aom,av2,0,A1,Neon1224_3840x2160_2997fps.y4m,3840x2160,30.00,10,3840x2160,135,16616.515177,41.618485,45.879768,45.033989,16.421629,19.776357,99.352936,98.617225,39.919616,44.084780,41.500575,45.803736,44.928047,1.214124,,,,,,,a4fd8f160bf16cc83e78187de788068d,
RA,aom,av2,0,A1,Neon1224_3840x2160_2997fps.y4m,3840x2160,30.00,10,3840x2160,160,7230.672712,38.753147,42.871987,41.837469,14.890011,17.398891,91.543805,89.369658,36.115089,41.542475,38.639781,42.780685,41.701706,1.430120,,,,,,,793f5c76ba66534d1a8cf1204bd0ed69,
RA,aom,av2,0,A1,Neon1224_3840x2160_2997fps.y4m,3840x2160,30.00,10,3840x2160,185,3305.620533,35.811182,39.723203,38.428062,13.413323,14.951178,76.165531,73.595468,32.260087,38.820905,35.687085,39.596844,38.236347,1.515382,,,,,,,7825688bd3c09c6990e210c8130a993b,
RA,aom,av2,0,A1,Neon1224_3840x2160_2997fps.y4m,3840x2160,30.00,10,3840x2160,210,1482.195958,32.662200,36.491442,34.906396,11.983709,12.377585,56.680163,54.297763,28.478775,35.827762,32.529217,36.338950,34.667802,1.728222,,,,,,,407f6868333262cc0a6c7e80a4ce2d5d,
RA,aom,av2,0,A1,Neon1224_3840x2160_2997fps.y4m,3840x2160,30.00,10,3840x2160,235,629.333743,29.487362,33.297499,31.376411,10.685428,9.945103,34.081176,32.584441,24.966997,32.700390,29.365980,33.140384,31.113203,1.859782,,,,,,,08cd014a140006263427f360d50ddc95,
RA,aom,av2,0,A1,NocturneDance_3840x2160p_10bit_60fps.y4m,3840x2160,60.00,10,3840x2160,110,45578.540308,46.339012,43.790557,48.884938,19.107107,21.849918,93.570294,91.518332,43.362494,44.969667,46.260922,43.730064,48.835371,0.598969,,,,,,,0e70d798736340738a43b035f8ce5596,
RA,aom,av2,0,A1,NocturneDance_3840x2160p_10bit_60fps.y4m,3840x2160,60.00,10,3840x2160,135,19396.482462,43.249367,42.002719,47.433363,16.677989,18.782589,85.049243,82.686806,39.577901,42.927259,43.172639,41.970282,47.403043,0.848555,,,,,,,10564663f31012c35eac4a4d7f4b170c,
RA,aom,av2,0,A1,NocturneDance_3840x2160p_10bit_60fps.y4m,3840x2160,60.00,10,3840x2160,160,7880.030769,40.003203,40.344403,45.860049,14.333499,15.628320,69.491978,67.053965,35.846213,40.888313,39.912581,40.322347,45.836959,0.928777,,,,,,,eb4ea65cc4d7f9850e6b0050d43fa581,
RA,aom,av2,0,A1,NocturneDance_3840x2160p_10bit_60fps.y4m,3840x2160,60.00,10,3840x2160,185,3065.250462,36.728908,38.664537,44.221989,12.111653,12.405655,47.409502,45.680652,32.278795,38.794567,36.626992,38.642123,44.202594,1.031677,,,,,,,26f088948e584a09fe6fed85d815862e,
RA,aom,av2,0,A1,NocturneDance_3840x2160p_10bit_60fps.y4m,3840x2160,60.00,10,3840x2160,210,926.832000,33.610758,36.977976,42.645292,10.366922,9.356698,23.947539,23.262813,29.064167,36.645923,33.516940,36.957415,42.633797,1.388456,,,,,,,3c7eb621a38dfbccacfecdcab68c79ad,
RA,aom,av2,0,A1,NocturneDance_3840x2160p_10bit_60fps.y4m,3840x2160,60.00,10,3840x2160,235,197.926154,31.573756,35.693670,41.009070,9.575283,7.570215,9.008294,8.800219,27.091369,34.896867,31.533082,35.684884,41.001292,1.588506,,,,,,,5c053f9de555a6a04a9cf9d93a3729c9,
RA,aom,av2,0,A1,PierSeaSide_3840x2160_2997fps_10bit_420_v2.y4m,3840x2160,30.00,10,3840x2160,110,10442.529172,44.569999,47.201644,44.596601,16.965473,23.326672,99.538448,98.762153,44.899538,44.150589,44.425760,47.113885,44.499518,0.000356,,,,,,,5fe9766f1c6c1f8b911532d1ef0d4c45,
RA,aom,av2,0,A1,PierSeaSide_3840x2160_2997fps_10bit_420_v2.y4m,3840x2160,30.00,10,3840x2160,135,3469.424948,42.871112,46.205119,43.826869,15.739007,21.162144,97.857499,96.305348,42.073060,43.107513,42.631327,46.115400,43.734502,0.000802,,,,,,,d69eabd53bd05a83bc7763704471a9a2,
RA,aom,av2,0,A1,PierSeaSide_3840x2160_2997fps_10bit_420_v2.y4m,3840x2160,30.00,10,3840x2160,160,1130.315322,40.692653,44.909027,42.984192,14.323790,18.681128,92.386286,90.305384,38.837256,41.767423,40.386242,44.822735,42.893818,0.003057,,,,,,,d56a14f1a59e35efddebac4bc79a0587,
RA,aom,av2,0,A1,PierSeaSide_3840x2160_2997fps_10bit_420_v2.y4m,3840x2160,30.00,10,3840x2160,185,387.406052,38.295309,43.126282,41.767185,12.906050,16.375011,82.821546,80.556691,35.599500,40.124949,38.005913,43.062788,41.692066,0.011656,,,,,,,4deaf6a3b31726eee82f7a79b951afc4,
RA,aom,av2,0,A1,PierSeaSide_3840x2160_2997fps_10bit_420_v2.y4m,3840x2160,30.00,10,3840x2160,210,141.740579,35.729825,40.783434,40.040848,11.482309,14.177157,68.480261,66.054441,32.301525,38.136790,35.515816,40.744375,39.983535,0.032769,,,,,,,3deba108f105ef0b7aa55645a6e22ec0,
RA,aom,av2,0,A1,PierSeaSide_3840x2160_2997fps_10bit_420_v2.y4m,3840x2160,30.00,10,3840x2160,235,54.541711,32.979350,38.099757,38.093308,10.103520,11.956580,48.838932,46.439228,28.973111,35.786644,32.841759,38.076106,38.057103,0.074127,,,,,,,abc2bd32d010ba8e7cb142e940c10dee,
RA,aom,av2,0,A1,Tango_3840x2160_5994fps_10bit_420.y4m,3840x2160,60.00,10,3840x2160,110,27172.352571,40.437261,49.745022,48.010906,11.478400,18.276102,97.424772,95.738347,41.386887,42.582682,40.373285,49.735783,47.988137,0.315735,,,,,,,30003f03ca2db1382b457685067c6c57,
RA,aom,av2,0,A1,Tango_3840x2160_5994fps_10bit_420.y4m,3840x2160,60.00,10,3840x2160,135,8901.117344,39.825488,49.104979,46.964219,11.159879,17.421122,93.508536,91.435237,39.805293,41.925846,39.816507,49.101484,46.951493,0.514279,,,,,,,f8a95dd8b3998056ebbcafaa7ee83bb7,
RA,aom,av2,0,A1,Tango_3840x2160_5994fps_10bit_420.y4m,3840x2160,60.00,10,3840x2160,160,3513.594098,38.898777,48.035432,45.351906,10.835830,16.277945,85.837612,83.429355,37.650995,40.945677,38.892086,48.029306,45.335365,0.566933,,,,,,,87eda25eff4f48a613038d407f92c412,
RA,aom,av2,0,A1,Tango_3840x2160_5994fps_10bit_420.y4m,3840x2160,60.00,10,3840x2160,185,1695.990164,37.381903,46.446083,43.168734,10.406521,14.684652,72.954742,70.413880,34.937581,39.482837,37.366461,46.436246,43.146004,0.604477,,,,,,,d19f8ec365ec868fe59dd8d50a3712a7,
RA,aom,av2,0,A1,Tango_3840x2160_5994fps_10bit_420.y4m,3840x2160,60.00,10,3840x2160,210,816.118036,35.196987,44.425688,40.601824,9.865932,12.747680,55.969391,53.590178,31.902589,37.531046,35.169178,44.409725,40.576193,0.769608,,,,,,,88f6f4d4c6d5bcbf5f49851461177506,
RA,aom,av2,0,A1,Tango_3840x2160_5994fps_10bit_420.y4m,3840x2160,60.00,10,3840x2160,235,374.055483,32.424914,41.838122,37.859118,9.240871,10.609757,37.736908,35.762482,28.696262,35.035580,32.387516,41.820401,37.831982,0.779216,,,,,,,944b51b72fc7b3f0d44b1e188bda7249,
RA,aom,av2,0,A1,TimeLapse_3840x2160_5994fps_10bit_420.y4m,3840x2160,60.00,10,3840x2160,110,27016.239145,43.630468,49.655274,51.457006,16.707244,23.353629,95.134447,93.443633,45.281099,44.761038,43.538373,49.633109,51.381918,0.009272,,,,,,,3db14349f7a0b74de54bd589ca47f546,
RA,aom,av2,0,A1,TimeLapse_3840x2160_5994fps_10bit_420.y4m,3840x2160,60.00,10,3840x2160,135,9751.281334,41.704297,48.005266,49.695250,15.198577,20.902715,92.215927,90.238901,41.637660,43.145274,41.637542,47.996052,49.655226,0.007791,,,,,,,245393749ed893ca12b6bc98c04dcd9d,
RA,aom,av2,0,A1,TimeLapse_3840x2160_5994fps_10bit_420.y4m,3840x2160,60.00,10,3840x2160,160,3515.032660,39.439016,46.007028,47.507309,13.482565,18.143060,86.413624,84.100697,37.840844,41.144497,39.375432,46.000651,47.486912,0.006739,,,,,,,4d8d7059c5b803d908a8c1304ec10e18,
RA,aom,av2,0,A1,TimeLapse_3840x2160_5994fps_10bit_420.y4m,3840x2160,60.00,10,3840x2160,185,1313.723815,36.954951,43.895690,45.240089,11.650883,15.316065,76.650344,74.034541,34.256433,38.906682,36.886668,43.889967,45.223877,0.009042,,,,,,,af865e770618df1c1aac2589ba39883b,
RA,aom,av2,0,A1,TimeLapse_3840x2160_5994fps_10bit_420.y4m,3840x2160,60.00,10,3840x2160,210,481.379544,34.326688,41.758808,42.966162,9.930440,12.504989,61.717612,59.118318,30.868980,36.494284,34.247952,41.751550,42.954572,0.014085,,,,,,,5e6e6e0759411fa58ecd08de85f1ce42,
RA,aom,av2,0,A1,TimeLapse_3840x2160_5994fps_10bit_420.y4m,3840x2160,60.00,10,3840x2160,235,170.716668,31.653484,39.431472,40.532882,8.531670,9.931261,43.910507,41.658334,27.763060,33.897606,31.568245,39.425958,40.517462,0.016452,,,,,,,719fbac21329dda459947e01d2e4a14a,
RA,aom,av2,0,A2,Aerial3200_1920x1080_5994_10bit_420.y4m,1920x1080,60.00,10,1920x1080,110,8718.213479,43.085316,45.152250,44.993547,16.613694,24.504694,98.211465,96.375248,47.471251,41.188976,42.949484,45.112152,44.952214,0.000005,,,,,,,c3426aec52e62426c33c9474f2b75417,
RA,aom,av2,0,A2,Aerial3200_1920x1080_5994_10bit_420.y4m,1920x1080,60.00,10,1920x1080,135,3630.331515,40.527273,43.693938,43.919926,14.198992,21.335231,95.581910,93.502739,43.090193,39.359507,40.299508,43.657131,43.886657,0.000329,,,,,,,3c5ea925f99c15c1027136a0148ba9de,
RA,aom,av2,0,A2,Aerial3200_1920x1080_5994_10bit_420.y4m,1920x1080,60.00,10,1920x1080,160,1368.197341,37.253434,41.950340,42.579297,11.210316,17.276958,88.808848,86.575669,37.496551,36.985567,36.922545,41.919639,42.550406,0.001834,,,,,,,81e0fde75e4d7c42fe7d6e3a1b5c392a,
RA,aom,av2,0,A2,Aerial3200_1920x1080_5994_10bit_420.y4m,1920x1080,60.00,10,1920x1080,185,487.266580,33.987925,40.124566,41.053449,8.563115,13.412555,73.994584,71.739744,32.233951,34.520826,33.695664,40.102832,41.030649,0.006255,,,,,,,e16277020b8df37b5415b7b8c4af1101,
RA,aom,av2,0,A2,Aerial3200_1920x1080_5994_10bit_420.y4m,1920x1080,60.00,10,1920x1080,210,174.811035,31.132149,38.318110,39.514278,6.634384,10.155247,50.875287,49.122410,28.052792,32.227914,30.961704,38.303918,39.499136,0.033582,,,,,,,6d160dedb55ca909c84696ff17d3b846,
RA,aom,av2,0,A2,Aerial3200_1920x1080_5994_10bit_420.y4m,1920x1080,60.00,10,1920x1080,235,62.547914,28.556006,36.781825,37.852629,5.357698,7.441356,25.898543,25.089047,24.766920,30.094062,28.473872,36.773741,37.845568,0.083679,,,,,,,fcaf518079e347b1f81989b28886ecdf,
RA,aom,av2,0,A2,Boat_1920x1080_5994_10bit_420.y4m,1920x1080,60.00,10,1920x1080,110,20354.368093,42.049603,45.578235,47.598837,19.658826,27.537775,99.975287,99.837461,48.359551,42.787156,41.974164,45.549989,47.579350,0.127221,,,,,,,709a0ee5b9d3ecbe917b588214a571cb,
RA,aom,av2,0,A2,Boat_1920x1080_5994_10bit_420.y4m,1920x1080,60.00,10,1920x1080,135,10180.968570,38.783814,43.754266,45.351449,16.813349,24.193042,98.722221,96.864578,42.924214,40.352106,38.717442,43.741234,45.341296,0.162463,,,,,,,003defb38974111d98e21582e591f201,
RA,aom,av2,0,A2,Boat_1920x1080_5994_10bit_420.y4m,1920x1080,60.00,10,1920x1080,160,4727.990778,34.897019,41.795113,43.000184,13.201006,19.914739,91.918595,89.748942,36.584827,37.383559,34.836368,41.785588,42.992773,0.178419,,,,,,,74e288492c11cf5ce6be8c69dd4027e2,
RA,aom,av2,0,A2,Boat_1920x1080_5994_10bit_420.y4m,1920x1080,60.00,10,1920x1080,185,2063.306540,31.057250,39.648876,40.588365,9.639655,15.458413,78.489988,76.326711,30.630865,34.188577,31.006661,39.639642,40.581582,0.179652,,,,,,,af8c35b68e436d24e9ea95f674f42eae,
RA,aom,av2,0,A2,Boat_1920x1080_5994_10bit_420.y4m,1920x1080,60.00,10,1920x1080,210,809.257204,27.534196,37.219246,37.880850,6.626673,11.318667,56.690712,54.937096,25.507080,30.995883,27.497872,37.213036,37.877445,0.177978,,,,,,,3afb251789a5b39db23d62d484eb1375,
RA,aom,av2,0,A2,Boat_1920x1080_5994_10bit_420.y4m,1920x1080,60.00,10,1920x1080,235,260.099285,24.426328,34.396076,34.443288,4.490170,7.823241,30.257522,29.220825,21.223978,27.951048,24.401351,34.391532,34.442292,0.179483,,,,,,,c6cfefc8b94edea5ee5a3d5c59b973e0,
RA,aom,av2,0,A2,CrowdRun_1920x1080p50.y4m,1920x1080,50.00,8,1920x1080,110,46831.793846,38.306838,40.607789,41.578508,13.245846,21.114094,99.975854,99.797803,43.560943,37.427623,38.171338,40.535784,41.515916,0.000473,,,,,,,1b65785d2785b92f6626efcf2eff238c,
RA,aom,av2,0,A2,CrowdRun_1920x1080p50.y4m,1920x1080,50.00,8,1920x1080,135,20911.803077,35.311081,38.670623,39.437589,11.487256,18.900364,97.022342,94.989711,38.887087,35.334774,35.200798,38.635250,39.400173,0.000629,,,,,,,5bb7ce2f94f7be80baecb7c0ee42e1bd,
RA,aom,av2,0,A2,CrowdRun_1920x1080p50.y4m,1920x1080,50.00,8,1920x1080,160,8792.784615,31.970985,36.686165,37.235211,9.305157,15.879447,86.012101,83.728498,33.193215,33.041231,31.873783,36.663514,37.207314,0.001125,,,,,,,005fba11aab475b835d8549c371cdb43,
RA,aom,av2,0,A2,CrowdRun_1920x1080p50.y4m,1920x1080,50.00,8,1920x1080,185,3476.523077,28.696023,34.707840,35.012182,7.044468,12.468559,67.222167,65.132106,27.938782,30.636774,28.619432,34.691570,34.990714,0.002786,,,,,,,b615518ae108ae1ea20b85f72563d8c3,
RA,aom,av2,0,A2,CrowdRun_1920x1080p50.y4m,1920x1080,50.00,8,1920x1080,210,1240.418462,25.680869,32.769328,32.894250,5.152230,9.221646,43.416035,41.923145,23.521610,28.240735,25.626648,32.759289,32.881349,0.012765,,,,,,,135fa6ae2b0dfbaa4be6e34f9fb63cc8,
RA,aom,av2,0,A2,CrowdRun_1920x1080p50.y4m,1920x1080,50.00,8,1920x1080,235,370.449231,23.006550,30.962239,30.956642,3.785732,6.586004,20.317943,19.648279,19.885450,25.909940,22.972369,30.957639,30.951529,0.061773,,,,,,,cbfb53baaf13f970e439200189c44278,
RA,aom,av2,0,A2,DinnerSceneCropped_1920x1080_2997fps_10bit_420.y4m,1920x1080,30.00,10,1920x1080,110,5813.697072,38.217935,41.251396,46.446230,9.171985,15.734741,88.460002,87.009489,39.109334,38.325989,38.111264,41.187501,46.413026,1.248936,,,,,,,d266cfe14e9e3fe7e5ef8cee4173159e,
RA,aom,av2,0,A2,DinnerSceneCropped_1920x1080_2997fps_10bit_420.y4m,1920x1080,30.00,10,1920x1080,135,901.623915,37.652631,40.377526,46.174237,8.713771,14.797390,85.269959,83.450895,37.698349,37.705753,37.626022,40.358934,46.167351,3.056481,,,,,,,7c1245703ea59b216e8932783417b466,
RA,aom,av2,0,A2,DinnerSceneCropped_1920x1080_2997fps_10bit_420.y4m,1920x1080,30.00,10,1920x1080,160,115.512795,37.387597,40.167533,45.827776,8.580498,14.456127,81.231954,79.124572,37.053717,37.480566,37.385435,40.164665,45.825924,2.912263,,,,,,,4451362704b5c58c171f4e6fe4331831,
RA,aom,av2,0,A2,DinnerSceneCropped_1920x1080_2997fps_10bit_420.y4m,1920x1080,30.00,10,1920x1080,185,45.738877,36.982536,40.048977,45.347412,8.475077,13.999031,73.782370,71.339175,36.100450,37.187027,36.980296,40.047434,45.346230,2.679894,,,,,,,f08a71c0675868b03713818c8bfa397e,
RA,aom,av2,0,A2,DinnerSceneCropped_1920x1080_2997fps_10bit_420.y4m,1920x1080,30.00,10,1920x1080,210,23.052025,36.169174,39.741318,44.403415,8.309753,13.162893,61.127819,58.473997,34.477447,36.671332,36.162569,39.739734,44.401274,2.604493,,,,,,,e7f6f695517fb8f0a367c9b29ce30c57,
RA,aom,av2,0,A2,DinnerSceneCropped_1920x1080_2997fps_10bit_420.y4m,1920x1080,30.00,10,1920x1080,235,11.906862,34.717832,39.024076,42.831242,8.066282,11.806176,44.057473,41.393929,32.154134,35.708260,34.700570,39.021648,42.826617,2.656412,,,,,,,df3e671886b9388b6e63487c4cbf915a,
RA,aom,av2,0,A2,FoodMarket_1920x1080_5994_10bit_420.y4m,1920x1080,60.00,10,1920x1080,110,11972.191501,39.711162,44.561957,45.520281,11.793719,18.820198,99.538760,98.121878,41.660942,40.023330,39.630442,44.530335,45.498562,0.114560,,,,,,,547575019a1ed194d26a4f7d241a189d,
RA,aom,av2,0,A2,FoodMarket_1920x1080_5994_10bit_420.y4m,1920x1080,60.00,10,1920x1080,135,4315.872435,38.457238,43.659904,44.711263,10.923037,17.311108,96.447062,94.242728,39.165229,39.041952,38.426612,43.651805,44.706480,0.148637,,,,,,,36f016dfd396524045822f1b3f9ed0f4,
RA,aom,av2,0,A2,FoodMarket_1920x1080_5994_10bit_420.y4m,1920x1080,60.00,10,1920x1080,160,1578.013371,36.680989,42.555927,43.589894,9.790558,15.132984,88.450306,85.929224,35.780581,37.746771,36.653737,42.549075,43.583965,0.219868,,,,,,,6df52e0981f1d6d52963f5fe7e9c35ac,
RA,aom,av2,0,A2,FoodMarket_1920x1080_5994_10bit_420.y4m,1920x1080,60.00,10,1920x1080,185,624.925843,34.447240,41.201123,42.032074,8.463732,12.479734,73.480143,71.039786,32.102387,36.092131,34.417627,41.191915,42.021634,0.332875,,,,,,,ac48fb36954f3b06bf63f1f75c260f9f,
RA,aom,av2,0,A2,FoodMarket_1920x1080_5994_10bit_420.y4m,1920x1080,60.00,10,1920x1080,210,236.270806,32.025116,39.514416,40.260016,7.245139,9.833157,54.033042,51.975776,28.697926,34.185997,31.999176,39.501849,40.240731,0.546942,,,,,,,2a2e457776d8e7c6b85e9c17f5f796f9,
RA,aom,av2,0,A2,FoodMarket_1920x1080_5994_10bit_420.y4m,1920x1080,60.00,10,1920x1080,235,85.435795,29.693963,37.598929,38.317435,6.387008,7.687720,38.251893,36.542048,25.868850,32.180353,29.675519,37.587453,38.281498,0.788733,,,,,,,4392a46dba93e933a76c9d4d5c71eeeb,
RA,aom,av2,0,A2,GregoryScarf_1080x1920p30_yuv420p10le_130frames.y4m,1080x1920,30.00,10,1080x1920,110,23217.254769,39.953466,47.362639,46.957092,14.685257,21.787712,99.974556,99.967745,43.067674,41.851055,39.752281,47.077282,46.728114,0.066660,,,,,,,f36f0fc004701f06b6bf4580d020535d,
RA,aom,av2,0,A2,GregoryScarf_1080x1920p30_yuv420p10le_130frames.y4m,1080x1920,30.00,10,1080x1920,135,10000.879385,36.782965,44.676100,44.321069,12.276992,18.520939,99.964540,99.919364,37.961877,39.128854,36.593589,44.333781,44.062768,0.069557,,,,,,,dccb86280b7ead84c83ec33a5ec33f48,
RA,aom,av2,0,A2,GregoryScarf_1080x1920p30_yuv420p10le_130frames.y4m,1080x1920,30.00,10,1080x1920,160,4071.810462,33.571521,41.854071,41.630050,9.851089,15.075970,94.716521,92.949173,32.908968,36.321741,33.386180,41.453935,41.360425,0.086453,,,,,,,fc988e409a9ee173b6b1a3365a1d5de9,
RA,aom,av2,0,A2,GregoryScarf_1080x1920p30_yuv420p10le_130frames.y4m,1080x1920,30.00,10,1080x1920,185,1553.538462,30.498972,39.203761,39.151959,7.650226,11.704659,76.191043,74.114935,28.385594,33.578726,30.308773,38.791291,38.911564,0.093892,,,,,,,c92aefb1d722dc5d2acdc2a344edab8a,
RA,aom,av2,0,A2,GregoryScarf_1080x1920p30_yuv420p10le_130frames.y4m,1080x1920,30.00,10,1080x1920,210,543.967385,27.777983,36.863582,36.968826,6.021443,8.713149,54.397898,52.745353,24.675914,30.999626,27.603499,36.482917,36.802032,0.097121,,,,,,,9adba94524aa25354ae62c6e30d08c2e,
RA,aom,av2,0,A2,GregoryScarf_1080x1920p30_yuv420p10le_130frames.y4m,1080x1920,30.00,10,1080x1920,235,178.187077,25.450845,34.680577,34.936966,5.009376,6.291059,37.199753,36.070839,21.820133,28.600641,25.322008,34.328889,34.820048,0.200435,,,,,,,795736de687e1ae5dc1e3c0972351347,
RA,aom,av2,0,A2,MeridianTalk_sdr_1920x1080p_5994_10bit.y4m,1920x1080,60.00,10,1920x1080,110,4091.416276,42.597450,46.683407,53.034474,13.635487,21.044227,94.855997,93.234913,44.603110,43.194185,42.558548,46.674046,53.029812,0.735764,,,,,,,0e5a41ccbc1d448f58392cc3a3f0b5d5,
RA,aom,av2,0,A2,MeridianTalk_sdr_1920x1080p_5994_10bit.y4m,1920x1080,60.00,10,1920x1080,135,1128.606778,41.735731,46.338478,52.117616,13.142134,19.818931,92.089286,90.198174,42.540878,42.620253,41.729454,46.337537,52.114779,0.799232,,,,,,,ce5d3c3a42a225a93dbf6968eb4158a2,
RA,aom,av2,0,A2,MeridianTalk_sdr_1920x1080p_5994_10bit.y4m,1920x1080,60.00,10,1920x1080,160,408.569892,40.491975,45.746390,50.631703,12.541075,18.190890,86.918647,84.559371,39.991968,41.769698,40.483131,45.745430,50.626226,0.798083,,,,,,,ef373541bcb96f36330b9ae6c14a518e,
RA,aom,av2,0,A2,MeridianTalk_sdr_1920x1080p_5994_10bit.y4m,1920x1080,60.00,10,1920x1080,185,159.112272,38.815937,44.809449,48.486778,11.801643,16.198541,77.134383,74.700409,37.127531,40.553232,38.805045,44.806951,48.484095,0.888778,,,,,,,6e81d180fe836475636ce3e0a3ef6e38,
RA,aom,av2,0,A2,MeridianTalk_sdr_1920x1080p_5994_10bit.y4m,1920x1080,60.00,10,1920x1080,210,66.207024,36.808317,43.284940,46.061682,11.090345,14.063016,63.691111,60.879455,34.183280,38.888265,36.796104,43.282464,46.049606,1.015992,,,,,,,f2b9a6b5170e56cf67a05a746411c9ce,
RA,aom,av2,0,A2,MeridianTalk_sdr_1920x1080p_5994_10bit.y4m,1920x1080,60.00,10,1920x1080,235,29.612234,34.506732,41.774294,43.768555,10.431644,11.962698,46.985499,44.608010,31.265327,36.966353,34.493780,41.771998,43.767791,1.004305,,,,,,,db19a53478b43558b46c6ea5293f801c,
RA,aom,av2,0,A2,Motorcycle_1920x1080_30fps_8bit.y4m,1920x1080,30.00,8,1920x1080,110,44071.035692,40.686059,43.344782,44.253936,17.951202,23.959765,99.976935,99.970547,43.709891,41.318515,40.435146,43.201424,44.145673,0.037955,,,,,,,36c6cd067567dbc3c9e1adf07bcbcae1,
RA,aom,av2,0,A2,Motorcycle_1920x1080_30fps_8bit.y4m,1920x1080,30.00,8,1920x1080,135,23019.947077,36.148624,40.309854,41.674280,14.747927,20.314982,99.968224,99.957011,38.439647,38.080868,35.834440,40.173362,41.578864,0.077403,,,,,,,964a99dab4e4e7ead131a9b113a988af,
RA,aom,av2,0,A2,Motorcycle_1920x1080_30fps_8bit.y4m,1920x1080,30.00,8,1920x1080,160,10241.525538,31.636563,37.597938,39.366057,11.435813,16.397625,94.125444,92.144119,32.672443,34.834618,31.335461,37.490142,39.292282,0.112018,,,,,,,d5b0b4a6ac9128c2344c5f792dd724e1,
RA,aom,av2,0,A2,Motorcycle_1920x1080_30fps_8bit.y4m,1920x1080,30.00,8,1920x1080,185,3828.158769,27.667991,35.205635,37.257299,8.451763,12.506549,73.881440,71.668490,27.043715,31.734030,27.425798,35.119424,37.194809,0.132104,,,,,,,064cb99e958158734c074c928f72e296,
RA,aom,av2,0,A2,Motorcycle_1920x1080_30fps_8bit.y4m,1920x1080,30.00,8,1920x1080,210,1205.806154,24.632197,33.125875,35.354639,6.290371,9.078674,50.303332,48.444612,22.491214,28.972396,24.483723,33.060709,35.305393,0.130560,,,,,,,b26f78e64b5891b4806ca91631246423,
RA,aom,av2,0,A2,Motorcycle_1920x1080_30fps_8bit.y4m,1920x1080,30.00,8,1920x1080,235,341.272615,22.396848,31.191169,33.382261,4.968610,6.438750,30.349589,29.120050,19.343540,26.511102,22.314142,31.138343,33.329241,0.130702,,,,,,,067c4d16a299a80279b20201bb83cdc3,
RA,aom,av2,0,A2,OldTownCross_1920x1080p50.y4m,1920x1080,50.00,8,1920x1080,110,12042.055385,37.200797,39.686518,42.440936,9.991255,17.764863,96.115571,94.354930,41.482031,35.410942,37.079352,39.619356,42.407855,0.000055,,,,,,,ab04631d79abef343144ee7ade666b0d,
RA,aom,av2,0,A2,OldTownCross_1920x1080p50.y4m,1920x1080,50.00,8,1920x1080,135,3423.144615,36.307911,39.285459,41.722354,9.428154,17.038527,94.113604,92.204757,40.007832,34.821508,36.267772,39.279368,41.720049,0.000097,,,,,,,7317bd7ab277ecaf95fd607085bd09e3,
RA,aom,av2,0,A2,OldTownCross_1920x1080p50.y4m,1920x1080,50.00,8,1920x1080,160,937.840000,35.210903,38.874214,40.757009,8.879266,16.170003,89.578909,87.374146,37.691898,34.156358,35.203233,38.873265,40.755305,0.001088,,,,,,,189bb57b68b0da9e2ec3f690d08cc884,
RA,aom,av2,0,A2,OldTownCross_1920x1080p50.y4m,1920x1080,50.00,8,1920x1080,185,386.286154,33.502654,38.267340,39.377530,8.022688,14.656298,79.753294,77.362892,34.126618,33.178248,33.494104,38.266634,39.376424,0.004399,,,,,,,892ff6fd0997f78a96b99dd1504e9dd4,
RA,aom,av2,0,A2,OldTownCross_1920x1080p50.y4m,1920x1080,50.00,8,1920x1080,210,153.901538,31.022003,37.365865,37.694045,6.719826,12.175292,59.997337,57.752366,29.629160,31.726226,31.013676,37.365334,37.692753,0.016079,,,,,,,b0ac43c6c6069fbc3c0241e4c173ed92,
RA,aom,av2,0,A2,OldTownCross_1920x1080p50.y4m,1920x1080,50.00,8,1920x1080,235,53.692308,28.262061,36.219814,36.093624,5.305152,9.109942,31.939166,30.573771,25.369570,29.977021,28.256836,36.218393,36.092956,0.021897,,,,,,,228061383dd9142c6539e5e3a8d2c832,
RA,aom,av2,0,A2,PedestrianArea_1920x1080p25.y4m,1920x1080,25.00,8,1920x1080,110,3762.495385,42.499262,46.860726,48.678543,14.455176,21.679716,99.656795,98.720145,44.261937,41.622966,42.436295,46.825355,48.638192,0.117449,,,,,,,0596689831fd5be4f4710e639cb2a4c9,
RA,aom,av2,0,A2,PedestrianArea_1920x1080p25.y4m,1920x1080,25.00,8,1920x1080,135,1551.952308,40.975180,45.625074,47.107281,13.441845,19.803001,96.872995,94.808335,41.019796,40.423670,40.950335,45.604371,47.078419,0.136685,,,,,,,1ee0a885b74f31295051a55650062567,
RA,aom,av2,0,A2,PedestrianArea_1920x1080p25.y4m,1920x1080,25.00,8,1920x1080,160,708.147692,38.820576,43.950813,45.005011,12.160307,17.301036,87.787488,85.405825,37.159841,38.795263,38.785926,43.926091,44.973272,0.190673,,,,,,,f018f1adee657e99e18bc2d13fc78d1a,
RA,aom,av2,0,A2,PedestrianArea_1920x1080p25.y4m,1920x1080,25.00,8,1920x1080,185,335.150769,36.216585,41.942890,42.627022,10.835485,14.679921,72.855399,70.303193,33.377528,36.745244,36.170060,41.916026,42.589979,0.301424,,,,,,,48e085936c30e06a669c6603afdb4257,
RA,aom,av2,0,A2,PedestrianArea_1920x1080p25.y4m,1920x1080,25.00,8,1920x1080,210,155.384615,33.256916,39.728867,40.059787,9.462055,11.984632,52.906263,50.544128,29.712795,34.401577,33.202771,39.698774,40.020627,0.390550,,,,,,,82c906661cd2bc51c9f6d532668715ce,
RA,aom,av2,0,A2,PedestrianArea_1920x1080p25.y4m,1920x1080,25.00,8,1920x1080,235,67.847692,30.008676,37.337620,37.328583,8.094585,9.239078,30.025134,28.410706,26.112542,31.610310,29.949980,37.317452,37.291281,0.373517,,,,,,,fe1d3cb16ea7f3fddf33766c7b84deca,
RA,aom,av2,0,A2,RitualDance_1920x1080_5994_10bit_420.y4m,1920x1080,60.00,10,1920x1080,110,7970.073004,46.490039,49.854942,50.704335,19.276126,24.850770,99.532371,98.198120,46.505187,48.259602,46.427794,49.814143,50.640558,0.228732,,,,,,,9d854bb6d12cd00635a6cd8430c14c53,
RA,aom,av2,0,A2,RitualDance_1920x1080_5994_10bit_420.y4m,1920x1080,60.00,10,1920x1080,135,3978.920772,43.761921,47.828450,48.369811,17.613415,22.282554,96.085776,93.792642,42.561794,46.137359,43.682126,47.771996,48.295698,0.246289,,,,,,,8039bfbb8d6e8d53a86ad48be6b581a3,
RA,aom,av2,0,A2,RitualDance_1920x1080_5994_10bit_420.y4m,1920x1080,60.00,10,1920x1080,160,1886.706524,40.427937,45.534358,45.721160,15.520082,19.137103,86.966982,84.203478,38.052094,43.465346,40.318129,45.463759,45.630435,0.341183,,,,,,,c98812448e72e1a9afef3c3542288c7e,
RA,aom,av2,0,A2,RitualDance_1920x1080_5994_10bit_420.y4m,1920x1080,60.00,10,1920x1080,185,868.160762,36.991035,43.245937,43.043513,13.426902,15.949395,71.599624,68.587751,33.743096,40.549241,36.863220,43.169299,42.942106,0.385202,,,,,,,c8108325b945c996efa5ecf9cf6050d1,
RA,aom,av2,0,A2,RitualDance_1920x1080_5994_10bit_420.y4m,1920x1080,60.00,10,1920x1080,210,379.669561,33.651966,41.133007,40.698538,11.611644,12.998147,51.048747,47.977468,29.859687,37.822505,33.516045,41.060612,40.607255,0.440444,,,,,,,a5145b903efb61aed4c29c2a71bb11ac,
RA,aom,av2,0,A2,RitualDance_1920x1080_5994_10bit_420.y4m,1920x1080,60.00,10,1920x1080,235,152.483824,30.415264,39.258458,38.299854,10.166735,10.330639,27.835835,25.394208,26.346374,34.906356,30.277052,39.205786,38.204334,0.418552,,,,,,,dec63fa82ff3cfbfc20e6ac3d12f18c5,
RA,aom,av2,0,A2,Riverbed_1920x1080p25.y4m,1920x1080,25.00,8,1920x1080,110,19611.800000,40.499203,43.287028,45.625224,13.840477,21.068965,99.970509,99.962482,41.967800,38.754216,40.400265,43.206479,45.552138,0.000006,,,,,,,3a58d437d2c7d09a0ba216902973535d,
RA,aom,av2,0,A2,Riverbed_1920x1080p25.y4m,1920x1080,25.00,8,1920x1080,135,9242.704615,37.556293,41.178525,43.926347,11.557700,17.481044,98.343196,96.824235,36.541779,36.484242,37.450085,41.126230,43.885619,0.000016,,,,,,,ea7b3bc28c3847d97444416e06d0da97,
RA,aom,av2,0,A2,Riverbed_1920x1080p25.y4m,1920x1080,25.00,8,1920x1080,160,4094.681538,34.234248,39.248425,42.349753,9.218508,13.647447,79.126983,77.082620,31.469664,34.029620,34.087566,39.205646,42.318176,0.000105,,,,,,,ee70df7df2c33598143b830818ddd40e,
RA,aom,av2,0,A2,Riverbed_1920x1080p25.y4m,1920x1080,25.00,8,1920x1080,185,1693.507692,30.953637,37.674049,41.059913,7.225414,10.147177,51.913303,50.404836,27.244453,31.575472,30.791035,37.642589,41.035374,0.000754,,,,,,,462c5110db0adda798228adba4a6c0eb,
RA,aom,av2,0,A2,Riverbed_1920x1080p25.y4m,1920x1080,25.00,8,1920x1080,210,623.373846,27.908438,36.682194,40.311682,5.755920,7.196151,29.524361,28.724438,23.814052,29.310293,27.761137,36.667273,40.301873,0.005696,,,,,,,3e6cad2cc6cfee9fe801aa8a814db9f6,
RA,aom,av2,0,A2,Riverbed_1920x1080p25.y4m,1920x1080,25.00,8,1920x1080,235,196.592308,25.185033,35.990622,39.649432,4.766721,4.885040,15.718656,15.487786,21.045697,27.186665,25.073221,35.984399,39.644012,0.031509,,,,,,,79517d5c0a68d72198dd446bf7aebb8f,
RA,aom,av2,0,A2,RushFieldCuts_1920x1080_2997.y4m,1920x1080,30.00,8,1920x1080,110,17902.963498,39.697695,43.970296,45.292794,14.719151,21.565090,98.340686,96.685129,42.788542,38.895302,39.548855,43.894221,45.227202,0.006093,,,,,,,9c79ece46f2767bd61f771114aa1bb4e,
RA,aom,av2,0,A2,RushFieldCuts_1920x1080_2997.y4m,1920x1080,30.00,8,1920x1080,135,6335.723354,36.857411,42.204754,43.659764,12.825193,18.965849,92.967160,91.019067,38.426808,36.934474,36.748619,42.163869,43.628073,0.005019,,,,,,,c793db786afb97fe0ca5dcd64ae13cc5,
RA,aom,av2,0,A2,RushFieldCuts_1920x1080_2997.y4m,1920x1080,30.00,8,1920x1080,160,2701.869208,34.258430,40.271395,41.837518,11.019159,16.044450,83.083255,80.947354,33.834730,34.972512,34.191326,40.247529,41.821172,0.011738,,,,,,,ccfffb736687c1fdefb5816cee7e77ed,
RA,aom,av2,0,A2,RushFieldCuts_1920x1080_2997.y4m,1920x1080,30.00,8,1920x1080,185,1139.054791,31.275423,38.193184,39.903979,9.062224,12.830473,66.883952,64.871397,29.301566,32.754629,31.216247,38.173131,39.890705,0.081242,,,,,,,31271c9806ec5dff8cc3f100a36a3b52,
RA,aom,av2,0,A2,RushFieldCuts_1920x1080_2997.y4m,1920x1080,30.00,8,1920x1080,210,447.003458,28.147172,36.061912,37.805316,7.214818,9.862394,46.819171,45.281109,25.164125,30.384602,28.095846,36.047547,37.797253,0.289072,,,,,,,fa3a63f96275a32ecc60e3df182ab69c,
RA,aom,av2,0,A2,RushFieldCuts_1920x1080_2997.y4m,1920x1080,30.00,8,1920x1080,235,150.016138,25.121790,33.855630,35.675086,5.553734,7.144549,27.727862,26.799915,21.494085,27.868169,25.088314,33.846574,35.672048,0.338373,,,,,,,eca7fe1331e2dadbfb1e77e496106fc0,
RA,aom,av2,0,A2,Skater227_1920x1080_30fps.y4m,1920x1080,30.00,10,1920x1080,110,2092.536000,48.503947,55.650068,56.034840,20.374030,25.040003,99.724070,99.180401,47.085250,49.164250,48.286710,55.591797,55.958417,0.689161,,,,,,,9c34025f246b5316850788e6f98ac705,
RA,aom,av2,0,A2,Skater227_1920x1080_30fps.y4m,1920x1080,30.00,10,1920x1080,135,865.028308,46.324614,53.527064,54.074978,19.118975,22.619975,97.085626,95.237324,43.926768,47.285200,46.030522,53.451492,53.978201,0.700048,,,,,,,a74b584a8e9ca6e166caa2a9e9b01d58,
RA,aom,av2,0,A2,Skater227_1920x1080_30fps.y4m,1920x1080,30.00,10,1920x1080,160,359.894769,43.762297,51.027943,51.741468,17.944483,20.010457,87.526947,84.820539,40.606933,44.991051,43.452352,50.918353,51.613419,0.714520,,,,,,,b7c09628485f494ea4eecb4bdb94eddb,
RA,aom,av2,0,A2,Skater227_1920x1080_30fps.y4m,1920x1080,30.00,10,1920x1080,185,161.082462,41.067963,48.347012,49.127707,16.993651,17.567886,72.853025,69.851462,37.484311,42.445564,40.800296,48.227131,48.970680,0.692077,,,,,,,6a495863e2963969224edaaf7e179f67,
RA,aom,av2,0,A2,Skater227_1920x1080_30fps.y4m,1920x1080,30.00,10,1920x1080,210,76.113231,38.158285,45.365782,46.275502,16.078419,15.176997,53.709189,50.814681,34.375697,39.530097,37.939145,45.241526,46.144446,0.518729,,,,,,,4dea81cf8c0895aa872e293f12185ec1,
RA,aom,av2,0,A2,Skater227_1920x1080_30fps.y4m,1920x1080,30.00,10,1920x1080,235,37.046769,35.025793,42.332829,43.331753,15.059047,12.772007,32.472266,29.902081,31.188003,36.459821,34.845175,42.248998,43.246850,0.532417,,,,,,,fba11da1be7d4796a13549bdd5414a62,
RA,aom,av2,0,A2,ToddlerFountainCropped_1080x1080p2997_yuv420p10le_130frames.y4m,1080x1080,30.00,10,1080x1080,110,24845.055252,38.932634,45.845476,44.046220,13.915155,21.348178,99.974335,99.966796,43.022884,38.716668,38.735967,45.813226,44.003864,0.084107,,,,,,,441b12e6df7e156f2092b11850fac417,
RA,aom,av2,0,A2,ToddlerFountainCropped_1080x1080p2997_yuv420p10le_130frames.y4m,1080x1080,30.00,10,1080x1080,135,11222.269423,34.836192,44.499073,42.593405,10.385850,16.862057,98.415104,96.971232,36.693949,36.159581,34.618281,44.473885,42.561843,0.113791,,,,,,,fad688acdf10aa2ac4c275e05aac926e,
RA,aom,av2,0,A2,ToddlerFountainCropped_1080x1080p2997_yuv420p10le_130frames.y4m,1080x1080,30.00,10,1080x1080,160,4234.326289,31.200569,42.869156,40.809633,7.478257,12.678514,81.760942,79.823881,30.772575,33.592422,31.023362,42.838951,40.761544,0.139340,,,,,,,b49678a03a5309d6ab90ea61fcf500cb,
RA,aom,av2,0,A2,ToddlerFountainCropped_1080x1080p2997_yuv420p10le_130frames.y4m,1080x1080,30.00,10,1080x1080,185,1467.072620,28.349028,41.377880,38.991952,5.628255,9.559043,58.065773,56.332652,26.279771,31.368673,28.224670,41.355127,38.938925,0.216944,,,,,,,cff844c6c647d0008598b9f26936e4d7,
RA,aom,av2,0,A2,ToddlerFountainCropped_1080x1080p2997_yuv420p10le_130frames.y4m,1080x1080,30.00,10,1080x1080,210,474.092677,25.983612,40.142121,37.947665,4.484806,7.328307,35.762819,34.541449,22.870533,29.409393,25.894655,40.126303,37.923227,0.282476,,,,,,,d175f0e4b804b8acff5707cf01205d5d,
RA,aom,av2,0,A2,ToddlerFountainCropped_1080x1080p2997_yuv420p10le_130frames.y4m,1080x1080,30.00,10,1080x1080,235,134.558979,23.881313,39.006847,37.087761,3.741082,5.536203,18.128595,17.588110,20.249403,27.545329,23.816833,38.988601,37.072205,0.234716,,,,,,,ccd544593325a7c4fc0cf420500ce1c4,
RA,aom,av2,0,A2,TreesAndGrass_1920_1080_30fps_8bit.y4m,1920x1080,30.00,8,1920x1080,110,45590.883692,38.062035,43.190650,45.826902,16.672764,23.886594,99.976419,99.969523,44.862219,40.763824,37.755887,43.001525,45.750793,0.000072,,,,,,,ce84b197ba9ef675976785839eb0f507,
RA,aom,av2,0,A2,TreesAndGrass_1920_1080_30fps_8bit.y4m,1920x1080,30.00,8,1920x1080,135,15430.606154,33.604538,41.068036,44.109828,13.360087,19.948128,99.918786,99.818668,38.754678,37.045202,33.304475,40.929522,44.070339,0.000049,,,,,,,4bb5a7c90e7cec7102f546b7916d1a94,
RA,aom,av2,0,A2,TreesAndGrass_1920_1080_30fps_8bit.y4m,1920x1080,30.00,8,1920x1080,160,5522.754462,30.486177,38.790583,42.211847,10.713447,16.835100,99.031081,97.960136,33.938016,34.250540,30.318220,38.689844,42.191750,0.000186,,,,,,,3b62ff08218446cc69d97779e0270c83,
RA,aom,av2,0,A2,TreesAndGrass_1920_1080_30fps_8bit.y4m,1920x1080,30.00,8,1920x1080,185,2252.909538,27.485885,36.572087,40.464049,7.806298,13.132011,89.228464,86.779102,29.027262,31.416024,27.404716,36.484076,40.450853,0.000877,,,,,,,ab8b4f584ffa8294c2b53c6b964cbe36,
RA,aom,av2,0,A2,TreesAndGrass_1920_1080_30fps_8bit.y4m,1920x1080,30.00,8,1920x1080,210,777.142154,24.229826,34.686067,38.786260,4.809285,9.012366,67.910745,65.891940,23.943115,28.343465,24.183490,34.614586,38.768765,0.019163,,,,,,,02a86be7a404fd637b01a7f1ce277323,
RA,aom,av2,0,A2,TreesAndGrass_1920_1080_30fps_8bit.y4m,1920x1080,30.00,8,1920x1080,235,180.203077,21.627248,33.076153,37.016022,2.664470,5.331314,45.115590,43.826273,19.746934,25.790712,21.591675,33.030344,36.994583,0.075715,,,,,,,0826e81981a92fad6efb1140f1bfcd52,
RA,aom,av2,0,A2,TunnelFlag_1920x1080_5994_10bit_420.y4m,1920x1080,60.00,10,1920x1080,110,16447.652040,41.964871,47.664585,50.101010,16.895277,24.452704,99.977821,99.972975,45.972982,43.302434,41.898209,47.641242,50.090764,0.004451,,,,,,,e19dfb4983feb6a6bd4abfc80251d839,
RA,aom,av2,0,A2,TunnelFlag_1920x1080_5994_10bit_420.y4m,1920x1080,60.00,10,1920x1080,135,7183.478675,39.408949,46.278698,49.063346,14.984548,21.886468,99.973180,99.964951,41.542653,41.429835,39.348813,46.262541,49.053428,0.004664,,,,,,,0c6cfa9483503c9728ec9d842b294518,
RA,aom,av2,0,A2,TunnelFlag_1920x1080_5994_10bit_420.y4m,1920x1080,60.00,10,1920x1080,160,3022.222086,36.576377,44.725532,47.728259,12.838769,18.963356,99.959141,99.947045,36.753548,39.250876,36.523369,44.711789,47.717881,0.007665,,,,,,,c3791f94d7e382ec24b1f4170c782e6e,
RA,aom,av2,0,A2,TunnelFlag_1920x1080_5994_10bit_420.y4m,1920x1080,60.00,10,1920x1080,185,1359.042189,33.912598,42.917860,46.213150,11.492947,17.022530,99.921192,99.905879,32.698560,37.139064,33.874036,42.901396,46.197969,0.007804,,,,,,,3cc8c2a616c1e5f7441d889e5fe35369,
RA,aom,av2,0,A2,TunnelFlag_1920x1080_5994_10bit_420.y4m,1920x1080,60.00,10,1920x1080,210,684.640898,31.050684,40.942813,44.324808,10.218441,14.935538,93.523981,90.818690,28.755319,34.773345,31.016806,40.925220,44.298225,0.006596,,,,,,,78a1da59c2b548f3f81bb0ad7ed3bd27,
RA,aom,av2,0,A2,TunnelFlag_1920x1080_5994_10bit_420.y4m,1920x1080,60.00,10,1920x1080,235,357.936218,27.722287,38.957031,42.070571,8.630042,12.220449,75.676991,73.051482,24.572273,31.940452,27.688517,38.933135,42.063538,0.003375,,,,,,,a72037214d440e75db7c3648e886d064,
RA,aom,av2,0,A2,Vertical_bees_1080x1920_2997.y4m,1080x1920,30.00,8,1080x1920,110,2964.198263,45.704825,49.268395,50.232010,20.701955,27.182928,98.867007,97.540039,47.648731,47.027649,45.646892,49.194680,50.160040,0.014359,,,,,,,73ecd77b4b182442973cc8cddf3023fb,
RA,aom,av2,0,A2,Vertical_bees_1080x1920_2997.y4m,1080x1920,30.00,8,1080x1920,135,1211.694767,43.412820,47.181185,48.306506,19.103802,24.876782,96.883603,94.737151,43.984828,45.024170,43.370911,47.142977,48.268008,0.030480,,,,,,,3c4a815c89732d56951f380c18e7b878,
RA,aom,av2,0,A2,Vertical_bees_1080x1920_2997.y4m,1080x1920,30.00,8,1080x1920,160,548.477369,40.649439,44.555023,45.983308,17.105367,22.044327,91.562246,89.119377,39.691089,42.519582,40.608612,44.526492,45.945366,0.081001,,,,,,,25a1025d2f9b413096ae41c266c5d967,
RA,aom,av2,0,A2,Vertical_bees_1080x1920_2997.y4m,1080x1920,30.00,8,1080x1920,185,261.287021,37.418003,41.461837,43.259709,14.714662,18.732275,81.572230,78.895863,35.123502,39.480262,37.380642,41.445707,43.223019,0.204466,,,,,,,a5c4197b279a0e715a73e147f25af099,
RA,aom,av2,0,A2,Vertical_bees_1080x1920_2997.y4m,1080x1920,30.00,8,1080x1920,210,122.810728,33.876864,38.124943,40.433022,12.228754,15.246892,65.450655,62.639088,30.651827,36.121276,33.846345,38.118065,40.388565,0.258036,,,,,,,3c4495ec0f70f81a87bc7566f8ec28bd,
RA,aom,av2,0,A2,Vertical_bees_1080x1920_2997.y4m,1080x1920,30.00,8,1080x1920,235,54.788903,30.323056,35.028309,37.192024,9.975441,11.867221,43.953823,41.833114,26.505319,32.714438,30.300875,35.026229,37.117464,0.170346,,,,,,,82177cd22f334ea5e59568bf4103cd28,
RA,aom,av2,0,A2,WorldCup_1920x1080_30p.y4m,1920x1080,30.00,8,1920x1080,110,4280.004923,46.068075,51.029198,50.801811,19.886444,24.841984,99.917014,99.310264,45.893934,46.634502,46.008395,50.983256,50.757510,0.280660,,,,,,,e8394ed174f7b551ce918f53614f4f58,
RA,aom,av2,0,A2,WorldCup_1920x1080_30p.y4m,1920x1080,30.00,8,1920x1080,135,1997.030769,43.477337,49.398644,49.223641,18.260257,22.246887,97.869975,95.723453,42.430459,44.811303,43.408792,49.370741,49.197599,0.294387,,,,,,,3e7cfa68858a81c30aa8428699dbfb23,
RA,aom,av2,0,A2,WorldCup_1920x1080_30p.y4m,1920x1080,30.00,8,1920x1080,160,936.646154,40.366534,47.331008,47.221283,16.245255,19.197132,90.400286,87.531241,38.380134,42.506110,40.282498,47.304066,47.193693,0.342913,,,,,,,440ba314f820b50f558cdc465b930580,
RA,aom,av2,0,A2,WorldCup_1920x1080_30p.y4m,1920x1080,30.00,8,1920x1080,185,450.393231,37.073670,44.977404,44.747455,14.145375,16.079412,77.760620,74.437320,34.271881,39.901885,36.991776,44.948373,44.713286,0.349589,,,,,,,4531466ac520b76979f4049f5f06f3bb,
RA,aom,av2,0,A2,WorldCup_1920x1080_30p.y4m,1920x1080,30.00,8,1920x1080,210,215.545846,33.737623,42.358473,41.894987,12.259806,13.168429,60.743939,57.276968,30.341779,36.998435,33.663628,42.326487,41.854653,0.382445,,,,,,,3440a0d78ffe0ba7e0e3b8da50003e26,
RA,aom,av2,0,A2,WorldCup_1920x1080_30p.y4m,1920x1080,30.00,8,1920x1080,235,99.607385,30.403243,39.574269,38.965080,10.709769,10.597491,40.988799,38.110132,26.644612,34.049489,30.341579,39.550203,38.925763,0.364005,,,,,,,d9b67a34a85b5baf1e708a280a2acb43,
RA,aom,av2,0,A3,ControlledBurn_1280x720p30_420.y4m,1280x720,30.00,8,1280x720,110,3924.878769,42.742136,48.832179,47.637632,17.336896,23.537058,96.659818,95.087007,44.082799,43.448813,42.457406,48.768375,47.480752,1.321164,,,,,,,f1037bbf7388e4269aa16c9fc7a065b6,
RA,aom,av2,0,A3,ControlledBurn_1280x720p30_420.y4m,1280x720,30.00,8,1280x720,135,1757.499692,39.949078,47.118520,45.533082,15.371560,20.578990,91.092279,89.211542,40.274696,41.143325,39.609873,47.082978,45.369506,1.356029,,,,,,,46b3af9b413a91ec6bd2acb2c498348d,
RA,aom,av2,0,A3,ControlledBurn_1280x720p30_420.y4m,1280x720,30.00,8,1280x720,160,784.410462,36.856229,45.020876,43.086818,13.179113,17.371115,80.436707,78.393328,36.074633,38.528501,36.460380,44.991612,42.870716,1.457450,,,,,,,a71447b2e85603668a498260fc787508,
RA,aom,av2,0,A3,ControlledBurn_1280x720p30_420.y4m,1280x720,30.00,8,1280x720,185,337.510154,33.611912,42.626206,40.521539,10.857501,14.138471,64.634385,62.755234,31.938260,35.688071,33.151900,42.586137,40.236589,1.519562,,,,,,,3502cee11b77fa5e2f2d3f99bf81a5c4,
RA,aom,av2,0,A3,ControlledBurn_1280x720p30_420.y4m,1280x720,30.00,8,1280x720,210,127.524923,30.341322,40.078844,38.005754,8.602468,10.993084,46.251135,44.693163,27.932777,32.743686,29.784193,40.021977,37.605912,1.676973,,,,,,,43f43d7474c504d07bcb899e296e87e4,
RA,aom,av2,0,A3,ControlledBurn_1280x720p30_420.y4m,1280x720,30.00,8,1280x720,235,42.585231,27.477641,37.728942,35.404495,6.924305,8.208934,28.383205,27.388197,24.343661,30.026350,26.853349,37.638312,35.003814,2.053074,,,,,,,87cf599b634ca829d1965153a2b3f46f,
RA,aom,av2,0,A3,DrivingPOV_1280x720p_5994_10bit_420.y4m,1280x720,60.00,10,1280x720,110,7162.339199,41.601586,45.825794,44.641932,17.080583,25.483209,99.537851,98.426421,47.641120,40.888417,41.525573,45.800757,44.620020,0.000311,,,,,,,e1578ae2c557dc139101733bc43f1ec8,
RA,aom,av2,0,A3,DrivingPOV_1280x720p_5994_10bit_420.y4m,1280x720,60.00,10,1280x720,135,3064.036271,38.502310,44.009970,43.554187,14.333789,22.099284,97.676295,96.000405,43.060716,38.960615,38.442281,43.988323,43.545152,0.003166,,,,,,,b046c90b2a34016731c859e8291383c0,
RA,aom,av2,0,A3,DrivingPOV_1280x720p_5994_10bit_420.y4m,1280x720,60.00,10,1280x720,160,1242.979789,35.269647,41.941022,42.148733,11.888673,18.880879,92.817403,90.810035,37.997386,36.769881,35.220942,41.917828,42.137381,0.058764,,,,,,,5db050e17280252d01f0f745e99efaea,
RA,aom,av2,0,A3,DrivingPOV_1280x720p_5994_10bit_420.y4m,1280x720,60.00,10,1280x720,185,485.097672,32.107316,39.763358,40.605975,9.624306,16.004813,83.216264,80.813236,32.964984,34.412802,32.068473,39.741519,40.587421,0.178520,,,,,,,807e033bf3265b7183acbd9cd23c1bd4,
RA,aom,av2,0,A3,DrivingPOV_1280x720p_5994_10bit_420.y4m,1280x720,60.00,10,1280x720,210,184.368247,29.200754,37.595030,38.885884,7.601923,12.883583,66.197952,63.690920,28.130489,31.989395,29.173858,37.577733,38.870432,0.208381,,,,,,,d6d9cc4155a88054c3df84a86c7d4b21,
RA,aom,av2,0,A3,DrivingPOV_1280x720p_5994_10bit_420.y4m,1280x720,60.00,10,1280x720,235,71.219857,26.559844,35.582778,37.227016,6.007825,9.850033,43.984939,41.854822,23.981818,29.642188,26.539171,35.570079,37.211382,0.201462,,,,,,,47bba64bb7f82af31130d78c209bd93a,
RA,aom,av2,0,A3,Johnny_1280x720_60.y4m,1280x720,60.00,8,1280x720,110,1895.700923,43.495407,49.038110,49.746622,15.647569,22.490133,96.751548,95.365536,44.087529,44.364800,43.449445,49.031911,49.742387,10.517581,,,,,,,1aeaef06f62038f5c5f1685fa1cfe084,
RA,aom,av2,0,A3,Johnny_1280x720_60.y4m,1280x720,60.00,8,1280x720,135,587.335385,42.292818,48.238333,48.881506,14.932381,21.414390,95.520732,93.846857,42.642486,43.528868,42.278644,48.234937,48.878335,11.168016,,,,,,,0edacaf6135265f2410f5e0503c97b02,
RA,aom,av2,0,A3,Johnny_1280x720_60.y4m,1280x720,60.00,8,1280x720,160,247.598769,40.776409,46.778203,47.362100,14.078613,20.089929,92.787597,90.823095,40.519641,42.376463,40.767703,46.773636,47.356830,11.098724,,,,,,,13203dcd0c9b06b5dfb2958a187459db,
RA,aom,av2,0,A3,Johnny_1280x720_60.y4m,1280x720,60.00,8,1280x720,185,116.267077,38.504241,44.849128,45.128065,12.767951,18.152430,87.032342,84.457049,37.386929,40.656986,38.495398,44.845543,45.122537,10.981287,,,,,,,19de5020257ddc877d33525617fbaa81,
RA,aom,av2,0,A3,Johnny_1280x720_60.y4m,1280x720,60.00,8,1280x720,210,56.761846,35.672042,42.112661,42.779704,11.067127,15.664498,76.152610,73.216493,33.592360,38.499940,35.662354,42.109345,42.776473,11.188040,,,,,,,1987876dcc85d2c63e561bf34adaff15,
RA,aom,av2,0,A3,Johnny_1280x720_60.y4m,1280x720,60.00,8,1280x720,235,27.758769,32.438557,38.937579,39.385758,9.386861,13.042541,58.526421,55.408280,29.413504,35.809586,32.427661,38.936532,39.383580,11.138172,,,,,,,3d89973e391255a433ef7a60e7b8486c,
RA,aom,av2,0,A3,KristenAndSara_1280x720_60.y4m,1280x720,60.00,8,1280x720,110,2018.208000,43.988326,48.605877,49.590737,16.335601,23.094160,96.849888,95.519978,44.211294,43.883840,43.949081,48.597903,49.585899,8.286567,,,,,,,2c313a828ef8932976a10dbe0d536af0,
RA,aom,av2,0,A3,KristenAndSara_1280x720_60.y4m,1280x720,60.00,8,1280x720,135,729.348923,42.566326,47.637451,48.557857,15.553833,21.786306,95.559206,93.898218,42.476891,42.947953,42.550480,47.633551,48.554773,8.354710,,,,,,,6aaed9d93f3032776f6cc8e459342a7d,
RA,aom,av2,0,A3,KristenAndSara_1280x720_60.y4m,1280x720,60.00,8,1280x720,160,323.220923,40.616322,46.053181,46.942272,14.542642,19.978955,92.420216,90.395428,39.872067,41.595309,40.600954,46.048635,46.937883,8.370846,,,,,,,2269f533725f95fd7e61e8bd4e08345c,
RA,aom,av2,0,A3,KristenAndSara_1280x720_60.y4m,1280x720,60.00,8,1280x720,185,154.020923,38.050702,44.033492,44.778471,13.219509,17.665000,85.833840,83.191231,36.506726,39.794024,38.036263,44.026602,44.772714,7.964599,,,,,,,ce36144e8ea434b19bc6dfc0d6044d8f,
RA,aom,av2,0,A3,KristenAndSara_1280x720_60.y4m,1280x720,60.00,8,1280x720,210,75.323077,34.968901,41.332516,42.092922,11.683196,15.082424,74.121794,70.958849,32.630603,37.462899,34.953369,41.326268,42.086642,7.879840,,,,,,,7f84a75e8fc2b84a036bbf58cc7bffff,
RA,aom,av2,0,A3,KristenAndSara_1280x720_60.y4m,1280x720,60.00,8,1280x720,235,37.140923,31.598026,38.579790,39.220806,9.991178,12.374643,58.110881,54.821061,28.586953,34.681009,31.586886,38.575611,39.217846,6.777418,,,,,,,13eec0e4bd673f7f86ede109260b4dc3,
RA,aom,av2,0,A3,RollerCoaster_1280x720p_5994_10bit_420.y4m,1280x720,60.00,10,1280x720,110,4521.597787,44.387462,46.575569,46.999423,18.952919,26.259477,99.974980,99.965631,47.681190,43.960530,44.326702,46.546311,46.979503,0.033314,,,,,,,e4709dd09d98198e2fcdddf436df8753,
RA,aom,av2,0,A3,RollerCoaster_1280x720p_5994_10bit_420.y4m,1280x720,60.00,10,1280x720,135,2059.529394,41.457183,44.198645,45.218617,16.461199,23.123919,99.750692,98.584693,42.947360,41.839823,41.405048,44.169638,45.204154,0.063338,,,,,,,53f7679d86220b12c5191e4695772f16,
RA,aom,av2,0,A3,RollerCoaster_1280x720p_5994_10bit_420.y4m,1280x720,60.00,10,1280x720,160,915.194344,38.157625,41.361706,42.904394,13.622294,19.506605,93.521219,91.087278,37.761870,39.283923,38.112294,41.328020,42.884601,0.101990,,,,,,,0891083bb8d20d4b2b816e81b7e83675,
RA,aom,av2,0,A3,RollerCoaster_1280x720p_5994_10bit_420.y4m,1280x720,60.00,10,1280x720,185,410.823638,34.921388,38.366474,40.422318,11.098583,15.961897,79.764995,77.167532,32.890318,36.576680,34.882388,38.330199,40.399431,0.120696,,,,,,,dc10540ea7f8cae5c057cf7f5db8c512,
RA,aom,av2,0,A3,RollerCoaster_1280x720p_5994_10bit_420.y4m,1280x720,60.00,10,1280x720,210,183.018213,31.737933,35.466342,38.131959,8.954261,12.664162,58.717112,56.283727,28.499683,33.843352,31.703137,35.429523,38.099643,0.092153,,,,,,,848951ffd7393dd4d1b149fe4eb68d9d,
RA,aom,av2,0,A3,RollerCoaster_1280x720p_5994_10bit_420.y4m,1280x720,60.00,10,1280x720,235,77.191731,28.557188,32.683621,35.886472,7.090839,9.456120,33.198092,31.311651,24.557456,31.078358,28.526050,32.630616,35.843048,0.040546,,,,,,,ffa40057c7e3d87c8fd4487f185140ff,
RA,aom,av2,0,A3,Vidyo3_1280x720p_60fps.y4m,1280x720,60.00,8,1280x720,110,2457.020308,44.024858,49.683412,49.619792,17.755793,24.540617,96.188124,94.330712,45.342051,43.765087,43.980429,49.678159,49.609381,1.755751,,,,,,,c09f922639c46c2edcf606ad9eb5097d,
RA,aom,av2,0,A3,Vidyo3_1280x720p_60fps.y4m,1280x720,60.00,8,1280x720,135,897.618462,42.438613,49.015699,48.586903,16.946954,23.128024,94.246108,92.012293,43.415851,42.753069,42.417752,49.012241,48.578228,2.103416,,,,,,,a49c10109546c1bb4ab056ab348fa907,
RA,aom,av2,0,A3,Vidyo3_1280x720p_60fps.y4m,1280x720,60.00,8,1280x720,160,400.305231,40.363574,47.925176,47.185468,15.872522,21.220267,90.098807,87.538676,40.452856,41.386620,40.335964,47.919033,47.180590,2.797372,,,,,,,e285ab38db4174e03498fe54738d06fd,
RA,aom,av2,0,A3,Vidyo3_1280x720p_60fps.y4m,1280x720,60.00,8,1280x720,185,197.774769,37.526814,46.328177,45.019654,14.246020,18.618133,81.738006,78.820470,36.413120,39.420894,37.488420,46.319573,45.014727,2.985856,,,,,,,0e5c7857736d63e1f486a106aceb46b8,
RA,aom,av2,0,A3,Vidyo3_1280x720p_60fps.y4m,1280x720,60.00,8,1280x720,210,94.545231,33.999705,44.114340,42.242862,11.899506,15.192609,65.651671,62.685894,31.658855,36.714043,33.958226,44.108104,42.240494,3.350801,,,,,,,d71570823bac8d5d51e4a316afcc752d,
RA,aom,av2,0,A3,Vidyo3_1280x720p_60fps.y4m,1280x720,60.00,8,1280x720,235,41.080615,30.276853,41.452638,39.598595,9.386797,11.277325,42.649157,40.010319,26.992266,33.593405,30.243373,41.451454,39.596038,3.162327,,,,,,,4272c717e4d7c4eadf9150a906e0efc7,
RA,aom,av2,0,A3,Vidyo4_1280x720p_60fps.y4m,1280x720,60.00,8,1280x720,110,2622.114462,43.578892,49.485983,49.756073,16.473032,23.631532,97.000096,95.435744,44.735511,43.666369,43.503073,49.477596,49.745473,1.450582,,,,,,,75f86aa92014c2d082d9025eeab6634d,
RA,aom,av2,0,A3,Vidyo4_1280x720p_60fps.y4m,1280x720,60.00,8,1280x720,135,943.421538,41.919506,48.559520,48.800681,15.295851,21.842012,95.207078,93.264347,42.420338,42.538991,41.883995,48.552166,48.789029,1.683240,,,,,,,49f27d04088314281fd187eb0da8e6b4,
RA,aom,av2,0,A3,Vidyo4_1280x720p_60fps.y4m,1280x720,60.00,8,1280x720,160,401.752615,39.806716,47.097710,47.276849,13.819531,19.422335,91.323051,88.975830,39.151591,40.966851,39.776491,47.082737,47.259726,1.757516,,,,,,,09f4317f96930a3f4fba8ad115a91ee4,
RA,aom,av2,0,A3,Vidyo4_1280x720p_60fps.y4m,1280x720,60.00,8,1280x720,185,184.201846,37.205457,45.216016,45.102278,12.181629,16.684672,83.845153,81.048255,35.450483,38.924606,37.169616,45.202939,45.079439,1.848129,,,,,,,81143acb89c42feea8df0e913573b64c,
RA,aom,av2,0,A3,Vidyo4_1280x720p_60fps.y4m,1280x720,60.00,8,1280x720,210,84.409846,34.187881,42.624599,42.323132,10.522005,13.961806,70.076538,67.022265,31.481648,36.333822,34.145424,42.596944,42.291020,2.255364,,,,,,,1f57062e858a6d59f293121990f72f2f,
RA,aom,av2,0,A3,Vidyo4_1280x720p_60fps.y4m,1280x720,60.00,8,1280x720,235,39.670154,31.060149,39.946572,39.247456,9.039472,11.434920,52.651318,49.126997,27.609873,33.701985,31.017564,39.935258,39.221312,2.402816,,,,,,,7ee02697bb163908a1dcbcba88d13fec,
RA,aom,av2,0,A3,WestWindEasy_1280x720p30_420.y4m,1280x720,30.00,8,1280x720,110,8450.392615,42.030237,49.456471,51.014309,16.601903,23.701521,99.978337,99.973995,44.395393,44.896637,41.869543,49.415231,50.975345,0.193756,,,,,,,302afc642e331804b0bac967c23565b4,
RA,aom,av2,0,A3,WestWindEasy_1280x720p30_420.y4m,1280x720,30.00,8,1280x720,135,3956.093538,38.338108,47.851986,49.369851,13.575588,19.596160,99.975338,99.966971,38.800633,41.953555,38.148308,47.813207,49.335205,0.219416,,,,,,,9c9955bbd17bf8ea319b115a86c3fc96,
RA,aom,av2,0,A3,WestWindEasy_1280x720p30_420.y4m,1280x720,30.00,8,1280x720,160,1573.816615,34.617226,46.256807,47.854902,10.667736,15.336207,94.875380,93.034790,33.169435,38.850281,34.414457,46.210994,47.823407,0.322193,,,,,,,8bf31c18ab5a6703b60fffb666eed4b4,
RA,aom,av2,0,A3,WestWindEasy_1280x720p30_420.y4m,1280x720,30.00,8,1280x720,185,552.612923,31.391664,44.508599,46.522665,8.505533,11.624245,80.817438,78.510975,28.689707,35.909965,31.217600,44.456147,46.494039,0.596751,,,,,,,da2dfebf93d265e2d00bc4e96ac33811,
RA,aom,av2,0,A3,WestWindEasy_1280x720p30_420.y4m,1280x720,30.00,8,1280x720,210,180.075692,28.796343,42.976090,45.196879,7.200321,8.796934,66.384233,64.103975,25.588760,33.105848,28.677468,42.942433,45.173884,1.525582,,,,,,,3d125b7139b23bbe8b7686388b4f43fe,
RA,aom,av2,0,A3,WestWindEasy_1280x720p30_420.y4m,1280x720,30.00,8,1280x720,235,58.766769,26.488898,41.181472,43.207720,6.440797,6.752247,55.266249,52.954785,23.241322,30.903304,26.414117,41.133938,43.188381,1.532126,,,,,,,f0c33d1b90b05068826006c10e5ae02e,
RA,aom,av2,0,A4,BlueSky_360p25_v2.y4m,640x360,25.00,8,640x360,110,907.666154,42.398415,43.881690,46.100069,20.985994,28.200020,99.976792,99.970689,49.606808,43.113750,42.222161,43.718891,45.999912,0.016950,,,,,,,a756b489f5143c2350451811fd015240,
RA,aom,av2,0,A4,BlueSky_360p25_v2.y4m,640x360,25.00,8,640x360,135,397.444615,38.977841,40.926663,43.706650,18.415143,25.298112,99.972263,99.760078,44.919165,40.511983,38.801737,40.793213,43.624576,0.052367,,,,,,,e62ec4feede50cabf7c4c15f7b64137d,
RA,aom,av2,0,A4,BlueSky_360p25_v2.y4m,640x360,25.00,8,640x360,160,170.786154,35.364214,37.924507,41.478734,15.442974,21.797804,97.163385,95.264016,39.340392,37.793444,35.204077,37.815264,41.416749,0.108931,,,,,,,712a12e726f1ed3f5bdf864a7f38da7a,
RA,aom,av2,0,A4,BlueSky_360p25_v2.y4m,640x360,25.00,8,640x360,185,75.783077,31.708775,35.760421,39.569619,12.448116,18.308954,87.182067,84.947408,33.938756,35.279960,31.570512,35.683630,39.520925,0.140293,,,,,,,4b123435c0748d2e89e9deb894e997f7,
RA,aom,av2,0,A4,BlueSky_360p25_v2.y4m,640x360,25.00,8,640x360,210,32.729231,27.978740,33.960841,37.983330,9.476728,14.440195,70.615637,68.675614,28.686953,32.562579,27.869016,33.889511,37.926376,0.182245,,,,,,,e67f3aa6c22094b1c9ebfc9a45be2d96,
RA,aom,av2,0,A4,BlueSky_360p25_v2.y4m,640x360,25.00,8,640x360,235,12.829231,24.259752,32.265336,35.934281,6.786128,10.392126,45.640241,44.142899,23.142772,29.416628,24.178866,32.208766,35.886135,0.303353,,,,,,,4771094cfd817b2310498ce74ed185c0,
RA,aom,av2,0,A4,RedKayak_360_2997.y4m,640x360,30.00,8,640x360,110,6321.361715,39.236548,44.240540,49.159169,13.908746,20.648012,99.972582,99.927551,42.703030,39.969348,38.964876,44.141828,49.099256,0.260374,,,,,,,11b2917759e5ba5399132fd2cb44c5a9,
RA,aom,av2,0,A4,RedKayak_360_2997.y4m,640x360,30.00,8,640x360,135,3094.069008,34.525098,41.950927,47.521337,10.576785,16.583314,94.849759,93.153773,37.003328,36.767803,34.162521,41.859535,47.447903,0.258248,,,,,,,03d9d8a3c9c3a71a200c355c2c8ce1d6,
RA,aom,av2,0,A4,RedKayak_360_2997.y4m,640x360,30.00,8,640x360,160,1104.839161,30.198721,39.803820,46.029651,7.648276,12.791727,73.068334,71.406762,31.502885,33.739042,29.871308,39.723461,45.952138,0.239572,,,,,,,cfc2202cae0efe56efa94d4bf2616a50,
RA,aom,av2,0,A4,RedKayak_360_2997.y4m,640x360,30.00,8,640x360,185,300.388227,27.154435,38.319429,44.681819,5.678767,9.595373,42.839846,41.715271,26.832375,31.365036,26.951133,38.254681,44.494511,0.311709,,,,,,,8a00b48db46f1e48d5bf7461cf6d45ed,
RA,aom,av2,0,A4,RedKayak_360_2997.y4m,640x360,30.00,8,640x360,210,78.322293,25.343071,37.001477,43.077390,4.759201,7.296512,18.268757,17.756058,23.574155,29.497206,25.239657,36.935827,42.784668,0.215485,,,,,,,8d22e28166423f9c881f3abf4e9eaac2,
RA,aom,av2,0,A4,RedKayak_360_2997.y4m,640x360,30.00,8,640x360,235,22.471067,23.852095,35.653676,40.677026,4.283190,5.554605,6.210682,6.135180,21.251925,27.731266,23.773390,35.569226,40.367193,0.261199,,,,,,,aa676f4856e3089427c63f254c65cea4,
RA,aom,av2,0,A4,SnowMountain_640x360_2997.y4m,640x360,30.00,8,640x360,110,549.246446,41.952521,48.934723,49.922759,20.419523,27.770632,95.609486,94.171267,50.039471,43.254239,41.874359,48.931536,49.920800,1.149903,,,,,,,e12393d5319b105f6e63fcc589a2121f,
RA,aom,av2,0,A4,SnowMountain_640x360_2997.y4m,640x360,30.00,8,640x360,135,265.447783,39.087973,47.211907,48.656747,17.983695,25.383820,93.936692,92.290971,46.760022,41.295778,39.052821,47.211119,48.656474,1.248380,,,,,,,42687c549d7dbc9a8ee65a4ff369b28d,
RA,aom,av2,0,A4,SnowMountain_640x360_2997.y4m,640x360,30.00,8,640x360,160,140.637824,35.585653,45.524997,47.064786,14.725670,21.965087,90.273887,88.347691,42.000082,38.805911,35.568084,45.524899,47.064378,1.108378,,,,,,,433189864acdedc7a182f656ed9d65c8,
RA,aom,av2,0,A4,SnowMountain_640x360_2997.y4m,640x360,30.00,8,640x360,185,76.437409,31.697095,43.525877,45.464376,11.261327,17.974677,82.755332,80.726212,36.436126,35.774159,31.693441,43.525278,45.464225,1.188469,,,,,,,47e81960c8c65a7c9b3c1f0537b6d404,
RA,aom,av2,0,A4,SnowMountain_640x360_2997.y4m,640x360,30.00,8,640x360,210,31.838316,27.178358,41.419475,43.186625,8.283708,14.008885,65.225498,63.260623,30.335230,32.282280,27.177971,41.418668,43.185989,0.995691,,,,,,,3ec72cdac4f1c5e711ef1a175daea6d4,
RA,aom,av2,0,A4,SnowMountain_640x360_2997.y4m,640x360,30.00,8,640x360,235,11.584108,23.551158,39.753844,41.892308,5.970873,10.604793,38.466856,36.976786,24.544394,29.241324,23.551104,39.732082,41.882490,0.710330,,,,,,,1996afb0f35540ed8ef7abf931c55eef,
RA,aom,av2,0,A4,SpeedBag_640x360_2997.y4m,640x360,30.00,8,640x360,110,256.578498,46.739909,50.239000,51.909636,19.776494,26.670642,97.893384,96.578887,48.646770,45.778884,46.610326,50.194840,51.845054,0.018829,,,,,,,8f99ea91932cb07544c677348e207388,
RA,aom,av2,0,A4,SpeedBag_640x360_2997.y4m,640x360,30.00,8,640x360,135,122.674249,44.404052,48.379713,50.387382,18.428060,24.380835,96.083334,94.171752,45.070293,44.164798,44.220167,48.319126,50.276065,0.044827,,,,,,,c9bca7cb5e3120ca07d29dc2e93afeb1,
RA,aom,av2,0,A4,SpeedBag_640x360_2997.y4m,640x360,30.00,8,640x360,160,59.532468,41.481763,45.790887,48.156360,16.904736,21.639268,91.189083,88.399165,40.895566,41.928764,41.268480,45.728424,48.027286,0.093944,,,,,,,4baddf6335a9ba4b64cf4459371add68,
RA,aom,av2,0,A4,SpeedBag_640x360_2997.y4m,640x360,30.00,8,640x360,185,29.835395,38.315066,43.057817,45.576385,15.125560,18.613327,80.114155,77.048692,36.576750,39.364318,38.092800,42.994018,45.416461,0.113209,,,,,,,66fde0e553aa378a53f3d68b46be1e6d,
RA,aom,av2,0,A4,SpeedBag_640x360_2997.y4m,640x360,30.00,8,640x360,210,16.052870,35.131448,40.126428,42.909511,13.330970,15.481821,63.516543,60.655391,32.411254,36.529337,34.902547,40.081794,42.744683,0.111495,,,,,,,3879341cd8412b14585125d0f047ea87,
RA,aom,av2,0,A4,SpeedBag_640x360_2997.y4m,640x360,30.00,8,640x360,235,8.882195,31.375536,37.603481,40.371819,11.200870,12.041328,40.924432,38.187989,27.960763,33.162382,31.168212,37.557657,40.156037,0.156700,,,,,,,decd1f9141a6ac3242af804aa8e511aa,
RA,aom,av2,0,A4,Stockholm_640x360_5994.y4m,640x360,60.00,8,640x360,110,1272.584646,40.555686,46.548051,45.899039,15.757996,24.900974,99.796213,98.447627,49.001601,40.869889,40.490045,46.534069,45.887686,0.000110,,,,,,,27a12f4f1600e3ca3f0db605e2511925,
RA,aom,av2,0,A4,Stockholm_640x360_5994.y4m,640x360,60.00,8,640x360,135,529.029125,38.338422,44.550494,44.108040,14.139890,22.685558,98.219883,96.355697,45.265026,39.048385,38.311668,44.541564,44.103732,0.004605,,,,,,,d9ec51814bc62d941c8a0d493c55feb2,
RA,aom,av2,0,A4,Stockholm_640x360_5994.y4m,640x360,60.00,8,640x360,160,240.070084,35.705251,42.251623,41.767717,12.223858,20.077475,94.515423,92.250205,40.523158,36.887814,35.691022,42.241565,41.763885,0.034135,,,,,,,8a68a718bf9d77d600261c51d76a1c44,
RA,aom,av2,0,A4,Stockholm_640x360_5994.y4m,640x360,60.00,8,640x360,185,109.227388,32.172929,40.015488,39.437634,9.598359,16.562220,85.054671,82.213979,34.756261,34.230161,32.162456,40.004998,39.434154,0.040344,,,,,,,1dd617efeea89052219724ea6317e708,
RA,aom,av2,0,A4,Stockholm_640x360_5994.y4m,640x360,60.00,8,640x360,210,45.392146,28.487319,37.891265,37.447884,6.767209,12.389368,64.819986,62.065940,28.794009,31.267459,28.480859,37.885513,37.443790,0.049006,,,,,,,3b8c501e5921fcf6621a3c6d67e2a465,
RA,aom,av2,0,A4,Stockholm_640x360_5994.y4m,640x360,60.00,8,640x360,235,16.871744,25.240902,36.005252,35.624396,4.531860,8.392866,34.329874,32.691577,23.658461,28.580722,25.235119,35.997939,35.622116,0.060426,,,,,,,81d09652ee569cafa99e80fe7f3bf426,
RA,aom,av2,0,A4,TouchdownPass_640x360_2997.y4m,640x360,30.00,8,640x360,110,854.309998,41.907481,48.174545,48.043884,15.919749,24.317880,96.876536,95.024906,48.705644,42.478458,41.825333,48.152186,48.020144,0.000000,,,,,,,1ad9db133c06c23e93fa12c0c36c7e82,
RA,aom,av2,0,A4,TouchdownPass_640x360_2997.y4m,640x360,30.00,8,640x360,135,401.260893,38.845385,46.371575,46.089172,13.140789,21.151468,94.374245,92.035531,43.940485,40.189064,38.775911,46.351770,46.055569,0.000001,,,,,,,4e6efaceb322418609fb13f58d6f134d,
RA,aom,av2,0,A4,TouchdownPass_640x360_2997.y4m,640x360,30.00,8,640x360,160,165.192961,35.160864,44.434632,43.886069,9.366099,16.356911,87.658763,85.114055,37.675829,37.172124,35.101215,44.411562,43.843203,0.000305,,,,,,,7fbfe9de0541ce620940bbd1f7fa0518,
RA,aom,av2,0,A4,TouchdownPass_640x360_2997.y4m,640x360,30.00,8,640x360,185,65.100438,32.050457,42.576307,41.351420,6.772423,11.956641,73.884066,71.406941,32.036147,34.608408,31.997760,42.561409,41.324474,0.029476,,,,,,,d81046ed9a4a065e4bba1170e2795430,
RA,aom,av2,0,A4,TouchdownPass_640x360_2997.y4m,640x360,30.00,8,640x360,210,26.506417,29.560916,40.693812,38.917909,5.747702,9.389372,53.327033,51.607741,28.245402,32.701780,29.512952,40.675941,38.905731,0.958087,,,,,,,084c6c8b33f29e839372cfa591be7a8c,
RA,aom,av2,0,A4,TouchdownPass_640x360_2997.y4m,640x360,30.00,8,640x360,235,10.835319,27.140541,38.884115,36.869347,5.166347,8.192368,34.693395,33.569890,24.935017,31.079012,27.096195,38.878680,36.862857,0.981788,,,,,,,c5b23ca8869c5b8f0fdbd81d1e3a9cf0,
RA,aom,av2,0,A5,FourPeople_480x270_60.y4m,480x270,60.00,8,480x270,110,622.563692,44.417605,47.564550,48.712530,20.568364,29.221129,97.098820,95.853941,48.677385,43.524608,44.360109,47.550329,48.695652,1.850766,,,,,,,28445caef565e62b894805cd010146cf,
RA,aom,av2,0,A5,FourPeople_480x270_60.y4m,480x270,60.00,8,480x270,135,330.313846,41.221524,45.373260,46.355439,18.389654,26.530843,95.567432,94.058061,45.149313,41.332272,41.162876,45.362545,46.337163,2.029630,,,,,,,2722f0c42ad85a7dfd04f05812788294,
RA,aom,av2,0,A5,FourPeople_480x270_60.y4m,480x270,60.00,8,480x270,160,169.366154,37.373826,42.811851,43.589284,15.469723,22.879118,91.811673,89.874984,39.984786,38.586977,37.326316,42.802944,43.577842,1.853386,,,,,,,264056e464f4b530f9e93e13bc845321,
RA,aom,av2,0,A5,FourPeople_480x270_60.y4m,480x270,60.00,8,480x270,185,84.498462,33.346200,40.091646,40.614805,12.191385,18.804787,84.109426,81.720522,34.401561,35.504250,33.316916,40.083176,40.601998,1.972027,,,,,,,7a85b85879bb5d9d843a0e72150cca82,
RA,aom,av2,0,A5,FourPeople_480x270_60.y4m,480x270,60.00,8,480x270,210,37.916308,29.239979,36.467494,37.381194,8.866720,14.364651,69.019638,66.236425,28.722868,31.978429,29.225957,36.464285,37.372942,1.931837,,,,,,,5b6af978de6171cc33f59a5b8d80c1b2,
RA,aom,av2,0,A5,FourPeople_480x270_60.y4m,480x270,60.00,8,480x270,235,16.711385,25.599002,34.392270,34.907701,6.188940,10.465797,46.967602,44.421215,23.767257,28.909382,25.590522,34.390596,34.903917,1.674532,,,,,,,c80a52e31946b23543fb4065481e8d58,
RA,aom,av2,0,A5,ParkJoy_480x270_50.y4m,480x270,50.00,8,480x270,110,4355.393846,38.501113,41.608291,43.775434,16.886905,25.339452,99.320757,98.287482,46.545673,38.978735,38.203016,41.459103,43.689413,0.573435,,,,,,,ff6312ef02215c643dd5b5af35523f28,
RA,aom,av2,0,A5,ParkJoy_480x270_50.y4m,480x270,50.00,8,480x270,135,1901.387692,33.934050,38.386235,41.225620,13.140918,21.176503,95.831037,93.841930,40.773347,35.397165,33.662387,38.289748,41.144796,0.952042,,,,,,,4bd3a42373287bcbbecaf6f58979904a,
RA,aom,av2,0,A5,ParkJoy_480x270_50.y4m,480x270,50.00,8,480x270,160,760.529231,29.858114,35.643060,39.347270,9.450097,16.715600,86.216011,83.948942,34.428142,32.161018,29.642474,35.564631,39.284404,1.366102,,,,,,,f2d69bafb14a32822c8fddc0ce160fbd,
RA,aom,av2,0,A5,ParkJoy_480x270_50.y4m,480x270,50.00,8,480x270,185,280.735385,26.525020,33.856218,37.916704,6.462738,12.615811,69.200770,67.025587,28.870369,29.417145,26.385943,33.786726,37.869335,1.316949,,,,,,,649b47ef3e31f37d6a48e77dae4b0879,
RA,aom,av2,0,A5,ParkJoy_480x270_50.y4m,480x270,50.00,8,480x270,210,76.821538,23.699571,32.232932,36.790780,4.192853,8.922921,43.196074,41.714915,24.093189,26.920954,23.598423,32.179780,36.762762,1.623560,,,,,,,8ce20803ba9584f69d808122fccdb9a9,
RA,aom,av2,0,A5,ParkJoy_480x270_50.y4m,480x270,50.00,8,480x270,235,19.350769,21.738423,30.705152,35.474243,2.910210,6.087134,19.470356,18.877548,20.446888,25.034555,21.668130,30.659126,35.434125,1.910295,,,,,,,10763a80298603afdc94e160f0647e30,
RA,aom,av2,0,A5,SparksElevator_480x270p_5994_10bit.y4m,480x270,60.00,10,480x270,110,2134.555906,40.691109,49.774613,47.508455,17.199084,24.187589,96.099119,94.302908,47.119030,42.213652,40.550262,49.734822,47.462689,0.097083,,,,,,,464297c4781126b1e3174e265b01802b,
RA,aom,av2,0,A5,SparksElevator_480x270p_5994_10bit.y4m,480x270,60.00,10,480x270,135,873.826481,36.896302,47.749010,45.133003,13.822766,20.306784,91.657192,89.508497,41.459440,39.342293,36.735944,47.720792,45.101970,0.149029,,,,,,,fe341bb73999ab5f2547e0ef39e34143,
RA,aom,av2,0,A5,SparksElevator_480x270p_5994_10bit.y4m,480x270,60.00,10,480x270,160,323.491893,33.546230,45.528605,42.700817,10.592851,16.444510,83.069885,80.654773,36.121589,36.544960,33.424631,45.497594,42.674750,0.178817,,,,,,,88285b4f226f217371ea8cf85658a17d,
RA,aom,av2,0,A5,SparksElevator_480x270p_5994_10bit.y4m,480x270,60.00,10,480x270,185,117.626374,30.652181,43.302063,40.347431,8.227432,13.138981,69.083988,66.432352,31.579473,34.027260,30.558331,43.276691,40.328811,0.196130,,,,,,,d1703d029a7f8d1e3af1465ad17a0b65,
RA,aom,av2,0,A5,SparksElevator_480x270p_5994_10bit.y4m,480x270,60.00,10,480x270,210,42.773227,28.017550,41.231361,37.985594,6.316828,10.372055,49.320578,47.137580,27.843404,31.609419,27.953189,41.207404,37.974304,0.224679,,,,,,,4fec1448cb651cb1514b11e574aa06c1,
RA,aom,av2,0,A5,SparksElevator_480x270p_5994_10bit.y4m,480x270,60.00,10,480x270,235,13.504034,25.371484,39.801093,35.434995,4.259197,7.641004,25.013196,23.693521,24.307974,28.981308,25.329148,39.792788,35.413095,0.204252,,,,,,,4e00dac242da2e5be7ee1311e0799e0c,
RA,aom,av2,0,A5,Vertical_Bayshore_270x480_2997.y4m,270x480,30.00,8,270x480,110,652.374702,41.814400,51.731838,51.457325,16.876809,24.061872,98.080784,96.691062,44.829723,44.455163,41.607195,51.590090,51.349798,0.357043,,,,,,,70a2e3d9fb23a1898f34ea1fa5005457,
RA,aom,av2,0,A5,Vertical_Bayshore_270x480_2997.y4m,270x480,30.00,8,270x480,135,287.090755,38.674725,49.971166,49.867772,14.065185,20.907814,95.707531,93.384939,41.037519,41.855267,38.509893,49.791897,49.766190,0.394427,,,,,,,87685fddd7f308e8d0d8e545fb2bbf66,
RA,aom,av2,0,A5,Vertical_Bayshore_270x480_2997.y4m,270x480,30.00,8,270x480,160,119.313917,35.405363,47.917376,47.755540,11.032729,17.108891,89.130841,86.444173,36.352089,39.004856,35.276521,47.690490,47.611080,0.495529,,,,,,,28930fc5df886e12b395aefc876f24e9,
RA,aom,av2,0,A5,Vertical_Bayshore_270x480_2997.y4m,270x480,30.00,8,270x480,185,40.823792,32.504196,46.093844,45.524520,8.503394,13.199080,75.894007,73.160009,31.859859,36.441837,32.424927,45.795527,45.358697,0.515192,,,,,,,bc0afcf19e8924b6d39deb644325298c,
RA,aom,av2,0,A5,Vertical_Bayshore_270x480_2997.y4m,270x480,30.00,8,270x480,210,14.155076,30.370227,43.839283,43.133337,7.359908,10.963474,58.441846,55.497164,28.670197,34.314110,30.315867,43.622341,43.067741,0.814951,,,,,,,f9a4333aaa31a2d7601d11b6c8fccafe,
RA,aom,av2,0,A5,Vertical_Bayshore_270x480_2997.y4m,270x480,30.00,8,270x480,235,6.803658,28.305461,40.308909,40.535045,6.572467,9.334102,39.214232,36.206795,25.860936,32.020910,28.160697,40.143893,40.495962,0.607743,,,,,,,7c8df68e54d11b7bf195e1d8e9fb6a72,
RA,aom,av2,0,B1,CosmosTreeTrunk_sdr_2048x858_25_8bit.y4m,2048x858,24.00,8,2048x858,110,12194.165169,39.687942,45.964170,48.264772,12.981490,21.282615,99.342483,98.141256,44.145828,42.874862,39.554788,45.877378,48.194905,0.364191,,,,,,,2eee165297e8c7def0c268d4b17fde50,
RA,aom,av2,0,B1,CosmosTreeTrunk_sdr_2048x858_25_8bit.y4m,2048x858,24.00,8,2048x858,135,5166.631385,37.081014,43.908186,46.570149,11.502336,18.830624,93.790312,91.675168,39.679200,40.728084,36.977233,43.837100,46.497069,0.582501,,,,,,,9ebaf8f3074a6bfe1635740047d2b23d,
RA,aom,av2,0,B1,CosmosTreeTrunk_sdr_2048x858_25_8bit.y4m,2048x858,24.00,8,2048x858,160,1856.914708,34.099980,42.133932,44.814492,9.787671,15.768300,79.962502,77.703179,34.460484,38.330838,33.978311,42.068862,44.736635,0.613877,,,,,,,f6ee22b10bec509c33b088be36e7cde5,
RA,aom,av2,0,B1,CosmosTreeTrunk_sdr_2048x858_25_8bit.y4m,2048x858,24.00,8,2048x858,185,596.021169,31.327074,40.494214,43.153186,7.987158,12.528739,59.296305,57.376721,29.861388,35.998163,31.220857,40.429731,43.073529,0.646431,,,,,,,3633604c14ae51e3fe74b4dc47f945aa,
RA,aom,av2,0,B1,CosmosTreeTrunk_sdr_2048x858_25_8bit.y4m,2048x858,24.00,8,2048x858,210,172.148677,29.025884,38.902871,41.471824,6.483558,9.637956,37.614065,36.256038,26.370292,33.814033,28.955740,38.853583,41.402845,0.650402,,,,,,,10b3f6575a7b782f4c5cd2d1f22a1aef,
RA,aom,av2,0,B1,CosmosTreeTrunk_sdr_2048x858_25_8bit.y4m,2048x858,24.00,8,2048x858,235,44.445046,27.224376,37.221232,40.013585,5.467058,7.413573,19.658011,19.010559,23.899042,31.781207,27.186634,37.185514,39.964275,0.765741,,,,,,,7998c77de48abeb067ff4dbfd6f36c64,
RA,aom,av2,0,B1,EuroTruckSimulator2_1920x1080p60_v2.y4m,1920x1080,60.00,8,1920x1080,110,64949.741538,38.113381,45.095574,46.720693,14.039010,22.125622,99.975972,99.969768,44.236172,39.954181,37.943955,45.047675,46.697747,0.013475,,,,,,,00ab266747bc21bc176aea09fe32573c,
RA,aom,av2,0,B1,EuroTruckSimulator2_1920x1080p60_v2.y4m,1920x1080,60.00,8,1920x1080,135,22187.645538,34.459544,43.008960,44.693847,11.187614,18.514830,97.903841,96.006574,38.426629,37.086894,34.315875,42.979613,44.680762,0.020142,,,,,,,7187f78ce7f9f6a2e1349fe3eadd64f9,
RA,aom,av2,0,B1,EuroTruckSimulator2_1920x1080p60_v2.y4m,1920x1080,60.00,8,1920x1080,160,6661.174154,31.545814,40.982086,42.808444,8.763040,15.144436,89.061223,86.765461,33.278084,34.641558,31.468257,40.957263,42.796730,0.039743,,,,,,,ac5964ee9d76d8655a207faa5e851553,
RA,aom,av2,0,B1,EuroTruckSimulator2_1920x1080p60_v2.y4m,1920x1080,60.00,8,1920x1080,185,1996.829538,29.179843,39.041210,40.897449,6.657878,12.020507,76.894611,74.400379,29.023140,32.400105,29.147359,39.018771,40.887741,0.086858,,,,,,,20a88dd41d642843ce4ba7d5961807b5,
RA,aom,av2,0,B1,EuroTruckSimulator2_1920x1080p60_v2.y4m,1920x1080,60.00,8,1920x1080,210,594.435692,27.048551,36.963332,38.794657,4.950483,9.137806,60.736806,58.386046,25.413456,30.215451,27.034706,36.951743,38.786278,0.093705,,,,,,,a3521da9fb86eb0d90dd2279495db5c4,
RA,aom,av2,0,B1,EuroTruckSimulator2_1920x1080p60_v2.y4m,1920x1080,60.00,8,1920x1080,235,168.129231,25.055017,34.650533,36.546901,3.844137,6.733920,43.935453,41.708101,22.382339,28.113344,25.046467,34.643857,36.538398,0.107449,,,,,,,a80769018b802f5642ccc37a52fe3960,
RA,aom,av2,0,B1,GlassHalf_1920x1080p_24p_8bit_420.y4m,1920x1080,24.00,8,1920x1080,110,4838.711631,48.559406,49.135234,49.456890,24.634119,32.285076,99.232319,98.199468,52.569863,51.241879,48.155929,48.550723,48.466742,2.176119,,,,,,,41bd4403cc303b8c3e1bd6c4f1d1d7ed,
RA,aom,av2,0,B1,GlassHalf_1920x1080p_24p_8bit_420.y4m,1920x1080,24.00,8,1920x1080,135,2651.672123,44.765593,45.387972,45.776466,22.322952,29.246618,98.116635,96.322233,48.468031,48.462697,44.184685,44.558413,44.429427,1.429026,,,,,,,cc92acf6a23c5bc0afcd45212f147cf9,
RA,aom,av2,0,B1,GlassHalf_1920x1080p_24p_8bit_420.y4m,1920x1080,24.00,8,1920x1080,160,1344.403200,40.671197,41.707220,42.144805,19.320409,25.432455,94.718679,92.076931,43.071400,45.546670,39.975416,40.574080,40.524998,1.226131,,,,,,,8b9039a8ee01c3b0db74de92888a253a,
RA,aom,av2,0,B1,GlassHalf_1920x1080p_24p_8bit_420.y4m,1920x1080,24.00,8,1920x1080,185,660.654277,36.532273,38.302186,38.705670,15.904153,20.952368,86.577973,83.259147,37.075450,42.221981,35.855174,37.096478,37.020198,1.295065,,,,,,,665905e17e97433b05329e07f287a629,
RA,aom,av2,0,B1,GlassHalf_1920x1080p_24p_8bit_420.y4m,1920x1080,24.00,8,1920x1080,210,295.996062,32.445615,34.901759,35.188752,12.413697,16.053488,69.579218,66.092414,31.066338,38.497899,31.864982,33.878346,33.524172,1.339632,,,,,,,429481bc4d585a45c5e1586b1febd931,
RA,aom,av2,0,B1,GlassHalf_1920x1080p_24p_8bit_420.y4m,1920x1080,24.00,8,1920x1080,235,114.395077,28.576777,31.495293,31.577082,9.431710,11.307521,43.941910,41.002040,25.753008,34.374959,28.186896,30.736885,30.114532,1.079540,,,,,,,9b2835e17c5048aadf2e57056a784349,
RA,aom,av2,0,B1,Life_1080p30_v2.y4m,1920x1080,30.00,8,1920x1080,110,7737.321231,42.833461,49.115172,48.745701,17.200304,25.639060,99.275896,97.840300,48.073649,45.621563,42.754925,49.081929,48.710313,0.253554,,,,,,,3b26a67c7e735c35964ae21735238259,
RA,aom,av2,0,B1,Life_1080p30_v2.y4m,1920x1080,30.00,8,1920x1080,135,3230.612308,39.617031,46.648467,46.463371,14.402031,22.331121,96.906577,95.109258,43.610849,42.767048,39.559456,46.613768,46.418058,0.237472,,,,,,,06630747ad75f5a7875be82f5051fd14,
RA,aom,av2,0,B1,Life_1080p30_v2.y4m,1920x1080,30.00,8,1920x1080,160,1315.787077,36.236391,44.030034,43.803699,11.091793,18.206532,91.944491,89.717768,38.435717,39.691041,36.198245,43.991798,43.758122,0.333698,,,,,,,b845c58ffaf0472558aa84357bc50027,
RA,aom,av2,0,B1,Life_1080p30_v2.y4m,1920x1080,30.00,8,1920x1080,185,534.996923,33.242050,41.214785,40.853110,8.373564,14.231030,81.405907,78.678921,33.475910,36.917181,33.208103,41.174372,40.811868,0.454939,,,,,,,253c5a38b6de8f5892e301a4f38f8448,
RA,aom,av2,0,B1,Life_1080p30_v2.y4m,1920x1080,30.00,8,1920x1080,210,246.659077,30.936112,38.300607,37.732177,7.537610,12.237264,65.534764,62.308855,29.559083,34.701654,30.878029,38.246091,37.695154,0.330747,,,,,,,ee001ae1890573ee6e13d902c2a6e9ee,
RA,aom,av2,0,B1,Life_1080p30_v2.y4m,1920x1080,30.00,8,1920x1080,235,107.115692,28.152526,35.011273,34.484362,6.666459,10.050141,46.091168,42.738465,25.454010,31.994995,28.076442,34.956870,34.459377,0.315530,,,,,,,546ab7e5235fbf25949257e5a016b149,
RA,aom,av2,0,B1,MINECRAFT_1080p_60_8bit.y4m,1920x1080,60.00,8,1920x1080,110,51787.170462,41.295018,45.635236,45.637856,16.531581,23.926470,99.871180,99.646007,46.035336,42.880014,40.922319,45.426603,45.435221,0.225237,,,,,,,a3b005bd7f0bfa581add9a15199cdaca,
RA,aom,av2,0,B1,MINECRAFT_1080p_60_8bit.y4m,1920x1080,60.00,8,1920x1080,135,22647.227077,36.466471,43.660175,43.488293,12.306520,19.284081,99.126612,98.347573,39.829731,39.532046,36.060002,43.499564,43.332817,0.214354,,,,,,,fb33a3a30d8b1ff8129438108129a086,
RA,aom,av2,0,B1,MINECRAFT_1080p_60_8bit.y4m,1920x1080,60.00,8,1920x1080,160,7662.369231,32.658534,41.632885,41.213514,9.081298,15.168881,91.037370,88.659567,34.227958,36.296093,32.336798,41.505820,41.090486,0.226862,,,,,,,310238f26f2b711e3a6ef21093095a86,
RA,aom,av2,0,B1,MINECRAFT_1080p_60_8bit.y4m,1920x1080,60.00,8,1920x1080,185,2592.424615,29.899409,39.515441,38.840651,6.888427,11.653180,72.942715,70.603443,29.798404,33.559618,29.677329,39.408259,38.735501,0.225524,,,,,,,aa7b93bc1685ea5719dac2b79a3d7039,
RA,aom,av2,0,B1,MINECRAFT_1080p_60_8bit.y4m,1920x1080,60.00,8,1920x1080,210,722.813538,27.528409,37.244666,36.684346,5.315734,8.481690,50.808095,49.044819,26.107625,31.017375,27.351166,37.160829,36.613004,0.264498,,,,,,,598ab4b5c9d24e378ba847f1e7313dfd,
RA,aom,av2,0,B1,MINECRAFT_1080p_60_8bit.y4m,1920x1080,60.00,8,1920x1080,235,216.428308,25.670175,35.049467,34.558335,4.427019,6.034082,35.299084,34.112752,23.289175,28.760837,25.540163,35.001016,34.511533,0.343266,,,,,,,fb97d203857680b4e70eb4dd7191b065,
RA,aom,av2,0,B1,Sniper_1920x1080P_30fps_8bit.y4m,1920x1080,30.00,8,1920x1080,110,49432.753846,39.632910,45.795739,46.490251,15.358910,22.122955,99.731059,99.613151,43.801264,40.894626,39.114252,45.444893,46.171948,0.117223,,,,,,,6b329018afb595948e871ad6bfc85ffb,
RA,aom,av2,0,B1,Sniper_1920x1080P_30fps_8bit.y4m,1920x1080,30.00,8,1920x1080,135,25419.282462,35.248130,43.803127,44.579702,11.802535,17.811728,97.525985,96.168414,38.123166,37.795025,34.602594,43.478020,44.302502,0.122223,,,,,,,435e195d6f1cbd63320ba8f56e0995d7,
RA,aom,av2,0,B1,Sniper_1920x1080P_30fps_8bit.y4m,1920x1080,30.00,8,1920x1080,160,10505.970462,30.889708,41.963784,42.771467,8.668712,13.607198,83.820418,81.743107,32.508297,34.644314,30.110084,41.664382,42.537567,0.186242,,,,,,,b5937a504a03229fdc7f623a0a30923d,
RA,aom,av2,0,B1,Sniper_1920x1080P_30fps_8bit.y4m,1920x1080,30.00,8,1920x1080,185,2859.601846,27.214641,40.187024,40.977432,6.328875,10.179574,61.695873,59.816341,27.832232,31.805658,26.422755,39.881359,40.749923,0.357296,,,,,,,cbb12e3ba9a0b338c2c4a9a7afffd24b,
RA,aom,av2,0,B1,Sniper_1920x1080P_30fps_8bit.y4m,1920x1080,30.00,8,1920x1080,210,644.798769,25.121316,38.479671,39.119727,4.988076,7.741697,40.560531,39.187239,24.572532,29.751469,24.446442,38.205193,38.911336,0.634877,,,,,,,f4463c065bf6832264b61757ca984d4b,
RA,aom,av2,0,B1,Sniper_1920x1080P_30fps_8bit.y4m,1920x1080,30.00,8,1920x1080,235,133.633846,23.637174,36.720253,37.145299,4.201039,5.909151,24.152171,23.177830,22.063974,28.021992,23.091126,36.512845,36.979485,0.747304,,,,,,,34a0eb4d91c3e230c26c166de186faf4,
RA,aom,av2,0,B1,SolLevanteDragons_sdr_1920x1080_24_10bit.y4m,1920x1080,24.00,10,1920x1080,110,5884.591754,42.116037,46.529633,46.372364,13.260431,19.893005,98.745719,97.843527,42.709518,45.112700,41.809733,46.406143,46.048114,0.236122,,,,,,,29911daf5791eb43c9695efd5ec1d2ce,
RA,aom,av2,0,B1,SolLevanteDragons_sdr_1920x1080_24_10bit.y4m,1920x1080,24.00,10,1920x1080,135,2430.720000,40.587260,44.524810,44.161374,12.335180,17.783647,90.341039,88.614846,39.373904,43.551783,40.242749,44.365575,43.780558,0.299602,,,,,,,cb6e76d464fb8af14119400e9b7b30aa,
RA,aom,av2,0,B1,SolLevanteDragons_sdr_1920x1080_24_10bit.y4m,1920x1080,24.00,10,1920x1080,160,1034.596431,38.733350,42.048691,41.578040,11.626788,15.495065,71.157246,69.469623,35.979172,41.647459,38.345382,41.856084,41.163503,0.312325,,,,,,,3054d784623a8e13d0cfde8574f62561,
RA,aom,av2,0,B1,SolLevanteDragons_sdr_1920x1080_24_10bit.y4m,1920x1080,24.00,10,1920x1080,185,441.664985,36.499214,39.438604,38.895041,11.049431,13.231949,45.435459,44.184090,32.827427,39.375478,36.102242,39.251478,38.515351,0.343325,,,,,,,b0d87cdfa8bf7e47f576286118ca10ac,
RA,aom,av2,0,B1,SolLevanteDragons_sdr_1920x1080_24_10bit.y4m,1920x1080,24.00,10,1920x1080,210,188.685785,34.006389,36.839515,36.155204,10.574868,11.166410,24.634856,23.963886,29.926189,36.778789,33.659307,36.680473,35.836345,0.376390,,,,,,,9146154036ed27c71207520fedb1296e,
RA,aom,av2,0,B1,SolLevanteDragons_sdr_1920x1080_24_10bit.y4m,1920x1080,24.00,10,1920x1080,235,80.369723,31.280954,34.159334,33.417542,10.125985,9.294616,14.047337,13.841266,27.091361,33.926416,31.002004,34.016171,33.140213,0.421757,,,,,,,e263091894100ac14e63ae1be9444284,
RA,aom,av2,0,B1,SolLevanteFace_sdr_1920x1080_24_10bit.y4m,1920x1080,24.00,10,1920x1080,110,11261.507446,43.949263,46.771634,44.680685,17.743598,23.007849,94.913544,93.074030,44.985566,45.485672,43.698619,46.308731,44.169197,0.016821,,,,,,,f10eaa5d8f78004893bd5a18bfc65787,
RA,aom,av2,0,B1,SolLevanteFace_sdr_1920x1080_24_10bit.y4m,1920x1080,24.00,10,1920x1080,135,5385.945600,40.355520,45.551925,42.969631,14.606858,19.123668,87.394344,84.917047,40.180191,43.342428,39.924846,44.706238,41.897066,0.019102,,,,,,,1f37ad7fc8216c1d67559204f0173524,
RA,aom,av2,0,B1,SolLevanteFace_sdr_1920x1080_24_10bit.y4m,1920x1080,24.00,10,1920x1080,160,2178.711138,36.556132,44.032255,41.060287,11.329977,14.882532,69.305327,66.885360,35.114062,40.756825,35.947817,42.559111,39.634382,0.017387,,,,,,,47b0c7c1d453216a5bbe64c47352a00b,
RA,aom,av2,0,B1,SolLevanteFace_sdr_1920x1080_24_10bit.y4m,1920x1080,24.00,10,1920x1080,185,713.129354,33.269493,42.368345,39.192694,8.695487,11.089677,44.077336,42.453839,30.774943,38.212255,32.498376,40.033488,37.644212,0.013044,,,,,,,b5f6b215b1a6bce16d04c8c88f2f3d83,
RA,aom,av2,0,B1,SolLevanteFace_sdr_1920x1080_24_10bit.y4m,1920x1080,24.00,10,1920x1080,210,177.740308,30.896360,40.800161,37.552753,7.180043,8.347989,20.208982,19.649321,27.728298,36.079061,29.941115,37.742680,35.988120,0.011808,,,,,,,5d7b3456b2155354bb47acfb54ec0bc9,
RA,aom,av2,0,B1,SolLevanteFace_sdr_1920x1080_24_10bit.y4m,1920x1080,24.00,10,1920x1080,235,36.652800,29.409519,39.437728,36.138408,6.664606,6.833731,5.406943,5.350325,25.937241,34.470186,28.262365,35.995937,34.663350,0.016049,,,,,,,9c5671d10a34e115cedf794a72c7a707,
RA,aom,av2,0,B1,STARCRAFT_1080p60.y4m,1920x1080,60.00,8,1920x1080,110,8244.361846,45.360586,51.097558,52.150664,19.807161,27.140465,97.399984,96.497157,50.587648,46.542096,45.146737,50.983184,52.110311,0.397383,,,,,,,0f7406e8fb63909d93a0045255455c65,
RA,aom,av2,0,B1,STARCRAFT_1080p60.y4m,1920x1080,60.00,8,1920x1080,135,3833.741538,41.704038,48.328715,49.502197,16.956771,23.598545,95.948441,94.520651,45.576182,44.077696,41.546835,48.270193,49.476318,0.532895,,,,,,,57fdfeb244941ee688c6dc72cdb6c2e3,
RA,aom,av2,0,B1,STARCRAFT_1080p60.y4m,1920x1080,60.00,8,1920x1080,160,1598.832000,37.947043,45.390327,46.581843,13.977257,19.777968,91.649507,89.615486,40.278107,41.264315,37.863521,45.362628,46.562391,0.682305,,,,,,,015fe8e211092d11ed7fb7be01740d23,
RA,aom,av2,0,B1,STARCRAFT_1080p60.y4m,1920x1080,60.00,8,1920x1080,185,630.568615,34.480561,42.408773,43.473870,11.287068,16.082126,81.985465,79.451510,35.248699,38.282765,34.447995,42.397477,43.467174,0.987836,,,,,,,ca81aeab7e9b32814800b9e10120b68a,
RA,aom,av2,0,B1,STARCRAFT_1080p60.y4m,1920x1080,60.00,8,1920x1080,210,241.702154,31.286953,39.314024,40.363347,8.986406,12.683751,65.628216,63.012717,30.683427,35.292242,31.274259,39.308476,40.359194,1.242800,,,,,,,13e4221989a0f5ee83243b5e22127669,
RA,aom,av2,0,B1,STARCRAFT_1080p60.y4m,1920x1080,60.00,8,1920x1080,235,92.780308,28.286711,36.398276,37.165840,7.226488,9.645239,45.059144,42.760389,26.558667,32.390852,28.278282,36.393539,37.157841,1.289835,,,,,,,367ecfe41e0d3feb85d09f62c29587eb,
RA,aom,av2,0,B1,WITCHER3_1920x1080_60_8bit_420.y4m,1920x1080,60.00,8,1920x1080,110,25328.152615,41.323769,48.858661,48.236451,13.730445,19.732528,97.221542,95.479434,42.886011,42.403223,40.816249,48.672765,48.078481,0.239637,,,,,,,629d6e70cc08b339ecd500503af397aa,
RA,aom,av2,0,B1,WITCHER3_1920x1080_60_8bit_420.y4m,1920x1080,60.00,8,1920x1080,135,8324.359385,38.279515,47.421978,46.352227,11.201888,16.252492,90.102816,88.012076,38.414626,40.148185,37.763196,47.279534,46.228755,0.427429,,,,,,,b8275aa5a4d461b2d071d80260e0f29c,
RA,aom,av2,0,B1,WITCHER3_1920x1080_60_8bit_420.y4m,1920x1080,60.00,8,1920x1080,160,2400.166154,35.790482,45.981455,44.398705,9.328089,13.225647,77.110724,75.109200,34.639290,38.079599,35.410515,45.877037,44.302108,0.834166,,,,,,,17391db89f26b9db1fe51398cdb8bba9,
RA,aom,av2,0,B1,WITCHER3_1920x1080_60_8bit_420.y4m,1920x1080,60.00,8,1920x1080,185,681.888000,33.795883,44.499561,42.597185,8.128477,10.782882,61.070007,59.272677,31.716177,36.312754,33.574967,44.408320,42.519817,1.442759,,,,,,,249d6815e6bbccb49b6283700c2c1af9,
RA,aom,av2,0,B1,WITCHER3_1920x1080_60_8bit_420.y4m,1920x1080,60.00,8,1920x1080,210,204.590769,32.109276,42.978661,40.964405,7.507226,9.040102,46.530447,44.939350,29.543272,34.839979,32.001762,42.914086,40.879571,2.427101,,,,,,,a0f5cc2b189d761130498a8c5e1254f5,
RA,aom,av2,0,B1,WITCHER3_1920x1080_60_8bit_420.y4m,1920x1080,60.00,8,1920x1080,235,68.599385,30.289966,41.322889,39.024239,7.114707,7.848750,32.678274,31.594787,27.545866,33.368999,30.243021,41.262550,38.925993,3.293186,,,,,,,e4a7b29a1fe1ab6611dd699371d5af45,
RA,aom,av2,0,B2,BigBuckBunnyStudio1_1920x1080_60fps_10bit_420_020_0149.y4m,1920x1080,60.00,10,1920x1080,110,2209.462154,51.809389,54.762962,54.424056,25.809528,31.959375,96.704983,95.766214,53.454418,53.561876,51.771890,54.732764,54.393156,0.122101,,,,,,,88ea7c93b2e4ab8d4a62acaba75fe21b,
RA,aom,av2,0,B2,BigBuckBunnyStudio1_1920x1080_60fps_10bit_420_020_0149.y4m,1920x1080,60.00,10,1920x1080,135,1291.443692,47.827684,51.039990,50.684282,22.847441,28.080234,95.438923,94.085215,48.212457,49.857985,47.787114,51.016808,50.662322,0.099788,,,,,,,9c8f6610096111993918910a163dbea9,
RA,aom,av2,0,B2,BigBuckBunnyStudio1_1920x1080_60fps_10bit_420_020_0149.y4m,1920x1080,60.00,10,1920x1080,160,729.297231,43.333208,47.124205,46.676415,19.510680,23.948406,92.093801,90.238619,42.929837,45.405160,43.299552,47.100818,46.658153,0.175829,,,,,,,191121ee280aefd0f7c1f4f5ed4a76c6,
RA,aom,av2,0,B2,BigBuckBunnyStudio1_1920x1080_60fps_10bit_420_020_0149.y4m,1920x1080,60.00,10,1920x1080,185,399.998769,38.784811,43.364614,42.958648,16.162489,19.893321,84.540899,82.016045,37.900962,41.494889,38.762937,43.344998,42.943167,0.409672,,,,,,,24dc1446e6b1eca5d1e8d3b5cc8feac7,
RA,aom,av2,0,B2,BigBuckBunnyStudio1_1920x1080_60fps_10bit_420_020_0149.y4m,1920x1080,60.00,10,1920x1080,210,215.412923,34.253244,39.849527,39.328766,13.096881,16.104097,70.789785,67.692833,33.006729,37.371634,34.238746,39.835313,39.314416,0.502119,,,,,,,187a5c92afcedf9dd8e9df3d85b0ec2d,
RA,aom,av2,0,B2,BigBuckBunnyStudio1_1920x1080_60fps_10bit_420_020_0149.y4m,1920x1080,60.00,10,1920x1080,235,100.929231,29.777384,36.700576,35.912775,10.182770,12.300616,51.098811,47.290115,27.987148,33.443605,29.767542,36.691081,35.900508,0.648535,,,,,,,3790ebde2e2d4a696b327447a915504d,
RA,aom,av2,0,B2,Debugging_1920x1080_30fps_8bit_420.y4m,1920x1080,30.00,8,1920x1080,110,387.009231,57.780524,54.717487,55.703461,39.915717,46.034208,97.391409,96.815068,61.022654,57.899022,57.680576,54.671611,55.664739,0.032652,,,,,,,eadd93925ddf6632e6547259b5320858,
RA,aom,av2,0,B2,Debugging_1920x1080_30fps_8bit_420.y4m,1920x1080,30.00,8,1920x1080,135,263.715692,52.166446,51.223948,51.771649,34.327438,40.265916,96.967892,96.055675,57.342916,54.039773,52.102867,51.184542,51.742446,0.103140,,,,,,,b49204af49a7bf34cf4a4caf16a79a95,
RA,aom,av2,0,B2,Debugging_1920x1080_30fps_8bit_420.y4m,1920x1080,30.00,8,1920x1080,160,176.998154,46.398534,47.678640,47.756908,28.256351,33.903643,96.105721,94.545910,51.873180,50.142687,46.348738,47.629570,47.709741,0.402755,,,,,,,937c9595f07628019f383e9a9d97e295,
RA,aom,av2,0,B2,Debugging_1920x1080_30fps_8bit_420.y4m,1920x1080,30.00,8,1920x1080,185,122.112000,40.792469,44.515981,43.944820,22.798147,27.481659,93.214057,90.601565,44.638277,45.604177,40.746346,44.458537,43.898254,1.527638,,,,,,,c93d0b03ff34fcd955d421f9f159f201,
RA,aom,av2,0,B2,Debugging_1920x1080_30fps_8bit_420.y4m,1920x1080,30.00,8,1920x1080,210,84.075692,35.385510,40.756062,39.299406,17.385008,20.942230,84.517721,81.175160,36.703913,40.048830,35.358964,40.719266,39.273167,5.141675,,,,,,,928195b12bdbefa2ca890a033e2720bd,
RA,aom,av2,0,B2,Debugging_1920x1080_30fps_8bit_420.y4m,1920x1080,30.00,8,1920x1080,235,48.865846,29.806560,36.662318,34.542188,11.735996,13.790259,63.182292,60.125650,28.805660,35.391632,29.768591,36.637797,34.517934,6.159941,,,,,,,4d32357db938d75007f8463d58cc311b,
RA,aom,av2,0,B2,MissionControlClip1_1920x1080_60fps_10bit_420_0450_0579.y4m,1920x1080,60.00,10,1920x1080,110,4280.267077,48.994289,52.338420,53.031804,23.116097,30.314829,97.089131,96.350177,52.986939,49.734839,48.534363,51.953068,52.762426,0.490475,,,,,,,936fe93efd75486a168333b4fb9bc0ff,
RA,aom,av2,0,B2,MissionControlClip1_1920x1080_60fps_10bit_420_0450_0579.y4m,1920x1080,60.00,10,1920x1080,135,2306.636308,44.825117,48.408065,49.437586,19.903706,26.389180,96.194677,95.065154,47.830671,46.364482,44.349598,48.150711,49.281360,0.444283,,,,,,,b92223e35d2b78eb7982a8b484b36553,
RA,aom,av2,0,B2,MissionControlClip1_1920x1080_60fps_10bit_420_0450_0579.y4m,1920x1080,60.00,10,1920x1080,160,1138.711385,40.417671,44.684214,46.259691,16.608491,22.456276,93.783709,92.177377,42.677500,42.867445,40.010224,44.530864,46.157289,0.524843,,,,,,,34dc13df2ad6c5482c82a4078b8f7c79,
RA,aom,av2,0,B2,MissionControlClip1_1920x1080_60fps_10bit_420_0450_0579.y4m,1920x1080,60.00,10,1920x1080,185,570.468923,36.248057,41.786659,43.371290,14.193713,19.314195,88.605369,86.277032,37.994390,39.701215,36.042321,41.672508,43.307011,0.925197,,,,,,,5f200696eda7641c1533d4a955161151,
RA,aom,av2,0,B2,MissionControlClip1_1920x1080_60fps_10bit_420_0450_0579.y4m,1920x1080,60.00,10,1920x1080,210,282.816000,32.122910,38.914128,40.432580,12.102346,16.522531,78.453813,75.405918,33.102431,36.392920,32.066018,38.859258,40.404618,0.947107,,,,,,,880dd6c80bb7cb9bc9c7846a3ea015f8,
RA,aom,av2,0,B2,MissionControlClip1_1920x1080_60fps_10bit_420_0450_0579.y4m,1920x1080,60.00,10,1920x1080,235,135.504000,27.892571,35.579461,37.109815,9.740581,13.433306,60.807667,57.248732,27.664708,32.640754,27.862384,35.555553,37.076357,0.654137,,,,,,,39026081af793bca8756acec2fac4c52,
RA,aom,av2,0,B2,MobileDeviceScreenSharing.y4m,1078x2220,15.00,8,1078x2220,110,91.692000,60.800335,64.295565,66.530780,49.241104,56.439322,99.323400,99.256075,67.713012,75.144826,60.786729,62.639709,65.552097,0.002363,,,,,,,79fb8eec68b3382d667d6ec3fca82f75,
RA,aom,av2,0,B2,MobileDeviceScreenSharing.y4m,1078x2220,15.00,8,1078x2220,135,69.714462,54.566432,60.182645,62.701454,42.901429,49.852639,99.303755,99.172190,63.329120,68.543004,54.551133,58.780840,61.625577,0.004676,,,,,,,46a077c7cee325eed26256bae5d20c26,
RA,aom,av2,0,B2,MobileDeviceScreenSharing.y4m,1078x2220,15.00,8,1078x2220,160,52.556308,48.274097,57.522682,60.082086,36.614247,43.163737,99.187509,98.945002,57.620803,62.163952,48.259975,56.468589,59.199017,0.005529,,,,,,,74dd7faa2ca75f0309cd7d8812ccd4e7,
RA,aom,av2,0,B2,MobileDeviceScreenSharing.y4m,1078x2220,15.00,8,1078x2220,185,40.281231,42.515086,54.701428,57.197792,30.491335,36.313063,98.816492,98.417682,51.188273,56.690127,42.503181,53.936220,56.549541,0.003565,,,,,,,ed667abb5a519726ba95c7ad1a59b1cd,
RA,aom,av2,0,B2,MobileDeviceScreenSharing.y4m,1078x2220,15.00,8,1078x2220,210,29.368615,37.203843,50.602572,51.616691,24.860140,29.353880,97.874954,97.230963,42.586342,46.345425,37.178776,50.128943,51.469930,0.004050,,,,,,,4a51ee9d10426cea75a0fffe14b86781,
RA,aom,av2,0,B2,MobileDeviceScreenSharing.y4m,1078x2220,15.00,8,1078x2220,235,21.480000,32.354160,45.481389,48.189882,19.853489,22.729149,94.376522,92.249299,34.521954,41.477029,32.333807,44.565996,47.356939,0.002064,,,,,,,6f4585a8a269a365c3e3e9352b7872a4,
RA,aom,av2,0,B2,SceneComposition_2.y4m,1920x1080,15.00,8,1920x1080,110,226.916308,54.883438,59.510627,58.721698,31.208007,38.543625,97.348287,96.709941,57.867943,64.766155,54.790214,59.399715,58.433719,0.127827,,,,,,,c726722035effbd9045ed357f66cb923,
RA,aom,av2,0,B2,SceneComposition_2.y4m,1920x1080,15.00,8,1920x1080,135,128.016000,50.989383,56.628538,55.614207,28.986449,35.632870,96.954325,95.884963,54.241974,60.152689,50.948437,56.488010,55.228610,0.135701,,,,,,,81ff7bb2e36489caa2a721674119ca55,
RA,aom,av2,0,B2,SceneComposition_2.y4m,1920x1080,15.00,8,1920x1080,160,76.577538,46.342210,53.032699,52.265828,26.036170,31.781734,95.798198,94.178536,49.469117,55.187414,46.323862,52.905936,51.961196,0.122640,,,,,,,a51624f2729f823d43dd9e669e9ec01a,
RA,aom,av2,0,B2,SceneComposition_2.y4m,1920x1080,15.00,8,1920x1080,185,47.445231,41.185760,48.720084,48.085743,22.533523,27.348973,92.668289,90.228492,44.090466,49.254319,41.179214,48.662833,47.903253,0.093294,,,,,,,95add1a11553d18259d76f8282d63152,
RA,aom,av2,0,B2,SceneComposition_2.y4m,1920x1080,15.00,8,1920x1080,210,29.427692,36.091252,44.286169,44.315419,18.339473,22.559849,84.682770,81.737071,37.909721,43.352629,36.087518,44.266591,44.197414,0.070786,,,,,,,f7150a06582ae2c38c46f874c99598b2,
RA,aom,av2,0,B2,SceneComposition_2.y4m,1920x1080,15.00,8,1920x1080,235,18.071077,30.680083,40.062194,39.791089,14.034719,16.823140,67.254453,63.221035,31.181048,37.742931,30.677222,40.056671,39.765927,0.078003,,,,,,,79226fc51e2d15930392116d1156fb32,
RA,aom,av2,0,B2,Slides1_1920x1080_30fps_8bit_420.y4m,1920x1080,30.00,8,1920x1080,110,782.658462,56.263192,57.409957,57.412989,38.256294,43.512300,98.339184,97.653723,59.505928,66.125153,55.810956,55.025780,55.550636,0.004497,,,,,,,91ce60f506a0d30336f5e8999abc19ba,
RA,aom,av2,0,B2,Slides1_1920x1080_30fps_8bit_420.y4m,1920x1080,30.00,8,1920x1080,135,461.981538,51.932299,54.184659,54.080355,34.269616,39.081300,97.872649,96.819474,55.289122,61.397730,51.381232,51.352549,52.085742,0.009953,,,,,,,4bc14d2afbfa654033c800a01e7cd2c7,
RA,aom,av2,0,B2,Slides1_1920x1080_30fps_8bit_420.y4m,1920x1080,30.00,8,1920x1080,160,265.733538,47.013112,50.399837,50.103421,29.642412,33.999766,96.517928,94.955302,50.145062,56.204751,46.279083,47.479410,48.291225,0.014676,,,,,,,6954659d31dd2d41d23d8e716a551dc6,
RA,aom,av2,0,B2,Slides1_1920x1080_30fps_8bit_420.y4m,1920x1080,30.00,8,1920x1080,185,154.918154,42.127663,47.289177,46.349252,25.058052,28.712495,93.156672,90.927859,44.223309,51.043911,41.207891,43.520389,44.374896,0.028692,,,,,,,5f1884ca8add9ad0c91b3371697c8029,
RA,aom,av2,0,B2,Slides1_1920x1080_30fps_8bit_420.y4m,1920x1080,30.00,8,1920x1080,210,89.455385,37.185147,44.071574,43.071355,20.351244,23.027720,85.128243,81.989664,37.572971,46.482961,36.005891,39.519218,40.634777,0.011177,,,,,,,ffecfd553285118795579dd29bce2fbc,
RA,aom,av2,0,B2,Slides1_1920x1080_30fps_8bit_420.y4m,1920x1080,30.00,8,1920x1080,235,53.665846,32.609119,40.399173,39.984664,15.976901,17.566488,69.405315,65.293108,31.310777,41.183260,31.133127,35.335374,36.898717,0.026555,,,,,,,1ed91a5587ac4e6720cc04d3ebdc16bd,
RA,aom,av2,0,B2,Slides2r_1920x1080_30fps_8bit_420.y4m,1920x1080,30.00,8,1920x1080,110,1481.438769,54.174927,57.046413,57.066080,31.744137,37.986038,98.259397,97.807891,57.504076,64.422345,51.285095,52.164725,52.551221,0.000879,,,,,,,49f8e43eb2af140a4ef600fccf9320bf,
RA,aom,av2,0,B2,Slides2r_1920x1080_30fps_8bit_420.y4m,1920x1080,30.00,8,1920x1080,135,810.419077,49.924073,52.924062,53.039290,28.270668,33.761565,97.706724,96.968356,52.859310,60.016943,47.444341,48.439114,48.907120,0.001715,,,,,,,4b6527e7fdf9d2b48ef239007670b64e,
RA,aom,av2,0,B2,Slides2r_1920x1080_30fps_8bit_420.y4m,1920x1080,30.00,8,1920x1080,160,432.097846,45.339745,48.765011,49.030555,24.806180,29.536242,96.048935,94.836520,47.657678,55.008575,43.159279,44.480760,45.050384,0.005002,,,,,,,35c85e2225805dea39e975f1538becb1,
RA,aom,av2,0,B2,Slides2r_1920x1080_30fps_8bit_420.y4m,1920x1080,30.00,8,1920x1080,185,239.876308,40.897962,45.500169,45.997436,21.404499,25.207399,92.052075,90.351199,42.369487,50.766540,38.925922,41.118268,41.629436,0.016315,,,,,,,388e131d4f615cbb5fb1eebc1fde1c57,
RA,aom,av2,0,B2,Slides2r_1920x1080_30fps_8bit_420.y4m,1920x1080,30.00,8,1920x1080,210,127.800000,36.087108,43.296066,43.360798,17.976012,20.876694,83.195193,80.943092,36.615498,45.838596,34.315139,38.087400,38.362989,0.025620,,,,,,,70cb005c0d5ebe873306dd4aabe63bf8,
RA,aom,av2,0,B2,Slides2r_1920x1080_30fps_8bit_420.y4m,1920x1080,30.00,8,1920x1080,235,67.399385,31.206651,40.872570,40.633247,14.342787,16.245984,68.743098,65.690085,30.497785,40.782517,29.465958,35.293081,35.015365,0.020459,,,,,,,77b7daab1a34172fa8f65b7aad229197,
RA,aom,av2,0,B2,Spreadsheet_1920x1080_30fps_8bit_420_130f.y4m,1920x1080,30.00,8,1920x1080,110,1001.401846,52.309486,56.265424,56.083232,35.574977,42.401803,97.402968,96.645651,58.379138,59.399363,52.170333,56.048333,55.850621,0.054882,,,,,,,e414427f80dce29942d3817d66f0e152,
RA,aom,av2,0,B2,Spreadsheet_1920x1080_30fps_8bit_420_130f.y4m,1920x1080,30.00,8,1920x1080,135,562.380923,47.843068,53.113788,52.767885,31.087976,37.754938,96.957979,95.760358,54.314671,54.824816,47.730375,52.905747,52.586357,0.051920,,,,,,,9cb9011090d01bb89de365d4a53d7d07,
RA,aom,av2,0,B2,Spreadsheet_1920x1080_30fps_8bit_420_130f.y4m,1920x1080,30.00,8,1920x1080,160,311.220923,43.251552,49.360524,49.417723,26.702532,32.810129,95.775427,94.037536,49.308441,49.988703,43.163933,49.157663,49.277166,0.062014,,,,,,,9bd4f44a9b620fba5c58315a75dc9820,
RA,aom,av2,0,B2,Spreadsheet_1920x1080_30fps_8bit_420_130f.y4m,1920x1080,30.00,8,1920x1080,185,184.785231,38.593547,45.625061,45.866431,21.833858,27.210298,92.647397,90.272107,43.033217,45.068813,38.537758,45.487474,45.776189,0.053206,,,,,,,8af81afad0f802f4c66a2f60e8fb70c9,
RA,aom,av2,0,B2,Spreadsheet_1920x1080_30fps_8bit_420_130f.y4m,1920x1080,30.00,8,1920x1080,210,117.544615,33.912246,41.647114,42.758702,16.378198,21.265616,85.636936,82.456396,36.015518,39.894841,33.869510,41.557293,42.722124,0.050283,,,,,,,d2a2255de344fd329b186832cdea7085,
RA,aom,av2,0,B2,Spreadsheet_1920x1080_30fps_8bit_420_130f.y4m,1920x1080,30.00,8,1920x1080,235,76.211077,29.040151,37.219653,38.297197,11.374362,15.248078,68.781814,65.081297,28.825194,34.748064,28.998210,37.169740,38.270680,0.071792,,,,,,,c53a2372fda650f2652b579ba5439c17,
RA,aom,av2,0,B2,Wikipedia_1920x1080p30.y4m,1920x1080,30.00,8,1920x1080,110,470.436923,51.544705,54.314661,55.200631,22.904176,30.657704,98.659692,98.360769,50.386365,55.895280,51.540583,54.065369,55.059349,0.157537,,,,,,,b47263606403ad886a391e6ce1b90510,
RA,aom,av2,0,B2,Wikipedia_1920x1080p30.y4m,1920x1080,30.00,8,1920x1080,135,280.190769,48.974858,52.024857,53.117792,21.732960,28.868472,98.538164,98.018706,48.779885,53.197634,48.965895,51.582270,52.844933,0.919059,,,,,,,44e4530f7527b4370b7ad59604078ff2,
RA,aom,av2,0,B2,Wikipedia_1920x1080p30.y4m,1920x1080,30.00,8,1920x1080,160,194.058462,45.487983,49.054516,50.426266,20.986281,27.582138,97.998426,97.136325,47.045509,50.056609,45.468912,48.609236,50.083244,0.891497,,,,,,,63aa0cee805dde8457064206ff2714a4,
RA,aom,av2,0,B2,Wikipedia_1920x1080p30.y4m,1920x1080,30.00,8,1920x1080,185,138.812308,40.870183,46.182191,47.292865,19.508303,25.175153,96.346467,95.019038,43.607951,46.308457,40.840478,45.847287,47.026452,0.876065,,,,,,,afabb754b931b6b32ae01a695a036801,
RA,aom,av2,0,B2,Wikipedia_1920x1080p30.y4m,1920x1080,30.00,8,1920x1080,210,100.907077,35.796458,42.579057,43.747695,17.408124,21.614118,91.558995,87.989421,38.396486,41.348203,35.722533,42.385489,43.553703,0.910449,,,,,,,cb4901f38d40d659ee1381b946c6da29,
RA,aom,av2,0,B2,Wikipedia_1920x1080p30.y4m,1920x1080,30.00,8,1920x1080,235,70.039385,30.368971,38.610517,40.770223,14.411938,17.313643,73.794887,69.812642,31.600325,37.289454,30.280677,38.525708,40.659050,0.893587,,,,,,,59ac958de8baa518e66c5f92726c9cce,
RA,aom,av2,0,G1,MeridianRoad_3840x2160_5994_hdr10.y4m,3840x2160,60.00,10,3840x2160,110,14654.319219,42.654402,45.951234,54.875214,13.468809,19.179132,88.907225,86.995321,42.680425,40.491140,42.610886,45.947301,54.874305,0.092750,,,,,,,6cccd9c95bca14d283c5a6cf27232fd6,
RA,aom,av2,0,G1,MeridianRoad_3840x2160_5994_hdr10.y4m,3840x2160,60.00,10,3840x2160,135,3888.981173,41.828644,45.697343,54.432169,12.965708,17.913025,84.385106,82.242933,40.811448,40.031965,41.822592,45.697037,54.430514,0.131462,,,,,,,37763ddcd023090c6f31df0483aba1c2,
RA,aom,av2,0,G1,MeridianRoad_3840x2160_5994_hdr10.y4m,3840x2160,60.00,10,3840x2160,160,1424.127872,40.605630,45.332671,53.562064,12.316209,16.161397,75.934560,73.751330,38.455484,39.365353,40.598928,45.332063,53.559787,0.418647,,,,,,,6fda92bb8b3afe96792384f04d9f695f,
RA,aom,av2,0,G1,MeridianRoad_3840x2160_5994_hdr10.y4m,3840x2160,60.00,10,3840x2160,185,529.032813,38.894327,44.813856,52.481604,11.497189,13.991018,61.369013,59.545925,35.829118,38.386377,38.886605,44.812899,52.479228,0.733081,,,,,,,4f581a405bd0d4671120107da967c421,
RA,aom,av2,0,G1,MeridianRoad_3840x2160_5994_hdr10.y4m,3840x2160,60.00,10,3840x2160,210,188.289249,36.977865,44.009234,50.933059,10.745973,11.867125,42.633126,41.554309,33.406133,37.171315,36.971044,44.008948,50.929021,0.983190,,,,,,,1eb7b2d4b531106c5dc0e8a9ac50615c,
RA,aom,av2,0,G1,MeridianRoad_3840x2160_5994_hdr10.y4m,3840x2160,60.00,10,3840x2160,235,65.579959,34.971404,42.989977,49.588066,10.184754,9.986421,25.708633,25.233592,31.229952,35.812676,34.963917,42.988954,49.582729,1.301218,,,,,,,d5b0585c62be1c13179bd5ba5725c21c,
RA,aom,av2,0,G1,NocturneDance_3840x2160_60fps_hdr10.y4m,3840x2160,60.00,10,3840x2160,110,25722.852923,48.099220,48.405497,56.696017,21.101578,23.016349,92.529905,90.414964,44.945956,47.083642,48.035534,48.368006,56.684863,1.184281,,,,,,,d9775d32dda11574dae114161bd8607e,
RA,aom,av2,0,G1,NocturneDance_3840x2160_60fps_hdr10.y4m,3840x2160,60.00,10,3840x2160,135,12119.815385,44.983642,47.170587,55.665297,18.570264,19.956858,84.840131,82.363731,41.347920,45.341890,44.915919,47.148264,55.657708,1.289905,,,,,,,be8e1f29d6a6c77eadaf16dad3b9de9a,
RA,aom,av2,0,G1,NocturneDance_3840x2160_60fps_hdr10.y4m,3840x2160,60.00,10,3840x2160,160,5178.439385,41.420029,45.789766,54.518099,15.754928,16.387383,69.300790,66.891013,37.332902,43.214649,41.332156,45.768180,54.513328,1.318723,,,,,,,29a39721deca259e3b363623e7c75b2e,
RA,aom,av2,0,G1,NocturneDance_3840x2160_60fps_hdr10.y4m,3840x2160,60.00,10,3840x2160,185,1876.246154,37.917106,44.208325,53.096011,13.269828,12.846467,45.817649,44.179411,33.553416,40.853098,37.821197,44.188734,53.091476,1.424665,,,,,,,f26ad17e35024dc66cccf7b3855d9712,
RA,aom,av2,0,G1,NocturneDance_3840x2160_60fps_hdr10.y4m,3840x2160,60.00,10,3840x2160,210,482.436923,35.017485,42.669975,50.882261,11.664650,10.003963,22.387514,21.706638,30.606111,38.579310,34.949858,42.656810,50.872658,1.774507,,,,,,,fb3d522f1fac0e8c15d47eb3bc3b32a9,
RA,aom,av2,0,G1,NocturneDance_3840x2160_60fps_hdr10.y4m,3840x2160,60.00,10,3840x2160,235,100.279385,33.465948,41.405944,48.782291,11.107593,8.741484,9.574237,9.325397,29.142576,37.013285,33.449516,41.396288,48.775278,2.061483,,,,,,,8be811ea0d76c78ccecf88a91eb7f8c1,
RA,aom,av2,0,G1,NocturneRoom_3840x2160_60fps_hdr10.y4m,3840x2160,60.00,10,3840x2160,110,43722.985846,44.300892,45.193934,50.618754,15.727568,20.224133,88.251789,86.944160,43.062033,45.617752,44.135891,45.124781,50.476245,2.334239,,,,,,,215ed0628efebbf1787882c240bbb80f,
RA,aom,av2,0,G1,NocturneRoom_3840x2160_60fps_hdr10.y4m,3840x2160,60.00,10,3840x2160,135,10855.281231,41.573654,44.072393,50.113790,13.330335,16.749754,77.963765,76.621867,39.040218,44.165228,41.418908,44.034508,49.973061,2.209906,,,,,,,52a4160c8df6c9e5d490f0e641d38674,
RA,aom,av2,0,G1,NocturneRoom_3840x2160_60fps_hdr10.y4m,3840x2160,60.00,10,3840x2160,160,1260.756923,39.992894,43.500874,49.795010,12.237904,14.595778,66.540517,65.360309,36.757951,43.237729,39.856358,43.471161,49.648609,3.096094,,,,,,,a304049b3346fbd687419dec9a6549c5,
RA,aom,av2,0,G1,NocturneRoom_3840x2160_60fps_hdr10.y4m,3840x2160,60.00,10,3840x2160,185,224.211692,39.583995,43.136523,49.323710,12.079174,14.180103,61.686887,60.370852,36.220495,42.783893,39.458444,43.102954,49.171459,3.233413,,,,,,,dd7a28e1574291cac3c4e27efa0ea32f,
RA,aom,av2,0,G1,NocturneRoom_3840x2160_60fps_hdr10.y4m,3840x2160,60.00,10,3840x2160,210,70.984615,39.070009,42.542480,48.409877,11.952035,13.789569,54.836419,53.548388,35.584116,41.949858,38.926919,42.507489,48.284562,3.538995,,,,,,,fdaa1fb3b8799dd08504ee9807e8c5fe,
RA,aom,av2,0,G1,NocturneRoom_3840x2160_60fps_hdr10.y4m,3840x2160,60.00,10,3840x2160,235,33.249231,38.111434,41.648932,47.343184,11.770483,13.149615,43.196834,42.179864,34.490258,40.785301,37.942939,41.608842,47.204594,3.408171,,,,,,,a906cc80053e24498a4278232b7ca406,
RA,aom,av2,0,G1,SparksWelding_4096x2160_5994_hdr10.y4m,4096x2160,60.00,10,4096x2160,110,89736.558826,41.966254,45.931260,45.083582,14.318283,19.626105,98.633628,97.383083,42.182533,41.533155,41.873399,45.843398,45.010772,0.022625,,,,,,,74a116b8aee7ab3776054679bd24f99a,
RA,aom,av2,0,G1,SparksWelding_4096x2160_5994_hdr10.y4m,4096x2160,60.00,10,4096x2160,135,36645.191117,39.637808,44.763505,44.012834,12.794010,16.831128,92.305074,90.218033,38.346825,39.935103,39.552486,44.708836,43.979318,0.079277,,,,,,,efcffb8d9e1f366786ffce14dadc87c3,
RA,aom,av2,0,G1,SparksWelding_4096x2160_5994_hdr10.y4m,4096x2160,60.00,10,4096x2160,160,15927.394452,37.134811,43.594597,43.273431,11.368266,14.723773,78.510913,76.154217,34.903575,38.275873,37.004248,43.548203,43.245976,0.586057,,,,,,,e0465c7285d00955d62503e8b6e96f86,
RA,aom,av2,0,G1,SparksWelding_4096x2160_5994_hdr10.y4m,4096x2160,60.00,10,4096x2160,185,6779.460539,34.325969,42.121583,42.317832,9.852965,12.312339,58.317166,56.066912,31.245623,36.371553,34.119952,42.072099,42.286132,0.828483,,,,,,,fe3516ee0850247427deabc120e4771d,
RA,aom,av2,0,G1,SparksWelding_4096x2160_5994_hdr10.y4m,4096x2160,60.00,10,4096x2160,210,2552.089142,31.438037,40.624394,41.315530,8.509787,9.737469,34.778832,33.071270,27.768270,34.371890,31.158613,40.571006,41.274743,1.257158,,,,,,,13170b13797335eb0333d2afd36973d7,
RA,aom,av2,0,G1,SparksWelding_4096x2160_5994_hdr10.y4m,4096x2160,60.00,10,4096x2160,235,680.576039,28.742623,38.942033,40.092987,7.548963,7.383842,9.784875,9.043522,24.781153,32.268945,28.428614,38.867960,40.035124,1.230977,,,,,,,2ad1b17b7967c2cd101111d4eb0e0673,
RA,aom,av2,0,G2,CosmosCaterpillar_2048x858p24_hdr10.y4m,2048x858,24.00,10,2048x858,110,1335.246277,44.985901,51.518077,52.192855,16.368642,24.176865,95.485271,93.744997,46.908454,46.560619,44.858945,51.433260,52.092790,0.046639,,,,,,,36a6bb983e4b2d9f0cc8f4cb70c42762,
RA,aom,av2,0,G2,CosmosCaterpillar_2048x858p24_hdr10.y4m,2048x858,24.00,10,2048x858,135,558.046523,43.810211,48.973083,49.430983,15.833439,22.485453,91.712274,89.615904,43.755480,44.929883,43.715534,48.874996,49.317063,0.055937,,,,,,,3a7a299f0072df3fe7e394d02cf00798,
RA,aom,av2,0,G2,CosmosCaterpillar_2048x858p24_hdr10.y4m,2048x858,24.00,10,2048x858,160,259.078892,41.928886,45.931935,46.202341,15.048726,20.069330,83.823455,81.401761,39.972361,42.641584,41.841459,45.837684,46.089894,0.083913,,,,,,,526f0ab32151abaf184ce66611db8aa3,
RA,aom,av2,0,G2,CosmosCaterpillar_2048x858p24_hdr10.y4m,2048x858,24.00,10,2048x858,185,123.788308,39.361834,42.787346,42.960610,13.977304,17.185858,70.298093,67.665013,36.108866,39.908694,39.260203,42.702538,42.867884,0.149199,,,,,,,b8eaf13aef18ce5b86ac3fddbdd2858c,
RA,aom,av2,0,G2,CosmosCaterpillar_2048x858p24_hdr10.y4m,2048x858,24.00,10,2048x858,210,57.605908,36.294465,39.930886,39.749218,12.669081,14.088762,50.776302,48.423021,32.350830,36.970537,36.184341,39.868005,39.677097,0.221387,,,,,,,c8a3be1a1bd5a51a41dd56c92dc6c01d,
RA,aom,av2,0,G2,CosmosCaterpillar_2048x858p24_hdr10.y4m,2048x858,24.00,10,2048x858,235,24.946708,33.020274,37.334749,36.566114,11.387142,11.175862,27.298607,25.871157,28.800898,33.983017,32.926533,37.286059,36.528303,0.381825,,,,,,,dd578922d07eaa3b3482c453e4ca006d,
RA,aom,av2,0,G2,CosmosTreeTrunk_2048x858p24_hdr10.y4m,2048x858,24.00,10,2048x858,110,12540.754708,40.671317,46.140006,49.603546,14.802845,22.611607,97.079655,95.277519,45.112636,43.218175,40.509602,46.035413,49.520542,0.659312,,,,,,,d1c2ba27ec4bf4fc3ca8ddc99aeb2808,
RA,aom,av2,0,G2,CosmosTreeTrunk_2048x858p24_hdr10.y4m,2048x858,24.00,10,2048x858,135,4156.513477,37.073588,44.303457,48.031536,11.862609,18.797464,88.194421,86.059971,39.455285,40.600489,36.929865,44.206719,47.949475,0.656956,,,,,,,0f6f596bc28cd43793e86131646a02eb,
RA,aom,av2,0,G2,CosmosTreeTrunk_2048x858p24_hdr10.y4m,2048x858,24.00,10,2048x858,160,1356.239262,34.441230,42.666599,46.460038,9.876524,15.357853,72.342126,70.207848,34.399943,38.182233,34.339167,42.564816,46.374168,0.699929,,,,,,,c58da41e18403837fcedbcfb893d9921,
RA,aom,av2,0,G2,CosmosTreeTrunk_2048x858p24_hdr10.y4m,2048x858,24.00,10,2048x858,185,413.646277,32.121811,41.216460,44.842378,8.174173,12.192833,50.920490,49.151290,30.337292,35.993374,32.034701,41.111774,44.759234,0.648812,,,,,,,92493e08b5441e8551e3419ae2e1d5f2,
RA,aom,av2,0,G2,CosmosTreeTrunk_2048x858p24_hdr10.y4m,2048x858,24.00,10,2048x858,210,116.846769,30.103924,39.683336,43.218138,6.808901,9.470346,28.433801,27.383422,27.222644,33.878785,30.016423,39.608079,43.160547,0.619354,,,,,,,52ddef9751a4fe70d830a2f93f165ca1,
RA,aom,av2,0,G2,CosmosTreeTrunk_2048x858p24_hdr10.y4m,2048x858,24.00,10,2048x858,235,30.176492,28.357339,37.954813,41.478429,5.864145,7.202852,11.025493,10.655190,24.863994,31.783469,28.272522,37.885984,41.415762,0.534563,,,,,,,dce404a10fcd83eabf5d447f795c5d29,
RA,aom,av2,0,G2,MeridianShore_1920x1080_5994_hdr10.y4m,1920x1080,60.00,10,1920x1080,110,8453.082917,43.044637,51.223942,56.049613,15.306666,21.772878,92.639259,90.800362,45.108575,43.680533,42.996866,51.222581,56.047453,0.149385,,,,,,,0c28b06f747cf6dfa2e77706b72108dd,
RA,aom,av2,0,G2,MeridianShore_1920x1080_5994_hdr10.y4m,1920x1080,60.00,10,1920x1080,135,3091.966495,40.666407,50.580126,55.228158,13.503105,19.342556,87.805395,85.751793,41.362475,42.345433,40.626062,50.578714,55.224596,0.199350,,,,,,,afe78786b19a582d9bd9f747dd2754dd,
RA,aom,av2,0,G2,MeridianShore_1920x1080_5994_hdr10.y4m,1920x1080,60.00,10,1920x1080,160,1016.509644,38.163013,49.716664,54.110256,11.600402,16.492763,78.174076,76.051712,37.399275,40.740808,38.124684,49.714065,54.103568,0.392093,,,,,,,b5638c1a61c03ab4bfd02763dbc04a7b,
RA,aom,av2,0,G2,MeridianShore_1920x1080_5994_hdr10.y4m,1920x1080,60.00,10,1920x1080,185,317.542150,35.925184,48.530453,52.535855,10.019159,13.891327,63.160623,61.164049,34.075747,39.015712,35.901906,48.528620,52.532494,0.791183,,,,,,,35b7ca41e78c1e95d2227b364e8c4a84,
RA,aom,av2,0,G2,MeridianShore_1920x1080_5994_hdr10.y4m,1920x1080,60.00,10,1920x1080,210,95.229079,33.938791,47.183067,50.764358,8.837666,11.640495,43.710009,41.931217,31.240985,37.224343,33.926456,47.181754,50.742685,1.324301,,,,,,,ecfce185b882ceb5e0c9f9da34b824b8,
RA,aom,av2,0,G2,MeridianShore_1920x1080_5994_hdr10.y4m,1920x1080,60.00,10,1920x1080,235,31.146699,32.081240,45.941052,47.871340,8.074587,9.764798,22.024160,20.859276,28.776736,35.475032,32.071675,45.939530,47.863287,1.525517,,,,,,,ead2d0d8f5af49b8b2e6e596d6b79e53,
RA,aom,av2,0,G2,MeridianTalk_1920x1080_5994_hdr10.y4m,1920x1080,60.00,10,1920x1080,110,1920.748790,45.965215,52.839018,59.452947,16.837936,22.912476,94.669006,93.101214,46.326849,45.744881,45.953852,52.838408,59.450832,0.944372,,,,,,,d1f4faa6a2b6cddfaf3e4402dc2c4ae2,
RA,aom,av2,0,G2,MeridianTalk_1920x1080_5994_hdr10.y4m,1920x1080,60.00,10,1920x1080,135,659.196803,44.840289,52.247462,58.143266,16.190973,21.418306,92.111098,90.264167,44.166981,45.029814,44.832755,52.246592,58.140422,1.003285,,,,,,,71bad557e3d502e1c6821f75205cff5c,
RA,aom,av2,0,G2,MeridianTalk_1920x1080_5994_hdr10.y4m,1920x1080,60.00,10,1920x1080,160,255.909014,43.153637,51.245133,56.362590,15.294573,19.392003,86.819639,84.593136,41.414387,43.890215,43.143400,51.243053,56.355747,1.053849,,,,,,,3383b401d3994bde88437749756171ff,
RA,aom,av2,0,G2,MeridianTalk_1920x1080_5994_hdr10.y4m,1920x1080,60.00,10,1920x1080,185,102.613694,41.099223,49.832912,54.243095,14.317336,17.137929,77.492811,74.915684,38.469638,42.352469,41.088084,49.829776,54.238493,1.089400,,,,,,,3fb8ef84b4d841d17a64140900fffb15,
RA,aom,av2,0,G2,MeridianTalk_1920x1080_5994_hdr10.y4m,1920x1080,60.00,10,1920x1080,210,44.783524,38.732050,48.216303,52.011747,13.404318,14.851091,63.174713,60.477475,35.501763,40.476038,38.723092,48.213500,52.005909,1.251568,,,,,,,2215667597ffd37db975961231f3b2dc,
RA,aom,av2,0,G2,MeridianTalk_1920x1080_5994_hdr10.y4m,1920x1080,60.00,10,1920x1080,235,20.763237,36.127092,47.108394,49.426124,12.532825,12.632696,47.040528,44.197974,32.548384,38.549190,36.115917,47.107328,49.133906,1.269745,,,,,,,27e6e3c14b822b217fd8a49e4c1c3e86,
RA,aom,av2,0,G2,SolLevanteDragons_1920x1080p24_hdr10.y4m,1920x1080,24.00,10,1920x1080,110,3025.265723,45.726881,49.105972,51.832696,17.142560,21.955103,96.710870,95.384020,44.376813,46.889489,45.138517,48.943400,51.430069,0.193292,,,,,,,288972b98dc038349f763dac7e3399be,
RA,aom,av2,0,G2,SolLevanteDragons_1920x1080p24_hdr10.y4m,1920x1080,24.00,10,1920x1080,135,1342.565908,43.914485,47.358157,49.702604,16.267659,19.626552,87.139482,85.514617,41.331573,45.231344,43.325242,47.222172,49.302081,0.230721,,,,,,,828d79f7c84635a7b000f6e5dfe0330d,
RA,aom,av2,0,G2,SolLevanteDragons_1920x1080p24_hdr10.y4m,1920x1080,24.00,10,1920x1080,160,574.526031,41.576021,45.016764,47.237766,15.470374,17.089072,68.545430,67.013691,38.138651,43.127435,41.005906,44.881921,46.867762,0.248687,,,,,,,aed9c59c151f1149d6830b7bf75615e3,
RA,aom,av2,0,G2,SolLevanteDragons_1920x1080p24_hdr10.y4m,1920x1080,24.00,10,1920x1080,185,240.639508,38.997434,42.504542,44.580887,14.808922,14.739184,44.205722,43.064502,35.143833,40.691888,38.482897,42.363665,44.272709,0.258107,,,,,,,0a6550cdd5af4fbef0f9a458e9cab7df,
RA,aom,av2,0,G2,SolLevanteDragons_1920x1080p24_hdr10.y4m,1920x1080,24.00,10,1920x1080,210,103.101046,36.307657,39.853064,41.913270,14.240793,12.672710,26.696056,25.961973,32.335457,37.987300,35.900017,39.698574,41.664692,0.291262,,,,,,,b6c6119a9c7e77c48ad87ff1a2530a94,
RA,aom,av2,0,G2,SolLevanteDragons_1920x1080p24_hdr10.y4m,1920x1080,24.00,10,1920x1080,235,43.177846,33.398383,37.199901,39.199937,13.678736,10.770028,15.160559,14.767780,29.461234,35.058299,33.060699,37.015736,38.962172,0.352068,,,,,,,17a54cee83035aa12ad5acb704e8aa0b,
RA,aom,av2,0,G2,SolLevanteFace_1920x1080p24_hdr10.y4m,1920x1080,24.00,10,1920x1080,110,6481.964308,45.605197,53.331485,53.697906,18.471986,22.850369,92.473338,90.360131,45.646567,47.709060,45.271603,52.396547,52.288955,0.056463,,,,,,,b8cdda40ec871990e829c7c7977d6401,
RA,aom,av2,0,G2,SolLevanteFace_1920x1080p24_hdr10.y4m,1920x1080,24.00,10,1920x1080,135,2969.819077,41.963810,51.900194,52.083519,15.165729,18.869497,82.486877,80.151049,40.865026,45.110935,41.470666,50.412871,50.498360,0.060912,,,,,,,cbe51c24ac3eff45aab687d1108e4294,
RA,aom,av2,0,G2,SolLevanteFace_1920x1080p24_hdr10.y4m,1920x1080,24.00,10,1920x1080,160,1072.185600,38.330010,50.056356,50.125091,11.985948,14.769507,62.664389,60.741781,36.093267,42.178714,37.672787,47.695015,48.447012,0.060445,,,,,,,24aba3b58a5f66947f483f1e5d80d1ef,
RA,aom,av2,0,G2,SolLevanteFace_1920x1080p24_hdr10.y4m,1920x1080,24.00,10,1920x1080,185,296.619323,35.480879,48.354297,48.110858,9.822429,11.477045,37.075066,36.026768,32.442850,39.600578,34.680618,45.023546,46.474757,0.056568,,,,,,,56065837e2cdb7d44ae046a99c19fb09,
RA,aom,av2,0,G2,SolLevanteFace_1920x1080p24_hdr10.y4m,1920x1080,24.00,10,1920x1080,210,64.386462,33.652955,46.756243,46.540314,8.882479,9.468566,15.042230,14.743947,30.227668,37.741676,32.687812,42.995875,44.937621,0.067654,,,,,,,c825752453d7cfde1a10862030d5339a,
RA,aom,av2,0,G2,SolLevanteFace_1920x1080p24_hdr10.y4m,1920x1080,24.00,10,1920x1080,235,13.850585,32.460759,44.508015,44.329229,8.668744,8.441493,3.264453,3.187332,28.927712,36.083143,31.439180,41.143415,43.012327,0.112754,,,,,,,ccd868c54c522aadf7d41a8340dec2e8,
RA,aom,av2,0,G2,SparksTruck_2048x1080_5994_hdr10.y4m,2048x1080,60.00,10,2048x1080,110,5235.013602,44.447253,50.603098,50.466755,17.000722,23.066911,94.299809,92.457577,46.083456,44.349978,44.404399,50.598187,50.460697,0.587403,,,,,,,ac16a448b076c49cbbcbfb683f883c2b,
RA,aom,av2,0,G2,SparksTruck_2048x1080_5994_hdr10.y4m,2048x1080,60.00,10,2048x1080,135,1834.250672,42.138803,49.983310,50.087408,15.063608,20.606372,91.067090,88.959636,42.937747,43.036591,42.119731,49.982079,50.086210,0.599986,,,,,,,6d5757e267ccccb1b02b925f53d502e2,
RA,aom,av2,0,G2,SparksTruck_2048x1080_5994_hdr10.y4m,2048x1080,60.00,10,2048x1080,160,658.473834,39.454106,49.076452,49.529953,12.864954,17.907536,85.067946,82.567633,39.516688,41.286524,39.444564,49.074885,49.529223,0.583065,,,,,,,08d4950bea8c6b729b3f1434e972198a,
RA,aom,av2,0,G2,SparksTruck_2048x1080_5994_hdr10.y4m,2048x1080,60.00,10,2048x1080,185,237.687236,36.541021,47.867686,48.715693,10.477118,14.753700,73.308979,70.630717,35.412225,39.165319,36.536009,47.865367,48.714869,0.616573,,,,,,,db06c5d67722436b89235a9990b332ca,
RA,aom,av2,0,G2,SparksTruck_2048x1080_5994_hdr10.y4m,2048x1080,60.00,10,2048x1080,210,82.366864,33.864757,46.307809,47.592288,8.631663,11.643661,51.488289,49.256880,31.500669,37.017759,33.861667,46.307106,47.591861,0.665962,,,,,,,bbf6d7efb6bc8151af56bdc811e21241,
RA,aom,av2,0,G2,SparksTruck_2048x1080_5994_hdr10.y4m,2048x1080,60.00,10,2048x1080,235,30.405287,31.667864,44.112628,46.080991,7.614531,9.393217,26.604069,25.212421,28.482307,34.849824,31.664730,44.111385,46.068172,0.928325,,,,,,,46266e13af936a2d6490651b0734afce,
RA,aom,av2,0,E,Artistic_Concert_1920x1080_25fps.y4m,1920x1080,25.00,8,1920x1080,110,14094.492308,42.911875,51.956616,51.263143,16.364489,21.398782,99.962054,99.938435,42.117925,44.870854,42.759044,51.699964,51.090516,0.031245,,,,,,,93e65cb23fe8cb05c3112eb5ca3ee1a6,
RA,aom,av2,0,E,Artistic_Concert_1920x1080_25fps.y4m,1920x1080,25.00,8,1920x1080,135,6659.704615,39.001293,49.233698,48.335510,13.078565,16.643434,98.153596,96.797154,36.538829,41.093954,38.839060,48.931408,48.135459,0.183846,,,,,,,6d5e095528a9d189ea7270bd6a712019,
RA,aom,av2,0,E,Artistic_Concert_1920x1080_25fps.y4m,1920x1080,25.00,8,1920x1080,160,2359.555385,35.133991,47.168632,46.118018,10.151586,12.207011,81.952806,80.009137,31.565138,37.741694,34.948049,46.813942,45.920078,1.333499,,,,,,,d0a549ac74c7c26b440cd6ff69afa2a1,
RA,aom,av2,0,E,Artistic_Concert_1920x1080_25fps.y4m,1920x1080,25.00,8,1920x1080,185,791.176923,32.541863,44.955885,43.830122,8.794929,10.062088,66.094562,64.261346,28.613342,35.510328,32.417364,44.523608,43.594872,2.894524,,,,,,,cc23035062210476e75d51d62f99a835,
RA,aom,av2,0,E,Artistic_Concert_1920x1080_25fps.y4m,1920x1080,25.00,8,1920x1080,210,319.155385,30.433133,42.661550,41.193018,8.013142,8.884905,52.613442,50.931310,26.360055,33.625881,30.341181,42.089041,40.960301,3.386706,,,,,,,4b29b9bc677b22a1c3c4b49f479a83fb,
RA,aom,av2,0,E,Artistic_Concert_1920x1080_25fps.y4m,1920x1080,25.00,8,1920x1080,235,135.413846,27.914949,39.901746,38.308192,7.208415,7.509382,37.369117,36.193786,23.730434,31.357953,27.816014,39.192750,38.068716,3.385701,,,,,,,fedb16a32d1abe2d896333e828aaf647,
RA,aom,av2,0,E,Artistic_Intro_1920x1080_2997fps.y4m,1920x1080,30.00,8,1920x1080,110,10530.588796,42.841414,45.333954,46.876414,19.256407,25.686692,99.628303,98.995045,44.787218,43.851263,42.598240,44.983562,46.270732,0.307573,,,,,,,48d3c6cd26b81ded2853626a3d2f7bcb,
RA,aom,av2,0,E,Artistic_Intro_1920x1080_2997fps.y4m,1920x1080,30.00,8,1920x1080,135,3805.819411,40.130668,42.899618,44.600628,17.057101,22.721745,98.015188,97.018008,40.678945,41.355228,39.862316,42.429054,43.708468,0.302178,,,,,,,e19369625eee3ae4d2e54fde87b7fc49,
RA,aom,av2,0,E,Artistic_Intro_1920x1080_2997fps.y4m,1920x1080,30.00,8,1920x1080,160,1571.989856,37.779486,41.227068,43.118796,15.360337,20.313388,95.066829,93.821762,37.114504,39.535439,37.499416,40.854145,42.332891,0.317998,,,,,,,4a402ca39df2e7708de97db73fb4de11,
RA,aom,av2,0,E,Artistic_Intro_1920x1080_2997fps.y4m,1920x1080,30.00,8,1920x1080,185,751.897333,35.108725,39.542485,41.618241,13.449875,17.678901,89.829493,88.085330,33.351205,37.563963,34.786923,39.250101,40.955250,0.469440,,,,,,,b2457224d55de778ee0bc596a9577dd6,
RA,aom,av2,0,E,Artistic_Intro_1920x1080_2997fps.y4m,1920x1080,30.00,8,1920x1080,210,345.772996,31.757318,37.418513,39.504850,11.003012,14.383085,79.229984,76.385330,29.152843,35.016153,31.427164,37.171623,38.960927,0.535786,,,,,,,c9db1049673f09d558de93df21d393a0,
RA,aom,av2,0,E,Artistic_Intro_1920x1080_2997fps.y4m,1920x1080,30.00,8,1920x1080,235,130.569738,28.108296,34.897431,36.891505,8.299148,10.790081,62.173161,59.681578,25.033442,32.041890,27.833654,34.667724,36.450207,0.554700,,,,,,,72dcf763b21eab652c58b0bb83d4d3fe,
RA,aom,av2,0,E,MixedCoding_NewsIntroAnchor_1280x720_2997fps.y4m,1280x720,30.00,8,1280x720,110,2277.338661,45.464938,46.771698,49.109590,20.329287,24.885916,97.587709,96.229409,44.674461,48.023057,45.296628,46.694846,49.037016,5.060875,,,,,,,7dd8b2c3e9c33c2f317a8a98d5a55282,
RA,aom,av2,0,E,MixedCoding_NewsIntroAnchor_1280x720_2997fps.y4m,1280x720,30.00,8,1280x720,135,916.940905,42.763182,44.566169,47.037698,18.289831,21.948428,95.276557,93.269760,41.477950,45.351001,42.615629,44.517447,46.989119,4.861312,,,,,,,be0b0d58e2669e9790325f1a5562cf6e,
RA,aom,av2,0,E,MixedCoding_NewsIntroAnchor_1280x720_2997fps.y4m,1280x720,30.00,8,1280x720,160,384.435257,40.030440,42.255481,44.882672,16.232689,19.065771,90.137378,87.198198,38.113243,42.786211,39.913792,42.200481,44.843693,4.283745,,,,,,,40be37fce5a442a7313d8a8111543c25,
RA,aom,av2,0,E,MixedCoding_NewsIntroAnchor_1280x720_2997fps.y4m,1280x720,30.00,8,1280x720,185,172.651349,37.058607,39.777507,42.540070,14.027777,16.061723,80.885431,77.102278,34.556481,40.066795,36.963998,39.692954,42.492327,3.808636,,,,,,,0aa100c1a643fb52970cec06abdbf4e5,
RA,aom,av2,0,E,MixedCoding_NewsIntroAnchor_1280x720_2997fps.y4m,1280x720,30.00,8,1280x720,210,78.475371,34.082004,37.035996,39.934967,12.033230,13.349267,68.102980,63.641610,31.213000,37.121712,34.022172,36.912328,39.877532,3.602028,,,,,,,4d3c0c344f6149547e9731b2bdcd1284,
RA,aom,av2,0,E,MixedCoding_NewsIntroAnchor_1280x720_2997fps.y4m,1280x720,30.00,8,1280x720,235,36.183509,30.994044,34.101857,37.256752,10.061908,11.007489,54.797513,50.044554,27.930590,34.055295,30.932954,33.910571,37.173046,3.051239,,,,,,,8f44af2b635f10b1e174a843564312d9,
RA,aom,av2,0,E,MixedCoding_NewsIntroOnly_1280x720_2997fps.y4m,1280x720,30.00,8,1280x720,110,7216.460463,42.392260,44.465761,45.080486,17.007723,23.576426,99.387280,98.900796,43.493074,45.392128,42.151962,44.280143,44.922539,2.945492,,,,,,,661885f1684f3fd289f971e636cd4dd6,
RA,aom,av2,0,E,MixedCoding_NewsIntroOnly_1280x720_2997fps.y4m,1280x720,30.00,8,1280x720,135,2786.006609,39.007297,42.172432,43.022192,14.628054,20.400038,96.991924,95.261293,39.204435,42.636169,38.707168,41.979895,42.899115,2.646264,,,,,,,739413569362193cfa832df33fb0acb4,
RA,aom,av2,0,E,MixedCoding_NewsIntroOnly_1280x720_2997fps.y4m,1280x720,30.00,8,1280x720,160,1121.664797,36.065261,40.119759,41.071255,12.584695,17.221380,87.381941,84.997429,34.869396,40.103224,35.770142,39.940281,40.979932,2.519393,,,,,,,826d26fd1031e5e1033cc5a675902041,
RA,aom,av2,0,E,MixedCoding_NewsIntroOnly_1280x720_2997fps.y4m,1280x720,30.00,8,1280x720,185,470.339507,33.091173,38.005582,38.940144,10.568554,13.999911,72.320658,69.784971,30.717648,37.439386,32.802924,37.819861,38.855747,2.320669,,,,,,,f362abc593b0bc8dd4316c8e2abc890a,
RA,aom,av2,0,E,MixedCoding_NewsIntroOnly_1280x720_2997fps.y4m,1280x720,30.00,8,1280x720,210,189.812649,29.984636,35.780021,36.570181,8.635017,10.853470,54.129819,51.795881,26.815966,34.574787,29.707975,35.591575,36.506427,1.909805,,,,,,,198e728ed0bac30f9c1b68979f8fd399,
RA,aom,av2,0,E,MixedCoding_NewsIntroOnly_1280x720_2997fps.y4m,1280x720,30.00,8,1280x720,235,70.906324,27.001137,33.624624,34.224713,7.177380,8.185871,35.739715,34.155885,23.304400,31.744751,26.768577,33.439958,34.171273,1.482533,,,,,,,1011af6d79b8e8ec315cf2d221ad8490,
RA,aom,av2,0,E,MountainBike_1920x1080_30fps_8bit.y4m,1920x1080,30.00,8,1920x1080,110,46557.601846,40.357963,44.735085,44.543595,17.111527,23.664195,99.875179,99.841624,42.869338,40.590408,39.983026,44.511279,44.361512,0.318539,,,,,,,726ddd9ba2aac2567f9dd168f1058f95,
RA,aom,av2,0,E,MountainBike_1920x1080_30fps_8bit.y4m,1920x1080,30.00,8,1920x1080,135,23592.162462,35.831355,42.057077,41.738523,13.572950,19.338132,99.756082,99.712987,37.220093,37.257392,35.382733,41.808150,41.552274,0.324007,,,,,,,49b12178920e217fab54d257ac8d6bd0,
RA,aom,av2,0,E,MountainBike_1920x1080_30fps_8bit.y4m,1920x1080,30.00,8,1920x1080,160,10317.603692,31.547550,39.492512,38.979919,10.251131,15.089361,97.063295,95.621135,31.384601,33.957711,31.101944,39.241545,38.802358,0.315641,,,,,,,efc890ebdb2a4d4002531c5fb873d9de,
RA,aom,av2,0,E,MountainBike_1920x1080_30fps_8bit.y4m,1920x1080,30.00,8,1920x1080,185,4020.419077,27.813745,37.229318,36.512361,7.455034,11.192033,79.021524,77.017282,26.138980,30.930217,27.398431,36.992379,36.351170,0.377927,,,,,,,12109de3b8cadbe1039834b5e9dc74bc,
RA,aom,av2,0,E,MountainBike_1920x1080_30fps_8bit.y4m,1920x1080,30.00,8,1920x1080,210,1358.918769,24.737975,35.101564,34.349249,5.376697,7.767026,59.599211,57.903097,21.878811,28.138225,24.401310,34.901790,34.227345,0.538437,,,,,,,fda83c26f4e0f83ffa2aa4fa2e3f743e,
RA,aom,av2,0,E,MountainBike_1920x1080_30fps_8bit.y4m,1920x1080,30.00,8,1920x1080,235,418.000615,22.378202,33.045060,32.389473,4.138702,5.169649,45.661013,44.482352,18.876974,25.697973,22.132308,32.887345,32.291981,0.878562,,,,,,,1d78d72675108b87a806b5c316f14c92,
RA,aom,av2,0,E,Noise_AnimationCrayon_1920x1080_2398fps.y4m,1920x1080,24.00,8,1920x1080,110,11644.235641,39.803055,41.720470,46.146648,11.534484,17.784983,95.798448,94.593168,40.519565,40.481383,39.574418,41.586746,46.108585,0.017680,,,,,,,6b01842a2f20b3375a66fab2fa377257,
RA,aom,av2,0,E,Noise_AnimationCrayon_1920x1080_2398fps.y4m,1920x1080,24.00,8,1920x1080,135,1983.221455,37.281104,40.040779,45.516768,9.216240,14.139792,92.022788,90.552646,36.227316,38.581497,37.204085,39.993517,45.492946,0.015414,,,,,,,d78e27947c6a8fe2433267a4bfd12bf6,
RA,aom,av2,0,E,Noise_AnimationCrayon_1920x1080_2398fps.y4m,1920x1080,24.00,8,1920x1080,160,598.499101,36.246103,39.404816,44.610912,8.749947,13.165737,86.445176,84.777927,34.635048,37.853861,36.206290,39.383479,44.561971,0.040100,,,,,,,cbb9d61bf431e68a3e104e974415660e,
RA,aom,av2,0,E,Noise_AnimationCrayon_1920x1080_2398fps.y4m,1920x1080,24.00,8,1920x1080,185,199.377238,35.187506,38.720963,43.468404,8.489364,12.561761,78.931722,77.030180,33.056294,37.175045,35.144187,38.695191,43.384359,0.152648,,,,,,,cac82ca4155a3b14f567da2475818e82,
RA,aom,av2,0,E,Noise_AnimationCrayon_1920x1080_2398fps.y4m,1920x1080,24.00,8,1920x1080,210,85.769246,33.853925,37.898310,42.070037,8.295069,12.082648,70.128273,67.893854,31.174196,36.363228,33.797337,37.873305,41.979107,0.580254,,,,,,,833b6bdd0e89d74b02c3a8d4d18c5805,
RA,aom,av2,0,E,Noise_AnimationCrayon_1920x1080_2398fps.y4m,1920x1080,24.00,8,1920x1080,235,41.206301,31.981117,36.728901,40.246652,8.055141,11.554816,59.251439,56.532513,28.713793,35.219050,31.892652,36.711533,40.176301,0.964169,,,,,,,dd57c5c280ffd7ecc3fd12efcecd1606,
RA,aom,av2,0,E,Noise_Animation_1280x720_2398fps.y4m,1280x720,24.00,8,1280x720,110,2482.501130,41.276366,51.277704,49.289174,12.412752,18.616581,97.492119,96.310461,41.113544,45.700653,40.641301,51.153434,49.043536,8.580633,,,,,,,1f1b0e5b0982d93b882991907ae7138e,
RA,aom,av2,0,E,Noise_Animation_1280x720_2398fps.y4m,1280x720,24.00,8,1280x720,135,520.335787,39.770093,49.878977,47.407921,11.127209,17.157314,95.769352,94.028579,39.507339,44.138729,39.502722,49.834679,47.209823,9.865138,,,,,,,d85f5cc9a563bcf65918069f6e424c58,
RA,aom,av2,0,E,Noise_Animation_1280x720_2398fps.y4m,1280x720,24.00,8,1280x720,160,116.678399,39.247944,49.002347,45.742498,10.918626,16.746321,93.684811,91.619399,38.760420,43.520140,39.030424,48.962066,45.518089,8.661798,,,,,,,cd7b11368adea47b8a8f277ec926a1c9,
RA,aom,av2,0,E,Noise_Animation_1280x720_2398fps.y4m,1280x720,24.00,8,1280x720,185,60.782541,38.468893,47.736195,43.113064,10.742880,16.204625,89.351101,87.009533,37.437725,42.591820,38.274107,47.688316,42.781206,8.910336,,,,,,,740b384ab013f30093a56af71529c0fc,
RA,aom,av2,0,E,Noise_Animation_1280x720_2398fps.y4m,1280x720,24.00,8,1280x720,210,32.543948,36.905565,45.607083,39.269436,10.326309,15.043987,80.074667,77.134878,34.791172,41.001418,36.728579,45.549162,38.862482,7.248939,,,,,,,6c3b842504bd08973793e6829179f911,
RA,aom,av2,0,E,Noise_Animation_1280x720_2398fps.y4m,1280x720,24.00,8,1280x720,235,16.352386,34.537193,42.569131,35.809119,9.745956,13.329982,65.058445,61.649554,31.405980,38.834463,34.284184,42.424610,35.409324,6.072899,,,,,,,f9c5292777e23e0164b2f0a0ee0077ae,
RA,aom,av2,0,E,Noise_Ocean_1920x1080_60fps.y4m,1920x1080,60.00,8,1920x1080,110,13977.267692,41.185290,57.224777,60.817093,12.225205,17.883011,75.704029,74.642430,41.226046,44.988510,40.863670,56.834190,60.419115,0.468764,,,,,,,81386cee9c2829391f018d2ac5511291,
RA,aom,av2,0,E,Noise_Ocean_1920x1080_60fps.y4m,1920x1080,60.00,8,1920x1080,135,2104.608000,38.259964,55.230444,59.003405,9.469362,13.755024,52.601720,51.802206,36.485552,42.005116,37.982986,55.099585,58.842326,1.719474,,,,,,,6b8154669e3c79e9a34bc66e2f71c2ac,
RA,aom,av2,0,E,Noise_Ocean_1920x1080_60fps.y4m,1920x1080,60.00,8,1920x1080,160,309.323077,37.608339,54.073111,57.719672,8.941410,12.874253,42.055139,41.353262,35.443147,41.195010,37.452004,54.016835,57.627560,2.266796,,,,,,,31b3d7c01c6e3dc81c4f4f444179b77a,
RA,aom,av2,0,E,Noise_Ocean_1920x1080_60fps.y4m,1920x1080,60.00,8,1920x1080,185,43.668923,37.366463,52.795825,55.698768,8.839568,12.603729,35.915388,35.190847,35.064977,40.726843,37.234026,52.753884,55.587379,2.009142,,,,,,,a45ae5e2dc6350fd5e7fe6c75120643c,
RA,aom,av2,0,E,Noise_Ocean_1920x1080_60fps.y4m,1920x1080,60.00,8,1920x1080,210,21.441231,37.058983,50.892980,53.036973,8.815121,12.407359,29.985933,29.149560,34.649594,39.983353,36.948814,50.835944,52.935103,1.663804,,,,,,,60cbc8f06befedd7d09de2df6eeb2ecc,
RA,aom,av2,0,E,Noise_Ocean_1920x1080_60fps.y4m,1920x1080,60.00,8,1920x1080,235,11.885538,36.487979,47.615023,50.803176,8.787158,12.152695,26.537771,25.493303,33.924118,38.829408,36.404342,47.571129,50.654499,1.170005,,,,,,,fe673e404bcd28607db22b3fdba2abd5,
RA,aom,av2,0,E,Noise_Soccer_1920x1080_50fps.y4m,1920x1080,50.00,8,1920x1080,110,143300.947692,36.856715,46.828143,48.252046,12.586498,18.786963,97.665360,96.464421,42.063095,39.538757,36.561641,46.763767,48.037072,0.057336,,,,,,,948b658dbf02c9b9ad018753efa5ea4d,
RA,aom,av2,0,E,Noise_Soccer_1920x1080_50fps.y4m,1920x1080,50.00,8,1920x1080,135,39967.978462,30.853759,44.965900,43.955606,5.783736,12.536589,91.424341,89.959251,35.366843,33.733641,30.502163,44.929973,43.730051,0.112329,,,,,,,e93581eb072a3bf521f5a763f83dbb00,
RA,aom,av2,0,E,Noise_Soccer_1920x1080_50fps.y4m,1920x1080,50.00,8,1920x1080,160,6805.406154,28.512473,42.968212,40.765912,3.374728,10.116100,84.239614,82.447120,32.556220,31.362924,28.428884,42.948150,40.649148,0.984269,,,,,,,778c3a081e7d4b6f945b0a6ed19332cb,
RA,aom,av2,0,E,Noise_Soccer_1920x1080_50fps.y4m,1920x1080,50.00,8,1920x1080,185,1323.064615,27.608453,40.891469,38.247580,2.923216,9.289794,74.319325,72.352016,30.573718,30.589383,27.599048,40.878048,38.204612,5.719598,,,,,,,0054b463b45df0042b08285d53a43b82,
RA,aom,av2,0,E,Noise_Soccer_1920x1080_50fps.y4m,1920x1080,50.00,8,1920x1080,210,344.129231,26.820569,38.758232,35.409199,2.760308,8.761569,61.473421,59.472567,28.461777,29.956257,26.816100,38.748854,35.367433,10.400122,,,,,,,549a74f10e184e7bb988406935e255d4,
RA,aom,av2,0,E,Noise_Soccer_1920x1080_50fps.y4m,1920x1080,50.00,8,1920x1080,235,114.073846,25.690840,36.601643,32.877040,2.579532,8.084276,44.700881,42.909830,25.583307,29.150533,25.685823,36.597065,32.857266,8.838869,,,,,,,54c60cb1465480c22ed16881b90d0180,
RA,aom,av2,0,E,Shaky_Baseball_3840x2160_5994fps.y4m,3840x2160,60.00,8,3840x2160,110,24887.939138,44.953607,47.244754,47.430993,16.863382,21.715519,99.808977,99.698397,42.481716,45.231431,44.669614,47.107121,47.307819,7.045641,,,,,,,875cb542c6890e6df4b4358acbef4588,
RA,aom,av2,0,E,Shaky_Baseball_3840x2160_5994fps.y4m,3840x2160,60.00,8,3840x2160,135,8476.649504,43.599145,46.093807,46.288797,16.275438,20.662488,99.033377,98.381206,40.751317,44.043659,43.185671,45.965652,46.189256,7.667134,,,,,,,581b865094ef6cbe0a109b28b48a63cd,
RA,aom,av2,0,E,Shaky_Baseball_3840x2160_5994fps.y4m,3840x2160,60.00,8,3840x2160,160,3343.117191,42.046599,44.768870,44.945646,15.700714,19.492749,94.885908,93.132082,38.700492,42.717763,41.392881,44.611463,44.829317,7.971568,,,,,,,50ddf5fb2fa16b7299852b555ab91ee1,
RA,aom,av2,0,E,Shaky_Baseball_3840x2160_5994fps.y4m,3840x2160,60.00,8,3840x2160,185,1510.301391,40.054925,42.907245,42.988549,15.063869,18.043628,84.565974,82.671882,36.211201,40.999790,39.113967,42.683745,42.816472,8.228315,,,,,,,c7bb73e055758bfec0750b52af438a01,
RA,aom,av2,0,E,Shaky_Baseball_3840x2160_5994fps.y4m,3840x2160,60.00,8,3840x2160,210,705.957427,37.470802,40.338025,40.331444,14.290884,16.292260,69.207420,67.415399,33.249841,38.724461,36.294333,40.053825,40.117852,7.903087,,,,,,,407695d215d8769c9f88c3fa04fe8f4f,
RA,aom,av2,0,E,Shaky_Baseball_3840x2160_5994fps.y4m,3840x2160,60.00,8,3840x2160,235,323.266887,34.305110,37.340953,37.205788,13.317480,14.073514,49.929444,48.386907,29.903115,35.955796,33.063047,37.078695,37.014939,7.580539,,,,,,,9db68d7353714ad26ee3f7d5d09decbe,
RA,aom,av2,0,E,Shaky_Fireworks_3840x2160_2997fps.y4m,3840x2160,30.00,8,3840x2160,110,8102.035196,48.567908,52.908360,52.309021,20.964277,22.520228,87.643816,87.146035,43.595914,48.366750,48.454924,52.554961,51.964505,10.018046,,,,,,,c60f0fc0ea82ab4d06698bacc5366703,
RA,aom,av2,0,E,Shaky_Fireworks_3840x2160_2997fps.y4m,3840x2160,30.00,8,3840x2160,135,2895.178667,46.324430,51.167659,50.510178,19.956494,19.896200,78.258161,77.665229,41.359269,46.020849,46.219469,50.815132,50.208745,13.527073,,,,,,,fe3b98c6b4dbe677b683086fb464a1b5,
RA,aom,av2,0,E,Shaky_Fireworks_3840x2160_2997fps.y4m,3840x2160,30.00,8,3840x2160,160,1005.526781,44.399094,49.671026,48.998596,19.337189,18.108112,66.577399,65.923607,39.622792,44.263508,44.244194,49.135826,48.603782,15.281795,,,,,,,4ffd0dc2ff94830964726bcc628dfa11,
RA,aom,av2,0,E,Shaky_Fireworks_3840x2160_2997fps.y4m,3840x2160,30.00,8,3840x2160,185,408.662107,42.694128,47.935009,47.469359,18.930090,16.968211,58.207157,57.471306,38.110983,42.600773,42.407658,47.090069,46.834372,15.845493,,,,,,,dfe201d80044fff256253d533451e903,
RA,aom,av2,0,E,Shaky_Fireworks_3840x2160_2997fps.y4m,3840x2160,30.00,8,3840x2160,210,177.693691,40.643877,46.146403,45.896816,18.497568,15.934936,49.942223,49.244089,36.296974,40.878670,40.133429,44.841503,44.809998,15.650966,,,,,,,33d841837bfdbb0ea07d7e076f1b5c99,
RA,aom,av2,0,E,Shaky_Fireworks_3840x2160_2997fps.y4m,3840x2160,30.00,8,3840x2160,235,81.057404,38.201068,43.951553,44.210375,17.987876,14.889579,42.075789,41.420108,34.085953,38.798473,37.451938,42.319540,42.542069,15.386867,,,,,,,c55d0fcc5cf483d3fc41f2a80a53bddd,
RA,aom,av2,0,E,Shaky_Quad_1920x1080_30fps.y4m,1920x1080,30.00,8,1920x1080,110,29021.844923,41.734849,52.798765,52.460992,18.670378,24.475444,99.976224,99.970199,44.129623,44.557535,41.535765,52.697080,52.322802,0.395642,,,,,,,1b3ac1eec493aeaf744218808da0f235,
RA,aom,av2,0,E,Shaky_Quad_1920x1080_30fps.y4m,1920x1080,30.00,8,1920x1080,135,16935.579692,37.405156,50.081782,49.718447,15.344813,20.548423,99.968480,99.959798,38.971069,40.748579,37.151320,49.975430,49.573337,0.515157,,,,,,,64230988a504ed29e81b0466c3254f94,
RA,aom,av2,0,E,Shaky_Quad_1920x1080_30fps.y4m,1920x1080,30.00,8,1920x1080,160,8138.597538,32.741154,47.686964,47.332945,11.791936,16.420151,95.806014,93.905192,32.801928,36.879942,32.459762,47.593365,47.196899,0.580243,,,,,,,1dc85762f4687d3ccf44f06bfeadec1a,
RA,aom,av2,0,E,Shaky_Quad_1920x1080_30fps.y4m,1920x1080,30.00,8,1920x1080,185,3212.392615,28.835764,46.110052,45.447982,8.921550,12.675797,74.838361,72.844251,27.167847,33.615396,28.599983,46.056496,45.320952,0.715444,,,,,,,dec6557cadfaa78a115fad53dd625b1c,
RA,aom,av2,0,E,Shaky_Quad_1920x1080_30fps.y4m,1920x1080,30.00,8,1920x1080,210,1140.876923,25.789976,44.552557,43.352383,6.879381,9.483043,53.201968,51.530809,22.843798,30.844930,25.636743,44.505457,43.212723,1.000804,,,,,,,aa9c17421f2e93ca956ef9048d5413a4,
RA,aom,av2,0,E,Shaky_Quad_1920x1080_30fps.y4m,1920x1080,30.00,8,1920x1080,235,378.033231,23.271727,42.810573,40.995810,5.446687,6.886331,34.813329,33.855950,19.640132,28.260711,23.176126,42.771445,40.842882,0.899111,,,,,,,54cab8bc8c030cbeacbeefa2e6e19716,
RA,aom,av2,0,E,Shaky_Walk_1920x1080_25fps.y4m,1920x1080,25.00,8,1920x1080,110,20824.593846,41.574096,51.495307,51.842172,16.671361,22.685207,99.971729,99.962313,43.458848,43.897630,41.294213,51.354000,51.700498,0.628703,,,,,,,aa93d8a9dc6e71e83e43d3c3bc640eb1,
RA,aom,av2,0,E,Shaky_Walk_1920x1080_25fps.y4m,1920x1080,25.00,8,1920x1080,135,9800.103077,37.136269,48.439464,48.769072,12.835849,17.932596,99.615926,98.908966,37.549633,39.827932,36.777859,48.279264,48.619806,0.644306,,,,,,,464579c59b2f735d57f1e0b96558e90d,
RA,aom,av2,0,E,Shaky_Walk_1920x1080_25fps.y4m,1920x1080,25.00,8,1920x1080,160,3442.584615,33.221521,45.851343,46.326774,9.581989,13.572119,85.642020,83.579118,31.984951,36.326443,32.848044,45.690288,46.204667,0.615767,,,,,,,aac08d11a02a3a51cf86e506e55f9aed,
RA,aom,av2,0,E,Shaky_Walk_1920x1080_25fps.y4m,1920x1080,25.00,8,1920x1080,185,1151.989231,30.313025,43.931176,44.474686,7.446710,10.433963,66.451337,64.472503,27.940629,33.789547,29.994416,43.802156,44.392509,0.661293,,,,,,,be212332f701467b4d96d6d6cf243d7f,
RA,aom,av2,0,E,Shaky_Walk_1920x1080_25fps.y4m,1920x1080,25.00,8,1920x1080,210,377.560000,27.963624,41.888014,42.560706,6.011928,7.957044,48.462715,46.947229,24.825892,31.660231,27.707045,41.774275,42.492857,0.883631,,,,,,,7b1c1cd92ae7763404f1be8ffcd6c56f,
RA,aom,av2,0,E,Shaky_Walk_1920x1080_25fps.y4m,1920x1080,25.00,8,1920x1080,235,121.016923,25.976739,39.544947,40.117476,5.190458,6.231302,33.460546,32.561723,22.390436,29.694240,25.767404,39.407723,40.054038,1.458433,,,,,,,24fb05fdc8beeba089eb7c8f6148aa27,
RA,aom,av2,0,E,Vertical_Carnaby_1080x1920_5994.y4m,1080x1920,60.00,8,1080x1920,110,11512.851456,46.251147,48.564538,48.731540,20.129112,24.847039,99.341283,98.638421,43.919041,46.469305,46.025353,48.472824,48.650159,4.609141,,,,,,,02a09b22e852855dc8dc0934ba383551,
RA,aom,av2,0,E,Vertical_Carnaby_1080x1920_5994.y4m,1080x1920,60.00,8,1080x1920,135,4986.570353,43.539818,46.142012,46.390504,18.516865,22.160483,95.674966,93.756321,40.467875,43.892762,43.250705,46.066832,46.318747,4.789750,,,,,,,2b27b429ec0e8b6a8e4c4dd986c70f88,
RA,aom,av2,0,E,Vertical_Carnaby_1080x1920_5994.y4m,1080x1920,60.00,8,1080x1920,160,2162.541459,40.691404,43.894278,44.159951,16.979821,19.715585,85.507568,83.019983,37.003369,41.594238,40.323471,43.818269,44.085924,4.768926,,,,,,,803e6a4f30a8804b8984a7f827925a4a,
RA,aom,av2,0,E,Vertical_Carnaby_1080x1920_5994.y4m,1080x1920,60.00,8,1080x1920,185,984.628910,37.642558,41.779264,41.894103,15.404202,17.245883,70.584890,67.898817,33.542210,39.286208,37.206073,41.705622,41.813596,4.715847,,,,,,,62de58c04134031a6be0aaf90a2cc9ec,
RA,aom,av2,0,E,Vertical_Carnaby_1080x1920_5994.y4m,1080x1920,60.00,8,1080x1920,210,442.531007,34.362796,39.537362,39.415388,13.723191,14.553364,51.293647,48.777320,30.070403,36.728244,33.916211,39.466155,39.335230,4.214366,,,,,,,d5725cb154d77d24c9a172ba3351861e,
RA,aom,av2,0,E,Vertical_Carnaby_1080x1920_5994.y4m,1080x1920,60.00,8,1080x1920,235,185.600246,30.885596,37.113228,36.843528,12.025349,11.730020,29.199014,27.506835,26.607016,33.809542,30.521579,37.049607,36.772268,3.298765,,,,,,,e383305b3af3767cd1813558cf599713,
RA,aom,av2,0,E,WalkingInStreet_1920x1080_30fps.y4m,1080x1920,30.00,8,1080x1920,110,39082.600615,38.356224,42.102968,42.597190,13.952409,21.839557,99.975126,99.968965,42.624266,39.738296,38.119347,41.923963,42.483731,0.000998,,,,,,,b692d942ab7483d046c623921e5bb02d,
RA,aom,av2,0,E,WalkingInStreet_1920x1080_30fps.y4m,1080x1920,30.00,8,1080x1920,135,11720.614154,34.502782,39.353655,40.894691,10.485401,17.313959,99.680130,99.219491,36.610306,36.789950,34.337077,39.220922,40.842520,0.038065,,,,,,,5f9ba74cb673fe54cdc404c5c60fa77c,
RA,aom,av2,0,E,WalkingInStreet_1920x1080_30fps.y4m,1080x1920,30.00,8,1080x1920,160,3839.484923,32.130328,37.084419,39.990639,8.872282,15.090207,94.367605,92.485754,32.406651,34.867255,32.036505,36.975774,39.966755,0.062298,,,,,,,500682723c77c2972808eba9060271df,
RA,aom,av2,0,E,WalkingInStreet_1920x1080_30fps.y4m,1080x1920,30.00,8,1080x1920,185,1430.760000,29.865062,34.903973,39.013382,7.557229,13.010593,79.277146,77.193488,28.449354,32.989524,29.788795,34.803002,38.996380,0.073896,,,,,,,6621ce42b6fa5edc7eb2eed1cc2dfd00,
RA,aom,av2,0,E,WalkingInStreet_1920x1080_30fps.y4m,1080x1920,30.00,8,1080x1920,210,539.593846,27.370929,32.850896,37.890342,6.152258,10.589528,58.184606,56.434207,24.626685,30.902541,27.294896,32.764222,37.874266,0.103860,,,,,,,d56c3e7d846ce0dcd84561edfc70a932,
RA,aom,av2,0,E,WalkingInStreet_1920x1080_30fps.y4m,1080x1920,30.00,8,1080x1920,235,197.455385,24.851244,31.040807,36.411718,4.798849,8.073405,36.293195,35.196901,21.282467,28.636012,24.782463,30.962078,36.396741,0.088083,,,,,,,e0fcd8e83ef41334706f93e67ec2d958,
RA,aom,av2,0,E,WorldCup_far_1920x1080_30p.y4m,1920x1080,30.00,8,1920x1080,110,9877.043077,42.807195,44.442344,46.827168,19.128556,26.430382,99.933386,99.738811,45.413919,43.977845,42.684053,44.293665,46.712478,0.019432,,,,,,,f601c6859eb3375c925099ffab4c9e29,
RA,aom,av2,0,E,WorldCup_far_1920x1080_30p.y4m,1920x1080,30.00,8,1920x1080,135,3999.845538,39.890320,42.050532,44.489103,16.813039,23.440825,99.344533,98.436775,41.192223,41.506746,39.809969,41.959367,44.418902,0.019862,,,,,,,14777aa0b70a9c76001ec31e90bcbe06,
RA,aom,av2,0,E,WorldCup_far_1920x1080_30p.y4m,1920x1080,30.00,8,1920x1080,160,1725.177231,36.978183,39.806945,42.130177,14.525981,20.468525,95.557496,93.177702,36.673954,39.167267,36.912173,39.746763,42.085350,0.018188,,,,,,,f13da4e6a688ec871e9b6b03eaea19cd,
RA,aom,av2,0,E,WorldCup_far_1920x1080_30p.y4m,1920x1080,30.00,8,1920x1080,185,778.637538,33.783856,37.414899,39.567698,11.934549,17.107306,84.359678,81.677638,31.983079,36.516038,33.726133,37.373633,39.534523,0.017380,,,,,,,e3eb64a62c35d612302862c14b662b2a,
RA,aom,av2,0,E,WorldCup_far_1920x1080_30p.y4m,1920x1080,30.00,8,1920x1080,210,336.046154,30.333388,34.658855,36.599968,9.201377,13.426770,65.866680,63.204082,27.324433,33.470906,30.288178,34.627236,36.572763,0.025207,,,,,,,b696f99ccb29da924eeab1120684610b,
RA,aom,av2,0,E,WorldCup_far_1920x1080_30p.y4m,1920x1080,30.00,8,1920x1080,235,131.940923,26.919201,31.826857,33.682862,6.776964,9.787316,42.001425,39.919616,23.116741,30.298690,26.887063,31.803992,33.661159,0.038013,,,,,,,1586729b854941566db0b0cc96202646,
