TestCfg,EncodeMethod,CodecName,EncodePreset,Class,Name,OrigRes,FPS,BitDepth,CodedRes,QP,Bitrate(kbps),PSNR_Y,PSNR_U,PSNR_V,SSIM_Y(dB),MS-SSIM_Y(dB),VMAF_Y,VMAF_Y-NEG,PSNR-HVS,CIEDE2000,APSNR_Y,APSNR_U,APSNR_V,CAMBI,EncT[s],DecT[s],EncInstr,DecInstr,EncCycles,DecCycles,EncMD5,DecMD5
STILL,aom,av2,0,F1,animals_00.y4m,4032x3024,25.00,8,4032x3024,60,5590225,48.600737,49.500725,50.883898,24.995518,34.440522,96.988825,96.328703,54.215622,47.759820,48.600737,49.500725,50.883898,0.000001,34195.22,2.32,198189314927116,10060433485,90031549580127,6040230234,75c9f3dbfdb45e8ae1dfd1d9448d1875,
STILL,aom,av2,0,F1,animals_00.y4m,4032x3024,25.00,8,4032x3024,85,3690846,42.675071,45.906325,48.340230,18.958471,28.423596,96.228866,95.227134,49.596428,43.319692,42.675071,45.906325,48.340230,0.000006,41727.23,2.20,242767292098112,9709550177,109750298653536,5867226435,a23ffec03a0eaa92e62cab183bef72c6,
STILL,aom,av2,0,F1,animals_00.y4m,4032x3024,25.00,8,4032x3024,110,1979392,36.665051,42.762950,45.924244,13.016765,22.104939,94.223746,92.737601,43.048745,38.723182,36.665051,42.762950,45.924244,0.000307,50182.69,1.44,369175797954008,8098549461,140137981348582,4067160076,f822f80cde28bdcaadaf7ac3f9158afb,
STILL,aom,av2,0,F1,animals_00.y4m,4032x3024,25.00,8,4032x3024,135,861533,32.052600,40.124609,43.635902,9.520101,17.491391,88.066247,86.148769,36.197874,34.905028,32.052600,40.124609,43.635902,0.001613,103477.13,1.38,600242110700144,6315235847,270998503959908,3771230989,bf2379a4a03629e003167d04a6ee56d5,
STILL,aom,av2,0,F1,animals_00.y4m,4032x3024,25.00,8,4032x3024,160,394183,28.657639,37.541305,41.393713,7.507283,14.081355,73.277370,71.126358,29.979081,31.881765,28.657639,37.541305,41.393713,0.008297,71057.87,1.27,406701340844499,5309982355,185665678101001,3597418290,f94242fa2115b1a5f4b2d9e7cef289dd,
STILL,aom,av2,0,F1,animals_00.y4m,4032x3024,25.00,8,4032x3024,185,172766,25.293854,35.034193,39.273406,5.479370,10.497827,49.218717,47.338656,24.234355,28.806463,25.293854,35.034193,39.273406,0.017989,34698.15,1.01,242996569871384,4559049780,96905034011453,2892935115,ab537d79194f1ef18ddee3ac4d7a5c75,
STILL,aom,av2,0,F1,animals_03.y4m,4032x3024,25.00,8,4032x3024,60,3830752,48.722374,50.599357,50.965624,22.275520,31.408735,96.590759,95.818997,52.646807,48.069829,48.722374,50.599357,50.965624,0.000002,50290.33,1.81,284911165464467,8023279257,131269775182194,4748190491,c3acdeb79d9ef7ada130fcecbe2141ff,
STILL,aom,av2,0,F1,animals_03.y4m,4032x3024,25.00,8,4032x3024,85,2137580,42.900486,48.393899,48.742096,16.645788,25.420587,95.275296,94.186668,47.819624,44.184953,42.900486,48.393899,48.742096,0.001254,58867.57,1.62,341822921730208,6905832039,153741310746434,4309598547,b32408aeff43f3196fcd617a955659a9,
STILL,aom,av2,0,F1,animals_03.y4m,4032x3024,25.00,8,4032x3024,110,883376,37.746861,46.190141,46.743276,11.866938,19.664120,92.205001,90.551489,41.391763,40.460994,37.746861,46.190141,46.743276,0.252000,60440.19,1.17,352162141593129,4907442348,158060742669178,3153692352,29d292c317391134893afa12cead812a,
STILL,aom,av2,0,F1,animals_03.y4m,4032x3024,25.00,8,4032x3024,135,319228,34.216208,44.194156,44.815777,8.764166,15.209807,84.008831,81.913072,34.983945,37.606908,34.216208,44.194156,44.815777,1.147144,62578.58,0.79,432058992938454,4504229471,174787469252936,2197752734,beec76c7e9746fa3b2afffdd62d348d4,
STILL,aom,av2,0,F1,animals_03.y4m,4032x3024,25.00,8,4032x3024,160,134211,31.727296,42.491401,42.844744,7.010062,12.167167,67.165566,64.861188,30.040618,35.359470,31.727296,42.491401,42.844744,1.776246,29802.35,0.61,209642296455129,3545127592,83226482875488,1719679790,10b0972427f2f8d051f9455211df1734,
STILL,aom,av2,0,F1,animals_03.y4m,4032x3024,25.00,8,4032x3024,185,59093,29.154208,40.636482,40.398142,5.653918,9.600043,42.523741,40.994660,25.984089,32.894919,29.154208,40.636482,40.398142,1.885778,13689.46,0.61,93267028756830,3812135436,38230693264461,1700738041,372b16a03494214d009d7d6bb514e272,
STILL,aom,av2,0,F1,animals_09.y4m,4032x3024,25.00,8,4032x3024,60,1030073,51.271610,55.502551,56.093985,22.597818,29.325651,96.434377,95.352342,50.750894,54.094888,51.271610,55.502551,56.093985,0.015119,49129.56,1.02,266229178802719,4456739368,126549245644079,2710948126,ba182337dce0bdf73c7af8de032dbf7b,
STILL,aom,av2,0,F1,animals_09.y4m,4032x3024,25.00,8,4032x3024,85,521403,47.566842,53.191578,53.875816,19.316735,24.752508,95.164563,93.768313,46.381345,50.026808,47.566842,53.191578,53.875816,0.039341,38463.37,0.92,211092584507115,3815296551,99105674681281,2451113443,97354df3114b515ffc7adec956b7e678,
STILL,aom,av2,0,F1,animals_09.y4m,4032x3024,25.00,8,4032x3024,110,248977,43.796011,50.882172,51.835623,16.192845,20.323536,91.760730,89.880451,41.404312,46.516216,43.796011,50.882172,51.835623,0.146893,20123.00,0.55,135723845928435,3042253828,56194768329964,1511888586,d951dd6d21c23c2530ecd7709557bf92,
STILL,aom,av2,0,F1,animals_09.y4m,4032x3024,25.00,8,4032x3024,135,104222,40.101860,48.361592,49.522618,13.414719,16.230058,82.431147,80.388710,36.619478,43.121741,40.101860,48.361592,49.522618,0.523275,23537.39,0.80,126072000643727,3991953912,60821337405890,2241965667,26479e9e302a5eb59bcf40f903a4b543,
STILL,aom,av2,0,F1,animals_09.y4m,4032x3024,25.00,8,4032x3024,160,41441,37.024753,45.536979,46.724875,11.625242,13.279090,65.184039,63.210886,33.023341,40.168183,37.024753,45.536979,46.724875,0.816188,12755.39,0.71,66846137934041,3726450985,33123769516917,2015261548,cae9256504b0e5548fe316e447f94a79,
STILL,aom,av2,0,F1,animals_09.y4m,4032x3024,25.00,8,4032x3024,185,17920,34.378520,42.395553,43.514658,10.512661,11.151439,47.049437,45.193188,30.154006,37.437725,34.378520,42.395553,43.514658,1.237059,4951.32,0.45,33351256295270,2890966589,13826475767132,1291122101,2fdf31ae30d3338b5977fde60f34639b,
STILL,aom,av2,0,F1,buildings_02.y4m,4032x3024,25.00,8,4032x3024,60,2745093,48.849972,52.766607,53.544679,21.211282,29.419622,97.247852,96.629908,50.136647,50.049389,48.849972,52.766607,53.544679,1.066352,35512.12,1.28,259431739508188,6422465802,120473819375498,4435027546,d43842b192bbca667e747adfdd2db65b,
STILL,aom,av2,0,F1,buildings_02.y4m,4032x3024,25.00,8,4032x3024,85,1435187,43.731285,50.602873,51.307530,16.544420,24.496057,96.853322,95.902983,46.441949,46.069081,43.731285,50.602873,51.307530,7.469448,24011.16,0.95,172060110643938,4802433757,67051755595914,2687663204,879a24312bb1edc55de875289f6826c2,
STILL,aom,av2,0,F1,buildings_02.y4m,4032x3024,25.00,8,4032x3024,110,743697,39.841014,48.420222,49.236183,14.502993,22.147308,95.419864,94.010947,43.575920,43.220986,39.841014,48.420222,49.236183,11.306905,17836.56,0.94,130408615857895,5013631991,49825943135727,2622744671,00917bb187e4fc64bf671a96cce4eb6f,
STILL,aom,av2,0,F1,buildings_02.y4m,4032x3024,25.00,8,4032x3024,135,370679,36.128744,46.242359,47.204813,13.435305,20.494584,91.366197,89.303788,40.146439,40.651562,36.128744,46.242359,47.204813,11.072531,38725.06,0.98,222569850310732,4438314527,101119080970631,2628356382,9c60a9eb4866db5cb18bf97b15e6868b,
STILL,aom,av2,0,F1,buildings_02.y4m,4032x3024,25.00,8,4032x3024,160,170309,32.260136,44.001085,44.850171,12.112182,18.174706,82.172118,79.246178,35.160058,37.896918,32.260136,44.001085,44.850171,10.603724,29159.56,0.78,166582054756932,3346509437,76290556214299,1953516111,75c517abd179f2dcbcbafd0685f1e677,
STILL,aom,av2,0,F1,buildings_02.y4m,4032x3024,25.00,8,4032x3024,185,72192,28.509074,41.366070,42.367929,10.359787,15.016252,65.992350,62.550922,29.353225,34.875886,28.509074,41.366070,42.367929,8.353604,20013.02,0.68,113879925173616,3175547103,52265317356425,1917089518,c52cf7c0505a911af1270716bcd3135b,
STILL,aom,av2,0,F1,buildings_03.y4m,4032x3024,25.00,8,4032x3024,60,6064443,48.365826,50.761242,50.648523,28.412097,37.776046,97.070904,96.357209,55.127567,47.040300,48.365826,50.761242,50.648523,0.002241,18733.93,2.45,110112991124581,10648786811,49529919009863,6437953131,92ee98885259a31a6e85170476766471,
STILL,aom,av2,0,F1,buildings_03.y4m,4032x3024,25.00,8,4032x3024,85,4214638,42.574358,47.921251,47.745937,22.531611,31.749247,96.389448,95.266719,50.784926,42.909685,42.574358,47.921251,47.745937,0.004070,22567.85,2.17,144387525067545,10233647670,64289955371589,6253114414,799d11800359c9fe91f3a75320b4823f,
STILL,aom,av2,0,F1,buildings_03.y4m,4032x3024,25.00,8,4032x3024,110,2610699,36.796528,45.475732,45.103646,17.340129,25.864135,94.387419,92.763761,44.994092,38.717536,36.796528,45.475732,45.103646,0.005150,50316.27,1.94,309260639731360,8586620031,133557731569776,5251421347,710697e1aedfd88fb3d5b56cae8f2bdb,
STILL,aom,av2,0,F1,buildings_03.y4m,4032x3024,25.00,8,4032x3024,135,1354594,31.596207,43.046033,42.540866,13.164928,20.627086,88.926661,86.745243,37.846066,34.650051,31.596207,43.046033,42.540866,0.012028,111089.88,1.53,650941136359167,7180021639,290885036824049,4186769215,2a744d6b969a6c3d413a1ad70b2e6eb9,
STILL,aom,av2,0,F1,buildings_03.y4m,4032x3024,25.00,8,4032x3024,160,620896,27.198183,40.619593,39.985085,9.624269,15.797508,74.048255,71.877556,30.107016,30.873374,27.198183,40.619593,39.985085,0.032744,71951.11,1.03,538503380695311,5696233792,245826331055455,3696022430,bbd66950c60594896656ba985802f5f0,
STILL,aom,av2,0,F1,buildings_03.y4m,4032x3024,25.00,8,4032x3024,185,258902,23.476288,38.348346,37.718664,6.601688,11.500439,49.510467,47.503209,23.381369,27.374516,23.476288,38.348346,37.718664,0.062069,62147.76,0.92,347035595411474,4121460108,161951719966348,2573655005,bbf53e5a6713c000aab92cdc30593e15,
STILL,aom,av2,0,F1,church.y4m,6000x4000,25.00,8,6000x4000,60,1773999,51.303051,52.105431,52.156329,22.166949,28.906794,96.385889,95.480203,49.233651,51.804603,51.303051,52.105431,52.156329,0.555511,78646.80,1.67,523906875624650,7787693775,219642874768143,4693009231,c76858023c2e251a6a84c85ddf9d1ffc,
STILL,aom,av2,0,F1,church.y4m,6000x4000,25.00,8,6000x4000,85,703830,47.876310,49.759828,49.926349,19.476312,24.918896,94.719677,93.430654,45.798179,48.586032,47.876310,49.759828,49.926349,1.548506,44955.39,1.47,290259960807550,7143193514,125537326374979,4085254365,a20b2a2f04c078bde63fd0f3a8c0be2d,
STILL,aom,av2,0,F1,church.y4m,6000x4000,25.00,8,6000x4000,110,321344,45.178207,47.414372,47.929357,17.652686,21.895019,90.857562,89.091697,42.595341,46.146269,45.178207,47.414372,47.929357,2.041370,23067.85,1.61,159062865180846,8134128795,77649874676629,5864685715,f139f017b760d07f0ce0060a3e5b7595,
STILL,aom,av2,0,F1,church.y4m,6000x4000,25.00,8,6000x4000,135,148849,42.163223,44.911857,45.730269,15.642937,18.667224,82.053246,79.878570,38.816781,43.638600,42.163223,44.911857,45.730269,2.468980,31163.10,1.53,168470409156552,7679712051,80552765828078,4284642672,c61de7dbae66022de1e89b3902db2448,
STILL,aom,av2,0,F1,church.y4m,6000x4000,25.00,8,6000x4000,160,65405,38.895642,42.083270,43.287834,13.559391,15.344632,65.685653,63.268650,34.891171,40.873137,38.895642,42.083270,43.287834,3.145488,13066.42,0.75,90256420539555,3858906167,36493159340411,2114585749,6e5233ad951a789e1e650f8141bebe11,
STILL,aom,av2,0,F1,church.y4m,6000x4000,25.00,8,6000x4000,185,26394,35.653139,39.166790,40.593381,11.730596,12.229513,43.024627,40.891257,31.274118,37.986954,35.653139,39.166790,40.593381,4.205817,8842.01,1.26,44775079070046,6815291715,23211438495341,3559413366,9cf22548368843fe98934e07ab962581,
STILL,aom,av2,0,F1,fireworks_01.y4m,4032x3024,25.00,8,4032x3024,60,4127419,48.945782,54.881889,53.268470,22.173947,30.205985,96.426656,95.766146,53.254049,52.047457,48.945782,54.881889,53.268470,0.000009,47399.77,1.41,319832078117447,7474595325,132391888709270,3923552154,0c2927a275076bfcd672d5d0c895bb3f,
STILL,aom,av2,0,F1,fireworks_01.y4m,4032x3024,25.00,8,4032x3024,85,2478598,42.882522,52.792250,51.690852,16.073892,24.053010,94.977626,94.021835,48.275659,47.551506,42.882522,52.792250,51.690852,0.000042,62869.81,1.65,350544181692611,7206947157,163423419672161,4416971420,d5e1c0a018065057b7f61b4f131e5c02,
STILL,aom,av2,0,F1,fireworks_01.y4m,4032x3024,25.00,8,4032x3024,110,988067,36.994115,50.372114,49.834488,10.020359,17.489524,91.691547,90.216247,40.954924,42.783169,36.994115,50.372114,49.834488,0.000994,49996.27,1.19,376567455900735,5940190320,169778266780079,4213196477,892d6b12d096acfe071a66da6185821d,
STILL,aom,av2,0,F1,fireworks_01.y4m,4032x3024,25.00,8,4032x3024,135,192233,32.935102,47.585810,47.435455,5.697847,11.261192,82.376399,80.892998,33.643371,38.996715,32.935102,47.585810,47.435455,0.336571,47775.01,0.64,334269343516384,3665169561,133416968509109,1800119194,f41e16ace8955c7bfe0dc35e1a373d50,
STILL,aom,av2,0,F1,fireworks_01.y4m,4032x3024,25.00,8,4032x3024,160,42985,31.462431,44.705263,44.564521,4.641066,8.594914,66.767277,65.329041,30.262177,37.393831,31.462431,44.705263,44.564521,12.108857,14779.17,0.59,80136459719634,2668622538,37957703718681,1633079260,00c40c870fb85d939af6262b97347b4c,
STILL,aom,av2,0,F1,fireworks_01.y4m,4032x3024,25.00,8,4032x3024,185,19071,30.617394,41.948409,41.105279,4.444853,8.038222,52.590508,51.376363,28.678863,36.188904,30.617394,41.948409,41.105279,14.070239,7936.19,0.56,41008819576682,2963121407,20459159328399,1599902898,72887bc43d906738aba91d1fd99d77f2,
STILL,aom,av2,0,F1,flowerfield.y4m,3696x2448,25.00,8,3696x2448,60,1209752,51.377437,51.149937,51.562780,23.761613,32.139567,96.805891,96.018606,52.640365,53.252248,51.377437,51.149937,51.562780,0.003342,36249.85,0.85,199168228596424,3435554077,93924610752256,2245677925,0334b7ff912134fa29c9377e3212a523,
STILL,aom,av2,0,F1,flowerfield.y4m,3696x2448,25.00,8,3696x2448,85,637125,47.383217,46.916734,47.531234,20.436255,27.531978,95.705592,94.579667,47.686683,48.708147,47.383217,46.916734,47.531234,0.004805,31138.77,0.76,171322642206899,3099320858,80660058197981,2049682708,31e767f26e9ff5e817e940c8c30d84c1,
STILL,aom,av2,0,F1,flowerfield.y4m,3696x2448,25.00,8,3696x2448,110,328977,43.753087,43.096602,43.998338,17.880167,23.799660,92.844821,91.227914,42.507153,45.169460,43.753087,43.096602,43.998338,0.005599,23544.82,0.73,131199421583066,3326759124,61136803357641,2026198641,d24fc74049ff657a216429f70667d069,
STILL,aom,av2,0,F1,flowerfield.y4m,3696x2448,25.00,8,3696x2448,135,170390,40.130073,39.527990,40.555950,15.413297,20.092230,85.631587,83.568549,37.224687,41.712399,40.130073,39.527990,40.555950,0.004260,21097.37,0.61,148708387914821,2981458227,71713850493024,2214688712,8001f7dfde6e95b6b555296d56e96e34,
STILL,aom,av2,0,F1,flowerfield.y4m,3696x2448,25.00,8,3696x2448,160,87117,36.328485,35.974054,37.144664,12.905443,16.377830,70.099307,67.847142,32.280364,38.093532,36.328485,35.974054,37.144664,0.005299,16217.18,0.58,89439076474865,2635102698,42166832298607,1631599828,b612c9cb33eaa6d6d32df289633fa034,
STILL,aom,av2,0,F1,flowerfield.y4m,3696x2448,25.00,8,3696x2448,185,42572,32.484401,32.810420,33.564433,10.561868,12.913128,46.824847,45.067955,27.820905,34.523296,32.484401,32.810420,33.564433,0.018320,8290.46,0.56,45869761883670,2552314067,21568408315061,1604143633,be870e362dcc4303508115740fdfac86,
STILL,aom,av2,0,F1,flowers_08.y4m,4032x3024,25.00,8,4032x3024,60,5113154,48.544565,49.691743,51.060886,23.659542,33.359069,97.083074,96.446361,53.931341,48.594065,48.544565,49.691743,51.060886,0.009130,35613.50,2.41,205725969481355,9873477584,93371031317603,6380697998,57d529de3c8f641134f7d02c07cd3714,
STILL,aom,av2,0,F1,flowers_08.y4m,4032x3024,25.00,8,4032x3024,85,3205499,42.705289,45.516177,47.732248,17.950984,27.355208,96.355319,95.387586,48.956217,43.792522,42.705289,45.516177,47.732248,0.014379,34021.25,1.76,244250877521825,8875797419,95012413348408,4923262763,2b2d8a10c02127d12325f18926ec1429,
STILL,aom,av2,0,F1,flowers_08.y4m,4032x3024,25.00,8,4032x3024,110,1774010,37.559355,41.921655,44.475788,13.902604,22.376399,94.415073,92.944742,42.740942,39.577380,37.559355,41.921655,44.475788,0.026852,49468.44,1.83,293457181301139,7958933634,130247097811123,4909978170,997493f146d162214e3ab132e98ad30f,
STILL,aom,av2,0,F1,flowers_08.y4m,4032x3024,25.00,8,4032x3024,135,903244,33.142335,38.828349,41.423535,11.139804,18.425732,88.815614,86.690163,36.397467,35.896482,33.142335,38.828349,41.423535,0.043881,94269.72,1.50,540914455026289,6883270781,247013899637159,4095073240,41aa047362737fad4126b8b15494da52,
STILL,aom,av2,0,F1,flowers_08.y4m,4032x3024,25.00,8,4032x3024,160,424879,29.150308,35.717021,38.490252,8.509710,14.433478,74.425980,72.083137,30.093856,32.434723,29.150308,35.717021,38.490252,0.084426,71869.78,1.21,401802920599884,5634059653,187677024580853,3318749411,9fad02965d79b7e325741efcbbfe26e4,
STILL,aom,av2,0,F1,flowers_08.y4m,4032x3024,25.00,8,4032x3024,185,190650,25.518692,32.484622,35.530955,6.107825,10.562611,51.363325,49.405055,24.231653,29.095963,25.518692,32.484622,35.530955,0.137549,44942.58,1.03,255300272181089,4800711010,117287178344589,2864113761,99a7b39da61386421ef830c3296e5f12,
STILL,aom,av2,0,F1,flowers_12.y4m,4032x3024,25.00,8,4032x3024,60,3954523,48.525304,51.774232,53.072094,23.680695,33.751234,97.100101,96.556761,54.089473,48.986023,48.525304,51.774232,53.072094,0.000170,41864.99,1.94,244829834723879,8543374432,109817599790618,5103703130,dc98f849f70989024dfb46f26ec3da4c,
STILL,aom,av2,0,F1,flowers_12.y4m,4032x3024,25.00,8,4032x3024,85,2292552,42.918254,49.162988,50.715728,18.499514,27.898661,96.349528,95.585472,49.201996,44.461787,42.918254,49.162988,50.715728,0.000264,40749.19,1.62,279687135411952,7814851706,113797513198085,4559518381,8a88184f2ef4c0dfda30a34a5b35e470,
STILL,aom,av2,0,F1,flowers_12.y4m,4032x3024,25.00,8,4032x3024,110,1122695,38.059143,46.511960,48.173295,14.500679,22.839569,94.876797,93.531301,42.754373,40.421164,38.059143,46.511960,48.173295,0.000771,56657.91,1.33,331635285967348,5936022926,149032574622770,3670820618,37ee925ffc54612b2e6172cad3057552,
STILL,aom,av2,0,F1,flowers_12.y4m,4032x3024,25.00,8,4032x3024,135,518237,34.262835,43.658544,45.465625,11.629041,18.877862,90.008350,88.129351,36.249659,37.067810,34.262835,43.658544,45.465625,0.015037,74632.18,0.90,510142465799902,5204125914,208427469188684,2554715389,bb4e6b0aa9a98936dbb4f9d2b17dc655,
STILL,aom,av2,0,F1,flowers_12.y4m,4032x3024,25.00,8,4032x3024,160,254054,30.987829,40.845156,42.774831,9.200017,15.210420,77.640406,75.411687,30.305908,34.017922,30.987829,40.845156,42.774831,0.052496,47209.56,0.81,334907393252787,4789421815,131838120022407,2252337572,51dfe6c49b8b141c9bb1322c1da79bcd,
STILL,aom,av2,0,F1,flowers_12.y4m,4032x3024,25.00,8,4032x3024,185,123203,27.583959,38.090845,39.925914,6.869726,11.532823,57.895192,55.733411,25.058022,30.875933,27.583959,38.090845,39.925914,0.063947,26548.43,0.75,188920369473126,4259575576,90531516666632,2722946840,983b1f3697b261630103c8bda4d64b17,
STILL,aom,av2,0,F1,food_02.y4m,4032x3024,25.00,8,4032x3024,60,2944491,48.573980,53.177350,54.252714,20.837627,29.945116,97.027434,96.312601,52.327497,50.720704,48.573980,53.177350,54.252714,0.000364,57923.48,1.65,326000200175325,7155833701,150421904193879,4333899936,b1a1d4bf9f2689e70504e58c597672b9,
STILL,aom,av2,0,F1,food_02.y4m,4032x3024,25.00,8,4032x3024,85,1416894,43.263529,50.637179,52.158031,15.735039,23.878775,96.266814,95.248877,47.039243,46.023829,43.263529,50.637179,52.158031,0.004951,56723.21,1.45,323291373447613,6066082582,147160285829531,3899634657,c787f895e8f107c7d6fa06ee26df9e98,
STILL,aom,av2,0,F1,food_02.y4m,4032x3024,25.00,8,4032x3024,110,590558,39.127008,48.014400,49.912625,12.039270,18.585655,94.241071,92.742543,40.585261,42.304307,39.127008,48.014400,49.912625,0.036771,44232.84,1.14,247572244208838,5158055887,114911768145810,3130854291,a32b4df8a98704c90477824f46551707,
STILL,aom,av2,0,F1,food_02.y4m,4032x3024,25.00,8,4032x3024,135,228214,35.952190,45.205418,47.489819,9.696590,15.252517,87.870402,85.787984,35.524276,39.400153,35.952190,45.205418,47.489819,0.143294,40072.04,0.78,278492081723477,4487128026,111906312725070,2159199015,3e31c3b0351ad427af10b9bb85ca9906,
STILL,aom,av2,0,F1,food_02.y4m,4032x3024,25.00,8,4032x3024,160,96785,33.313520,42.174776,44.782348,8.255186,12.726508,73.826610,71.538238,31.465894,36.919781,33.313520,42.174776,44.782348,0.332321,21299.80,0.64,145382802263814,3818294699,59483740323068,1789528809,007ca738abd5a3f9e5978f50d94616a8,
STILL,aom,av2,0,F1,food_02.y4m,4032x3024,25.00,8,4032x3024,185,40636,30.526503,38.958614,41.614315,6.943813,10.093862,54.910078,52.824253,27.546528,34.248422,30.526503,38.958614,41.614315,1.060304,12585.62,0.90,67663564722937,3313150482,32719361909705,2485861502,18cb0c2235c8173be9e75a182a6f6b41,
STILL,aom,av2,0,F1,fountain.y4m,6406x4270,25.00,8,6406x4270,60,6976580,48.957344,52.037808,52.639243,21.617996,30.237578,96.638429,95.706777,52.103851,51.455057,48.957344,52.037808,52.639243,0.000113,134654.03,3.86,747501109685207,15918417579,349736850799260,10252950768,f610ca89133dc38711c871e22856a11e,
STILL,aom,av2,0,F1,fountain.y4m,6406x4270,25.00,8,6406x4270,85,3740684,43.476840,49.358116,50.120030,16.247026,24.430692,95.523026,94.188728,47.353376,46.554202,43.476840,49.358116,50.120030,0.000649,103863.11,3.10,728778599409535,17138237858,290048168760990,8664642436,2cdee35ad21d9e57f83d2f337ecd9300,
STILL,aom,av2,0,F1,fountain.y4m,6406x4270,25.00,8,6406x4270,110,1387408,38.452437,46.596973,47.452670,11.392491,18.715757,92.309411,90.622472,41.192234,41.979354,38.452437,46.596973,47.452670,0.001674,82366.60,2.27,591380271281008,12604666674,230027055668013,6341608464,4d87beaf68b6838b213bebe60e0eb664,
STILL,aom,av2,0,F1,fountain.y4m,6406x4270,25.00,8,6406x4270,135,415466,35.292864,43.694511,44.552936,8.828707,15.212437,84.693664,82.599311,36.166410,38.930422,35.292864,43.694511,44.552936,0.484915,103452.31,2.12,584094512371884,9897774348,269350117669837,5867596620,cc947be02f97013580b979b53d39cf91,
STILL,aom,av2,0,F1,fountain.y4m,6406x4270,25.00,8,6406x4270,160,184583,33.386834,40.456550,41.362478,7.909184,13.271855,69.891554,67.546766,32.204492,36.922030,33.386834,40.456550,41.362478,0.610747,41481.96,1.53,289415433948589,8972870935,115846758024525,4248391615,b9ebff347a638308740a5905b09e76f6,
STILL,aom,av2,0,F1,fountain.y4m,6406x4270,25.00,8,6406x4270,185,79768,30.939459,37.152698,38.034728,6.874824,10.864288,47.466145,45.297501,28.094406,34.489202,30.939459,37.152698,38.034728,0.507837,20818.16,1.34,141951085352662,8462309302,58136118416054,3774203041,c5c1c8f75e52aa68f5286cae8cf7a60f,
STILL,aom,av2,0,F1,lady.y4m,4480x6720,25.00,8,4480x6720,60,5248189,48.917913,55.893006,55.530669,19.700727,27.901869,96.337804,95.521777,50.057539,50.398347,48.917913,55.893006,55.530669,0.152106,148100.53,3.34,825785461854133,14164235025,382172982653251,8781664141,1121e2246ff265c103408f111ceb6a1f,
STILL,aom,av2,0,F1,lady.y4m,4480x6720,25.00,8,4480x6720,85,1862959,43.462302,53.990306,53.464155,14.182381,21.744085,95.242349,94.072616,45.130309,45.407710,43.462302,53.990306,53.464155,0.940725,126409.99,2.29,708865293053061,9366050613,325332313171129,6126381346,9c345414d8a218c7c628c21c4c46929b,
STILL,aom,av2,0,F1,lady.y4m,4480x6720,25.00,8,4480x6720,110,361851,40.481261,52.013065,51.312637,11.373329,17.986191,92.257929,90.736917,41.114715,42.567543,40.481261,52.013065,51.312637,5.730665,30995.11,1.41,214995346518328,7726103320,86569605577927,4152278147,0238e26941d3dd10f6d4d7913d3e180f,
STILL,aom,av2,0,F1,lady.y4m,4480x6720,25.00,8,4480x6720,135,143878,39.133360,49.888543,49.217019,10.650030,16.346959,84.382821,82.553471,38.421050,41.287705,39.133360,49.888543,49.217019,5.807580,37434.67,1.51,201662825337605,6962301085,96329384532731,4317914309,a4950a9d73f943c739989e02163023cd,
STILL,aom,av2,0,F1,lady.y4m,4480x6720,25.00,8,4480x6720,160,57774,37.466245,47.565589,46.846934,9.980826,14.455474,68.880467,67.127870,35.470134,39.866539,37.466245,47.565589,46.846934,5.869561,19479.79,1.52,101142252364254,8425146543,50579590700362,4265496844,6e17c1cafdd0db31851a3cb02356d1d2,
STILL,aom,av2,0,F1,lady.y4m,4480x6720,25.00,8,4480x6720,185,22182,35.504788,44.583310,43.885525,9.440157,12.422104,46.650027,45.366846,32.536941,37.986503,35.504788,44.583310,43.885525,5.996277,9800.10,1.53,49368403344509,8511398096,25841927029746,4331747632,0fdbf1b26eef8f1bd92fe72ca663d57b,
STILL,aom,av2,0,F1,landscape_05.y4m,4032x3024,25.00,8,4032x3024,60,4187062,48.723691,50.924371,51.836332,22.919114,32.133611,96.930678,96.280402,53.435542,49.639308,48.723691,50.924371,51.836332,0.000001,43065.66,1.95,240217285594192,8420299034,112623258515706,5107251735,adf15dbad663c8ad76a2a178d3303302,
STILL,aom,av2,0,F1,landscape_05.y4m,4032x3024,25.00,8,4032x3024,85,2531225,43.125328,47.624255,48.895345,17.518070,26.273426,96.128165,95.140577,48.457487,44.787406,43.125328,47.624255,48.895345,0.000034,48457.55,1.90,283779806813015,8254738815,126838883964513,5091886649,556f81c7d3121b3bb4f5f33640c08234,
STILL,aom,av2,0,F1,landscape_05.y4m,4032x3024,25.00,8,4032x3024,110,1259332,37.940787,44.402848,45.824552,12.771377,20.613598,94.095667,92.533643,41.918836,40.306033,37.940787,44.402848,45.824552,0.012890,44779.28,1.24,311267407482350,7033728150,125068663012260,3560222574,adb2d8b280e9c524cd2e2cac3c08e5e5,
STILL,aom,av2,0,F1,landscape_05.y4m,4032x3024,25.00,8,4032x3024,135,592053,34.099248,41.327157,42.787756,10.171687,16.886202,87.127763,85.335076,35.886678,36.888396,34.099248,41.327157,42.787756,0.051193,81687.60,1.32,467239271706670,5877531483,213616766710543,3535020502,69d53987c79c0cdcbd2c199393a739c1,
STILL,aom,av2,0,F1,landscape_05.y4m,4032x3024,25.00,8,4032x3024,160,281480,30.659087,38.357730,39.938233,8.186662,13.541214,71.564290,69.698736,30.287938,33.871561,30.659087,38.357730,39.938233,0.117924,55999.26,1.00,319496287834379,4490690469,146449135449171,2783226715,690bc86efb297ec32634bde91fe4380a,
STILL,aom,av2,0,F1,landscape_05.y4m,4032x3024,25.00,8,4032x3024,185,125971,27.134689,35.385452,37.014541,6.267860,10.193199,48.652128,46.989184,25.003048,30.768433,27.134689,35.385452,37.014541,0.305648,26446.96,0.67,186007911066162,3736040643,73858111476376,1859618875,ab8774ba1e833b703e021ae474801af0,
STILL,aom,av2,0,F1,landscape_15.y4m,4032x3024,25.00,8,4032x3024,60,2755259,49.392766,53.328564,53.895404,22.428469,30.339966,96.967322,96.216650,51.128879,50.457620,49.392766,53.328564,53.895404,0.994914,33480.56,1.21,230362674501766,6266524950,93502241819853,3394921475,c683a85e7b785c35a8c76a022adba137,
STILL,aom,av2,0,F1,landscape_15.y4m,4032x3024,25.00,8,4032x3024,85,1619377,44.320096,51.127044,51.695721,18.115124,25.376361,96.185350,95.102755,47.141260,46.362403,44.320096,51.127044,51.695721,3.007353,36824.58,1.32,211767774331107,5593987153,95968458607674,3534324792,fb75f65094a88182ff6923ff0dd695b7,
STILL,aom,av2,0,F1,landscape_15.y4m,4032x3024,25.00,8,4032x3024,110,825395,39.576091,48.888563,49.616545,14.391730,21.102548,94.123566,92.530665,42.456075,42.732250,39.576091,48.888563,49.616545,3.408879,28544.48,1.04,213118741542982,5482873002,97568884308945,3720901554,8e516baa5ba71956a4c0d9312eb39c03,
STILL,aom,av2,0,F1,landscape_15.y4m,4032x3024,25.00,8,4032x3024,135,380659,35.567997,46.593720,47.589181,11.659429,17.520148,87.814272,85.848046,37.212601,39.528746,35.567997,46.593720,47.589181,3.358513,55241.11,0.97,318210085328052,4714991461,144585155346627,2674602820,004d3762a2fbd8d741fc0bfe311df8c6,
STILL,aom,av2,0,F1,landscape_15.y4m,4032x3024,25.00,8,4032x3024,160,172594,32.091049,44.092228,45.173609,9.389957,14.246717,73.732011,71.557797,31.843748,36.574179,32.091049,44.092228,45.173609,3.498833,30175.58,0.71,207101999002151,4156746596,84268806226447,1981822763,dae5257396b8c657da048106f2cf9768,
STILL,aom,av2,0,F1,landscape_15.y4m,4032x3024,25.00,8,4032x3024,185,72789,28.722537,41.261276,42.326361,7.435210,11.197761,52.173574,50.213954,26.759162,33.595021,28.722537,41.261276,42.326361,3.727534,15973.10,0.47,112336264249850,2500801770,44612323615439,1311178481,75054b680657d931d198ac939a736f22,
STILL,aom,av2,0,F1,landscape_16.y4m,4032x3024,25.00,8,4032x3024,60,1516780,50.557961,56.823551,57.718122,22.907975,29.663818,96.923167,96.008995,51.320992,52.828813,50.557961,56.823551,57.718122,0.000005,34675.38,0.89,236026897780814,4847506366,96842824265445,2488011999,47e46805b9b90d2282bb6816f1d1c23a,
STILL,aom,av2,0,F1,landscape_16.y4m,4032x3024,25.00,8,4032x3024,85,859320,46.471300,54.685975,55.457797,19.374446,24.784490,96.165290,94.840161,46.782801,48.691842,46.471300,54.685975,55.457797,0.000034,36661.00,1.02,203707712757726,4115898926,94802712631448,2728656491,d1593e2321556310d1206863f6a0dcb9,
STILL,aom,av2,0,F1,landscape_16.y4m,4032x3024,25.00,8,4032x3024,110,456268,42.246011,52.620818,53.423294,15.920652,20.120476,93.802866,91.968941,41.509286,45.056604,42.246011,52.620818,53.423294,0.000183,27644.97,1.02,156437122869946,4656417880,71594970831977,2807427472,2f5522a00dea7cfe4b74dc4a34487890,
STILL,aom,av2,0,F1,landscape_16.y4m,4032x3024,25.00,8,4032x3024,135,223626,38.222937,50.380391,51.301837,12.947965,16.216721,86.746526,84.605562,36.478730,41.614114,38.222937,50.380391,51.301837,0.025933,30740.83,0.67,212628097098119,4064994937,85851381560337,1833247939,667ecc7d50c4771238fd8810b0f65795,
STILL,aom,av2,0,F1,landscape_16.y4m,4032x3024,25.00,8,4032x3024,160,104620,34.498953,47.890059,48.835256,10.446792,13.105835,70.711831,68.518395,31.833674,38.258669,34.498953,47.890059,48.835256,0.176042,18738.59,0.58,130202601118568,3801278368,52336750750260,1618641108,f92e04a4b112304d66d83002d04bc092,
STILL,aom,av2,0,F1,landscape_16.y4m,4032x3024,25.00,8,4032x3024,185,44838,31.019714,45.315391,46.397552,8.451412,10.136881,47.986019,46.559062,27.514439,35.213467,31.019714,45.315391,46.397552,0.744402,12312.76,0.65,68364102117312,3647029571,32018397614053,1807004853,4f10b3529889b01c825adbba1e9df596,
STILL,aom,av2,0,F1,landscape_18.y4m,4032x3024,25.00,8,4032x3024,60,2502779,49.429739,54.235934,55.751044,21.866683,29.721572,96.910156,96.132506,50.152827,50.922971,49.429739,54.235934,55.751044,1.180559,34641.28,1.24,208656226096634,5623821599,96852641046341,3518405944,d45f507c06e0ed9942623c8002ca1727,
STILL,aom,av2,0,F1,landscape_18.y4m,4032x3024,25.00,8,4032x3024,85,1461001,44.513162,52.229468,54.031203,17.889567,25.641527,95.931640,94.835995,47.287755,47.128502,44.513162,52.229468,54.031203,1.309793,25047.56,0.89,178370076922479,4428000068,69960046164500,2494999295,87c44f79224280d5f3f9c5960f12e81a,
STILL,aom,av2,0,F1,landscape_18.y4m,4032x3024,25.00,8,4032x3024,110,623884,39.327513,50.258309,52.244258,13.308511,20.936688,93.430011,91.877419,43.062743,43.305387,39.327513,50.258309,52.244258,1.234907,33396.83,1.13,196373965987009,4586256390,87330063928220,3088598830,a1211927430e5c5a340d57457f23fcd7,
STILL,aom,av2,0,F1,landscape_18.y4m,4032x3024,25.00,8,4032x3024,135,239959,35.823857,48.452855,50.513051,10.710523,16.996853,86.314645,84.393261,37.639722,40.473406,35.823857,48.452855,50.513051,1.345355,36753.44,0.67,253544915317105,4034649357,102687963913643,1865415398,963ae969360d7ae9a3f51971e4d84fd3,
STILL,aom,av2,0,F1,landscape_18.y4m,4032x3024,25.00,8,4032x3024,160,98512,33.070896,46.573761,48.350663,9.125855,13.860544,70.662464,68.436387,32.792597,38.084102,33.070896,46.573761,48.350663,1.429971,23783.23,0.74,132132702966864,3068040053,62068200614933,2109893051,28ce8efec8a59988e5ada86fceb09079,
STILL,aom,av2,0,F1,landscape_18.y4m,4032x3024,25.00,8,4032x3024,185,37789,30.303130,44.098667,45.719564,7.757691,11.121953,49.103242,46.966812,28.542067,35.504301,30.303130,44.098667,45.719564,1.846600,10754.15,0.58,58877576249733,2962729686,27921399925090,1642951780,c37677e4f3b79bef541fa806d1d5bd2e,
STILL,aom,av2,0,F1,landscape_25.y4m,4032x3024,25.00,8,4032x3024,60,4901494,48.766560,49.000083,50.835306,23.199935,31.328097,96.506795,95.608267,53.053635,46.890350,48.766560,49.000083,50.835306,0.006539,53979.44,2.10,308798889085971,9303411399,141595874679020,5487543769,3ca73f3eaf1f80ad847c5beadcebb4f4,
STILL,aom,av2,0,F1,landscape_25.y4m,4032x3024,25.00,8,4032x3024,85,3043769,42.851919,45.692476,48.962729,17.214932,25.212205,94.873687,93.726327,48.375732,42.816346,42.851919,45.692476,48.962729,0.007813,64733.10,1.79,378258410427547,7772659646,169974698433851,4720224480,aef8e52e8ba4bfaa0267e3445c35f974,
STILL,aom,av2,0,F1,landscape_25.y4m,4032x3024,25.00,8,4032x3024,110,1490507,36.972579,44.225210,47.706436,11.500654,18.964218,91.444110,89.734717,41.715314,39.317714,36.972579,44.225210,47.706436,0.024407,69223.35,1.50,411521641837835,6863254436,181286585881100,4022746096,9340d930abc056b35199e66657211499,
STILL,aom,av2,0,F1,landscape_25.y4m,4032x3024,25.00,8,4032x3024,135,488118,32.198336,42.922192,46.384747,6.874853,12.895076,81.508571,79.487477,34.242127,35.899428,32.198336,42.922192,46.384747,0.515013,81420.52,0.76,569867713083858,4315746998,227392738127564,2148877190,6a137f969316c5ae074dcc84460a10e2,
STILL,aom,av2,0,F1,landscape_25.y4m,4032x3024,25.00,8,4032x3024,160,95363,29.033507,41.538103,44.741727,3.888954,8.022864,62.495477,60.796127,28.242760,33.256451,29.033507,41.538103,44.741727,4.296747,28607.14,0.60,172130686639660,2424312248,80102246782771,1803386924,d63c737a6dd7c7fef2c1c4af91bdef43,
STILL,aom,av2,0,F1,landscape_25.y4m,4032x3024,25.00,8,4032x3024,185,26857,27.759601,40.123802,42.847092,3.226318,6.448923,44.001149,42.720165,25.838778,31.953195,27.759601,40.123802,42.847092,7.386023,8002.54,0.54,54503466733849,3524343865,22349223401597,1528551031,e2d74b9d0f030791a6a85a1e019f4db7,
STILL,aom,av2,0,F1,landscape_26.y4m,4032x3024,25.00,8,4032x3024,60,2926983,49.036988,53.087078,53.240738,21.355498,29.814160,96.881731,95.963413,50.885904,50.016274,49.036988,53.087078,53.240738,0.526308,48958.23,1.69,270492778394277,6785804405,127162326389064,4528184238,ed926233c1d7e247388b01378da228d9,
STILL,aom,av2,0,F1,landscape_26.y4m,4032x3024,25.00,8,4032x3024,85,1605498,43.709631,51.378380,51.590860,16.568704,24.655273,95.830999,94.551182,46.972783,45.940855,43.709631,51.378380,51.590860,0.658666,34045.34,1.13,240562726418005,5603545630,95104744960898,3142336761,a5e76b4a1627e0b39f0295f743c9c165,
STILL,aom,av2,0,F1,landscape_26.y4m,4032x3024,25.00,8,4032x3024,110,695745,38.908306,49.677274,49.980992,12.606079,20.178581,93.040079,91.242700,42.196951,42.231440,38.908306,49.677274,49.980992,0.679684,37983.10,1.20,219538259278632,5428616815,99210642225590,3290547160,e485ac4ca120f6ee03df94385084b8ed,
STILL,aom,av2,0,F1,landscape_26.y4m,4032x3024,25.00,8,4032x3024,135,277097,35.509720,47.877371,48.205261,10.310697,16.697796,85.026243,82.802343,37.044296,39.466339,35.509720,47.877371,48.205261,0.704644,49213.04,1.00,279342245902378,4586725308,128215782784097,2782769169,868d2cf6c0325ef451305b72686c3996,
STILL,aom,av2,0,F1,landscape_26.y4m,4032x3024,25.00,8,4032x3024,160,116394,32.569678,45.825954,46.128070,8.536563,13.492780,67.969679,65.688052,32.107496,36.946072,32.569678,45.825954,46.128070,0.722999,28208.74,0.87,157193747721340,4143966522,73319258043331,2420801834,372a111605c2a5d6fca764be877e1c2c,
STILL,aom,av2,0,F1,landscape_26.y4m,4032x3024,25.00,8,4032x3024,185,45371,29.524419,43.075512,43.540331,6.898505,10.300997,44.022440,42.077943,27.485033,34.228738,29.524419,43.075512,43.540331,0.906875,13240.02,0.66,72483514319571,3297550939,34155744231463,1880638591,d6d4e6b48bce7becf9ed719a685c56a9,
STILL,aom,av2,0,F1,landscape_28.y4m,4032x3024,25.00,8,4032x3024,60,3193691,48.856039,51.147834,52.880923,21.009956,29.617779,97.069785,96.449117,51.142642,50.292262,48.856039,51.147834,52.880923,0.433586,35525.46,1.39,246881473881185,7201100442,99210747173535,3846577342,6c3d6bd60c7de883b735db8a63654c39,
STILL,aom,av2,0,F1,landscape_28.y4m,4032x3024,25.00,8,4032x3024,85,1750061,43.580706,48.187340,50.082922,16.177123,24.032016,96.305529,95.417858,46.807788,46.400529,43.580706,48.187340,50.082922,1.837918,42496.03,1.52,244643730282896,5811715025,110577326407291,4069651360,88808c89de7cf8c7ce5d9ea45b46402d,
STILL,aom,av2,0,F1,landscape_28.y4m,4032x3024,25.00,8,4032x3024,110,856400,39.090689,45.532713,47.419046,12.695268,19.138180,94.482579,93.131679,41.242978,42.948258,39.090689,45.532713,47.419046,5.524825,26996.49,0.93,194008945149858,5037578432,75392345629138,2628758295,f01f62491080a72aecf7f34e4b79df2d,
STILL,aom,av2,0,F1,landscape_28.y4m,4032x3024,25.00,8,4032x3024,135,389375,35.302250,42.960973,44.954926,10.654352,16.483804,89.535431,87.404403,36.816617,39.897256,35.302250,42.960973,44.954926,10.071915,52226.13,0.96,298820339167338,4468596446,136286780926624,2658425221,49a22d79db47ea6044696f5b497b1219,
STILL,aom,av2,0,F1,landscape_28.y4m,4032x3024,25.00,8,4032x3024,160,173762,31.952016,40.681920,42.545161,9.033535,14.359035,76.178458,73.866307,32.053998,37.130038,31.952016,40.681920,42.545161,10.082729,29594.81,0.65,200685962513183,3933341060,82670981142173,1832988311,7c660e75fa27f7f40a78a7ca6b59cb9a,
STILL,aom,av2,0,F1,landscape_28.y4m,4032x3024,25.00,8,4032x3024,185,75569,28.727052,38.424534,40.106437,7.325549,11.762747,55.079291,52.945968,27.067936,34.244832,28.727052,38.424534,40.106437,8.896698,15917.32,0.53,111902347696573,3153234643,44455503689544,1474775599,c51c04dc5de1b204223ef2386d0f91c6,
STILL,aom,av2,0,F1,lodge.y4m,6000x4000,25.00,8,6000x4000,60,6491248,48.775509,51.227214,51.577328,21.649710,29.965811,96.505462,95.502344,51.366156,49.599525,48.775509,51.227214,51.577328,0.000019,78348.28,2.75,545370011400592,14142364057,218850015450043,7716054873,7f54770d245e753a23e64c3e159694da,
STILL,aom,av2,0,F1,lodge.y4m,6000x4000,25.00,8,6000x4000,85,3555669,43.683377,47.747272,48.437278,16.930111,24.543714,95.264125,93.795010,46.975131,44.960685,43.683377,47.747272,48.437278,0.012679,87695.92,2.99,504508084858767,12673350302,228344653011389,8236881517,9b67c0ab883806af50d7ea2050b627a6,
STILL,aom,av2,0,F1,lodge.y4m,6000x4000,25.00,8,6000x4000,110,1635937,39.163983,44.426151,45.518309,13.079281,19.723819,91.537763,89.719051,41.666387,40.986917,39.163983,44.426151,45.518309,0.406970,79479.60,2.16,464658495779293,9339472317,208232562144026,5902809598,f3471bb2d8fc68db2d5d8b48874a70fa,
STILL,aom,av2,0,F1,lodge.y4m,6000x4000,25.00,8,6000x4000,135,776292,35.582689,41.299540,42.863881,10.799175,16.413852,82.370208,80.397503,36.420461,37.904886,35.582689,41.299540,42.863881,0.787606,115202.15,1.75,661105871093423,7572091209,301471774629216,4856179871,aceea3f327172da358091dc19025047b,
STILL,aom,av2,0,F1,lodge.y4m,6000x4000,25.00,8,6000x4000,160,327182,31.844835,38.462198,40.588841,8.422029,12.887448,62.307208,60.533173,30.756431,34.806137,31.844835,38.462198,40.588841,1.140864,77395.59,1.44,437860757068986,6422478906,202754312333916,4043552431,5c2c1c96f46a03b00b4718f1f98371f2,
STILL,aom,av2,0,F1,lodge.y4m,6000x4000,25.00,8,6000x4000,185,110074,28.364039,36.159934,38.711507,6.281107,9.459327,32.696564,31.532520,25.672621,31.846459,28.364039,36.159934,38.711507,1.424233,32847.31,1.22,185702512713930,5754490972,85536624793032,3447225808,2e7e75059f859f5e34cfe00078a78247,
STILL,aom,av2,0,F1,party.y4m,6720x4480,25.00,8,6720x4480,60,4803178,48.853146,56.902313,57.171196,19.326167,27.583868,96.785724,96.125184,49.778155,50.791203,48.853146,56.902313,57.171196,0.000007,157274.06,3.28,870529488292896,13750357115,405786808085389,8597742073,a7615f2ca15bb2ab0adbed9266aa2297,
STILL,aom,av2,0,F1,party.y4m,6720x4480,25.00,8,6720x4480,85,1288122,43.318944,55.252797,55.543171,13.719417,21.113416,96.448474,95.506541,44.540502,45.436133,43.318944,55.252797,55.543171,0.852797,116603.31,2.62,657887139567408,12424464529,299403900822749,7082658096,51069ba7cb732c8205f72c5288075559,
STILL,aom,av2,0,F1,party.y4m,6720x4480,25.00,8,6720x4480,110,204180,41.050662,53.329507,53.677417,11.681714,17.855485,94.989647,93.644013,40.941815,43.164071,41.050662,53.329507,53.677417,7.355060,24216.55,1.92,126364056562472,8766885203,61992993043682,5481089708,08b9d86b5d737220b5b9ccd40ccd8191,
STILL,aom,av2,0,F1,party.y4m,6720x4480,25.00,8,6720x4480,135,79826,40.205657,50.989949,51.375922,11.355343,16.793576,91.052633,89.239080,39.379396,42.264930,40.205657,50.989949,51.375922,9.704876,24803.30,1.47,129326365338660,6711666839,62951277352898,4165920973,91ce27a3abfad86794043a0af91d8801,
STILL,aom,av2,0,F1,party.y4m,6720x4480,25.00,8,6720x4480,160,37554,39.104047,48.085935,48.512702,11.095556,15.936016,82.952637,80.690022,37.559962,41.177035,39.104047,48.085935,48.512702,10.248425,12595.20,1.25,65903386330558,6536262149,32370406253014,3591463161,76a03cad0b8151123cde6d95a1f72f20,
STILL,aom,av2,0,F1,party.y4m,6720x4480,25.00,8,6720x4480,185,17614,37.388851,44.533439,45.149518,10.754503,14.874964,69.316692,66.766384,34.934700,39.540619,37.388851,44.533439,45.149518,9.692013,7216.53,1.23,36848069667479,6874498066,18753598745546,3541678985,276d92a65d712c1b2e1f14b81d4622ff,
STILL,aom,av2,0,F1,river.y4m,5184x3456,25.00,8,5184x3456,60,2392094,48.807721,52.927994,53.764472,19.607148,28.261358,95.811867,94.790264,50.018713,48.405442,48.807721,52.927994,53.764472,0.000140,101863.65,1.97,563460079216533,8099656250,262778905503054,5204405924,c7cd5209d2ca86663a3f7c14ddea109a,
STILL,aom,av2,0,F1,river.y4m,5184x3456,25.00,8,5184x3456,85,606371,44.199529,50.360579,51.705793,15.089338,22.338098,94.009877,92.467643,44.966931,44.549969,44.199529,50.360579,51.705793,0.187928,53871.64,1.08,371507617687329,5317146507,150449815899139,3074027546,e4de5efa4fd3e6d110d8106f6db4991a,
STILL,aom,av2,0,F1,river.y4m,5184x3456,25.00,8,5184x3456,110,259571,42.725212,47.615030,49.842188,14.156500,20.139580,90.324289,88.273812,41.788129,42.863545,42.725212,47.615030,49.842188,0.489201,25057.95,1.17,136135914720347,5017489553,64509327281116,3305181572,827a9823a7761311f085f677d32860ee,
STILL,aom,av2,0,F1,river.y4m,5184x3456,25.00,8,5184x3456,135,127374,40.841681,44.713668,47.887151,13.255519,17.916439,81.820498,79.357697,38.329457,41.012472,40.841681,44.713668,47.887151,0.718331,28153.33,1.28,149772518024551,4487856775,72780181929035,3605456601,f1f20fcdf74440ad5766a011722a6fd6,
STILL,aom,av2,0,F1,river.y4m,5184x3456,25.00,8,5184x3456,160,60154,38.147581,41.826071,45.881366,12.009367,15.289208,65.114391,62.696124,34.498733,38.724004,38.147581,41.826071,45.881366,1.004067,17652.23,0.97,91182367360938,4219149210,45811326564748,2774911087,44354c9a479a5a0ee287c2e538ad03c9,
STILL,aom,av2,0,F1,river.y4m,5184x3456,25.00,8,5184x3456,185,26848,35.024224,39.114182,43.657833,10.666223,12.486986,41.203501,39.356220,30.817987,36.037486,35.024224,39.114182,43.657833,1.339335,9207.54,0.87,46150547958619,4240190707,24228147269021,2503363099,cc64e5d264b6c5356d6dbe6104946863,
STILL,aom,av2,0,F1,santa.y4m,5616x3744,25.00,8,5616x3744,60,2457035,48.920076,54.017674,53.454799,19.469365,27.856034,96.330362,95.424417,49.524641,51.212453,48.920076,54.017674,53.454799,0.403365,95769.76,1.73,644103187647980,8811590831,267531751429877,4813496193,76394c5d1193bb4d942b0898e9139306,
STILL,aom,av2,0,F1,santa.y4m,5616x3744,25.00,8,5616x3744,85,585269,44.498078,51.867202,51.263786,15.205848,22.320632,94.825533,93.558452,44.881499,47.056316,44.498078,51.867202,51.263786,2.616801,50936.49,1.41,350807258989145,7968604534,142254271080813,3956045723,03f36182cb73640aaa7c192c71eb00ca,
STILL,aom,av2,0,F1,santa.y4m,5616x3744,25.00,8,5616x3744,110,232173,43.027949,49.727613,48.863857,14.256690,20.466974,91.028614,89.396455,42.331741,45.372946,43.027949,49.727613,48.863857,3.016338,19959.04,1.21,130594900346542,6630862473,55745037319834,3402912063,53aea89a2d6f280e12b23a8539d85928,
STILL,aom,av2,0,F1,santa.y4m,5616x3744,25.00,8,5616x3744,135,109905,41.337102,47.404452,46.098264,13.449670,18.497282,82.765886,80.718089,39.365951,43.604217,41.337102,47.404452,46.098264,3.097205,24695.88,1.16,130638714514586,5275109213,63811865117797,3291081808,eb07ac1c4592d6d44ae36565eb46af24,
STILL,aom,av2,0,F1,santa.y4m,5616x3744,25.00,8,5616x3744,160,50923,39.021305,44.621760,42.924906,12.499504,16.076025,66.931579,64.825679,35.903962,41.269456,39.021305,44.621760,42.924906,3.303524,10621.79,0.87,70936773216939,5129589213,29661098538302,2444128113,d6861808821349bc7da3730b93b3d794,
STILL,aom,av2,0,F1,santa.y4m,5616x3744,25.00,8,5616x3744,185,23163,36.374368,41.598214,39.462779,11.660646,13.625711,43.759060,41.422536,32.511272,38.491694,36.374368,41.598214,39.462779,3.709712,4789.01,0.91,32441706011313,5852107967,13374123162659,2548072847,62ff1c2bfe8a04fb1957a6d0126aebb4,
STILL,aom,av2,0,F1,seafood.y4m,5184x3456,25.00,8,5184x3456,60,4335820,48.731159,52.496224,52.705138,20.889990,29.818665,96.603734,95.749005,51.648060,49.060228,48.731159,52.496224,52.705138,0.000000,90680.13,2.49,513454590963268,10570668331,235346042523531,6548764713,41566d26bba5a3be92f1f958ab56ec09,
STILL,aom,av2,0,F1,seafood.y4m,5184x3456,25.00,8,5184x3456,85,1999287,43.136765,49.600162,49.997751,15.320060,23.588033,95.456567,94.167989,46.483100,44.460509,43.136765,49.600162,49.997751,0.162183,86765.22,1.93,538973493520690,9064557805,243111365985643,5524482534,55485c43d5d2b054df2a2347db47ed25,
STILL,aom,av2,0,F1,seafood.y4m,5184x3456,25.00,8,5184x3456,110,682208,39.192499,46.700069,47.364948,11.858789,18.934602,92.115734,90.438372,41.002646,41.048491,39.192499,46.700069,47.364948,1.166650,43834.65,1.23,312287535290127,6882454859,122428563746554,3445392665,ac07ef9c14d56c912b114e457b1be381,
STILL,aom,av2,0,F1,seafood.y4m,5184x3456,25.00,8,5184x3456,135,311427,36.778067,43.822868,44.688909,10.512961,16.741115,84.583012,82.469766,36.802758,38.817587,36.778067,43.822868,44.688909,1.339051,51022.41,1.12,371023828575846,5981576481,173673019613950,4051945583,cf8380d38d65b247f7aa71974f87934f,
STILL,aom,av2,0,F1,seafood.y4m,5184x3456,25.00,8,5184x3456,160,137836,33.940105,40.937010,41.755563,8.978951,14.010376,68.827332,66.403409,32.027161,36.306322,33.940105,40.937010,41.755563,1.538310,37315.91,0.98,209063106014766,4067970967,97439630977192,2734902126,170ae46aad53748e3ffd34b2e4047f76,
STILL,aom,av2,0,F1,seafood.y4m,5184x3456,25.00,8,5184x3456,185,56084,30.872785,38.086232,38.843890,7.438501,10.989663,44.293876,42.044882,27.568596,33.568032,30.872785,38.086232,38.843890,1.600869,17542.95,0.99,95019230109809,4490172969,45748122291224,2763281813,7b25e307448b85a57a5ef69d27741fcc,
STILL,aom,av2,0,F1,snow_00.y4m,4032x3024,25.00,8,4032x3024,60,3560592,48.687137,53.424480,54.037099,20.954458,29.303159,96.831761,96.049793,51.931951,50.482825,48.687137,53.424480,54.037099,0.000000,56243.77,1.58,313004209698892,7004659064,145732226340272,4137591081,fbf6daf22e0a5b05642ba2c97856e09c,
STILL,aom,av2,0,F1,snow_00.y4m,4032x3024,25.00,8,4032x3024,85,1954773,42.935798,50.816073,51.617601,15.194653,23.203810,96.078377,94.948319,46.726389,45.804659,42.935798,50.816073,51.617601,0.000010,57327.50,1.38,326479701851963,6197933689,148650683838666,3653596046,c486b308ec63a7154a8d8356e8e6bd7f,
STILL,aom,av2,0,F1,snow_00.y4m,4032x3024,25.00,8,4032x3024,110,667101,37.517804,48.697981,49.635952,9.709827,16.736612,94.173816,92.564863,39.988175,41.473606,37.517804,48.697981,49.635952,0.000494,34389.62,0.79,245795611304695,4468313250,96044690867653,2218757203,389f60a77d32fed3db7e4302722beced,
STILL,aom,av2,0,F1,snow_00.y4m,4032x3024,25.00,8,4032x3024,135,205192,34.789097,46.807664,48.152444,7.766155,13.912196,87.243454,85.465347,35.950917,39.151591,34.789097,46.807664,48.152444,0.037103,43486.65,0.87,240970481660399,4176393517,112917192852488,2436896803,a5aeffccb2aeb94154acdbd548368350,
STILL,aom,av2,0,F1,snow_00.y4m,4032x3024,25.00,8,4032x3024,160,92169,32.901779,44.758718,46.490550,7.106761,12.478763,72.911966,71.112708,32.543032,37.455463,32.901779,44.758718,46.490550,0.038458,19458.67,0.55,129458985049390,3313190136,54339715271121,1585418940,4df7df486f525228a42f47b9417ed189,
STILL,aom,av2,0,F1,snow_00.y4m,4032x3024,25.00,8,4032x3024,185,41208,30.554914,42.441016,44.290968,6.445219,10.721624,52.766216,51.012907,28.614671,35.411810,30.554914,42.441016,44.290968,0.078919,9753.50,0.51,67135860572634,3126399322,27239342080386,1435975715,d145b7d8084436836178f72ed5d1be0d,
STILL,aom,av2,0,F1,trees.y4m,4928x3264,25.00,8,4928x3264,60,3231232,49.075338,52.324743,52.313928,22.376483,31.329145,96.802073,95.998077,52.585859,47.956852,49.075338,52.324743,52.313928,0.000182,66604.00,2.15,371357166359741,8870741120,173474287955562,5764940108,f544b63b6509b136b3b59e90c68f94c9,
STILL,aom,av2,0,F1,trees.y4m,4928x3264,25.00,8,4928x3264,85,1726787,44.671023,49.348486,49.333151,18.764813,26.332185,95.784164,94.562174,47.872799,44.247387,44.671023,49.348486,49.333151,0.001123,62234.11,1.80,355466039654503,7879135516,162188423304499,4870617181,c664760608a8e25da7d15e7f3246cc67,
STILL,aom,av2,0,F1,trees.y4m,4928x3264,25.00,8,4928x3264,110,898781,40.780673,46.243217,46.460760,15.498468,21.579148,92.940910,91.240679,42.045514,40.997848,40.780673,46.243217,46.460760,0.004005,55796.20,1.82,317229774265384,7328668676,145736406210292,5092267116,e4136210d155bfd12ec16e0bc9197086,
STILL,aom,av2,0,F1,trees.y4m,4928x3264,25.00,8,4928x3264,135,455264,36.945751,43.139513,43.949458,12.271400,16.976221,85.468485,83.331150,36.043803,37.772617,36.945751,43.139513,43.949458,0.018665,62728.70,1.09,439156864070511,6279764443,175185437932163,3051729054,c6f3bfcc533f07b05f02118a8e466f43,
STILL,aom,av2,0,F1,trees.y4m,4928x3264,25.00,8,4928x3264,160,215260,33.019787,40.430779,41.981973,9.343814,12.742211,68.742880,66.550565,30.572057,34.561710,33.019787,40.430779,41.981973,0.104633,39399.06,0.86,276613879038296,4870087560,110041416084797,2466439775,4f477e83b9e95a59e2e8ea374edd6fd7,
STILL,aom,av2,0,F1,trees.y4m,4928x3264,25.00,8,4928x3264,185,91254,29.270994,38.128233,40.015314,7.086904,9.257675,45.218589,43.642747,25.861703,31.541224,29.270994,38.128233,40.015314,0.420085,20658.95,0.75,143322038759862,4346595058,57689816271383,2335066699,5f5c119aabd96b7c2429c25121dfb4f9,
STILL,aom,av2,0,F1,underwater_01.y4m,4032x3024,25.00,8,4032x3024,60,3377196,48.645241,50.628398,51.403825,21.613002,31.214985,96.539858,95.646170,53.181170,48.787925,48.645241,50.628398,51.403825,0.001103,43792.87,1.37,318039765914245,7714941954,148705898846956,4760668446,d498bbf91ccb6b209f6146bfe7358000,
STILL,aom,av2,0,F1,underwater_01.y4m,4032x3024,25.00,8,4032x3024,85,1666596,42.920208,47.937807,48.883905,16.057153,25.193262,94.931718,93.767755,47.762719,44.354722,42.920208,47.937807,48.883905,0.010791,50919.56,1.11,356576420292324,5866328833,142196808938360,3092176671,f3b7cfdfc426053804b06329eedcbea0,
STILL,aom,av2,0,F1,underwater_01.y4m,4032x3024,25.00,8,4032x3024,110,634050,38.601624,45.025993,46.262880,12.288895,20.250562,91.264213,89.619197,41.209714,40.694189,38.601624,45.025993,46.262880,0.022090,52854.51,1.05,303096463102781,4726329250,137828085075047,2857631065,d78c0367b55193e1ad22040968e94c52,
STILL,aom,av2,0,F1,underwater_01.y4m,4032x3024,25.00,8,4032x3024,135,273462,35.911868,41.827220,43.511406,10.404266,16.947146,81.898329,79.857602,35.743561,38.082866,35.911868,41.827220,43.511406,0.046725,46858.27,0.69,326350067194407,3969516419,130881442765614,1926540469,824eb232790430ca7e63f69941c43fa9,
STILL,aom,av2,0,F1,underwater_01.y4m,4032x3024,25.00,8,4032x3024,160,129761,33.315994,38.417811,40.695115,8.767566,13.653261,62.759640,60.821024,30.898696,35.446322,33.315994,38.417811,40.695115,0.070092,30227.62,0.81,170242771997005,3622267462,79167760351394,2244385522,92799b0c170045974fd36ea1272d3d11,
STILL,aom,av2,0,F1,underwater_01.y4m,4032x3024,25.00,8,4032x3024,185,56826,30.215531,35.178922,37.973600,7.025280,10.166673,34.537939,33.426350,26.468199,32.525080,30.215531,35.178922,37.973600,0.210206,14039.44,0.70,75579005654359,3212541243,36642691335198,1974582272,1082d1f03ec5665d7fde145c7dc4f993,
STILL,aom,av2,0,F2,Adventure_with_the_Windmills.y4m,896x1110,24.00,8,896x1110,60,556072,48.442688,52.345083,53.722449,29.628863,36.595702,97.047305,96.150674,54.251842,47.914272,48.442688,52.345083,53.722449,0.003536,2814.34,0.21,21263755471353,1012792628,7859038786241,583687343,dbd6f8d58ff46aa60016598871190aa1,
STILL,aom,av2,0,F2,Adventure_with_the_Windmills.y4m,896x1110,24.00,8,896x1110,85,424812,42.838734,51.910630,53.246324,25.681713,30.959544,96.055371,94.837884,51.897042,44.424662,42.838734,51.910630,53.246324,0.000900,4061.06,0.18,28015863218932,794588606,11706525231474,522975751,086f9fd836d282a93799b8fb0165e8e6,
STILL,aom,av2,0,F2,Adventure_with_the_Windmills.y4m,896x1110,24.00,8,896x1110,110,300637,36.917260,51.359494,52.623416,20.462610,24.925727,93.526542,91.988330,46.685322,39.904271,36.917260,51.359494,52.623416,0.004851,7078.82,0.18,45014556994772,754866106,18890447737028,493940282,84df56d43448ce5a35c47b5c718ac993,
STILL,aom,av2,0,F2,Adventure_with_the_Windmills.y4m,896x1110,24.00,8,896x1110,135,187798,31.136007,50.474601,51.518113,15.003744,18.843911,87.069260,85.102179,38.290440,34.863719,31.136007,50.474601,51.518113,0.008633,16561.62,0.12,124313764879058,656514039,46254000212513,358348902,a2fc036da4a9c0fa2293c18bd03846a2,
STILL,aom,av2,0,F2,Adventure_with_the_Windmills.y4m,896x1110,24.00,8,896x1110,160,93366,25.489213,47.691150,51.222168,9.525006,13.277287,70.508638,68.390759,29.982482,29.522977,25.489213,47.691150,51.222168,0.004206,17636.71,0.13,104940960588047,538616870,46390732176258,335404991,bbb9da6cd53f2dd708979740b4cb2e06,
STILL,aom,av2,0,F2,Adventure_with_the_Windmills.y4m,896x1110,24.00,8,896x1110,185,26059,20.448891,46.547805,47.478257,4.370069,8.254804,40.377819,38.823977,22.856974,24.531458,20.448891,46.547805,47.478257,0.004721,10197.45,0.08,60607608336879,364569705,28620586890849,242615446,b4353cabf0a301a84bd0cc3379ba4ce3,
STILL,aom,av2,0,F2,Agapanthus_Postbloom2.y4m,1208x948,24.00,8,1208x948,60,129413,49.259010,50.263566,50.057747,21.154249,29.757042,96.921492,96.231707,50.016196,48.177779,49.259010,50.263566,50.057747,3.015435,8322.71,0.13,45421836557143,522090486,21580562899426,342915340,aa3ebc3af95edac4d034c4afb4538c8b,
STILL,aom,av2,0,F2,Agapanthus_Postbloom2.y4m,1208x948,24.00,8,1208x948,85,70674,46.659387,47.575956,48.428057,19.820567,27.510997,95.923754,94.846572,47.499546,45.778303,46.659387,47.575956,48.428057,3.403426,3561.98,0.10,25539561154779,506510198,12077316053912,393083480,934e549be67e711188306af743041fdb,
STILL,aom,av2,0,F2,Agapanthus_Postbloom2.y4m,1208x948,24.00,8,1208x948,110,39807,43.580522,44.338426,46.489906,18.337671,24.979106,93.604128,91.988557,43.945409,43.149649,43.580522,44.338426,46.489906,3.241103,4346.68,0.12,25218315070788,523670740,11355746444923,348918972,3a122ebc6615058758a6716893320490,
STILL,aom,av2,0,F2,Agapanthus_Postbloom2.y4m,1208x948,24.00,8,1208x948,135,22009,39.827721,40.795816,44.338958,16.225188,21.686549,87.501957,85.335083,39.110834,40.050861,39.827721,40.795816,44.338958,2.917927,5372.50,0.10,30696953765990,453706449,14043601464634,283556836,301cf08158d3b7821633914b3fb19a83,
STILL,aom,av2,0,F2,Agapanthus_Postbloom2.y4m,1208x948,24.00,8,1208x948,160,11664,35.763514,37.430052,41.985557,13.576079,17.871715,73.782558,71.387630,33.774454,36.724920,35.763514,37.430052,41.985557,2.590659,2618.94,0.08,19001414726948,391247336,8907761509171,296558330,cf86acc75e0c842a3f3b8cc162546c61,
STILL,aom,av2,0,F2,Agapanthus_Postbloom2.y4m,1208x948,24.00,8,1208x948,185,5745,31.626205,33.841030,39.910748,10.893741,13.990464,51.681804,49.302937,28.529154,33.144323,31.626205,33.841030,39.910748,1.537521,1663.97,0.08,9393990658583,355351641,4315682421562,211850971,931c7a96d44e52b5013602d2f54ccf36,
STILL,aom,av2,0,F2,Baruch.y4m,968x1188,24.00,8,968x1188,60,604143,48.390154,52.413513,53.890624,30.322361,36.725278,96.959839,95.821419,53.679657,47.436051,48.390154,52.413513,53.890624,0.000072,3599.40,0.22,27292421625099,1061718188,10052889426057,634188636,120bce46530201d593c15920c0dd1a57,
STILL,aom,av2,0,F2,Baruch.y4m,968x1188,24.00,8,968x1188,85,460655,42.935289,52.091828,53.430450,27.691442,31.733366,95.813368,94.288043,52.012561,44.204598,42.935289,52.091828,53.430450,0.000176,4270.88,0.20,33573514362218,964630295,11943197624131,576157269,e72ca9ef4849d12b56bc38cd00525c0c,
STILL,aom,av2,0,F2,Baruch.y4m,968x1188,24.00,8,968x1188,110,323847,37.074190,51.543481,52.642631,23.282874,26.073147,92.951240,90.899524,47.963221,39.901470,37.074190,51.543481,52.642631,0.000092,6396.91,0.16,49841938585934,829341280,17865320633388,460671062,c8ed7b663851ded21de81f5f0b38c9b7,
STILL,aom,av2,0,F2,Baruch.y4m,968x1188,24.00,8,968x1188,135,201515,31.371833,50.474459,51.704705,17.970942,19.984276,85.275139,82.690311,39.708071,35.032152,31.371833,50.474459,51.704705,0.000014,18029.08,0.14,135032715628401,682086040,50352608470265,411428224,97b9b56fa7d103c0069de76f4ca724e7,
STILL,aom,av2,0,F2,Baruch.y4m,968x1188,24.00,8,968x1188,160,98435,25.673901,49.855949,52.000400,12.015222,14.005142,66.963387,64.477674,30.758497,29.896382,25.673901,49.855949,52.000400,0.000012,19500.15,0.13,117348546366463,562947830,51177322417620,372562527,cc94079c02dfb77e7208769c020899e2,
STILL,aom,av2,0,F2,Baruch.y4m,968x1188,24.00,8,968x1188,185,28923,20.835203,48.908825,49.657313,6.601619,8.435726,39.796758,38.177137,23.256439,25.122277,20.835203,48.908825,49.657313,0.000014,11169.58,0.09,64828961381859,401381139,29134359704158,256524792,38f4059dfc11bbdd5ee3b97cdec2f82e,
STILL,aom,av2,0,F2,Berlin-Fernsehturm.y4m,1290x856,24.00,8,1290x856,60,101200,49.757476,51.139656,50.703017,20.609415,28.145268,96.849559,95.951635,48.496734,46.460321,49.757476,51.139656,50.703017,2.326215,6912.48,0.09,47211311330502,383161035,19307362504262,241579231,753521b12cc30aa81a0909ef59641e5c,
STILL,aom,av2,0,F2,Berlin-Fernsehturm.y4m,1290x856,24.00,8,1290x856,85,49524,46.776256,49.692021,48.731855,18.567623,24.732333,95.577838,94.409486,45.816147,44.658487,46.776256,49.692021,48.731855,7.506161,3477.69,0.06,24020725377021,313940981,9712336333326,192843329,6d75c7dc1da7a52e94322da2a700e390,
STILL,aom,av2,0,F2,Berlin-Fernsehturm.y4m,1290x856,24.00,8,1290x856,110,24354,43.518711,47.878526,46.669647,16.446313,21.625182,92.248637,90.774157,42.710016,42.892230,43.518711,47.878526,46.669647,8.701295,2544.18,0.07,18004388904587,368425269,7104856617931,200365565,e8d1b749a3dfd0e5a71af58a4f0c0634,
STILL,aom,av2,0,F2,Berlin-Fernsehturm.y4m,1290x856,24.00,8,1290x856,135,11323,40.066690,45.611691,44.289915,14.231900,18.637843,84.672549,82.803269,38.988959,40.912156,40.066690,45.611691,44.289915,8.819860,2286.47,0.05,17041856573165,246219545,7789401311039,207459153,87ae3a892723ccb7ea58cdea24aa475f,
STILL,aom,av2,0,F2,Berlin-Fernsehturm.y4m,1290x856,24.00,8,1290x856,160,4836,36.600916,43.160046,41.617426,12.117857,15.568821,70.068598,67.647804,34.870861,38.635854,36.600916,43.160046,41.617426,8.736169,1168.43,0.04,8429960543364,204023016,3263311472400,116967970,c6241f79b6e8f69efb5338738b40fb75,
STILL,aom,av2,0,F2,Berlin-Fernsehturm.y4m,1290x856,24.00,8,1290x856,185,1857,33.410087,40.791363,39.438027,10.385747,12.557978,46.586517,44.954861,30.814184,36.253201,33.410087,40.791363,39.438027,8.866984,575.54,0.05,3198695666964,258283068,1497792836700,150949816,c1b70802daddd420c9ab9de37b6a4b80,
STILL,aom,av2,0,F2,Big_Easy_chair.y4m,1196x1008,24.00,8,1196x1008,60,98966,48.691117,48.283833,48.721474,19.022463,27.511421,96.936348,96.064621,48.432357,47.000709,48.691117,48.283833,48.721474,0.029990,13166.48,0.11,87908953335446,481952407,36773906620784,316798793,f4f691936c099b35570257c27ec9e287,
STILL,aom,av2,0,F2,Big_Easy_chair.y4m,1196x1008,24.00,8,1196x1008,85,22898,46.087613,46.330920,47.479542,16.724034,23.386080,96.090524,94.905886,44.723615,44.868563,46.087613,46.330920,47.479542,2.316567,5034.19,0.09,27399962972723,359995174,12964519898102,246521553,bbbbfab14adb3318bd927e15557bda9f,
STILL,aom,av2,0,F2,Big_Easy_chair.y4m,1196x1008,24.00,8,1196x1008,110,9362,44.657105,45.596173,46.735961,15.944405,21.281009,93.969531,92.218304,42.422025,43.850560,44.657105,45.596173,46.735961,4.519632,1960.62,0.10,10660455445785,353243249,5023838884264,277354663,7b5bb68cb117b2c8db894e3f61195590,
STILL,aom,av2,0,F2,Big_Easy_chair.y4m,1196x1008,24.00,8,1196x1008,135,4667,43.023792,44.535361,45.626901,15.329623,19.574623,89.190029,86.698993,40.221373,42.696937,43.023792,44.535361,45.626901,5.423839,1406.77,0.08,7560795116646,377013907,3606468523545,224351228,665e0e731e9ab35660eeadc906c53d5f,
STILL,aom,av2,0,F2,Big_Easy_chair.y4m,1196x1008,24.00,8,1196x1008,160,2496,40.749594,42.800433,44.041174,14.526279,17.595586,80.369241,77.049772,37.423703,41.011460,40.749594,42.800433,44.041174,5.112435,493.73,0.05,3370913546311,336968335,1379469274561,158388404,b29bf12b459b77caae0fc2c2274ac04e,
STILL,aom,av2,0,F2,Big_Easy_chair.y4m,1196x1008,24.00,8,1196x1008,185,1361,37.677928,40.486757,41.961552,13.478396,15.287987,67.785746,62.674447,33.940258,38.737186,37.677928,40.486757,41.961552,4.508345,235.31,0.07,1533471276481,338047825,794960172616,260174423,5203c6a9560f429a8f585295bb1bc699,
STILL,aom,av2,0,F2,Butterfly.y4m,1420x918,24.00,8,1420x918,60,198296,48.682029,48.841783,50.312445,19.291154,27.585511,96.919998,96.140442,48.547434,45.610062,48.682029,48.841783,50.312445,2.152491,12767.05,0.15,72536117380191,614044496,33110328998581,395905481,5eae545ca7e22b63bc74c0a50804c0ea,
STILL,aom,av2,0,F2,Butterfly.y4m,1420x918,24.00,8,1420x918,85,66671,44.351076,46.239932,48.162865,15.400226,23.318309,96.081707,94.960419,45.466648,42.965293,44.351076,46.239932,48.162865,11.657739,7793.68,0.12,44572969023148,524324741,20295304277277,313974497,80ae640acf40667f113c00e8d1c32af9,
STILL,aom,av2,0,F2,Butterfly.y4m,1420x918,24.00,8,1420x918,110,22080,41.830430,44.858640,46.542375,13.540539,20.360044,93.279999,91.879851,42.120597,41.517018,41.830430,44.858640,46.542375,11.748162,2947.76,0.07,20951077349360,403919274,8231770978494,210512646,3a4d8658534894493a579d237c1ecb34,
STILL,aom,av2,0,F2,Butterfly.y4m,1420x918,24.00,8,1420x918,135,10012,40.040123,43.216220,44.567759,12.911410,18.957708,87.424924,85.538066,39.490897,40.309321,40.040123,43.216220,44.567759,11.622590,3240.94,0.09,18644254447687,349764718,8470255719380,230082804,d560192935070356195d4094f35167f7,
STILL,aom,av2,0,F2,Butterfly.y4m,1420x918,24.00,8,1420x918,160,5015,37.891484,41.151970,42.402792,12.276819,17.468401,77.042351,74.602036,36.219123,38.834936,37.891484,41.151970,42.402792,10.912708,1354.02,0.06,9788349649920,346224334,3781460510575,167079232,058f25fe92d015c5095eedf4921eebf2,
STILL,aom,av2,0,F2,Butterfly.y4m,1420x918,24.00,8,1420x918,185,2604,35.009391,38.769218,39.844599,11.327190,15.275745,58.831839,56.049409,32.027603,36.856174,35.009391,38.769218,39.844599,9.364482,855.59,0.08,4846248142054,399374165,2233834003993,211047001,3116459a129b1fa0b5e45e977f643c7c,
STILL,aom,av2,0,F2,Cecret_Lake_Panorama.y4m,1586x752,24.00,8,1586x752,60,546215,48.955228,49.270862,49.121631,24.194502,32.517330,96.880055,95.919700,52.720803,46.611735,48.955228,49.270862,49.121631,0.009507,7122.48,0.26,44237921082764,1116369374,19079469526733,679011568,02fa40facb24119c045a30a86e82bbe5,
STILL,aom,av2,0,F2,Cecret_Lake_Panorama.y4m,1586x752,24.00,8,1586x752,85,371942,43.610846,44.751000,45.153488,20.069676,27.885471,95.679435,94.428709,48.680124,42.076290,43.610846,44.751000,45.153488,0.027914,7936.17,0.24,47676433952364,983821419,21103898795511,654010466,c09f0ade5628322b7a02158ed6c76083,
STILL,aom,av2,0,F2,Cecret_Lake_Panorama.y4m,1586x752,24.00,8,1586x752,110,233710,37.914372,41.115599,42.390064,15.661419,23.109717,92.505434,90.973345,43.243860,37.912448,37.914372,41.115599,42.390064,0.063398,8395.44,0.16,64359683736888,864135862,23450312896954,442710290,12c8e1fb195b24146a75feef0659069f,
STILL,aom,av2,0,F2,Cecret_Lake_Panorama.y4m,1586x752,24.00,8,1586x752,135,121971,32.046413,38.764341,40.396219,10.914078,18.028677,84.220269,82.467501,36.603752,33.791360,32.046413,38.764341,40.396219,0.091491,19960.94,0.15,121628917056469,701935467,52572850108792,436524987,2c360909accd739358338317d861805e,
STILL,aom,av2,0,F2,Cecret_Lake_Panorama.y4m,1586x752,24.00,8,1586x752,160,38687,26.859938,36.834515,38.406352,6.455226,12.843413,65.266800,63.233913,29.544245,29.782563,26.859938,36.834515,38.406352,0.053165,14098.65,0.11,82656316740208,457273476,36939635548404,295987336,dcc2179a253d3193c96230a58ef3ebd8,
STILL,aom,av2,0,F2,Cecret_Lake_Panorama.y4m,1586x752,24.00,8,1586x752,185,10486,23.988923,35.133742,36.665514,4.128058,8.743810,35.001538,33.644246,23.686327,27.237450,23.988923,35.133742,36.665514,0.147915,4361.37,0.08,24942528525909,342432788,11372405649713,226540760,a04bda5627ab28a01498e406a818c2c8,
STILL,aom,av2,0,F2,Claudette.y4m,900x1100,24.00,8,900x1100,60,400589,48.763052,50.192082,50.521068,23.600012,32.420735,96.701715,95.724501,52.934268,45.682089,48.763052,50.192082,50.521068,0.022871,3761.76,0.17,27213017813694,874387744,10508296919337,491713820,5ed053182c064b56b21fd84441589023,
STILL,aom,av2,0,F2,Claudette.y4m,900x1100,24.00,8,900x1100,85,270033,43.149725,48.444446,48.924996,18.555449,26.926047,95.190330,93.901068,48.726286,42.457274,43.149725,48.444446,48.924996,0.109262,5151.87,0.15,37598964792595,746785525,14388906692104,443653090,7877a6e964ee45e335bc583f7af3c911,
STILL,aom,av2,0,F2,Claudette.y4m,900x1100,24.00,8,900x1100,110,161880,37.555511,46.783934,47.405995,13.656609,21.340423,91.327926,89.735336,42.655555,38.711376,37.555511,46.783934,47.405995,0.145780,9649.23,0.13,58924766413694,549442710,25468102326772,359282419,2b4ce0c801ea18cd4598a2169914f2e4,
STILL,aom,av2,0,F2,Claudette.y4m,900x1100,24.00,8,900x1100,135,80171,32.244462,45.163186,45.862394,9.530434,16.247866,81.415639,79.623996,35.768813,34.680875,32.244462,45.163186,45.862394,0.174424,14623.27,0.12,87255452341535,506874649,38307216398017,324663563,89383a59a1c2dd3f310091aa5a98a373,
STILL,aom,av2,0,F2,Claudette.y4m,900x1100,24.00,8,900x1100,160,24383,27.442409,42.821587,44.154247,5.771661,11.552360,59.022726,57.387338,29.229209,30.674997,27.442409,42.821587,44.154247,0.345635,7117.55,0.06,51488325184976,355892714,19881793515103,180448647,e8c71e0722166bf1ab6fe033d98b5d87,
STILL,aom,av2,0,F2,Claudette.y4m,900x1100,24.00,8,900x1100,185,6401,24.827495,40.764305,41.936130,3.850902,7.863262,27.762809,26.836671,23.952644,28.130143,24.827495,40.764305,41.936130,0.621707,1862.37,0.05,13292861975175,309655989,5201337230619,152222418,895f302e15902d39b76497f6fe492c98,
STILL,aom,av2,0,F2,Collage_Oppeln.y4m,904x1280,24.00,8,904x1280,60,320695,49.130360,49.602449,50.191456,22.883469,31.592894,96.995969,96.232288,51.561714,46.653202,49.130360,49.602449,50.191456,0.027407,6738.00,0.19,39177859006717,775280387,17695427892608,502951900,61598c31a2e419cd97c3d60fed8ea8bb,
STILL,aom,av2,0,F2,Collage_Oppeln.y4m,904x1280,24.00,8,904x1280,85,196921,44.337091,46.351325,47.113831,19.314811,27.538121,96.147490,95.042429,48.124470,43.048809,44.337091,46.351325,47.113831,0.102524,6471.99,0.17,38092620831512,704143857,17027112010308,479678765,e9701d4c8ccbe9d37246ad52d1ee1051,
STILL,aom,av2,0,F2,Collage_Oppeln.y4m,904x1280,24.00,8,904x1280,110,109771,39.350913,43.285320,44.171025,15.449115,23.113866,93.589002,92.126175,43.077630,39.619233,39.350913,43.285320,44.171025,0.168010,8238.04,0.16,49575080760970,605207727,21678996823576,432039883,972386d6f41e86a7d6cc3ea6390a2f85,
STILL,aom,av2,0,F2,Collage_Oppeln.y4m,904x1280,24.00,8,904x1280,135,54273,34.661725,40.464866,41.192991,11.901111,18.827197,87.712434,85.718063,37.120554,36.230048,34.661725,40.464866,41.192991,0.181732,11701.24,0.13,69650384506540,575092066,30735945381867,362073397,e60e683750e12320a13e5ca38b7af4d6,
STILL,aom,av2,0,F2,Collage_Oppeln.y4m,904x1280,24.00,8,904x1280,160,23520,30.491163,37.801836,38.618573,8.899906,14.763616,73.563571,71.253192,31.150845,32.986228,30.491163,37.801836,38.618573,0.177963,5985.82,0.09,43869398113367,465983824,20409408708717,373331569,3975926d0feb668a23d951cdea17cbef,
STILL,aom,av2,0,F2,Collage_Oppeln.y4m,904x1280,24.00,8,904x1280,185,8929,26.961458,35.119079,35.852272,6.486021,10.912885,51.117298,48.929023,25.630570,29.938385,26.961458,35.119079,35.852272,0.179933,3208.17,0.08,18195613084903,322101639,8327079398272,209179011,71c891ccf7de7fbc35ef8cf5abcf8527,
STILL,aom,av2,0,F2,Corona_Arch.y4m,1272x922,24.00,8,1272x922,60,350987,48.705018,48.972907,49.277549,20.789487,29.520964,96.737903,95.784752,50.663031,49.972509,48.705018,48.972907,49.277549,0.000675,11186.90,0.19,63970244600128,837255280,29281305471851,513019465,60def5442ec9b00a1249f58f6973abc4,
STILL,aom,av2,0,F2,Corona_Arch.y4m,1272x922,24.00,8,1272x922,85,188411,43.453575,46.724254,45.450237,16.155077,23.974050,95.592406,94.294265,46.158404,45.386230,43.453575,46.724254,45.450237,2.362938,7459.93,0.15,44374213432172,590470106,19637105710320,389185797,efd91889489fc2af8325cce1fa826644,
STILL,aom,av2,0,F2,Corona_Arch.y4m,1272x922,24.00,8,1272x922,110,93681,38.831497,44.731128,42.182814,13.197292,20.703367,92.333409,90.662924,42.370787,41.841131,38.831497,44.731128,42.182814,5.024283,7841.15,0.11,61120730861776,562542189,26980046088656,396772328,d089c44af2ca0474e1d321138155237e,
STILL,aom,av2,0,F2,Corona_Arch.y4m,1272x922,24.00,8,1272x922,135,37314,34.548383,42.644425,39.427971,10.080943,16.892044,84.080643,81.881842,36.778434,38.605445,34.548383,42.644425,39.427971,5.318863,11043.17,0.10,66058012288398,465193462,29130261971076,292872736,1c2b92a363472070546ac277b720418e,
STILL,aom,av2,0,F2,Corona_Arch.y4m,1272x922,24.00,8,1272x922,160,12877,31.233653,40.342512,36.845760,7.567500,13.033929,64.392559,62.460317,31.028344,35.909251,31.233653,40.342512,36.845760,5.941250,3840.52,0.06,27785841047360,399323684,10727513786970,192811953,af4a346c7d8823eb7b9c722f868720b4,
STILL,aom,av2,0,F2,Corona_Arch.y4m,1272x922,24.00,8,1272x922,185,4209,28.686891,37.388500,34.349592,5.981665,9.896171,37.390407,35.822597,26.571402,33.582453,28.686891,37.388500,34.349592,5.469359,1122.35,0.05,7988159079659,308406842,3134249776742,148391761,ab75264fe509f034b3e15a01b0773b07,
STILL,aom,av2,0,F2,Correfocs_Festa_Major_del_Clot.y4m,1306x870,24.00,8,1306x870,60,222894,48.763964,49.962699,49.541446,20.368130,28.987612,96.543874,95.554642,50.150706,48.904925,48.763964,49.962699,49.541446,0.419281,8752.40,0.18,49286000070758,691812450,22748451493545,457186473,c6633df891dfb09f5d7a66792641253f,
STILL,aom,av2,0,F2,Correfocs_Festa_Major_del_Clot.y4m,1306x870,24.00,8,1306x870,85,116037,44.774882,47.480860,46.370273,17.201947,24.672250,94.911220,93.614986,46.254477,45.605165,44.774882,47.480860,46.370273,1.457475,6533.18,0.15,36787833354892,575078215,17014379900680,406573720,c0c7022e6d20ecd3078a3bd272805949,
STILL,aom,av2,0,F2,Correfocs_Festa_Major_del_Clot.y4m,1306x870,24.00,8,1306x870,110,62127,41.064897,45.068565,43.221043,14.744847,21.063186,90.705245,88.964078,41.984709,42.729646,41.064897,45.068565,43.221043,1.611437,5575.18,0.12,35258311986388,504286238,15745110713506,345561746,7cd5e584a01f95bf56b631f831a62438,
STILL,aom,av2,0,F2,Correfocs_Festa_Major_del_Clot.y4m,1306x870,24.00,8,1306x870,135,31520,37.095319,42.795016,39.923582,12.181281,17.362677,81.363955,79.143810,37.169565,39.720668,37.095319,42.795016,39.923582,1.570541,6949.65,0.10,41062486825816,441404543,18216387819436,292371245,8918dc0891380e00d2a29d5b482547fc,
STILL,aom,av2,0,F2,Correfocs_Festa_Major_del_Clot.y4m,1306x870,24.00,8,1306x870,160,13620,32.956756,40.470371,36.694587,9.443963,13.321112,62.687015,60.180735,31.926403,36.568688,32.956756,40.470371,36.694587,1.588233,3832.94,0.08,22690034920184,318029319,10031411992681,223704701,a39c7bacb44edcbc0f8ab16046de31a8,
STILL,aom,av2,0,F2,Correfocs_Festa_Major_del_Clot.y4m,1306x870,24.00,8,1306x870,185,3819,28.990242,38.200061,33.494019,7.057466,9.212594,32.338375,31.329286,26.791426,33.408329,28.990242,38.200061,33.494019,2.072637,1016.79,0.06,7379503953676,294002583,3448486200774,219634991,044c016a2a732e543feb62d8a027c883,
STILL,aom,av2,0,F2,Crepuscular_rays_at_Sunset_near_Waterberg_Plateau.y4m,1402x934,24.00,8,1402x934,60,377996,48.945154,49.565506,49.518413,21.567122,30.107048,96.060005,94.794538,51.646752,47.211146,48.945154,49.565506,49.518413,0.218989,9920.74,0.20,54372033899612,878469799,25909837914820,539224020,b389e60a02fe557aabbe8c24fc255992,
STILL,aom,av2,0,F2,Crepuscular_rays_at_Sunset_near_Waterberg_Plateau.y4m,1402x934,24.00,8,1402x934,85,224139,44.066926,46.506023,46.180097,17.698324,25.541238,93.710041,92.146473,47.582257,43.392227,44.066926,46.506023,46.180097,0.517820,10452.92,0.19,60451880459748,740194583,27383356621253,489444228,e47b1c17316255b50c77ce9b1b8540dd,
STILL,aom,av2,0,F2,Crepuscular_rays_at_Sunset_near_Waterberg_Plateau.y4m,1402x934,24.00,8,1402x934,110,110493,38.726002,43.849661,43.376130,12.994424,20.443673,87.909421,86.131966,41.945608,39.652555,38.726002,43.849661,43.376130,0.497505,13816.94,0.15,82860617397331,622770925,36372437003294,406057460,0de8041563512308efaf97bd6f29e9a8,
STILL,aom,av2,0,F2,Crepuscular_rays_at_Sunset_near_Waterberg_Plateau.y4m,1402x934,24.00,8,1402x934,135,35590,33.953721,41.459609,40.957080,8.455370,14.971770,73.925358,71.908679,35.389178,36.114128,33.953721,41.459609,40.957080,0.681010,10128.05,0.08,71380336098676,459452621,28283494715113,247886061,88d0a6bbfb99b641877e5f0bfc897fc3,
STILL,aom,av2,0,F2,Crepuscular_rays_at_Sunset_near_Waterberg_Plateau.y4m,1402x934,24.00,8,1402x934,160,8906,31.058437,39.218023,38.706850,6.031884,10.791817,45.450662,44.030322,30.205361,33.525225,31.058437,39.218023,38.706850,0.642962,2519.77,0.07,17848257640991,389889329,7040178856881,197619664,b44c615b02a0054d54b092efc8a5c854,
STILL,aom,av2,0,F2,Crepuscular_rays_at_Sunset_near_Waterberg_Plateau.y4m,1402x934,24.00,8,1402x934,185,2593,29.353954,36.733817,36.387021,5.081472,8.150626,14.383659,13.742082,26.962829,31.620794,29.353954,36.733817,36.387021,1.146965,587.39,0.06,3976721686183,244779006,1961333554069,222420189,5cae78b77a2a2a13a77a2237a656a32b,
STILL,aom,av2,0,F2,Esquibien_Jean_Perrot.y4m,818x1228,24.00,8,818x1228,60,363946,48.770981,50.297164,50.289340,22.499826,30.981385,96.921274,96.048654,51.626130,46.682903,48.770981,50.297164,50.289340,0.673529,6118.84,0.16,44125665697609,780725574,17089825032137,429492022,bb9286a42e7ee035e49f563b5a9eb4b4,
STILL,aom,av2,0,F2,Esquibien_Jean_Perrot.y4m,818x1228,24.00,8,818x1228,85,231954,43.384198,47.941555,47.702916,17.856352,25.796455,95.897773,94.729733,47.695510,43.164631,43.384198,47.941555,47.702916,0.768734,8287.21,0.14,47890683735263,571624973,21835072019951,381076773,d07cbe5bdedc1eccdb51e57f9d46e217,
STILL,aom,av2,0,F2,Esquibien_Jean_Perrot.y4m,818x1228,24.00,8,818x1228,110,126747,37.675889,46.499053,46.133258,13.027303,20.962882,93.345556,91.682449,42.766607,39.441239,37.675889,46.499053,46.133258,0.683781,9306.35,0.09,69797577541069,487448358,25988713104612,275596117,de59642101ee1d8d584a36f347bdaf79,
STILL,aom,av2,0,F2,Esquibien_Jean_Perrot.y4m,818x1228,24.00,8,818x1228,135,44539,32.329266,44.984143,44.525925,8.059789,15.246936,86.297930,84.204256,35.865779,35.380427,32.329266,44.984143,44.525925,0.589596,11012.16,0.08,76919374216502,436332258,30755261062842,224229275,09f101236dd554cdc1ef61f5f0d78346,
STILL,aom,av2,0,F2,Esquibien_Jean_Perrot.y4m,818x1228,24.00,8,818x1228,160,11769,29.181003,43.135817,42.722166,5.502839,11.228893,69.743831,67.675832,29.933534,32.677619,29.181003,43.135817,42.722166,0.669781,4173.34,0.05,29818242766819,331237289,11656827136509,161883115,17b0ef17461ef36781c6be7962553352,
STILL,aom,av2,0,F2,Esquibien_Jean_Perrot.y4m,818x1228,24.00,8,818x1228,185,4358,27.198826,40.737559,40.606167,4.637145,9.297152,49.137843,46.533081,26.149689,30.832688,27.198826,40.737559,40.606167,0.850189,1496.62,0.05,10568148522430,259482705,4179790209155,131784269,7575a8c6216eaafe4a7572a1e9e93b2a,
STILL,aom,av2,0,F2,Florac-Le_Vibron-Source_du_Pecher.y4m,1080x874,24.00,8,1080x874,60,453265,48.785253,48.325106,48.245356,23.858834,32.573311,96.946710,96.130543,53.312162,45.037933,48.785253,48.325106,48.245356,0.035090,5272.01,0.18,39003182336957,915413512,14724558133509,503666053,d5cbc0c50d7cc805c9ed45562f6ac498,
STILL,aom,av2,0,F2,Florac-Le_Vibron-Source_du_Pecher.y4m,1080x874,24.00,8,1080x874,85,285787,42.962244,44.050768,44.067625,18.328677,26.967180,95.987518,94.816942,48.578535,40.577749,42.962244,44.050768,44.067625,0.287427,7047.01,0.17,43314409858386,730004568,18741940029712,456956647,3f859604f26df70bedb4676f977dc8d3,
STILL,aom,av2,0,F2,Florac-Le_Vibron-Source_du_Pecher.y4m,1080x874,24.00,8,1080x874,110,157837,37.171753,41.243305,41.609382,12.958091,21.128793,93.041793,91.600349,42.415430,37.045906,37.171753,41.243305,41.609382,0.357527,10472.35,0.14,64660479547322,597769911,27617969523005,379559805,622cbda69171f0aa874cf1042f5fa0f5,
STILL,aom,av2,0,F2,Florac-Le_Vibron-Source_du_Pecher.y4m,1080x874,24.00,8,1080x874,135,75686,32.129265,39.227931,39.772885,8.997345,16.151659,85.736071,83.799772,35.696345,33.631669,32.129265,39.227931,39.772885,0.648440,14661.31,0.11,86908795320005,485468607,38568659749880,303613129,1ab5597631fef500c72b35235d775d06,
STILL,aom,av2,0,F2,Florac-Le_Vibron-Source_du_Pecher.y4m,1080x874,24.00,8,1080x874,160,27385,27.793528,37.287250,38.108530,5.829451,11.568908,68.922056,66.647810,29.327764,30.421150,27.793528,37.287250,38.108530,0.771612,7092.10,0.07,51128360408776,383680742,19805683849773,196807902,a86085e5ba5121c4e101b8e3e5a413d7,
STILL,aom,av2,0,F2,Florac-Le_Vibron-Source_du_Pecher.y4m,1080x874,24.00,8,1080x874,185,7736,24.662950,35.244052,36.160104,3.890814,7.957642,42.947406,41.432423,24.087371,27.870902,24.662950,35.244052,36.160104,0.691871,2594.77,0.05,17999050628314,273621889,7246072217575,144475487,e3f32982c9c87e977e6707fe510e033e,
STILL,aom,av2,0,F2,Fontaine_Place_Stanislas.y4m,1390x820,24.00,8,1390x820,60,268386,49.222812,48.977117,50.386844,21.929480,29.853696,96.931747,96.120664,50.293689,45.788782,49.222812,48.977117,50.386844,6.168174,5729.78,0.14,39381739700309,687644607,16000617550773,405495318,892e98ae130c875efe0d58362b15076b,
STILL,aom,av2,0,F2,Fontaine_Place_Stanislas.y4m,1390x820,24.00,8,1390x820,85,159836,44.700713,45.982523,47.755190,18.474009,26.002056,95.833907,94.678005,47.348467,42.914159,44.700713,45.982523,47.755190,6.636625,6607.31,0.14,38535561862021,570637483,17342834065619,394950525,eb033aac98b0277e8794b64f0e949e4b,
STILL,aom,av2,0,F2,Fontaine_Place_Stanislas.y4m,1390x820,24.00,8,1390x820,110,89863,40.107987,43.031892,45.546585,15.066070,21.811374,92.841141,91.349425,42.725159,40.166370,40.107987,43.031892,45.546585,6.704792,6805.73,0.14,40758550887121,575640960,17945370365452,374619921,0aa4889f3a15d073e89788ddead73df7,
STILL,aom,av2,0,F2,Fontaine_Place_Stanislas.y4m,1390x820,24.00,8,1390x820,135,45875,35.541816,40.560250,43.585584,12.082089,17.895826,85.773525,83.697158,37.493150,37.345484,35.541816,40.560250,43.585584,7.094012,7527.51,0.09,56279680138903,510086462,21021032421431,260160187,6c00eee9536be74cf09b132f5b60720a,
STILL,aom,av2,0,F2,Fontaine_Place_Stanislas.y4m,1390x820,24.00,8,1390x820,160,18837,31.051373,38.267041,41.651794,9.352233,14.430462,69.632508,67.370753,32.127466,34.377958,31.051373,38.267041,41.651794,7.737522,6289.42,0.11,37280711552384,424747635,16537012346323,306972245,7185d322fe43cddfde6104c83decb23a,
STILL,aom,av2,0,F2,Fontaine_Place_Stanislas.y4m,1390x820,24.00,8,1390x820,185,6238,27.499667,36.023721,39.809800,7.038355,10.926364,43.398260,41.766590,26.596371,31.575007,27.499667,36.023721,39.809800,6.412931,2527.23,0.08,14496322064413,330195652,6615422729293,215952956,63138c4e8ef021f4a079a0231a487ca2,
STILL,aom,av2,0,F2,Genmaicha_Tea.y4m,1260x840,24.00,8,1260x840,60,91812,50.341932,51.863901,51.614610,23.019737,30.585544,96.987588,96.236244,48.250117,49.396607,50.341932,51.863901,51.614610,0.000173,11039.50,0.10,60946091212445,337275028,28911033728448,275779891,eee5acc160249eaeb19ba4cf24c7f3cf,
STILL,aom,av2,0,F2,Genmaicha_Tea.y4m,1260x840,24.00,8,1260x840,85,54488,47.744749,50.029434,49.761217,21.945818,28.870493,96.157755,95.128423,47.155961,47.714978,47.744749,50.029434,49.761217,0.001314,6732.69,0.08,38339370819686,286639124,17686349880646,223767610,9a661a2782897424282add4d88a23187,
STILL,aom,av2,0,F2,Genmaicha_Tea.y4m,1260x840,24.00,8,1260x840,110,31494,44.067116,48.013568,47.724628,20.281210,26.733058,94.113036,92.738008,45.416000,45.795960,44.067116,48.013568,47.724628,0.001190,5073.23,0.08,30281814182585,388472542,13361636503456,234884899,dd58828ed7853cbfcbec972217e9ecb4,
STILL,aom,av2,0,F2,Genmaicha_Tea.y4m,1260x840,24.00,8,1260x840,135,16462,39.693446,46.091430,45.237888,17.856020,23.838190,88.855214,87.048636,41.614061,43.502376,39.693446,46.091430,45.237888,0.000181,4908.83,0.07,29322160077947,308780016,12951586449632,198876175,908013c42cc55148a8a9707c19324f61,
STILL,aom,av2,0,F2,Genmaicha_Tea.y4m,1260x840,24.00,8,1260x840,160,7644,35.452949,43.735704,42.567291,15.040513,20.399741,77.567408,75.216826,36.087508,40.709345,35.452949,43.735704,42.567291,0.000418,2878.04,0.05,21744830917214,279450417,8038890796598,141390830,23b0b8ecdf4fcf0000b877ef616ef0ee,
STILL,aom,av2,0,F2,Genmaicha_Tea.y4m,1260x840,24.00,8,1260x840,185,3208,31.779425,41.680820,39.744761,12.239788,16.781652,58.484608,55.835557,30.531333,37.927294,31.779425,41.680820,39.744761,0.003806,2123.67,0.06,13258626307004,301132646,5674176660838,199917772,94b6df5c8a1ca3d7415fba5c6c309e05,
STILL,aom,av2,0,F2,Homestead_in_Montana.y4m,1326x826,24.00,8,1326x826,60,195112,49.110229,49.675957,50.150786,21.492277,30.021172,96.706446,95.742323,50.860776,48.820040,49.110229,49.675957,50.150786,0.255780,7339.63,0.13,41955465437677,522650305,19083563971624,341816730,66c6442f51cfb30ef2bbe29b96849140,
STILL,aom,av2,0,F2,Homestead_in_Montana.y4m,1326x826,24.00,8,1326x826,85,106788,45.572814,46.631058,46.619910,19.186811,27.065871,95.517893,94.156616,47.996877,45.648567,45.572814,46.631058,46.619910,0.494745,5642.36,0.11,32263542318155,429036791,14729560389895,294120548,329f46006cc3451a6ebffbf558e09d1f,
STILL,aom,av2,0,F2,Homestead_in_Montana.y4m,1326x826,24.00,8,1326x826,110,56315,41.655382,43.622886,43.145120,16.500510,23.459208,92.542562,90.695204,43.230658,42.543556,41.655382,43.622886,43.145120,0.549897,5169.06,0.09,37554452955085,422535421,14438623915467,239169240,0e1c51420276f901efd9cad9b481abf4,
STILL,aom,av2,0,F2,Homestead_in_Montana.y4m,1326x826,24.00,8,1326x826,135,27452,37.597407,40.541475,39.893363,13.506378,19.447264,84.883524,82.634591,37.362779,39.350332,37.597407,40.541475,39.893363,0.567717,5352.96,0.07,38520074104897,422067195,14948681008275,209164195,2e94439a74baa5f663ed43ec652cbaad,
STILL,aom,av2,0,F2,Homestead_in_Montana.y4m,1326x826,24.00,8,1326x826,160,12482,33.772769,37.574156,36.729241,10.608013,15.373229,67.039647,64.895287,31.657615,36.134607,33.772769,37.574156,36.729241,0.662910,2845.27,0.06,20243890593784,351507729,7945721694869,166593155,0199df3ba0e5d32b5bfdab1a11bb998e,
STILL,aom,av2,0,F2,Homestead_in_Montana.y4m,1326x826,24.00,8,1326x826,185,5189,30.229478,34.894642,33.665935,8.088500,11.498779,40.858884,39.200043,26.757111,33.086183,30.229478,34.894642,33.665935,0.613750,1348.79,0.07,7584435828728,341518419,3504072787149,198022858,110ddb70ae5eabdbd29e02cfb457d59d,
STILL,aom,av2,0,F2,Madeira_151_Funchal_Mercado_dos_Lavradores.y4m,1228x816,24.00,8,1228x816,60,306719,48.741802,48.572800,48.639411,22.541917,32.182926,96.918568,96.144059,53.591984,47.555389,48.741802,48.572800,48.639411,0.364510,5766.13,0.17,32941725224458,755046631,15094771275439,475474017,adfb7abda178ecd9295d36f251c0b671,
STILL,aom,av2,0,F2,Madeira_151_Funchal_Mercado_dos_Lavradores.y4m,1228x816,24.00,8,1228x816,85,169911,43.855274,44.583664,45.027102,18.378465,27.191379,95.799241,94.725593,48.666244,43.322351,43.855274,44.583664,45.027102,0.359968,6385.80,0.17,36267572282582,679611677,16705353436335,482893030,fffbf2148bf263ac7d7b3426720baff5,
STILL,aom,av2,0,F2,Madeira_151_Funchal_Mercado_dos_Lavradores.y4m,1228x816,24.00,8,1228x816,110,87115,39.487486,40.876317,41.707077,14.740827,22.575153,93.124641,91.598589,42.323387,39.645315,39.487486,40.876317,41.707077,0.357943,6394.67,0.12,47767338934243,609524234,21808821022052,420814764,b789a389a6d7b953b456093ef2516ce8,
STILL,aom,av2,0,F2,Madeira_151_Funchal_Mercado_dos_Lavradores.y4m,1228x816,24.00,8,1228x816,135,41870,35.465775,37.519710,38.568098,11.494537,18.195940,86.050618,84.098823,35.827458,36.220518,35.465775,37.519710,38.568098,0.387827,8669.96,0.09,60416467490187,507769742,24213691592619,256337202,535d9618ccfa4119ea9ce3d1c4f12c90,
STILL,aom,av2,0,F2,Madeira_151_Funchal_Mercado_dos_Lavradores.y4m,1228x816,24.00,8,1228x816,160,19056,31.732540,34.301381,35.497435,8.730730,14.201422,69.795368,67.834981,29.961289,32.938941,31.732540,34.301381,35.497435,0.802474,4573.82,0.07,32330067642350,412945679,12772606049653,201784859,38c758f3aa7f815681f6d9129abe5301,
STILL,aom,av2,0,F2,Madeira_151_Funchal_Mercado_dos_Lavradores.y4m,1228x816,24.00,8,1228x816,185,7905,28.199516,31.386819,32.515113,6.410681,10.474491,43.528815,42.208560,24.967603,29.771900,28.199516,31.386819,32.515113,0.759357,1875.48,0.06,13088931243075,334622810,5238710207828,170191266,39f5e9a04b36b1d5d3f3e99a1264bbdf,
STILL,aom,av2,0,F2,Madeira_159_Funchal_Mercado_dos_Lavradores.y4m,1228x816,24.00,8,1228x816,60,474724,48.778685,48.620585,48.409723,24.463805,33.904072,97.086401,96.396062,53.905055,45.584290,48.778685,48.620585,48.409723,0.003312,4474.12,0.19,32606357269344,945799170,12496184545436,535139023,3cfff9b7968cce99beb3fedb8e3aa7e8,
STILL,aom,av2,0,F2,Madeira_159_Funchal_Mercado_dos_Lavradores.y4m,1228x816,24.00,8,1228x816,85,308402,43.148104,44.497084,43.873100,19.299914,28.522972,96.327927,95.278201,49.404920,41.241924,43.148104,44.497084,43.873100,0.060007,4829.60,0.17,35347172652882,877929699,13489774014190,492081374,17553f91c9d030b9e702006be7cc9263,
STILL,aom,av2,0,F2,Madeira_159_Funchal_Mercado_dos_Lavradores.y4m,1228x816,24.00,8,1228x816,110,174820,37.493875,40.687573,40.156868,14.107235,22.845715,93.985267,92.588605,43.069875,37.169776,37.493875,40.687573,40.156868,0.096455,8355.67,0.18,50458477893712,775665204,22044995293451,504985554,b7cd1861de18394d2bc13392c760fe7d,
STILL,aom,av2,0,F2,Madeira_159_Funchal_Mercado_dos_Lavradores.y4m,1228x816,24.00,8,1228x816,135,84133,32.482486,37.146082,37.056059,10.031448,17.801622,87.875173,85.980788,36.201716,33.360963,32.482486,37.146082,37.056059,0.174266,13487.04,0.13,86196014610035,589496234,38126816499406,381714322,b742ec6e868c39d64c9bc1cad082a56a,
STILL,aom,av2,0,F2,Madeira_159_Funchal_Mercado_dos_Lavradores.y4m,1228x816,24.00,8,1228x816,160,34606,28.202759,34.067325,34.261295,7.344627,14.042443,74.237480,71.829671,29.971478,30.037644,28.202759,34.067325,34.261295,0.358490,9776.61,0.12,57017277573545,476916033,25510372522138,319930819,150848e690c53cc9f36fbb2aa592206a,
STILL,aom,av2,0,F2,Madeira_159_Funchal_Mercado_dos_Lavradores.y4m,1228x816,24.00,8,1228x816,185,12840,24.778716,31.567302,31.752794,5.214510,10.659174,51.338625,49.342122,24.304306,27.163526,24.778716,31.567302,31.752794,0.339864,4784.88,0.10,26732664385683,373272857,12388877934560,274186639,3f12f716ac70a759c40a01ed8cccf558,
STILL,aom,av2,0,F2,MagicKindom.y4m,1000x1000,24.00,8,1000x1000,60,544091,48.728080,48.043542,48.141483,25.483373,34.460919,96.943810,96.115436,54.633603,47.903607,48.728080,48.043542,48.141483,0.000000,5380.07,0.25,33344909172907,1061054424,14395094602855,658230592,a716945894b505fc745dd0762300445d,
STILL,aom,av2,0,F2,MagicKindom.y4m,1000x1000,24.00,8,1000x1000,85,352797,42.708078,43.620773,43.523767,19.309155,28.326179,95.938005,94.752764,49.390150,42.616593,42.708078,43.620773,43.523767,0.000111,5350.86,0.16,39650112632948,821937697,14945612138459,462428744,3008a02d041d7904c0ee2a9f58c1abee,
STILL,aom,av2,0,F2,MagicKindom.y4m,1000x1000,24.00,8,1000x1000,110,207036,36.856470,41.062012,40.812016,14.085820,22.337634,92.867109,91.392381,42.904976,38.153611,36.856470,41.062012,40.812016,0.602593,7573.02,0.14,59585688591083,706411817,26014373434063,523292559,845b069464f412ae84714196bad66d66,
STILL,aom,av2,0,F2,MagicKindom.y4m,1000x1000,24.00,8,1000x1000,135,100117,31.342003,39.021545,38.688712,9.671995,17.365633,85.548495,83.472735,36.071080,33.790169,31.342003,39.021545,38.688712,0.706937,15422.00,0.11,108859875741579,612703001,43069624627924,312095411,77a61350abb4384edab6a6a3acc01f7f,
STILL,aom,av2,0,F2,MagicKindom.y4m,1000x1000,24.00,8,1000x1000,160,34856,26.840497,37.113455,36.823573,5.936818,12.479250,68.199126,66.114512,29.071012,30.025927,26.840497,37.113455,36.823573,0.808330,9602.59,0.08,68489838562971,445661637,26816424335988,224027963,bf9eeba7258dd7617d52513336fb5a61,
STILL,aom,av2,0,F2,MagicKindom.y4m,1000x1000,24.00,8,1000x1000,185,10555,23.765103,34.938456,35.399804,3.612957,8.365412,40.476766,38.752517,23.121540,27.189643,23.765103,34.938456,35.399804,0.781153,3338.59,0.06,23291612944207,318348879,9323552651958,158366388,7accbaf5ac8d7fe375adb45edfdbcdd4,
STILL,aom,av2,0,F2,Michigan_Stadium.y4m,1400x934,24.00,8,1400x934,60,647594,48.790533,48.906491,49.133295,24.150659,33.121808,97.080753,96.347973,53.266224,47.188899,48.790533,48.906491,49.133295,0.040414,6648.96,0.31,39863616461497,1286954617,17644111674935,819665580,b384cd15147689aca415882769996371,
STILL,aom,av2,0,F2,Michigan_Stadium.y4m,1400x934,24.00,8,1400x934,85,452849,43.529281,44.117647,44.508422,20.596745,28.937020,96.246257,95.175245,49.463345,42.453626,43.529281,44.117647,44.508422,0.068642,6395.08,0.29,38796459245199,1233745927,16951145114746,777981137,95421e3e807c5b96b968cdf19d250b2a,
STILL,aom,av2,0,F2,Michigan_Stadium.y4m,1400x934,24.00,8,1400x934,110,295118,38.212162,38.992879,39.876948,17.143103,24.803958,93.985127,92.529831,43.996538,37.904283,38.212162,38.992879,39.876948,0.123429,6689.56,0.19,51187664333959,1054476483,23033138991894,683967665,64b4f3908df6101381895259e4c595ed,
STILL,aom,av2,0,F2,Michigan_Stadium.y4m,1400x934,24.00,8,1400x934,135,171021,32.751573,34.076121,36.444296,13.464389,20.428056,88.158397,86.078337,37.457532,33.579916,32.751573,34.076121,36.444296,0.157065,16431.70,0.16,122413090726244,864088520,45892637634529,441927266,3b21857c2b0a1aedcf57ef1b73fdb9ac,
STILL,aom,av2,0,F2,Michigan_Stadium.y4m,1400x934,24.00,8,1400x934,160,78716,27.214199,30.478553,33.955115,9.532275,15.869502,73.417521,71.142096,30.407732,29.471013,27.214199,30.478553,33.955115,0.191004,16746.40,0.15,99890800401028,674659434,43958541619384,437020872,109abfcab13c2d3507b08e2494b61615,
STILL,aom,av2,0,F2,Michigan_Stadium.y4m,1400x934,24.00,8,1400x934,185,25663,22.739117,28.240877,32.108188,5.829172,10.836863,46.544364,44.716473,23.544560,25.930903,22.739117,28.240877,32.108188,0.252500,7259.12,0.09,51844696056895,485561085,20271722829791,261562003,40558863814364e99a5fd6e90c44fdba,
STILL,aom,av2,0,F2,OperaLamps.y4m,1296x864,24.00,8,1296x864,60,435057,48.935331,48.607943,48.655369,24.434457,33.740007,96.879422,96.055259,54.012330,45.516199,48.935331,48.607943,48.655369,0.773719,3124.24,0.20,21424844957700,1032997724,8724614046221,576589856,bd4c6171630439cda4e02e9ad5061339,
STILL,aom,av2,0,F2,OperaLamps.y4m,1296x864,24.00,8,1296x864,85,270553,43.955656,43.664001,43.996963,20.627503,29.285743,95.717067,94.561481,49.803881,40.872937,43.955656,43.664001,43.996963,1.113114,4047.93,0.24,24216340316470,1058607619,10668716416799,649504993,2ad49f94e1916442efbe1f974d261a04,
STILL,aom,av2,0,F2,OperaLamps.y4m,1296x864,24.00,8,1296x864,110,150539,39.022794,39.216374,39.977858,16.683824,24.567769,92.814148,91.160278,43.424352,36.800549,39.022794,39.216374,39.977858,1.112584,6142.70,0.17,43225979636253,916537599,17153900066548,471724336,b737165519707fb881713dd895000a21,
STILL,aom,av2,0,F2,OperaLamps.y4m,1296x864,24.00,8,1296x864,135,75012,34.205453,35.428832,36.633429,12.648513,19.718231,85.166194,83.223797,36.260051,33.146494,34.205453,35.428832,36.633429,0.912821,12340.34,0.13,93044262709550,697259611,42164026645531,485097625,d5ba5694e78c858d20394188636a376d,
STILL,aom,av2,0,F2,OperaLamps.y4m,1296x864,24.00,8,1296x864,160,33044,29.781306,32.431671,34.050501,8.855307,14.883453,67.381529,65.509551,29.488999,29.828454,29.781306,32.431671,34.050501,0.767506,8670.86,0.09,61286007933229,521483747,24218258727045,263148858,376a622fde40824027e4bd6a73079ed0,
STILL,aom,av2,0,F2,OperaLamps.y4m,1296x864,24.00,8,1296x864,185,12553,25.858374,30.036829,32.145132,5.698552,10.266099,39.102074,37.318070,23.626546,26.804326,25.858374,30.036829,32.145132,0.660947,4458.15,0.08,24870565209062,347400884,11592975714597,228364857,8f77853bce4a55ce89a39a510c4e9b2a,
STILL,aom,av2,0,F2,Orion_Nebula.y4m,1200x840,24.00,8,1200x840,60,128769,48.775446,49.929128,50.480034,19.452697,28.210658,96.015698,94.765646,50.184907,47.639741,48.775446,49.929128,50.480034,0.000287,9191.86,0.09,62267333671866,459026663,25668858473533,264991557,fcf195f525e3a8561822ac749f92ac75,
STILL,aom,av2,0,F2,Orion_Nebula.y4m,1200x840,24.00,8,1200x840,85,49584,45.213951,47.722740,48.072855,16.194677,23.259584,93.911678,92.323226,45.345001,44.767262,45.213951,47.722740,48.072855,0.015047,6127.90,0.07,39475397655342,358370043,17113861413579,198505311,5a27370dca2f9c0c9103608b7d1ddd63,
STILL,aom,av2,0,F2,Orion_Nebula.y4m,1200x840,24.00,8,1200x840,110,20515,42.528488,45.642103,45.648832,14.068843,19.420053,88.551987,86.688087,40.617547,42.481874,42.528488,45.642103,45.648832,0.067774,2671.19,0.05,17682046551948,274924908,7459475088064,155905874,6b5128302fd8857529dcb83591087dfd,
STILL,aom,av2,0,F2,Orion_Nebula.y4m,1200x840,24.00,8,1200x840,135,8646,39.910116,43.638763,43.205716,12.386091,16.089440,76.313985,73.779840,36.578534,40.250362,39.910116,43.638763,43.205716,0.350721,1650.79,0.04,10653779318032,233046415,4611075590699,136020382,d4bcecbdb44ea947de3adf8cebf2b95b,
STILL,aom,av2,0,F2,Orion_Nebula.y4m,1200x840,24.00,8,1200x840,160,3542,37.202100,41.591982,40.726299,11.052680,13.162092,52.227428,50.567856,33.188614,38.001659,37.202100,41.591982,40.726299,1.014255,768.67,0.06,4013131216111,212293548,1958134014871,152682159,7b43c100048d456f20c44cd87e37a57f,
STILL,aom,av2,0,F2,Orion_Nebula.y4m,1200x840,24.00,8,1200x840,185,1360,34.426792,39.355392,38.386485,10.068132,10.563405,25.393411,24.699147,30.121847,35.495464,34.426792,39.355392,38.386485,1.664928,215.77,0.03,1415373512903,174063882,602664910577,92678287,0ed26f5e04c27fc6b7aed28c1123fc22,
STILL,aom,av2,0,F2,Saint_Catherine-Caravaggio.y4m,876x1140,24.00,8,876x1140,60,284078,48.823266,49.707420,50.214615,20.730743,29.573447,96.973664,96.301267,51.032142,46.396648,48.823266,49.707420,50.214615,0.000153,7865.19,0.15,54260932359209,737696496,21973673010832,450120518,5e1ff7e84f43f624b25f91e64dc3f274,
STILL,aom,av2,0,F2,Saint_Catherine-Caravaggio.y4m,876x1140,24.00,8,876x1140,85,132427,42.675009,47.901500,48.065593,14.596887,22.946998,96.083575,95.087999,45.767420,43.208840,42.675009,47.901500,48.065593,1.909099,8271.14,0.10,57765480930596,484396511,23097368535103,278007305,7d9a5e1b80d029b442ca1c2896cae6a4,
STILL,aom,av2,0,F2,Saint_Catherine-Caravaggio.y4m,876x1140,24.00,8,876x1140,110,47450,38.374227,46.176965,45.941713,10.954971,18.434758,93.586236,92.102853,40.675411,40.416887,38.374227,46.176965,45.941713,4.086905,7095.85,0.10,40997052199933,409686922,18522796008964,272095495,342b7baff8cdf9f56ade4c587b2923d5,
STILL,aom,av2,0,F2,Saint_Catherine-Caravaggio.y4m,876x1140,24.00,8,876x1140,135,18461,35.640256,44.240194,43.733664,9.215869,15.583183,86.894407,84.837179,36.420643,38.367508,35.640256,44.240194,43.733664,5.227280,4739.81,0.07,34215956110450,366004758,13246396797713,199460283,177816a717bb0e97551e3be1dfd6413e,
STILL,aom,av2,0,F2,Saint_Catherine-Caravaggio.y4m,876x1140,24.00,8,876x1140,160,7988,33.197577,41.704175,41.142335,8.105243,13.329497,72.750405,70.345746,32.507592,36.305633,33.197577,41.704175,41.142335,6.454445,2415.14,0.05,16366593422780,311140425,6739582175438,155894802,a909294bcfb324d257c2d366fd754a4a,
STILL,aom,av2,0,F2,Saint_Catherine-Caravaggio.y4m,876x1140,24.00,8,876x1140,185,3274,30.476385,39.554897,38.884701,7.082378,10.965265,53.091225,50.861614,28.549677,34.251093,30.476385,39.554897,38.884701,6.280165,934.30,0.06,6693396423628,297975512,3161209427884,206572054,2c7713326f4f8121df74b1725b5635c6,
STILL,aom,av2,0,F2,Streptopelia_orientalis.y4m,1404x936,24.00,8,1404x936,60,221969,48.371083,49.698297,50.533716,20.657275,30.472049,96.859059,96.082719,51.930268,47.352806,48.371083,49.698297,50.533716,0.007391,8650.98,0.13,60187077597895,658777079,24163302866918,389374284,b1306975a9c5e58ab276e6582b27d9d1,
STILL,aom,av2,0,F2,Streptopelia_orientalis.y4m,1404x936,24.00,8,1404x936,85,113653,45.195113,46.419445,47.755038,18.375170,26.973443,95.707200,94.574916,47.716988,44.363866,45.195113,46.419445,47.755038,0.019530,7754.37,0.14,50159264694002,730653382,21662482874416,413444307,84d3960fcbccfc7ee6da791f454a5c64,
STILL,aom,av2,0,F2,Streptopelia_orientalis.y4m,1404x936,24.00,8,1404x936,110,58458,41.891192,42.964753,44.749311,16.145795,23.425223,93.013258,91.283616,42.549673,41.381402,41.891192,42.964753,44.749311,0.021483,7884.59,0.14,45380554129032,578844478,20627250675368,372844344,0f8a21522ca3efa2f5df366befb65c91,
STILL,aom,av2,0,F2,Streptopelia_orientalis.y4m,1404x936,24.00,8,1404x936,135,29839,38.433896,39.488904,41.499547,13.861504,19.712631,85.692641,83.523443,37.055152,38.171924,38.433896,39.488904,41.499547,0.018079,6498.42,0.09,44603065241891,535411568,18149704154488,264505671,f3b05c02fa31dde6e2b1e937b705d4a2,
STILL,aom,av2,0,F2,Streptopelia_orientalis.y4m,1404x936,24.00,8,1404x936,160,14836,34.806162,36.008592,38.503612,11.437501,15.865980,69.153489,67.104408,31.858158,34.743469,34.806162,36.008592,38.503612,0.010384,3389.79,0.08,24067474794344,456022836,9467066015046,229910001,6ec4c763815fc746f5fa83293b24e05c,
STILL,aom,av2,0,F2,Streptopelia_orientalis.y4m,1404x936,24.00,8,1404x936,185,6870,30.981647,32.850544,35.738394,9.045508,11.986807,44.448340,42.758359,27.071497,31.318654,30.981647,32.850544,35.738394,0.012702,1844.63,0.10,10082748648889,356204165,4789291835416,302622309,7dc13791eca7afcc41a665f8c1450399,
STILL,aom,av2,0,F2,Swallowtail.y4m,1300x900,24.00,8,1300x900,60,282771,48.620801,49.847598,50.636585,20.591492,29.924396,96.972279,96.212334,51.211098,49.357736,48.620801,49.847598,50.636585,0.017453,8235.92,0.16,60497126667828,770354889,27999803530546,553105512,f4e5cbcb59d180dad1c2fac6db49e94f,
STILL,aom,av2,0,F2,Swallowtail.y4m,1300x900,24.00,8,1300x900,85,119310,43.258606,46.973294,47.836702,15.324751,23.970925,96.151045,95.023828,46.263757,44.971305,43.258606,46.973294,47.836702,0.139400,7269.94,0.12,45680575508690,526778704,20403696123265,350654848,290114675fa4f2aa1e473e3db2f40ed1,
STILL,aom,av2,0,F2,Swallowtail.y4m,1300x900,24.00,8,1300x900,110,60901,40.445426,44.082151,44.814029,13.882394,21.576905,93.727702,92.002652,42.467251,42.445279,40.445426,44.082151,44.814029,0.201708,6462.91,0.13,38045487175247,535025819,16943068764398,349205159,e1f526d579a0566d6b6125ec28b18c96,
STILL,aom,av2,0,F2,Swallowtail.y4m,1300x900,24.00,8,1300x900,135,30837,37.186199,41.062830,41.663379,12.255506,18.783767,87.178926,85.013694,37.500178,39.695134,37.186199,41.062830,41.663379,0.234695,6549.46,0.08,46980789304186,479945130,18292612570910,242544095,ce0720bb14fbdd5783b2572a7a420f7b,
STILL,aom,av2,0,F2,Swallowtail.y4m,1300x900,24.00,8,1300x900,160,15013,33.682054,37.850490,38.200675,10.492217,15.810262,73.160339,70.815609,32.182547,36.570439,33.682054,37.850490,38.200675,0.282967,3768.55,0.09,28089727804018,430251066,12848781566429,317601627,6ac9d7e1fc54a87f371fe822ce5a20f2,
STILL,aom,av2,0,F2,Swallowtail.y4m,1300x900,24.00,8,1300x900,185,6957,30.127249,34.744256,35.097746,8.756400,12.825656,51.037342,49.154394,27.217379,33.434541,30.127249,34.744256,35.097746,0.244390,2395.19,0.08,13097300583657,397215956,6241693503271,239632814,9f14a121a68890c1eb20932f19c9c800,
STILL,aom,av2,0,F2,Washington_Monument.y4m,1204x904,24.00,8,1204x904,60,272498,49.168985,50.570159,50.427626,21.875644,30.253258,96.801325,95.675008,51.316281,47.317163,49.168985,50.570159,50.427626,0.412586,7913.96,0.16,44226282483869,657057807,20708711744377,425623583,2ac682f9148227552edece20be0dc393,
STILL,aom,av2,0,F2,Washington_Monument.y4m,1204x904,24.00,8,1204x904,85,170549,44.515822,48.640197,48.362225,18.283584,25.575508,95.517914,94.064788,47.333184,44.375015,44.515822,48.640197,48.362225,0.551718,5886.72,0.12,43068032829273,586103699,20072371740405,438538898,8fd3b0b2560edea56fc20ca31a248dd0,
STILL,aom,av2,0,F2,Washington_Monument.y4m,1204x904,24.00,8,1204x904,110,97797,39.499205,46.611706,46.766575,14.362249,20.847365,91.836328,90.086574,42.113986,41.290030,39.499205,46.611706,46.766575,0.551184,5972.48,0.09,45255936554666,413383706,20394662794063,336831837,d51837714916f44195125dd9b6fc300a,
STILL,aom,av2,0,F2,Washington_Monument.y4m,1204x904,24.00,8,1204x904,135,46452,34.574698,44.353017,44.879549,10.518955,16.274296,82.610167,80.720872,36.505260,37.925831,34.574698,44.353017,44.879549,0.455070,9260.17,0.09,54695379139798,339324088,24362123972153,238070592,49c49eb374bd73140d9ffe351be3c4c0,
STILL,aom,av2,0,F2,Washington_Monument.y4m,1204x904,24.00,8,1204x904,160,15733,30.270449,42.132466,43.054813,7.722322,12.605248,63.030562,61.015705,31.321562,34.624286,30.270449,42.132466,43.054813,0.465743,4047.49,0.07,29002420657168,359221914,11302983826826,223993511,c8d158cda6546969b4456e5e05b49302,
STILL,aom,av2,0,F2,Washington_Monument.y4m,1204x904,24.00,8,1204x904,185,4239,27.394541,39.545834,40.880923,5.904088,9.479029,34.493272,33.071775,26.738518,31.861716,27.394541,39.545834,40.880923,0.319838,1545.46,0.06,8528712893461,278592940,4011043325519,182110443,fa85667727760622b54c7fed269c978b,
STILL,aom,av2,0,F2,Wasserfassstelle_von_1898_im_Schanerloch.y4m,816x1150,24.00,8,816x1150,60,372010,48.749048,49.773844,50.000161,23.371364,32.667014,96.924173,96.078864,52.953910,47.222341,48.749048,49.773844,50.000161,0.001960,4912.64,0.20,29020756792124,831205550,13002926965207,516639335,f48286fc0db36e19133954bd170eb958,
STILL,aom,av2,0,F2,Wasserfassstelle_von_1898_im_Schanerloch.y4m,816x1150,24.00,8,816x1150,85,244645,43.233818,47.578367,48.095019,18.423282,27.144891,95.804760,94.650195,48.784262,43.500259,43.233818,47.578367,48.095019,0.012604,5874.92,0.18,34727219665443,729632082,15445157595654,471195435,62b5556a7922982f1b4da3eca679ac9f,
STILL,aom,av2,0,F2,Wasserfassstelle_von_1898_im_Schanerloch.y4m,816x1150,24.00,8,816x1150,110,148074,37.831411,46.011450,46.814882,14.106522,21.904257,92.827093,91.334814,42.987057,39.719409,37.831411,46.011450,46.814882,0.023716,7966.42,0.14,46627533522951,577384261,20896886482155,368992923,ec5c2e0192893dfdd27afe79366992c4,
STILL,aom,av2,0,F2,Wasserfassstelle_von_1898_im_Schanerloch.y4m,816x1150,24.00,8,816x1150,135,75825,32.642369,44.574698,45.320848,10.296041,17.128213,85.186849,83.369890,36.412923,35.717151,32.642369,44.574698,45.320848,0.064137,10858.51,0.09,76276804455520,513118321,30323372631955,256918669,2e933ef3e5b6b28e7eb7b9dec36c4d8b,
STILL,aom,av2,0,F2,Wasserfassstelle_von_1898_im_Schanerloch.y4m,816x1150,24.00,8,816x1150,160,28815,27.985785,42.789985,43.416067,7.065313,12.756289,67.003464,64.957537,29.853434,31.857024,27.985785,42.789985,43.416067,0.181273,8561.11,0.09,49318304683110,397373689,22299157187374,275454179,d9eefefa21b75fc942713361cec3da69,
STILL,aom,av2,0,F2,Wasserfassstelle_von_1898_im_Schanerloch.y4m,816x1150,24.00,8,816x1150,185,8962,24.669284,40.570389,40.200075,4.754615,8.954507,38.825129,37.399781,24.104125,28.688548,24.669284,40.570389,40.200075,0.181379,2916.28,0.06,17708785034374,309341415,8148430835743,194079736,172bc7f71a11f5aee1b5f9d74020ad43,
STILL,aom,av2,0,F2,Zoo_de_la_Barben.y4m,1296x864,24.00,8,1296x864,60,118889,48.066373,50.109701,50.174884,18.668270,27.269076,96.702506,95.800277,48.243817,44.682825,48.066373,50.109701,50.174884,3.178068,10165.83,0.11,58068505253306,415378108,26315035609194,290839124,ac6b99150894968b19d2164a34469e0a,
STILL,aom,av2,0,F2,Zoo_de_la_Barben.y4m,1296x864,24.00,8,1296x864,85,55027,45.655949,48.280794,48.285936,17.166132,25.071166,95.533962,94.293449,46.526707,43.268822,45.655949,48.280794,48.285936,9.466900,3664.91,0.06,24383770980680,286744564,10234550745497,189450381,92d4cfe7a40fc4cef7e49f152e19996c,
STILL,aom,av2,0,F2,Zoo_de_la_Barben.y4m,1296x864,24.00,8,1296x864,110,26019,42.857871,46.172445,46.086857,15.538481,22.759318,92.882242,91.014767,43.849192,41.826763,42.857871,46.172445,46.086857,9.079322,3324.43,0.07,22653940586733,331400984,9284043379066,187643758,0ac2712aaaf869b01f9ae40626d64410,
STILL,aom,av2,0,F2,Zoo_de_la_Barben.y4m,1296x864,24.00,8,1296x864,135,10804,39.627935,43.734978,43.666104,13.454749,19.432408,85.694126,83.402762,39.308167,40.139923,39.627935,43.734978,43.666104,8.921934,3322.91,0.08,19192147286557,365345102,8679790854714,221585680,5e743114685be26e1baa437f7c62a6b5,
STILL,aom,av2,0,F2,Zoo_de_la_Barben.y4m,1296x864,24.00,8,1296x864,160,4260,36.660507,41.265220,41.111203,11.602949,16.021204,70.550611,67.973823,34.528644,38.226730,36.660507,41.265220,41.111203,8.064758,1329.69,0.07,7451994688671,339302005,3458343225354,200292792,22fe2e4ebfb5308d4665dfe18d1f385d,
STILL,aom,av2,0,F2,Zoo_de_la_Barben.y4m,1296x864,24.00,8,1296x864,185,1768,33.903852,39.050009,38.240594,10.141563,12.838468,48.078156,46.075801,30.548339,36.038365,33.903852,39.050009,38.240594,7.257666,498.80,0.05,2743970008295,318368754,1289173765119,170867110,9ed525ef5e451438924b4eab23df2498,
