TestCfg,EncodeMethod,CodecName,EncodePreset,Class,Name,OrigRes,FPS,BitDepth,CodedRes,QP,Bitrate(kbps),PSNR_Y,PSNR_U,PSNR_V,SSIM_Y(dB),MS-SSIM_Y(dB),VMAF_Y,VMAF_Y-NEG,PSNR-HVS,CIEDE2000,APSNR_Y,APSNR_U,APSNR_V,CAMBI,EncT[s],DecT[s],EncInstr,DecInstr,EncCycles,DecCycles,EncMD5,DecMD5
AI,aom,av2,0,A1,BoxingPractice_3840x2160_5994fps_10bit_420.y4m,3840x2160,60.00,10,3840x2160,85,170400.863137,44.306073,49.737276,49.790530,15.562237,22.751907,99.860239,99.820283,46.501359,44.574455,44.306045,49.737222,49.790504,0.011340,770612.08,16.51,5256369899131746,85833058294,2152125635578424,46193020585,5508565cd4c6a4b5982d84f58e174160,
AI,aom,av2,0,A1,BoxingPractice_3840x2160_5994fps_10bit_420.y4m,3840x2160,60.00,10,3840x2160,110,61079.704296,41.943344,47.386410,47.161709,13.759445,19.750879,99.774555,98.818127,41.894633,42.420775,41.943318,47.386293,47.161683,1.106898,709264.86,18.21,3828069402669460,86771548726,1835946524980209,50302650512,2591ffa1566d2b7133a3057d32b39ebc,
AI,aom,av2,0,A1,BoxingPractice_3840x2160_5994fps_10bit_420.y4m,3840x2160,60.00,10,3840x2160,135,30220.211788,40.020836,45.010521,44.853069,12.849223,17.874362,93.899351,91.595124,38.461988,40.605946,40.020817,45.010260,44.853017,1.295247,389924.15,12.68,2645975456174694,80537712725,1088977799840662,35443430965,25f87bf20cb88dd440094397d0d1b933,
AI,aom,av2,0,A1,BoxingPractice_3840x2160_5994fps_10bit_420.y4m,3840x2160,60.00,10,3840x2160,160,14909.106893,37.406686,42.327215,42.329753,11.704693,15.548122,80.876100,78.097660,34.534325,38.356565,37.406645,42.326629,42.329314,1.274740,203943.70,12.01,1393457923114855,74952134060,569599235878008,33554366342,73b95aad4e9067944b91a689214441d0,
AI,aom,av2,0,A1,BoxingPractice_3840x2160_5994fps_10bit_420.y4m,3840x2160,60.00,10,3840x2160,185,7005.058941,34.243074,39.436574,39.577366,10.380487,12.906962,61.789902,58.762358,30.491029,35.700806,34.242911,39.435500,39.576041,1.150251,122466.59,12.40,652364004096750,62794689215,317509581852024,35009516987,3c0dbb222a257d4d310496d25f63fdf4,
AI,aom,av2,0,A1,BoxingPractice_3840x2160_5994fps_10bit_420.y4m,3840x2160,60.00,10,3840x2160,210,3117.970030,30.923903,36.562919,36.617078,9.116780,10.334748,40.221822,37.590599,26.728067,32.943051,30.923727,36.561154,36.615544,0.783571,44066.29,8.44,287379260534326,57240018566,123069382080257,23598426760,0585e52eca6bc8291475f4614e536625,
AI,aom,av2,0,A1,Crosswalk_3840x2160_5994fps_10bit_420.y4m,3840x2160,60.00,10,3840x2160,85,67785.718282,43.668644,49.519302,52.895587,14.067710,21.370684,99.061793,97.708889,45.297441,44.400594,43.668303,49.519057,52.895245,0.020335,521744.29,9.61,3567173180204930,46768222802,1457149543975383,26880519854,5194f7cfe70f0c651dff6763ce5ecc87,
AI,aom,av2,0,A1,Crosswalk_3840x2160_5994fps_10bit_420.y4m,3840x2160,60.00,10,3840x2160,110,21424.607393,42.701544,48.482147,51.665214,13.434505,19.814273,94.350901,92.596164,42.782217,43.452806,42.699199,48.481777,51.664772,0.248035,242917.72,9.42,1591373698272772,55842095372,678382641112021,26327005374,6e7bfe67c315466f912458b99b6e1c24,
AI,aom,av2,0,A1,Crosswalk_3840x2160_5994fps_10bit_420.y4m,3840x2160,60.00,10,3840x2160,135,10514.717283,41.740904,47.279136,49.898790,13.065098,18.504344,85.913135,83.734617,40.559467,42.425103,41.734972,47.278723,49.898152,0.314289,135872.16,8.77,893719519500186,53491618948,379468008947161,24482372685,ad29a05d1fa0a5b9c445e2a99eccf104,
AI,aom,av2,0,A1,Crosswalk_3840x2160_5994fps_10bit_420.y4m,3840x2160,60.00,10,3840x2160,160,5367.320679,40.200591,45.410639,47.475769,12.630769,16.686284,71.170202,68.706104,37.774159,40.830838,40.191422,45.409819,47.475108,0.300896,76619.00,11.37,395947072459976,60808163257,196469765583494,32148527264,3a64a5e9212276b3f2e239676038e39e,
AI,aom,av2,0,A1,Crosswalk_3840x2160_5994fps_10bit_420.y4m,3840x2160,60.00,10,3840x2160,185,2746.229770,37.950777,42.890373,44.543822,12.168116,14.494638,50.389968,48.107398,34.672063,38.543748,37.941238,42.888986,44.542037,0.243079,24022.97,8.09,160896046991599,58427865022,67088045282120,22611547825,d0cc096f5f80c8065bc3cacbab242294,
AI,aom,av2,0,A1,Crosswalk_3840x2160_5994fps_10bit_420.y4m,3840x2160,60.00,10,3840x2160,210,1393.054945,35.042440,40.091388,41.262348,11.656002,12.147635,27.464790,25.730197,31.383092,35.671208,35.034652,40.087267,41.253287,0.219177,17080.66,8.98,85736908777708,56766097245,46361190793776,25418103412,c2fdf32ccfb2814a4625fbb4977d6977,
AI,aom,av2,0,A1,FoodMarket2_3840x2160_5994fps_10bit_420.y4m,3840x2160,60.00,10,3840x2160,85,153400.119880,45.259890,50.807823,51.077973,16.952933,24.247494,99.814941,99.766665,47.475008,46.002515,45.259809,50.807551,51.077631,0.005563,852671.84,18.69,4760152689398776,69718346897,2204451325153941,51169353913,2db1e90517c64bd94b9de76cb716815d,
AI,aom,av2,0,A1,FoodMarket2_3840x2160_5994fps_10bit_420.y4m,3840x2160,60.00,10,3840x2160,110,75487.456543,43.035426,47.913125,48.181690,15.367524,21.230526,99.685396,99.621234,42.421395,43.537418,43.035350,47.912627,48.180990,0.007822,617983.46,12.86,4061454082591194,74700342724,1725835173760385,35972591009,80f7e81ea98582c8aa546a3b566f8b60,
AI,aom,av2,0,A1,FoodMarket2_3840x2160_5994fps_10bit_420.y4m,3840x2160,60.00,10,3840x2160,135,38653.634366,40.279911,45.042822,45.207741,13.590838,17.870681,97.854510,95.505830,37.672986,40.826445,40.279535,45.041975,45.206005,0.010558,494306.78,14.69,2667878339757760,62174303970,1278339350384884,40768550006,b498646e65ffa4e557378df55f460cda,
AI,aom,av2,0,A1,FoodMarket2_3840x2160_5994fps_10bit_420.y4m,3840x2160,60.00,10,3840x2160,160,19029.930070,36.954763,42.144092,42.194892,11.538594,14.288794,78.799571,76.492262,33.224009,37.782394,36.953862,42.142296,42.190126,0.018121,213941.96,10.04,1446261042072615,57905937227,597507309234590,28046961432,0c56d923a84d1c2735d0126c0f32d74c,
AI,aom,av2,0,A1,FoodMarket2_3840x2160_5994fps_10bit_420.y4m,3840x2160,60.00,10,3840x2160,185,8679.656344,33.420267,39.181827,39.179513,9.535278,10.905708,53.638096,51.837716,29.175574,34.560290,33.419132,39.180049,39.175908,0.054227,122233.57,12.91,646359020013769,61468223355,316096908071682,36318475690,ac0dde4af0f251a18d164173da5ece55,
AI,aom,av2,0,A1,FoodMarket2_3840x2160_5994fps_10bit_420.y4m,3840x2160,60.00,10,3840x2160,210,3645.762238,30.040197,36.409540,36.256195,8.036935,8.080731,31.234182,30.335540,25.672952,31.520847,30.039696,36.406796,36.251536,0.108180,47177.77,11.24,247809935117013,57220887185,125904057962296,31898732011,610427ec3b362c602c38a7d3a6632523,
AI,aom,av2,0,A1,Neon1224_3840x2160_2997fps.y4m,3840x2160,30.00,10,3840x2160,85,77134.977023,47.909398,51.925279,51.561068,20.005634,25.838254,99.878304,99.841211,48.448086,49.716670,47.902040,51.912443,51.512836,0.885463,668523.99,18.92,3616455350016194,83024852474,1730052536661726,52030428436,d34fa6cfe01ef43c89bba65cd36ff4ca,
AI,aom,av2,0,A1,Neon1224_3840x2160_2997fps.y4m,3840x2160,30.00,10,3840x2160,110,35674.197802,44.108804,48.646208,48.150157,17.375592,21.819114,99.789309,99.739183,43.331931,46.513135,44.095042,48.634296,48.098516,1.110080,486081.72,14.34,3420554865005590,82137811381,1645455680155595,51719306224,0956ad1be7d1ba255f4ee66c7f44e00b,
AI,aom,av2,0,A1,Neon1224_3840x2160_2997fps.y4m,3840x2160,30.00,10,3840x2160,135,16391.312687,40.932552,45.366369,44.809104,15.593581,19.015607,98.637421,97.381554,39.264167,43.609127,40.916153,45.356439,44.756587,1.612882,408042.99,16.33,2405980936506865,87060567026,1146757607146505,48766486949,1c8679946a5d35e355f1606034efcd0e,
AI,aom,av2,0,A1,Neon1224_3840x2160_2997fps.y4m,3840x2160,30.00,10,3840x2160,160,8011.260739,37.968353,41.905186,41.332342,14.019443,16.463344,87.974673,85.462604,35.163639,40.772841,37.949731,41.894052,41.270151,1.832666,217351.94,12.08,1522708618541202,80614110226,606990224943427,33688151690,4d0f9e90dbf2b244d834a16953fe44bd,
AI,aom,av2,0,A1,Neon1224_3840x2160_2997fps.y4m,3840x2160,30.00,10,3840x2160,185,3856.823177,34.717859,38.369112,37.627450,12.425196,13.683727,69.677179,66.948401,30.945124,37.663198,34.698302,38.353976,37.549924,1.752660,122114.76,10.13,862874682529704,64375731974,341046066712325,28269646880,53ee36492c38059faff8f67c99f2439a,
AI,aom,av2,0,A1,Neon1224_3840x2160_2997fps.y4m,3840x2160,30.00,10,3840x2160,210,1727.584416,31.295427,34.849165,33.826522,10.984749,10.937926,47.154569,45.025481,26.935149,34.388432,31.275538,34.829357,33.729137,1.199850,61751.14,9.40,443475251297702,67793215912,172457454316139,26253737850,c58ddea05e559e4670649a6876cd17d8,
AI,aom,av2,0,A1,NocturneDance_3840x2160p_10bit_60fps.y4m,3840x2160,60.00,10,3840x2160,85,165014.816000,49.202978,46.202503,50.134212,21.233189,25.057181,99.273844,97.530484,47.627823,47.199723,49.202310,46.201960,50.132883,0.221517,537946.82,17.15,3426860794118453,92018523318,1502395886426004,47791922563,da0e943d8ef9a4e02b0fc3e33b9901d5,
AI,aom,av2,0,A1,NocturneDance_3840x2160p_10bit_60fps.y4m,3840x2160,60.00,10,3840x2160,110,75738.784000,45.125364,42.839851,47.494247,17.740270,20.644473,93.965483,91.634369,41.975866,43.855381,45.124599,42.838856,47.493101,0.498188,538268.05,14.25,3442566335353798,80504221156,1503274190300420,39781837105,f5f0ff868b8995d2a6d208dd3c2e9f40,
AI,aom,av2,0,A1,NocturneDance_3840x2160p_10bit_60fps.y4m,3840x2160,60.00,10,3840x2160,135,32825.232000,41.147790,40.381678,45.412438,14.594845,16.476377,81.020889,78.598307,37.082062,41.107512,41.147078,40.380184,45.411258,0.603301,333276.74,11.50,2189797974509666,60984385763,930729111086138,32036821977,7d14171bc7edf17d00f828b149b72846,
AI,aom,av2,0,A1,NocturneDance_3840x2160p_10bit_60fps.y4m,3840x2160,60.00,10,3840x2160,160,13393.648000,37.350160,38.383185,43.433115,11.993184,12.582923,56.612047,54.928235,32.857492,38.515251,37.349520,38.381849,43.431874,0.947535,199263.04,13.72,1119920626806307,64894482831,555632858305412,41620722056,987fa4fe06ad117206d899a0319cd11a,
AI,aom,av2,0,A1,NocturneDance_3840x2160p_10bit_60fps.y4m,3840x2160,60.00,10,3840x2160,185,4451.152000,33.851676,36.368019,41.416930,10.099082,9.242953,30.352262,29.673950,29.238883,35.931237,33.850919,36.366841,41.416006,1.043705,64088.13,8.90,426403927822983,58162595239,178973032085914,24843509034,ccebf25c0a3f7e4614a2a5a959ff62fb,
AI,aom,av2,0,A1,NocturneDance_3840x2160p_10bit_60fps.y4m,3840x2160,60.00,10,3840x2160,210,922.048000,31.054839,34.779334,39.637254,9.019446,6.946778,8.137245,7.977072,26.509137,33.935552,31.054154,34.777774,39.634574,1.835590,17746.50,7.42,114448910186985,57635765617,49562549700694,20689862054,9fe975035224f7371b449486711ebd02,
AI,aom,av2,0,A1,PierSeaSide_3840x2160_2997fps_10bit_420_v2.y4m,3840x2160,30.00,10,3840x2160,85,49291.243416,46.820810,49.295430,47.026256,18.669628,25.674168,99.846791,99.807607,47.961632,46.789354,46.814956,49.287784,47.021796,0.000310,380636.65,13.57,2601236459048443,79345824975,1063083213055588,37885545915,ef1daf78f6dae97616b823061ad09db2,
AI,aom,av2,0,A1,PierSeaSide_3840x2160_2997fps_10bit_420_v2.y4m,3840x2160,30.00,10,3840x2160,110,22665.439872,44.894476,47.283277,45.264450,17.556552,23.544977,99.756522,99.116411,44.599623,45.158397,44.881269,47.271583,45.253646,0.002417,458663.31,14.41,2476411409944406,64509096559,1189100581338460,39600813958,fa37ccfaa58ff72f6678d13a63064386,
AI,aom,av2,0,A1,PierSeaSide_3840x2160_2997fps_10bit_420_v2.y4m,3840x2160,30.00,10,3840x2160,135,11237.423328,42.362636,45.015574,43.628457,16.172172,20.954502,94.255951,92.138378,40.389021,43.368374,42.342834,45.004536,43.616687,0.005407,275691.35,10.23,1850974776092129,63751215267,769927437262930,28546498803,f72249c9730a29bfda4b3c48ac88e382,
AI,aom,av2,0,A1,PierSeaSide_3840x2160_2997fps_10bit_420_v2.y4m,3840x2160,30.00,10,3840x2160,160,5436.669888,39.168124,42.268418,41.586097,14.396902,17.923755,80.807079,78.356616,35.804388,41.094505,39.145639,42.258171,41.574911,0.012026,138172.19,9.62,949953543544729,65951772705,385927694833229,26883798189,d4b5a3e64b97e632d89f505d195f970b,
AI,aom,av2,0,A1,PierSeaSide_3840x2160_2997fps_10bit_420_v2.y4m,3840x2160,30.00,10,3840x2160,185,2479.973544,35.704063,39.338998,39.352139,12.524503,14.778596,59.477797,57.072312,31.515343,38.421503,35.683745,39.331486,39.342065,0.028337,80351.24,10.35,432694715245137,57010153190,209178222752642,29563825204,e3f6a6373a63a3b9b54f3e8bd4d5efed,
AI,aom,av2,0,A1,PierSeaSide_3840x2160_2997fps_10bit_420_v2.y4m,3840x2160,30.00,10,3840x2160,210,1038.328632,32.214957,36.276603,37.074805,10.813659,11.715081,33.681312,31.619412,27.679406,35.434775,32.198206,36.268728,37.062835,0.051382,35087.35,9.29,179848218610206,53805195832,94469137702197,26489234315,f20831ef1f5739c7e945c324606bb137,
AI,aom,av2,0,A1,Tango_3840x2160_5994fps_10bit_420.y4m,3840x2160,60.00,10,3840x2160,85,185522.829171,42.561891,50.328212,49.352402,13.439918,21.623818,99.775000,99.735016,46.149279,44.231537,42.561767,50.328010,49.347916,0.001959,938657.36,14.05,6527914796791678,70703544982,2621503330823716,39251337610,38c10a3fdc6b21dce20d38392179e7ab,
AI,aom,av2,0,A1,Tango_3840x2160_5994fps_10bit_420.y4m,3840x2160,60.00,10,3840x2160,110,38679.528472,40.353723,49.341732,47.501534,11.442061,18.134968,97.845221,96.145762,41.090550,42.443733,40.353491,49.341523,47.496606,0.311005,488269.30,11.81,3199705167664429,66943677445,1363567314982109,32961285836,57b17047fdd8e29a72bb19ce70466116,
AI,aom,av2,0,A1,Tango_3840x2160_5994fps_10bit_420.y4m,3840x2160,60.00,10,3840x2160,135,18450.957043,39.341113,47.916007,45.555673,10.994127,16.674961,90.034715,87.927792,38.450154,41.269668,39.340986,47.915769,45.552515,0.470483,316446.88,14.74,1676513191596872,65839937961,812418522593570,40393683504,d882a5af0273effebb47a169b4ddefff,
AI,aom,av2,0,A1,Tango_3840x2160_5994fps_10bit_420.y4m,3840x2160,60.00,10,3840x2160,160,9299.436563,37.778707,45.853999,43.002695,10.479878,14.880594,75.740735,73.389251,35.419554,39.604965,37.778580,45.852759,43.000758,0.529851,122463.90,11.05,817962154178793,75598064793,342062799751265,30841082503,25284eb0051e98b9e7c0402120f50068,
AI,aom,av2,0,A1,Tango_3840x2160_5994fps_10bit_420.y4m,3840x2160,60.00,10,3840x2160,185,4627.132867,35.508007,43.166066,40.088002,9.864532,12.771907,55.816839,53.532114,32.122373,37.360633,35.507820,43.163926,40.087398,0.483894,55054.26,8.92,373009157094667,59766936489,153754731349890,24868658488,d69f986f854b8f247e4390a31ab3b56b,
AI,aom,av2,0,A1,Tango_3840x2160_5994fps_10bit_420.y4m,3840x2160,60.00,10,3840x2160,210,2250.005994,32.679038,40.099665,36.996525,9.210701,10.578175,34.643685,32.840005,28.801135,34.615825,32.678768,40.095548,36.995319,0.304928,26771.10,8.56,172484260455481,61619053499,74766145707115,23939547170,ebd962a8f6d433aa581446525fb6ceef,
AI,aom,av2,0,A1,TimeLapse_3840x2160_5994fps_10bit_420.y4m,3840x2160,60.00,10,3840x2160,85,213993.222777,45.379634,50.166117,51.898269,18.240163,25.827397,97.026939,95.615548,49.058816,45.802825,45.368573,50.164877,51.869491,0.005367,745247.61,16.03,5068405810509210,86684106082,2081315094160244,45194488265,f0dd6b8779f8234fdf1d63f1aff28905,
AI,aom,av2,0,A1,TimeLapse_3840x2160_5994fps_10bit_420.y4m,3840x2160,60.00,10,3840x2160,110,98499.740260,42.103623,47.283158,49.354820,15.434379,21.594890,93.523897,91.603057,42.919282,42.954597,42.087956,47.281823,49.330042,0.007818,745126.90,15.17,5281899561631003,78116822194,2529339891635049,54606548820,376ad86385b5f13c4f65172e378f8ce7,
AI,aom,av2,0,A1,TimeLapse_3840x2160_5994fps_10bit_420.y4m,3840x2160,60.00,10,3840x2160,135,44616.167832,38.765968,44.786204,46.851148,12.698926,17.445430,85.225312,82.734820,37.143747,40.139723,38.749236,44.785107,46.833186,0.011424,736156.02,14.64,4088160455687792,62725402163,1922905083814142,40556937857,700e2ddaabee7bc43c77ed8e78bc87aa,
AI,aom,av2,0,A1,TimeLapse_3840x2160_5994fps_10bit_420.y4m,3840x2160,60.00,10,3840x2160,160,18703.680320,35.428579,42.409677,44.320529,10.342552,13.638152,68.239050,65.603291,32.301666,37.309071,35.408188,42.408548,44.312391,0.014871,323820.19,10.16,2259353620423402,59656430830,904406378623947,28361297726,d123d0f3195e3d5feb968d3190c31372,
AI,aom,av2,0,A1,TimeLapse_3840x2160_5994fps_10bit_420.y4m,3840x2160,60.00,10,3840x2160,185,7452.627373,32.323222,39.896843,41.775075,8.655331,10.510554,46.279430,43.854584,28.477132,34.433109,32.298300,39.896098,41.772850,0.012067,104465.16,9.70,709883367908789,60423181344,291752796421852,27113032447,845ca428910c7ad5759c7d167959bc35,
AI,aom,av2,0,A1,TimeLapse_3840x2160_5994fps_10bit_420.y4m,3840x2160,60.00,10,3840x2160,210,2881.598402,29.455079,37.031793,39.095747,7.506484,8.148897,27.574143,25.531473,25.317240,31.576662,29.428693,37.029340,39.087970,0.008857,45726.85,8.52,296471169587351,57151924875,127698040550856,23840300837,2de9c3bbd56e9b4a000fc229875098f2,
AI,aom,av2,0,A2,Aerial3200_1920x1080_5994_10bit_420.y4m,1920x1080,60.00,10,1920x1080,85,137122.189810,43.393100,44.938845,45.192808,16.770948,24.919031,99.527429,98.175827,48.759245,41.101789,43.379157,44.935758,45.188880,0.000115,424216.47,7.03,2977795174134583,37308058973,1184673363300810,19656878042,fcf9f15412a317f37bab4e2daa4a39fa,
AI,aom,av2,0,A2,Aerial3200_1920x1080_5994_10bit_420.y4m,1920x1080,60.00,10,1920x1080,110,63418.693307,38.866427,42.460990,43.124845,12.551263,19.418854,94.995201,93.094775,41.024583,37.869961,38.827475,42.457155,43.120872,0.000921,518673.50,5.20,3581289524393199,28225076142,1448517416713147,14518190975,03574593919dc8c48963be8b479ff7c7,
AI,aom,av2,0,A2,Aerial3200_1920x1080_5994_10bit_420.y4m,1920x1080,60.00,10,1920x1080,135,26358.441558,34.943472,40.405227,41.274363,9.181822,14.743362,83.603068,81.496473,34.387939,35.004027,34.900678,40.402689,41.271199,0.005291,511172.05,5.42,3189531081174606,24533442788,1442366843011583,15957436007,f2ee52dea815bcb18045d61d16e9aeae,
AI,aom,av2,0,A2,Aerial3200_1920x1080_5994_10bit_420.y4m,1920x1080,60.00,10,1920x1080,160,10061.330669,31.651808,38.561151,39.602355,6.771034,10.919881,61.395465,59.517103,29.203971,32.479344,31.620795,38.559267,39.600260,0.014008,190833.39,3.15,1341513389880868,19465320198,532963178570255,8785410762,003637eb74b859ff6a95de57c26ed236,
AI,aom,av2,0,A2,Aerial3200_1920x1080_5994_10bit_420.y4m,1920x1080,60.00,10,1920x1080,185,3527.336663,28.826999,36.831873,37.906557,5.215747,7.814608,33.372803,32.373573,25.295229,30.152238,28.809801,36.830512,37.903702,0.049946,53506.98,2.45,376836782721433,14748076787,149422508262635,6822474354,78f649cc76310fb24722b3e3ff19f612,
AI,aom,av2,0,A2,Aerial3200_1920x1080_5994_10bit_420.y4m,1920x1080,60.00,10,1920x1080,210,1187.884116,26.432273,35.188045,36.047936,4.350297,5.595071,13.157055,12.938489,22.468799,28.068880,26.423586,35.185984,36.043852,0.101939,17030.34,2.63,116435877815886,16885155089,47569495495027,7285047933,ba6bd67d4dcf3050945561cb9fceccd4,
AI,aom,av2,0,A2,Boat_1920x1080_5994_10bit_420.y4m,1920x1080,60.00,10,1920x1080,85,178806.297702,43.918301,45.837760,46.779592,20.586171,29.021853,99.866587,99.817681,51.219870,43.407794,43.918286,45.837714,46.779561,0.172605,317560.84,8.97,2446644561444278,42981789987,1092646002892025,31709828182,fdd7a6789eab874676e5b952bfed4351,
AI,aom,av2,0,A2,Boat_1920x1080_5994_10bit_420.y4m,1920x1080,60.00,10,1920x1080,110,97640.631369,38.872851,43.111065,44.043445,15.826471,23.460774,99.314359,97.588259,43.683368,39.833424,38.872822,43.111004,44.043378,0.182414,615678.66,7.28,3622386448110768,32377649708,1621086613008939,19751086462,43009f3e1576b9ab7bb781c541c10e89,
AI,aom,av2,0,A2,Boat_1920x1080_5994_10bit_420.y4m,1920x1080,60.00,10,1920x1080,135,49558.649351,34.277210,40.842303,41.512561,11.544973,18.175828,91.395277,89.363373,36.067263,36.386496,34.277185,40.842198,41.512444,0.194158,658230.95,4.82,4804905952999037,27781729394,1838344010597406,13425648361,0d478c5d85fe34ca64b2d5b73bf12b73,
AI,aom,av2,0,A2,Boat_1920x1080_5994_10bit_420.y4m,1920x1080,60.00,10,1920x1080,160,22773.946054,30.078231,38.083337,38.453044,7.946441,13.380062,73.619950,71.658260,29.303093,32.779306,30.078188,38.083096,38.452718,0.197863,370986.48,3.71,2679480496210678,20809407173,1036096013136969,10432415345,d78b3069686a13074d4b70249ef6f25a,
AI,aom,av2,0,A2,Boat_1920x1080_5994_10bit_420.y4m,1920x1080,60.00,10,1920x1080,185,8994.317682,26.331321,34.981560,34.836611,5.334155,9.374280,45.994042,44.470102,23.768807,29.330561,26.331272,34.980807,34.835784,0.169085,184077.03,3.86,1056873850820680,16739310936,479552275832486,10597659844,929fe0a842ebff5e082c72a6091e3e54,
AI,aom,av2,0,A2,Boat_1920x1080_5994_10bit_420.y4m,1920x1080,60.00,10,1920x1080,210,2946.445554,23.147766,31.717015,31.523239,3.647487,6.233542,17.789868,17.143330,19.457218,26.195083,23.147641,31.716173,31.521144,0.112609,58655.28,3.43,325500817117190,15705652172,154263966375905,9572402496,12965b327808072f1df3a420747fadf4,
AI,aom,av2,0,A2,CrowdRun_1920x1080p50.y4m,1920x1080,50.00,8,1920x1080,85,202065.986667,42.298214,42.543454,43.103447,16.400995,25.161372,99.873764,99.823954,49.119710,39.778916,42.298028,42.543342,43.103324,0.000275,324995.29,10.48,2465525730889258,52538933102,1113444878185261,36730555413,34deffc11020b3b4aac323db81f01305,
AI,aom,av2,0,A2,CrowdRun_1920x1080p50.y4m,1920x1080,50.00,8,1920x1080,110,102129.933333,37.502290,39.227175,39.939867,12.385864,20.084830,99.773049,99.619066,42.143956,36.368895,37.501613,39.226983,39.939685,0.001015,497079.33,7.32,3574494309599939,41504995949,1388242863092106,20437227751,c0449c46137223a572b9e91f2b2ed92c,
AI,aom,av2,0,A2,CrowdRun_1920x1080p50.y4m,1920x1080,50.00,8,1920x1080,135,48829.360000,33.280499,36.624552,37.193703,9.434606,15.988802,93.683955,91.384735,35.539405,33.457890,33.279545,36.624370,37.193426,0.002320,675652.37,5.61,4917976189926814,31557208959,1886923039062302,15651148794,f8493545b21f33e3f122c03be394c68a,
AI,aom,av2,0,A2,CrowdRun_1920x1080p50.y4m,1920x1080,50.00,8,1920x1080,160,21317.426667,29.378183,34.126630,34.470649,6.973074,12.094646,75.316183,73.068318,29.350236,30.637155,29.377274,34.126461,34.470259,0.008025,514207.52,5.80,3006619771807151,26320019737,1350676338279804,15994842080,5759f817ba9040826f9c6a5b269d619a,
AI,aom,av2,0,A2,CrowdRun_1920x1080p50.y4m,1920x1080,50.00,8,1920x1080,185,7992.213333,25.800257,31.851770,32.012241,5.082519,9.019174,47.584767,46.026106,24.068820,27.913219,25.799539,31.851483,32.011881,0.043676,171964.53,3.40,1220292600727026,21665187775,480242191438855,9526465785,83ccedd94d49737446c8886770407ac2,
AI,aom,av2,0,A2,CrowdRun_1920x1080p50.y4m,1920x1080,50.00,8,1920x1080,210,2372.480000,22.740077,30.109264,29.960858,3.600569,6.307835,19.019019,18.320094,19.617374,25.373051,22.739449,30.108802,29.960109,0.041200,49088.81,2.54,340970062726067,15885436970,137090642374678,7093393538,f2ace3029317ed2e9f2e11579f0562d5,
AI,aom,av2,0,A2,DinnerSceneCropped_1920x1080_2997fps_10bit_420.y4m,1920x1080,30.00,10,1920x1080,85,52597.746254,42.299941,43.936060,47.855335,13.374632,21.355004,94.223469,93.177341,46.001419,41.166384,42.299925,43.935921,47.855150,0.023801,558361.38,7.09,3131139083854231,30547427514,1442855983022470,18803952451,a8c067fe2f4b987089a5227b81100116,
AI,aom,av2,0,A2,DinnerSceneCropped_1920x1080_2997fps_10bit_420.y4m,1920x1080,30.00,10,1920x1080,110,4285.658342,37.691056,40.910980,46.079418,8.586308,15.013660,85.348831,84.124325,38.390158,37.984596,37.690833,40.910755,46.079173,1.548808,246271.84,4.01,1347938587242922,15056198726,634398846951239,10819204463,fbc6fa4d157648e3ab375d568fa08577,
AI,aom,av2,0,A2,DinnerSceneCropped_1920x1080_2997fps_10bit_420.y4m,1920x1080,30.00,10,1920x1080,135,1095.040959,37.189865,40.097589,45.491196,8.306337,14.117934,77.591023,75.952840,36.887213,37.315261,37.189716,40.097240,45.491040,3.265315,50681.25,2.19,342829297551719,14405501632,167774483627435,7935318221,1881e27123ea9fc25efdf0121c251ba6,
AI,aom,av2,0,A2,DinnerSceneCropped_1920x1080_2997fps_10bit_420.y4m,1920x1080,30.00,10,1920x1080,160,552.719281,36.651585,39.800876,44.621634,8.172621,13.419142,64.425883,62.752601,35.592428,36.887092,36.651529,39.800576,44.621072,3.016590,20454.03,2.15,137339744591564,15438601195,57119268530213,6019474751,59d4ad0acb4d6e125b5c021f3cf0fcab,
AI,aom,av2,0,A2,DinnerSceneCropped_1920x1080_2997fps_10bit_420.y4m,1920x1080,30.00,10,1920x1080,185,279.456543,35.583078,39.260560,43.284397,7.975569,12.251243,45.897041,44.188990,33.577546,36.123808,35.582929,39.260112,43.281634,2.786911,9227.77,2.52,47302461298533,16526223190,23558312744646,7302554712,c93c5f911392e979ab63e4c185d829e0,
AI,aom,av2,0,A2,DinnerSceneCropped_1920x1080_2997fps_10bit_420.y4m,1920x1080,30.00,10,1920x1080,210,141.538462,33.832747,38.155688,41.431428,7.727079,10.727759,26.707552,25.286659,31.018889,34.839968,33.832189,38.148016,41.413206,2.461408,3585.70,2.01,22886889088586,15538259691,10014949659003,5633529992,755c33eb5d0cf1c2832b6e2caa1e33c8,
AI,aom,av2,0,A2,FoodMarket_1920x1080_5994_10bit_420.y4m,1920x1080,60.00,10,1920x1080,85,93142.681319,42.537896,45.665210,46.228349,14.351033,22.800643,99.840187,99.791595,47.128331,41.778030,42.537851,45.665057,46.228222,0.025963,432822.29,5.88,2977092866737717,30691977343,1208836776537098,16426287931,fe69ddc6ce9f265a5477e9170125135b,
AI,aom,av2,0,A2,FoodMarket_1920x1080_5994_10bit_420.y4m,1920x1080,60.00,10,1920x1080,110,32034.253746,39.255778,43.817420,44.574562,11.371947,18.191661,98.910129,97.107457,40.728793,39.397969,39.255536,43.817112,44.574099,0.202864,352577.51,3.91,2392822125653167,20988158677,984675508773640,10931493032,6abb5c9158cad79f40c7f887b8776505,
AI,aom,av2,0,A2,FoodMarket_1920x1080_5994_10bit_420.y4m,1920x1080,60.00,10,1920x1080,135,13837.250749,36.787872,42.252403,42.816831,9.677727,14.911452,88.987933,86.738736,35.854624,37.531919,36.787063,42.251946,42.814991,0.299688,232954.14,3.16,1614518220681354,16602278984,650575607961680,8797582150,2ae75c36ee2a4bf341b50fba54c8b152,
AI,aom,av2,0,A2,FoodMarket_1920x1080_5994_10bit_420.y4m,1920x1080,60.00,10,1920x1080,160,5630.145854,34.083419,40.546873,40.718883,8.112422,11.748562,69.788033,67.527967,31.470892,35.465135,34.082320,40.545907,40.713357,0.511385,91504.84,2.75,647100876282100,16235490638,255554487780534,7687308450,2104dd478c8c7b359780fe416a6fa3c8,
AI,aom,av2,0,A2,FoodMarket_1920x1080_5994_10bit_420.y4m,1920x1080,60.00,10,1920x1080,185,2115.772228,31.403794,38.455579,38.318994,6.900163,9.041238,47.801958,45.858325,27.807287,33.237814,31.402930,38.453847,38.310031,0.748029,37969.32,2.79,207310597935584,15235693141,97315719581395,7866126808,97b8580a19bdfc9e08bb72e18fff6411,
AI,aom,av2,0,A2,FoodMarket_1920x1080_5994_10bit_420.y4m,1920x1080,60.00,10,1920x1080,210,807.880120,29.043695,36.359054,35.933875,6.150327,7.119280,31.180707,29.844508,25.044829,31.140037,29.042930,36.350401,35.921689,0.534857,10567.86,2.32,71977785398199,16068692899,29514802436409,6490443326,aca347a6cad08faba75456bde71d66bd,
AI,aom,av2,0,A2,GregoryScarf_1080x1920p30_yuv420p10le_130frames.y4m,1080x1920,30.00,10,1080x1920,85,57575.624000,44.252209,49.682027,48.970087,18.173932,25.885704,99.851819,99.809543,49.028394,45.266814,44.215666,49.628165,48.933686,0.104357,353860.32,6.49,2426429605380464,37330546812,988315386531253,18103588387,3589e09b298364df03967463665446b3,
AI,aom,av2,0,A2,GregoryScarf_1080x1920p30_yuv420p10le_130frames.y4m,1080x1920,30.00,10,1080x1920,110,28895.120000,39.951323,46.222622,45.225924,14.678581,21.340686,99.737256,99.679643,42.147616,41.474786,39.880474,46.167546,45.179019,0.109077,419026.71,5.24,2874042409366382,29300161119,1170342665034755,14657831825,d300751f338fdff6129e2e3d4957affc,
AI,aom,av2,0,A2,GregoryScarf_1080x1920p30_yuv420p10le_130frames.y4m,1080x1920,30.00,10,1080x1920,135,13478.184000,36.032123,42.936007,41.797871,11.557853,17.112780,99.442741,99.371986,35.954423,37.960880,35.939925,42.877702,41.743178,0.113072,402912.92,4.01,2854770056535449,23474520634,1125279337516808,11182902361,be9f12b4993f923b9b9d6270645b997a,
AI,aom,av2,0,A2,GregoryScarf_1080x1920p30_yuv420p10le_130frames.y4m,1080x1920,30.00,10,1080x1920,160,5769.408000,32.375361,39.802585,38.854529,8.815395,13.121660,86.721565,84.704738,30.500980,34.654004,32.272543,39.741415,38.800527,0.108510,212913.95,3.46,1511394068347822,20155958152,594593405294623,9659184827,db2df55b94c04df451cfec5866aa63ee,
AI,aom,av2,0,A2,GregoryScarf_1080x1920p30_yuv420p10le_130frames.y4m,1080x1920,30.00,10,1080x1920,185,2222.544000,29.063723,36.866572,36.243463,6.697029,9.482231,60.532925,58.949184,25.963154,31.578077,28.964425,36.801398,36.206356,0.125049,84468.61,3.46,471823897463169,16214786358,218329709383186,9602327238,804d00da53f0eebf306c3f39c628b9ca,
AI,aom,av2,0,A2,GregoryScarf_1080x1920p30_yuv420p10le_130frames.y4m,1080x1920,30.00,10,1080x1920,210,769.944000,26.174933,34.358038,33.614397,5.324222,6.474404,36.582477,35.704027,22.383456,28.801785,26.092837,34.305698,33.595772,0.122774,27790.47,3.03,154124252987250,17124187959,73249103418856,8656709967,1db997c1ed4b38d1246884388e621bd2,
AI,aom,av2,0,A2,MeridianTalk_sdr_1920x1080p_5994_10bit.y4m,1920x1080,60.00,10,1920x1080,85,28481.230769,43.580680,46.845287,53.060606,14.329117,22.395274,96.560286,95.248318,46.753195,43.724168,43.580645,46.845266,53.060417,0.829964,282382.10,4.59,1586122437251906,19538827775,729641743872800,12517637958,7106e9de44ab42215d358b393238ec29,
AI,aom,av2,0,A2,MeridianTalk_sdr_1920x1080p_5994_10bit.y4m,1920x1080,60.00,10,1920x1080,110,9945.414585,41.960835,46.162201,51.404476,13.188169,20.130242,93.443180,91.609800,43.206081,42.621085,41.960646,46.162150,51.404222,0.919647,176790.80,3.65,969577097342406,15291345062,456589219789201,10050612040,c36fdb9a202a83bf45b143c6dc284d64,
AI,aom,av2,0,A2,MeridianTalk_sdr_1920x1080p_5994_10bit.y4m,1920x1080,60.00,10,1920x1080,135,4404.443556,40.254665,45.226309,49.286636,12.288203,17.845611,85.997148,83.757873,39.657439,41.384139,40.254332,45.226136,49.285974,0.959237,94181.93,3.41,521708247074295,17052218400,243135550593276,9536452004,55756271cb96dec256703676057a4539,
AI,aom,av2,0,A2,MeridianTalk_sdr_1920x1080p_5994_10bit.y4m,1920x1080,60.00,10,1920x1080,160,2013.538462,38.174581,43.800442,46.556289,11.414615,15.374689,72.555827,69.736411,36.122142,39.764879,38.174273,43.799702,46.555045,0.999064,31286.44,2.27,216250456796170,15227866650,87375346992504,6317244069,947e8b7810c30c89dcea91bc713c0f87,
AI,aom,av2,0,A2,MeridianTalk_sdr_1920x1080p_5994_10bit.y4m,1920x1080,60.00,10,1920x1080,185,939.108891,35.719801,41.932119,43.979914,10.640195,12.931836,53.193112,50.524476,32.739918,37.761076,35.719454,41.928992,43.973369,0.531221,12516.71,2.19,85087426868223,14759301643,34953906045406,6116483419,b88c3a37854b2709c033b68ab6f4f241,
AI,aom,av2,0,A2,MeridianTalk_sdr_1920x1080p_5994_10bit.y4m,1920x1080,60.00,10,1920x1080,210,454.569431,32.938262,39.654559,41.238055,9.938593,10.707815,33.800234,31.588842,29.369420,35.152882,32.938052,39.649158,41.226164,0.351583,7687.98,2.75,39630862840550,16920931053,20641960869704,7970149373,8d7d35d60e6defc437c107375d09c13f,
AI,aom,av2,0,A2,Motorcycle_1920x1080_30fps_8bit.y4m,1920x1080,30.00,8,1920x1080,85,75308.328000,45.092006,46.588996,47.142237,20.832188,27.494315,99.869195,99.827989,49.084980,44.668157,45.090193,46.587888,47.139795,0.015436,274006.63,10.32,1611551945727570,46103532635,722698126934863,27831582681,6e45278c8eaa5924422035d9670925f8,
AI,aom,av2,0,A2,Motorcycle_1920x1080_30fps_8bit.y4m,1920x1080,30.00,8,1920x1080,110,44362.496000,40.171059,42.845386,43.767635,17.402248,23.443355,99.784296,99.722081,43.265498,40.960181,40.169864,42.843557,43.763466,0.038731,364164.25,8.84,2111554013832055,38299537167,957210650240538,23484916086,0dc378317fad6c31735a2e6983fcb0b4,
AI,aom,av2,0,A2,Motorcycle_1920x1080_30fps_8bit.y4m,1920x1080,30.00,8,1920x1080,135,23832.848000,35.377834,39.540921,40.932027,13.918893,19.368203,99.534487,99.459662,37.337030,37.384617,35.376631,39.539217,40.927741,0.103529,533307.33,6.69,3122057629112732,30851476356,1398023074700743,18283470130,4b7a8e750ce4019b7dd276aa21c3d796,
AI,aom,av2,0,A2,Motorcycle_1920x1080_30fps_8bit.y4m,1920x1080,30.00,8,1920x1080,160,11244.232000,30.735460,36.593203,38.366703,10.446218,15.159749,88.703134,86.227823,31.337371,33.838708,30.733503,36.591388,38.362726,0.148584,433643.02,5.24,2500755062977463,22970330973,1136903497907538,14537924854,32ab9a7937e8627c9c531904ac567e96,
AI,aom,av2,0,A2,Motorcycle_1920x1080_30fps_8bit.y4m,1920x1080,30.00,8,1920x1080,185,4199.944000,26.487396,33.956796,35.944579,7.341067,11.005019,63.613790,61.312610,25.466304,30.370858,26.484801,33.954296,35.941346,0.177274,195796.42,4.00,1125730059830306,18562943850,509898273315241,11138401650,314bfe10443a1f0767f4c27d0bde9a98,
AI,aom,av2,0,A2,Motorcycle_1920x1080_30fps_8bit.y4m,1920x1080,30.00,8,1920x1080,210,1293.160000,23.316894,31.385467,33.240810,5.295003,7.529631,35.722613,33.934018,20.695273,27.222210,23.314809,31.382312,33.237083,0.057844,52053.06,3.52,288457369992380,15738435336,136676845289069,9908330737,28f292457fcbaf075a1c98aa59e1d59a,
AI,aom,av2,0,A2,OldTownCross_1920x1080p50.y4m,1920x1080,50.00,8,1920x1080,85,161024.826667,42.194949,41.441877,42.649279,15.128848,23.537881,99.194306,97.517713,47.776440,37.813748,42.194915,41.441859,42.649257,0.000001,569325.49,10.26,3324491767132697,46259593336,1485438640251333,27159528109,587a3ccfbb7bb2f3d08700cee4f0a3d7,
AI,aom,av2,0,A2,OldTownCross_1920x1080p50.y4m,1920x1080,50.00,8,1920x1080,110,44324.986667,36.748916,39.094798,41.181771,9.566305,17.260333,95.207643,93.318692,40.553587,34.855565,36.748801,39.094765,41.181709,0.000583,576419.55,6.37,3364492900125437,27460409345,1511487840970709,17247835940,22c0a2d1efad89b8cf0c494de43caf00,
AI,aom,av2,0,A2,OldTownCross_1920x1080p50.y4m,1920x1080,50.00,8,1920x1080,135,18878.826667,34.450132,38.391492,39.596156,8.403299,15.451623,85.952895,83.796956,36.218668,33.566073,34.449963,38.391440,39.595811,0.012036,530883.17,5.22,3092020296129653,23698156678,1394729469088031,14384008376,b1549d184d17a394f70ab0af52619ce3,
AI,aom,av2,0,A2,OldTownCross_1920x1080p50.y4m,1920x1080,50.00,8,1920x1080,160,7985.893333,31.756897,37.454732,37.826019,6.996791,12.842499,66.730393,64.604972,31.003415,32.027139,31.756700,37.454677,37.825837,0.038844,246692.33,4.04,1431097877737990,18728468412,645588235120787,11227434736,ec4614422341d530cc394e50527ab766,
AI,aom,av2,0,A2,OldTownCross_1920x1080p50.y4m,1920x1080,50.00,8,1920x1080,185,2853.693333,28.814905,36.323736,36.139204,5.476549,9.647235,37.668570,36.222903,26.219686,30.207569,28.814678,36.323553,36.138755,0.031137,58636.50,2.10,417166546027928,14903462847,163774878795322,5886761505,46c2ad13a4c390218b40b45ee95babcc,
AI,aom,av2,0,A2,OldTownCross_1920x1080p50.y4m,1920x1080,50.00,8,1920x1080,210,797.706667,26.179797,35.035004,34.834688,4.336114,6.655206,7.631332,7.157511,22.594083,28.212488,26.179596,35.032970,34.833904,0.031363,19888.68,2.55,108520775969293,13917062686,52556239103523,7201877443,dba5cad00a417f1011036b2fecd4d429,
AI,aom,av2,0,A2,PedestrianArea_1920x1080p25.y4m,1920x1080,25.00,8,1920x1080,85,15815.160000,43.989471,47.681777,50.022216,15.251740,23.106469,99.817203,99.773684,47.066470,42.895604,43.988951,47.680775,50.018789,0.232534,264127.13,3.92,1813183044039832,21293762976,737639409460048,10955490801,dcd2b212eecd9c0f93648a33b3facc44,
AI,aom,av2,0,A2,PedestrianArea_1920x1080p25.y4m,1920x1080,25.00,8,1920x1080,110,6806.400000,42.155092,45.904353,47.787067,14.009466,20.827454,99.710728,99.639841,42.933332,41.288917,42.152636,45.903199,47.779531,0.352703,195701.90,3.42,1297572832514395,18446468203,546640901353245,9548024945,b2a821321fdb54be9dc1e47d9fc1898d,
AI,aom,av2,0,A2,PedestrianArea_1920x1080p25.y4m,1920x1080,25.00,8,1920x1080,135,3366.313333,40.046266,43.928009,45.277917,12.883606,18.516538,94.641129,92.534090,38.807493,39.511890,40.038676,43.922915,45.266089,0.486993,150630.78,4.18,832785928298457,18916217872,389667235979934,11667910117,e55d3cb79596720997845c4902806ab7,
AI,aom,av2,0,A2,PedestrianArea_1920x1080p25.y4m,1920x1080,25.00,8,1920x1080,160,1690.766667,37.333030,41.648358,42.476378,11.537650,15.838637,79.453480,76.983674,34.567299,37.254135,37.323782,41.639828,42.463885,0.600069,65083.33,3.13,454280661732034,17834118088,181753165624620,8791209845,e8a43cb31dc35429957f0e5e2293fddf,
AI,aom,av2,0,A2,PedestrianArea_1920x1080p25.y4m,1920x1080,25.00,8,1920x1080,185,819.913333,34.139053,38.852898,39.313065,10.096825,12.914550,56.765326,54.250019,30.410719,34.468902,34.128180,38.836089,39.298215,0.657195,22813.34,2.50,153592063722638,14711386619,63717933183060,6970077438,2b8ae0a6f79454a995be4e344814b484,
AI,aom,av2,0,A2,PedestrianArea_1920x1080p25.y4m,1920x1080,25.00,8,1920x1080,210,366.220000,30.650784,36.127663,36.358714,8.704549,9.847455,28.629562,27.359253,26.476896,31.526406,30.638922,36.111877,36.341572,0.430249,10452.28,2.46,61627931865435,14989976374,29770274484217,7511207503,6a440c5e7570c2fbfc74277720bd5f3c,
AI,aom,av2,0,A2,RitualDance_1920x1080_5994_10bit_420.y4m,1920x1080,60.00,10,1920x1080,85,28551.640360,48.547359,51.003162,52.033739,20.319920,26.616293,99.804148,99.592025,49.513597,49.741835,48.523533,50.979422,51.998441,0.343415,154039.49,4.37,1067719782235645,23689494047,430182632320035,12233106619,6e2de16d2cfa8942270bca2b290c7ef5,
AI,aom,av2,0,A2,RitualDance_1920x1080_5994_10bit_420.y4m,1920x1080,60.00,10,1920x1080,110,15138.733267,45.585744,48.636449,49.221405,18.556006,23.754049,99.216903,98.243007,45.065842,47.280027,45.553823,48.604910,49.176810,0.422856,192182.46,4.69,1076486798452200,21894323694,501365065645588,12938947784,603b2a2a8d300d4b260c1d7a0af728a8,
AI,aom,av2,0,A2,RitualDance_1920x1080_5994_10bit_420.y4m,1920x1080,60.00,10,1920x1080,135,7739.476523,42.071045,45.963279,46.243397,16.372899,20.406520,93.922052,91.516400,40.124074,44.301067,42.032502,45.922040,46.192849,0.446619,129291.27,3.62,961598121040841,19005697691,442624079557462,13112870837,e4f19b75881b9264f8bf4aee938d7521,
AI,aom,av2,0,A2,RitualDance_1920x1080_5994_10bit_420.y4m,1920x1080,60.00,10,1920x1080,160,3794.045954,38.358460,43.262304,43.271890,14.139860,16.931031,80.418455,77.448676,35.319954,40.958086,38.309664,43.217227,43.224640,0.529956,67089.21,2.66,490438823975665,17221827391,187349040772891,7449452049,2a974b0eeb10521a8c9c02e450360df9,
AI,aom,av2,0,A2,RitualDance_1920x1080_5994_10bit_420.y4m,1920x1080,60.00,10,1920x1080,185,1795.564436,34.719259,40.702469,40.555036,12.190833,13.774300,59.882292,56.661058,30.986036,38.131045,34.662577,40.652560,40.510102,0.616144,26095.34,2.09,184300430347533,14153833416,72875417583388,5854868570,2ffbd1ac5bca97190f1d003922d142f4,
AI,aom,av2,0,A2,RitualDance_1920x1080_5994_10bit_420.y4m,1920x1080,60.00,10,1920x1080,210,813.634366,31.216832,38.376749,37.726379,10.618387,10.958953,34.664498,32.055136,27.091742,35.112946,31.154276,38.317618,37.700691,0.334393,13852.51,2.81,75556766290419,16433305031,36870294162899,8132550710,91521eddd8ebfd07f93789af5d0de1ec,
AI,aom,av2,0,A2,Riverbed_1920x1080p25.y4m,1920x1080,25.00,8,1920x1080,85,37540.780000,43.308781,46.226791,48.299652,16.200071,24.827474,99.815532,99.765750,48.809292,41.398585,43.308754,46.226669,48.299095,0.000000,447273.72,6.51,2731213025495908,28619572021,1252623067488364,18883574307,cec10e4fd1e61f9e4383eb2b85fcd080,
AI,aom,av2,0,A2,Riverbed_1920x1080p25.y4m,1920x1080,25.00,8,1920x1080,110,16751.666667,40.177331,42.892878,45.449736,13.567399,20.757717,99.672129,99.609476,41.582490,38.367824,40.177217,42.892554,45.448699,0.000002,451288.49,5.69,2492307598213228,26943204631,1172434870395906,15551608615,7e0986cb2c20f542b534318ad25ba8a2,
AI,aom,av2,0,A2,Riverbed_1920x1080p25.y4m,1920x1080,25.00,8,1920x1080,135,7932.406667,37.022310,40.687054,43.864574,11.141055,16.840877,97.112806,94.909872,35.694482,35.999590,37.022048,40.686472,43.863716,0.000037,318264.78,4.57,1949823607314761,21995009471,895045611553789,13435983694,577cf8fa5190675ce5ae2de81828fe12,
AI,aom,av2,0,A2,Riverbed_1920x1080p25.y4m,1920x1080,25.00,8,1920x1080,160,3629.033333,33.648731,38.729882,42.277857,8.775457,12.944460,75.113989,73.042813,30.653094,33.514659,33.648340,38.729001,42.277029,0.000500,160214.09,4.18,915404611628228,20669209873,417731898900366,11581725162,559e0c8d5f1cc31b0be9708436ce6c63,
AI,aom,av2,0,A2,Riverbed_1920x1080p25.y4m,1920x1080,25.00,8,1920x1080,185,1509.180000,30.282548,37.003826,40.244229,6.761481,9.372058,46.314736,44.876165,26.411618,30.892466,30.282008,37.002954,40.242143,0.002404,55324.48,3.21,309035532595225,15352672870,142676032888354,8977162685,7454baaaf41493c55cdfa5d871800ba5,
AI,aom,av2,0,A2,Riverbed_1920x1080p25.y4m,1920x1080,25.00,8,1920x1080,210,561.993333,27.165354,35.718799,39.338706,5.322397,6.366596,23.687670,23.172286,22.982101,28.487483,27.164875,35.714257,39.334788,0.016596,19067.71,3.06,106831325642150,17525168494,50199908516456,8812112999,f831906b4a8b227b2a36c68034e93b1d,
AI,aom,av2,0,A2,RushFieldCuts_1920x1080_2997.y4m,1920x1080,30.00,8,1920x1080,85,72175.192807,45.641332,47.337226,48.293974,20.517516,27.740022,99.872464,99.803581,50.327694,43.001117,45.641140,47.336378,48.293343,0.001224,378357.69,7.59,2146804959132815,33185600449,987013081493538,19993953877,79eefc501700cb144ef723276dc6e05e,
AI,aom,av2,0,A2,RushFieldCuts_1920x1080_2997.y4m,1920x1080,30.00,8,1920x1080,110,37154.981019,39.709686,43.171515,44.260135,14.404343,20.879926,98.177516,96.388003,42.058072,38.486367,39.708937,43.171405,44.260016,0.005460,521306.55,6.62,2908279792259492,28568515519,1358864576661406,17841512366,ff531a8474f940e6b2ebd43d31bb6bba,
AI,aom,av2,0,A2,RushFieldCuts_1920x1080_2997.y4m,1920x1080,30.00,8,1920x1080,135,17596.243756,35.525242,40.293725,41.493278,11.386617,16.512154,89.502493,87.473900,35.742513,35.413684,35.525200,40.293540,41.493164,0.028211,466039.80,4.61,3308730325544964,27466711138,1301471024650372,12882098303,73cf0bf59d5692c1b3a17da30ac7d6db,
AI,aom,av2,0,A2,RushFieldCuts_1920x1080_2997.y4m,1920x1080,30.00,8,1920x1080,160,8461.098901,31.853761,37.546811,38.990088,9.120425,13.166187,72.346192,70.092539,30.334843,32.655521,31.853737,37.546638,38.989731,0.237127,358006.91,4.54,2072034644023545,21502592523,935428349154044,12617384144,c2be9c941d3c8d1d671ec49620a2d288,
AI,aom,av2,0,A2,RushFieldCuts_1920x1080_2997.y4m,1920x1080,30.00,8,1920x1080,185,3688.943057,28.082243,34.979514,36.446595,6.941245,10.061755,48.362468,46.604599,25.215916,29.914756,28.082183,34.979038,36.446119,0.388412,144643.52,3.93,803066748229111,18020902664,374542720915389,11032502129,87142c2bffd77b44a63fa41e8d271c8c,
AI,aom,av2,0,A2,RushFieldCuts_1920x1080_2997.y4m,1920x1080,30.00,8,1920x1080,210,1259.932068,24.431974,32.437954,34.141742,5.019046,6.651746,24.353071,23.567159,20.621229,27.017323,24.431891,32.435576,34.140709,0.323965,38721.92,2.21,270863888642108,15318635745,108135305212467,6167231749,266534a5c0775173eee4700287993659,
AI,aom,av2,0,A2,Skater227_1920x1080_30fps.y4m,1920x1080,30.00,10,1920x1080,85,5081.992000,50.744876,57.516977,57.910554,21.996628,27.769892,99.812910,99.766544,50.586340,50.855672,50.689754,57.509375,57.880930,0.834534,126276.18,2.85,812897289785631,16442689793,352629609031793,7974721933,82bedf23179080f6577c272b11ff6bff,
AI,aom,av2,0,A2,Skater227_1920x1080_30fps.y4m,1920x1080,30.00,10,1920x1080,110,2469.208000,48.433487,54.836737,55.392700,20.513655,24.879166,99.604641,98.927904,46.836036,48.636717,48.314918,54.825099,55.366952,0.873097,91924.15,2.59,599178363005186,16753049936,256710055773309,7253673359,11d38df70c83d6ad032280b9f0bc9fef,
AI,aom,av2,0,A2,Skater227_1920x1080_30fps.y4m,1920x1080,30.00,10,1920x1080,135,1222.696000,45.743514,51.639978,52.407805,19.036604,21.842627,94.382792,92.213965,43.011789,46.013371,45.566473,51.614480,52.379645,0.963310,53571.01,2.82,298633233599324,15246909118,139933991151777,7893645926,26bf18aa92940daaf6c338afe8f1a019,
AI,aom,av2,0,A2,Skater227_1920x1080_30fps.y4m,1920x1080,30.00,10,1920x1080,160,616.736000,42.759746,48.062314,49.084465,17.752614,18.835375,81.524559,78.860045,39.269686,42.993930,42.584396,48.034866,49.063873,0.960863,29128.26,2.81,174996551066843,15418661877,77584420988637,8005417594,58534e1970aa0f42843873a970f9bbed,
AI,aom,av2,0,A2,Skater227_1920x1080_30fps.y4m,1920x1080,30.00,10,1920x1080,185,318.256000,39.548245,44.464607,45.402970,16.646775,16.017413,62.689897,59.758623,35.671233,39.671874,39.433018,44.432831,45.369589,0.561622,14281.27,2.46,92621957793080,16724168398,38688982891001,7113207449,c1f17de53dcca8a6b045357360e72f17,
AI,aom,av2,0,A2,Skater227_1920x1080_30fps.y4m,1920x1080,30.00,10,1920x1080,210,168.696000,36.065543,40.899384,41.846476,15.494449,13.320863,40.637833,37.833292,32.079126,36.269734,36.001683,40.856785,41.807480,0.305627,7283.22,2.45,46509800190743,16675311406,20100897383559,7133021570,335c40c2ca54369646cae8a733e8abf7,
AI,aom,av2,0,A2,ToddlerFountainCropped_1080x1080p2997_yuv420p10le_130frames.y4m,1080x1080,30.00,10,1080x1080,85,49833.958042,43.057268,47.012333,45.318676,17.718421,25.992496,99.858869,99.804801,49.332763,40.896932,43.057140,47.012194,45.318532,0.033358,205551.07,4.86,1467598207753451,28122509094,574183095331078,13578232181,b4a2994d89e6e5490a78bd80567513d7,
AI,aom,av2,0,A2,ToddlerFountainCropped_1080x1080p2997_yuv420p10le_130frames.y4m,1080x1080,30.00,10,1080x1080,110,24853.058941,38.031107,45.473062,43.775164,13.118451,20.500113,99.732515,99.668416,42.230419,38.059775,38.030814,45.472658,43.774813,0.057266,391562.09,4.52,2305716742792305,20981357075,1025761807978073,12253440790,505512a03310cd1b5c390dae5093c5c3,
AI,aom,av2,0,A2,ToddlerFountainCropped_1080x1080p2997_yuv420p10le_130frames.y4m,1080x1080,30.00,10,1080x1080,135,10586.005994,33.648966,43.872053,42.253883,9.185972,15.373756,97.952410,95.811603,35.034324,35.127751,33.648625,43.871442,42.252988,0.118936,431316.37,3.35,2534413465920784,15879368227,1131263812810185,9154671012,27de0006aafdb17f15c8387f6e78f351,
AI,aom,av2,0,A2,ToddlerFountainCropped_1080x1080p2997_yuv420p10le_130frames.y4m,1080x1080,30.00,10,1080x1080,160,3924.499500,30.079714,42.172373,40.500370,6.358236,11.093749,76.644577,74.700258,29.131356,32.438295,30.079368,42.171153,40.498959,0.238492,177443.09,2.47,1028694431907678,12133400680,462469114398512,6811520123,03b48c4887cf61e4e520a3d9fcbc0bbf,
AI,aom,av2,0,A2,ToddlerFountainCropped_1080x1080p2997_yuv420p10le_130frames.y4m,1080x1080,30.00,10,1080x1080,185,1324.891109,27.273583,40.117713,38.062678,4.676296,8.056401,48.889826,47.551715,24.771553,30.028164,27.273291,40.114643,38.059273,0.286464,45046.80,1.40,318192719717930,8876828756,125811376162705,3926302219,fe69bbf4c54e316726e90bb5e12a846b,
AI,aom,av2,0,A2,ToddlerFountainCropped_1080x1080p2997_yuv420p10le_130frames.y4m,1080x1080,30.00,10,1080x1080,210,452.491508,24.963929,38.254677,37.084992,3.666960,5.909002,25.428271,24.882606,21.541297,27.763820,24.963678,38.248077,37.076924,0.187295,13938.66,1.17,95780705083920,8299152347,38936081518409,3243588702,b5eec645d289e76c64a04255e5210314,
AI,aom,av2,0,A2,TreesAndGrass_1920_1080_30fps_8bit.y4m,1920x1080,30.00,8,1920x1080,85,150421.064000,42.806520,44.779656,46.404141,20.881791,28.615781,99.869481,99.824932,50.589003,44.586567,42.804310,44.764319,46.395667,0.000176,230684.79,9.81,1838648353452968,55624212503,798146728788769,34464874976,91b5e32621a365f035f3db32ad1d04ac,
AI,aom,av2,0,A2,TreesAndGrass_1920_1080_30fps_8bit.y4m,1920x1080,30.00,8,1920x1080,110,94478.624000,37.333468,40.817075,43.574877,16.373164,23.518909,99.775812,99.718963,43.866225,39.963942,37.329997,40.790108,43.562684,0.000533,625545.13,9.84,3816518356988093,45168750670,1659445602307295,26525699334,7d2fc0f0fb1ed022d46963039a747fd3,
AI,aom,av2,0,A2,TreesAndGrass_1920_1080_30fps_8bit.y4m,1920x1080,30.00,8,1920x1080,135,51644.472000,31.954698,37.396725,41.611595,11.917949,18.217293,99.256158,99.029479,36.394681,35.306900,31.948903,37.359562,41.599457,0.002003,1040152.89,7.40,6287363809532875,33705059740,2747507147374605,20084460977,308d8dd0b23eaf2200494360647d9702,
AI,aom,av2,0,A2,TreesAndGrass_1920_1080_30fps_8bit.y4m,1920x1080,30.00,8,1920x1080,160,22705.496000,26.947795,34.782255,39.978052,7.727391,13.021227,88.673602,86.228521,29.071912,30.851454,26.938677,34.736312,39.972684,0.007395,761486.18,5.45,4566975033080634,24843808757,2005402101754429,14871037773,09cce1cca996e0635d1f90b3998a495e,
AI,aom,av2,0,A2,TreesAndGrass_1920_1080_30fps_8bit.y4m,1920x1080,30.00,8,1920x1080,185,5866.880000,22.588774,32.986556,38.145971,3.904161,7.692791,59.995264,57.980460,22.216785,26.869000,22.575815,32.948804,38.143500,0.029981,216405.94,2.94,1627326283645166,14886164746,735698978275706,10607959543,5fcc6ebf57ecedac833f340071219629,
AI,aom,av2,0,A2,TreesAndGrass_1920_1080_30fps_8bit.y4m,1920x1080,30.00,8,1920x1080,210,942.632000,20.471007,31.615395,35.905329,2.218139,4.133550,39.256488,37.880967,18.454410,24.610201,20.443267,31.586982,35.900101,0.082304,53861.79,2.87,296698132772327,15145554890,141054108685068,8104541964,8ba25bd893dfcf9d375463a4ded1e1f8,
AI,aom,av2,0,A2,TunnelFlag_1920x1080_5994_10bit_420.y4m,1920x1080,60.00,10,1920x1080,85,81583.488511,44.052230,48.294290,50.307738,17.707283,25.532911,99.883892,99.850557,48.689584,44.447204,44.048818,48.290453,50.304187,0.011494,360652.90,7.46,2060658119471223,32173888418,941084323032603,20128673240,3aeb48da9859d26ddd4b1a6ae560f2a9,
AI,aom,av2,0,A2,TunnelFlag_1920x1080_5994_10bit_420.y4m,1920x1080,60.00,10,1920x1080,110,39910.073926,40.438347,46.195535,48.847196,15.089601,22.157040,99.828087,99.777578,43.448957,41.802090,40.432167,46.191245,48.843833,0.027259,369778.59,5.39,2257784154929486,24294193015,1040657805921854,15755900849,9c13508f28d61aced301c5e9314c2a81,
AI,aom,av2,0,A2,TunnelFlag_1920x1080_5994_10bit_420.y4m,1920x1080,60.00,10,1920x1080,135,18823.064935,36.998295,44.289933,47.315397,12.868903,19.287940,99.680441,99.608431,38.142376,39.280922,36.992041,44.286980,47.312835,0.029998,321656.98,4.87,2396973528582449,20343511283,1099170808974163,17531498390,1283c49ed4afb31cf04dd38a5af4e379,
AI,aom,av2,0,A2,TunnelFlag_1920x1080_5994_10bit_420.y4m,1920x1080,60.00,10,1920x1080,160,9590.729271,33.765849,42.128227,45.289619,11.336032,17.041343,99.351480,99.262412,33.014281,36.741012,33.761772,42.122968,45.275745,0.024446,188091.61,3.02,1334453792186778,14533578568,525394856352902,8437011682,a96190d5775acde9e62c8b65e6f2975d,
AI,aom,av2,0,A2,TunnelFlag_1920x1080_5994_10bit_420.y4m,1920x1080,60.00,10,1920x1080,185,5119.040959,30.305641,39.706650,42.393931,9.704014,14.297443,89.849863,87.004978,28.081176,33.818234,30.304141,39.703021,42.386573,0.014562,97840.73,2.52,682105945178365,13742862710,273263409147966,7041568553,176455a3e7de7d9c4d16a6f578e2c7ea,
AI,aom,av2,0,A2,TunnelFlag_1920x1080_5994_10bit_420.y4m,1920x1080,60.00,10,1920x1080,210,2574.513487,26.393911,36.510546,40.126189,7.729743,10.929299,66.992713,64.332062,23.039191,30.351755,26.392879,36.485325,40.095349,0.006673,44815.57,2.17,310428703964126,12005385443,125156019678181,6047503545,b00c0858bd7fc53f7d99fa6d81d42221,
AI,aom,av2,0,A2,Vertical_bees_1080x1920_2997.y4m,1080x1920,30.00,8,1080x1920,85,27239.544456,47.089959,49.499529,50.616888,20.844975,27.650202,99.493370,98.863047,49.405961,47.276044,47.085172,49.485922,50.607169,0.010571,192742.45,4.82,1340270059177807,27592833409,538293159630527,13440117660,0720c9bc8b96881691fce14f9125ea53,
AI,aom,av2,0,A2,Vertical_bees_1080x1920_2997.y4m,1080x1920,30.00,8,1080x1920,110,14892.003996,43.565472,46.184052,47.818435,18.380954,24.135197,97.677805,96.108320,43.970540,44.176147,43.563376,46.178154,47.811454,0.020466,274062.19,5.65,1558929702950635,25596284739,715959877822383,15515745423,81cc3b038775ddf498b9104f9b515d06,
AI,aom,av2,0,A2,Vertical_bees_1080x1920_2997.y4m,1080x1920,30.00,8,1080x1920,135,7951.440559,39.782541,42.517777,44.819266,15.600304,20.334581,90.781010,88.361342,38.328044,40.709560,39.781271,42.515479,44.811605,0.032492,284047.80,4.64,1655924386737389,21385426122,744869875515556,12800589836,de220a392a1d7d359bda356d3ab946b7,
AI,aom,av2,0,A2,Vertical_bees_1080x1920_2997.y4m,1080x1920,30.00,8,1080x1920,160,4067.324675,35.814210,38.692425,41.985653,12.782732,16.460333,75.890835,73.167064,32.995726,37.019462,35.813175,38.691346,41.971246,0.073328,128345.84,3.16,925539715296135,20933654111,358441782693727,8818963586,d9bbfae5eec0eb6c05cf89cf93b2942f,
AI,aom,av2,0,A2,Vertical_bees_1080x1920_2997.y4m,1080x1920,30.00,8,1080x1920,185,1934.505495,31.874409,35.411934,39.022926,10.257030,12.772846,53.157383,50.792230,28.197297,33.506962,31.873676,35.410867,38.979002,0.082659,68527.93,3.35,386347347930954,16882679553,177858309260876,9412197223,2cb6b7b03faef91896932de10033693c,
AI,aom,av2,0,A2,Vertical_bees_1080x1920_2997.y4m,1080x1920,30.00,8,1080x1920,210,823.616384,28.055273,32.809096,35.693065,8.211097,9.270275,25.707544,24.592376,23.901545,30.109135,28.054561,32.807379,35.532381,0.061070,20514.77,2.45,144822132384831,17649178370,57289952766356,6853285546,b0db325779aafcd48aba0187ac17cdd0,
AI,aom,av2,0,A2,WorldCup_1920x1080_30p.y4m,1920x1080,30.00,8,1920x1080,85,14993.928000,48.465825,52.120070,52.008710,21.321856,27.273171,99.870494,99.829983,49.209455,47.981463,48.461353,52.112828,52.004625,0.378175,298141.85,4.42,2063678359403537,25093840476,832597003016763,12353531454,8e5824ab52c19eb7ad320805eae4912f,
AI,aom,av2,0,A2,WorldCup_1920x1080_30p.y4m,1920x1080,30.00,8,1920x1080,110,7898.104000,45.301869,49.663535,49.597137,19.143276,23.835445,99.659842,98.870854,44.599620,45.503316,45.294640,49.658294,49.593475,0.405284,278530.23,3.64,1903615122826914,22330681480,777902874452010,10160401230,20bc0d8a2ca297f4defb9580db180d3c,
AI,aom,av2,0,A2,WorldCup_1920x1080_30p.y4m,1920x1080,30.00,8,1920x1080,135,4235.768000,41.762840,47.018579,46.939490,16.701189,20.209132,95.083302,92.592429,39.846985,42.774883,41.752378,47.015006,46.935919,0.452238,236238.58,4.39,1372502096986022,21876504687,623344070528651,12160285713,a96144d50920f593bc7dda3a71a3ca60,
AI,aom,av2,0,A2,WorldCup_1920x1080_30p.y4m,1920x1080,30.00,8,1920x1080,160,2192.688000,37.988629,44.074846,43.736100,14.190113,16.528549,82.928163,79.680896,35.116019,39.680413,37.977318,44.071218,43.732165,0.423899,161395.88,3.83,1016988682462929,19729624864,432222076466920,10677092638,85bc7ea50d81c2a882b5a564f068c0d6,
AI,aom,av2,0,A2,WorldCup_1920x1080_30p.y4m,1920x1080,30.00,8,1920x1080,185,1083.864000,34.200614,40.618419,40.331871,12.018019,13.124018,64.762211,61.128166,30.659536,36.244375,34.190959,40.615334,40.328617,0.475223,94234.03,3.07,616795441506158,15300635846,254763836865062,8624311139,072237c11783d73b26569b714f61b0c4,
AI,aom,av2,0,A2,WorldCup_1920x1080_30p.y4m,1920x1080,30.00,8,1920x1080,210,523.048000,30.544676,37.111893,36.927104,10.414522,10.413535,43.762190,40.456090,26.653471,32.773698,30.534560,37.105849,36.916620,0.200895,35435.51,2.38,302096246173468,17051540895,98971331303097,6657927269,ea6c111bf759f42f7c0f00f8413f2bfc,
AI,aom,av2,0,A3,ControlledBurn_1280x720p30_420.y4m,1280x720,30.00,8,1280x720,85,38447.136000,44.162598,49.271081,48.817102,19.364893,27.171046,97.484639,96.289916,48.171910,43.895798,44.161945,49.269808,48.815340,0.734592,190981.68,3.54,1115922775549817,14944759919,499956562716469,9423698579,8bb67fd13b0d83b393b11841f60c8e92,
AI,aom,av2,0,A3,ControlledBurn_1280x720p30_420.y4m,1280x720,30.00,8,1280x720,110,22326.976000,39.380691,46.564415,46.180623,15.718004,22.686485,95.021408,93.305992,42.925833,40.312073,39.380140,46.563301,46.179060,0.754199,229705.76,3.06,1347392245822369,13272679681,602336852031871,8196723726,e803a22ba45f68a4f419ed0b391af2d9,
AI,aom,av2,0,A3,ControlledBurn_1280x720p30_420.y4m,1280x720,30.00,8,1280x720,135,11481.696000,34.612437,43.823459,43.647884,11.870866,17.929300,87.821744,85.769562,36.573976,36.629403,34.612074,43.822475,43.646834,0.766449,287676.90,2.70,1678360788462255,12659021279,751831817819399,7352856506,2338a7a34f7fb311c4e9fd6ba92dd14a,
AI,aom,av2,0,A3,ControlledBurn_1280x720p30_420.y4m,1280x720,30.00,8,1280x720,160,4809.936000,30.118466,41.187034,41.269774,8.139616,13.167202,71.761789,69.635221,30.019419,33.010291,30.118160,41.186159,41.268717,0.742554,178333.35,2.06,1027826552263015,9639579666,464063394150793,5645104922,e31980d25804dbfd1c74bf78edafb33f,
AI,aom,av2,0,A3,ControlledBurn_1280x720p30_420.y4m,1280x720,30.00,8,1280x720,185,1583.232000,26.512348,38.645588,38.502141,5.465012,9.055595,47.801852,46.056533,24.580289,29.878713,26.512094,38.643361,38.500828,0.906981,60512.68,1.67,367868278647176,7642341683,168755692051919,4942004428,97f0569151f3ac12814980f34e9c1b1e,
AI,aom,av2,0,A3,ControlledBurn_1280x720p30_420.y4m,1280x720,30.00,8,1280x720,210,471.112000,23.917802,36.005628,36.148270,4.080519,6.286581,26.071877,24.894714,20.881450,27.295637,23.917611,36.001910,36.140649,1.366667,19296.38,1.43,106397124616055,7853665659,50467851578022,4088405746,1c447a9ee99210410357cff501c9d23c,
AI,aom,av2,0,A3,DrivingPOV_1280x720p_5994_10bit_420.y4m,1280x720,60.00,10,1280x720,85,67518.177822,43.536606,46.122332,45.203645,17.555526,25.715358,99.731344,98.968910,48.992736,41.582603,43.536061,46.122103,45.202990,0.000569,186378.91,3.65,1162418855425291,17117496225,523678553492426,10532523342,c4b063a1c8e413435f1a8a627bae800f,
AI,aom,av2,0,A3,DrivingPOV_1280x720p_5994_10bit_420.y4m,1280x720,60.00,10,1280x720,110,33753.654346,38.751057,43.248347,43.238279,13.641417,20.716807,97.798467,96.190170,42.563163,38.615283,38.748881,43.248046,43.237373,0.026607,253556.85,3.05,1460537164094465,14073770176,662308099990850,8265420526,6d54a71fb5053cb69135172c5d6507cc,
AI,aom,av2,0,A3,DrivingPOV_1280x720p_5994_10bit_420.y4m,1280x720,60.00,10,1280x720,135,15357.026973,34.555561,40.695876,41.510118,11.065960,17.797439,91.592663,89.516817,37.075398,35.856808,34.553143,40.695621,41.509209,0.439037,248311.93,2.50,1430534627828015,12159020707,647801776326739,6848028600,dadaac2fe2e443fd9d3fbf62df7b70ce,
AI,aom,av2,0,A3,DrivingPOV_1280x720p_5994_10bit_420.y4m,1280x720,60.00,10,1280x720,160,6166.201798,30.896273,38.409850,39.654979,8.619757,14.560398,77.747185,75.376005,31.152155,33.196429,30.893862,38.409384,39.654424,0.617698,128965.83,1.79,786027507759771,9201907238,361467496764193,5337010850,49de874c72370dfea844207165490eb0,
AI,aom,av2,0,A3,DrivingPOV_1280x720p_5994_10bit_420.y4m,1280x720,60.00,10,1280x720,185,2334.417582,27.848676,36.080166,37.693812,6.694153,11.314490,55.476495,53.178975,26.024603,30.656825,27.847293,36.079290,37.692585,0.495151,39296.10,1.17,285632479213530,7150097886,132185168159284,4194208794,12a44cea06be08f5ab49a421325f820a,
AI,aom,av2,0,A3,DrivingPOV_1280x720p_5994_10bit_420.y4m,1280x720,60.00,10,1280x720,210,909.330669,25.250549,33.862849,35.677617,5.301075,8.414496,30.609282,28.873286,22.100993,28.216024,25.250040,33.861257,35.675112,0.163517,15395.61,1.17,91801599885042,7438171881,43371602412363,3529346348,a5dca316ac868810c0e8e6154671cc4e,
AI,aom,av2,0,A3,Johnny_1280x720_60.y4m,1280x720,60.00,8,1280x720,85,20754.336000,45.007278,49.191784,49.745799,16.549776,23.618703,97.406647,96.369497,45.280963,45.106230,45.007198,49.191676,49.745748,9.502258,116902.33,1.77,850975712652442,9259236998,396207772660470,6166420873,89ed7611dfcc826fd572f44c465c45b5,
AI,aom,av2,0,A3,Johnny_1280x720_60.y4m,1280x720,60.00,8,1280x720,110,9296.608000,42.449528,47.640610,48.096782,14.921148,21.330043,95.573853,94.076147,42.608344,43.350902,42.449274,47.640400,48.096416,11.005633,77891.58,1.69,574398803005630,9428266428,264354273346338,6056901831,e9bdd1623bc603e52c36198a09945767,
AI,aom,av2,0,A3,Johnny_1280x720_60.y4m,1280x720,60.00,8,1280x720,135,4504.912000,39.841243,45.436621,45.743209,13.382900,19.082110,90.930381,88.894133,39.209465,41.447311,39.840927,45.436353,45.742440,10.598486,91991.03,1.49,530249721663550,7615607504,240153464071791,4135157635,ce2ed222a84db95f4738e5d7d55dba5c,
AI,aom,av2,0,A3,Johnny_1280x720_60.y4m,1280x720,60.00,8,1280x720,160,2265.040000,36.864928,42.665967,43.220880,11.581320,16.487138,81.529373,78.792778,35.163068,39.185068,36.864606,42.665017,43.218858,10.755402,50394.26,1.37,295943689932501,7063304432,131818791831673,3831591605,2a97e8a0fde1ca88488840a9ee9cb69c,
AI,aom,av2,0,A3,Johnny_1280x720_60.y4m,1280x720,60.00,8,1280x720,185,1112.896000,33.601504,39.412607,39.866705,9.817161,13.820955,65.196215,62.095132,30.826155,36.489260,33.601155,39.409325,39.861716,10.204252,19922.58,1.04,146437079177222,7213145342,55643789514559,2902905348,20c0b64b2ef1774f32c69eca539e8e09,
AI,aom,av2,0,A3,Johnny_1280x720_60.y4m,1280x720,60.00,8,1280x720,210,558.512000,30.418251,35.780777,36.589502,8.738846,11.719738,42.694567,39.528026,26.755430,33.483611,30.416829,35.778055,36.583808,9.134077,7127.04,0.94,49711163076221,7450962112,19904258135775,2635343743,20181b603a7fcc587df4211de1e75b59,
AI,aom,av2,0,A3,KristenAndSara_1280x720_60.y4m,1280x720,60.00,8,1280x720,85,22372.064000,45.481300,48.763699,49.546760,17.175453,24.246252,97.591779,96.560178,45.507584,44.502756,45.481286,48.763560,49.546677,7.330597,107717.84,2.09,782364546663730,9659315808,365051102372191,7329337176,53931a6625631ccf61e500ac82a9b271,
AI,aom,av2,0,A3,KristenAndSara_1280x720_60.y4m,1280x720,60.00,8,1280x720,110,11370.448000,42.864518,46.933324,47.781505,15.702554,22.034508,95.819382,94.212848,42.836822,42.771787,42.864426,46.933138,47.781245,8.792349,92710.25,2.18,529525296694881,10299698469,241273848500955,5993101583,755cfeb8b02e95746427cdf6bad8cb6f,
AI,aom,av2,0,A3,KristenAndSara_1280x720_60.y4m,1280x720,60.00,8,1280x720,135,5892.240000,39.817576,44.775101,45.510930,14.109572,19.415600,90.888449,88.624878,39.054274,40.814421,39.817286,44.774469,45.509788,8.580352,90973.05,2.27,524203222822642,9622393466,236869996588558,6158949284,0eecba452aa261378ad27e3c50a2e1b4,
AI,aom,av2,0,A3,KristenAndSara_1280x720_60.y4m,1280x720,60.00,8,1280x720,160,3045.456000,36.433084,42.082286,42.756524,12.383784,16.460477,80.665239,77.490918,34.649909,38.424160,36.432653,42.080559,42.754955,8.217624,40877.10,1.45,301988520201760,8279855999,138427828638368,5240581085,bbc275447b7d558fa687a4e86a278412,
AI,aom,av2,0,A3,KristenAndSara_1280x720_60.y4m,1280x720,60.00,8,1280x720,185,1532.928000,32.708442,39.162535,39.707286,10.487523,13.370952,63.848698,60.271616,30.006347,35.558025,32.708072,39.159537,39.705554,6.630314,25977.23,1.49,158358824435736,7000768219,72615892552229,4430069270,cee4e382e14e2584321aa4c47734de41,
AI,aom,av2,0,A3,KristenAndSara_1280x720_60.y4m,1280x720,60.00,8,1280x720,210,727.200000,29.050266,35.440390,36.206567,8.835951,10.530042,43.434902,39.795738,25.530990,32.383591,29.049801,35.436831,36.203318,6.237432,10201.40,1.08,71097498316413,7267700009,28470008770927,3010032425,6c136aaf95f58de2d64a4e7e834291d2,
AI,aom,av2,0,A3,RollerCoaster_1280x720p_5994_10bit_420.y4m,1280x720,60.00,10,1280x720,85,35100.803197,45.946438,46.820269,47.040400,19.619937,27.027675,99.855781,99.811135,49.595645,44.044138,45.944736,46.818013,47.038145,0.121157,240621.47,2.35,1679200699089048,12034329015,671978046159788,6567422072,53618bd9bb5ed71e056299b53322eaec,
AI,aom,av2,0,A3,RollerCoaster_1280x720p_5994_10bit_420.y4m,1280x720,60.00,10,1280x720,110,17424.527473,41.706513,43.576384,44.507709,15.909544,22.498448,99.753603,99.282589,43.304485,41.134527,41.701476,43.572106,44.504385,0.182904,288859.26,2.54,1641049835566648,10993251556,754556121248729,6974548672,baa1db6deafadc3d197b4a21714c62ea,
AI,aom,av2,0,A3,RollerCoaster_1280x720p_5994_10bit_420.y4m,1280x720,60.00,10,1280x720,135,8243.036963,37.820826,40.426176,41.885963,12.776414,18.324732,93.186631,90.934088,37.189289,38.185010,37.812469,40.421135,41.881390,0.227287,204833.84,1.93,1212822688715543,8879705713,538803409034481,5324308401,e62ecf855a82e77c19416f5bd3d47e02,
AI,aom,av2,0,A3,RollerCoaster_1280x720p_5994_10bit_420.y4m,1280x720,60.00,10,1280x720,160,3843.420579,34.219383,37.340749,39.577702,10.290367,14.813720,76.950481,74.385549,31.849218,35.310858,34.211715,37.332604,39.569853,0.189660,125639.53,1.77,773077310836283,8315401713,333560967302885,4965646419,f5b95f3e0c7ff011f50b1a96b31a901c,
AI,aom,av2,0,A3,RollerCoaster_1280x720p_5994_10bit_420.y4m,1280x720,60.00,10,1280x720,185,1623.256743,30.679353,34.430709,37.437224,8.072477,11.310499,51.271219,48.838112,27.062229,32.483897,30.672784,34.421728,37.426069,0.136477,60632.14,1.49,390625650849422,7049130371,162740971853463,4181682500,d5652b6d4a5c34c6c0a10d144e7d1b15,
AI,aom,av2,0,A3,RollerCoaster_1280x720p_5994_10bit_420.y4m,1280x720,60.00,10,1280x720,210,633.510490,27.490196,31.587997,35.348577,6.474424,8.268397,22.233666,20.955825,23.226322,29.732669,27.485950,31.571393,35.339036,0.079446,19559.25,1.07,168739214900490,7691968891,68939064309136,3982829248,3738bc1224fa9af334628f92ee981e52,
AI,aom,av2,0,A3,Vidyo3_1280x720p_60fps.y4m,1280x720,60.00,8,1280x720,85,22928.512000,45.497786,49.905508,49.704215,17.939568,24.818606,98.165265,96.708678,45.883726,44.352903,45.486723,49.905403,49.703892,2.222171,167839.83,2.69,949545042708329,10380847672,436455164875728,7062080057,6a1a3f48c61c096a4389dd0b0fe537f8,
AI,aom,av2,0,A3,Vidyo3_1280x720p_60fps.y4m,1280x720,60.00,8,1280x720,110,11694.160000,42.814605,48.702150,47.812591,16.569506,22.473705,95.342702,93.422494,43.090737,42.577715,42.803343,48.701895,47.812067,2.909377,109232.87,2.02,686007825828772,9941367814,307053173757317,5927377963,0e7d4af51cb61ee7e3626c83f82d1112,
AI,aom,av2,0,A3,Vidyo3_1280x720p_60fps.y4m,1280x720,60.00,8,1280x720,135,6345.984000,39.726183,47.026742,45.572713,14.951450,19.756709,88.825425,86.381911,39.181187,40.478114,39.723089,47.026077,45.572121,3.229296,96926.48,1.47,697605544561191,8548765096,270704792718962,4110231940,e5cf5bd10f24d54c8655353b94e8090f,
AI,aom,av2,0,A3,Vidyo3_1280x720p_60fps.y4m,1280x720,60.00,8,1280x720,160,3265.216000,35.943870,44.799596,42.729397,12.648721,16.264951,74.819166,71.988346,34.043717,37.720707,35.943223,44.796680,42.727931,3.201430,67599.41,1.49,429390751106040,6982932963,190840617897590,4466955665,89c204afb55fc4700f3f1da1ec59fea3,
AI,aom,av2,0,A3,Vidyo3_1280x720p_60fps.y4m,1280x720,60.00,8,1280x720,185,1410.160000,31.780955,41.689286,39.831659,9.953753,12.082071,51.612309,48.702202,28.687790,34.392654,31.780193,41.683215,39.828153,2.864297,28160.57,1.02,210351546888406,6516363406,78643566089333,2848462548,c575a284a98ac837449f1660f5f4621d,
AI,aom,av2,0,A3,Vidyo3_1280x720p_60fps.y4m,1280x720,60.00,8,1280x720,210,474.576000,28.057281,39.169748,37.557765,7.841104,8.382123,24.313555,22.341658,24.298946,31.214631,28.056329,39.160226,37.548889,2.504475,8644.56,1.19,47526445385583,6597587441,22744299754421,3360159746,c553795d048e99d5ef94c515f388322b,
AI,aom,av2,0,A3,Vidyo4_1280x720p_60fps.y4m,1280x720,60.00,8,1280x720,85,23093.728000,45.639422,49.886930,50.066407,17.620440,25.084305,98.433645,97.299300,46.444072,44.539738,45.635246,49.886818,50.066029,1.960869,162620.50,2.28,969242282431221,10256926367,454537058080359,6610419320,d9444a486b35f50274c4ca91f4be383a,
AI,aom,av2,0,A3,Vidyo4_1280x720p_60fps.y4m,1280x720,60.00,8,1280x720,110,10554.608000,42.515074,48.325557,48.390434,15.083690,21.432538,96.339437,94.647211,42.421766,42.475985,42.509676,48.325324,48.389562,2.134191,108713.15,2.09,611855533952301,9707788385,281416299668991,5686333766,1c368bc7d01d4fbe893714d7d4d7a3d3,
AI,aom,av2,0,A3,Vidyo4_1280x720p_60fps.y4m,1280x720,60.00,8,1280x720,135,5027.344000,39.500869,46.200018,46.107843,13.011686,18.043816,90.607158,88.283471,38.065722,40.197713,39.496249,46.199132,46.105006,2.087445,86162.26,1.86,480329106778828,8978420967,223207149703945,5127118131,3e82a1385d070d77f13ab9a2e62104e8,
AI,aom,av2,0,A3,Vidyo4_1280x720p_60fps.y4m,1280x720,60.00,8,1280x720,160,2424.608000,36.431607,43.780496,43.232760,11.342560,15.222883,79.117866,76.072797,34.021974,37.707375,36.428370,43.779436,43.230022,2.106627,34542.58,1.19,241866166809754,7402851757,96464356567152,3303659623,4a534e9cf61f40946e1e7a8385b98262,
AI,aom,av2,0,A3,Vidyo4_1280x720p_60fps.y4m,1280x720,60.00,8,1280x720,185,1192.480000,33.222830,40.619396,39.953611,9.942586,12.903092,61.879284,58.525043,30.014264,34.914179,33.220828,40.616295,39.948359,2.247975,20053.65,1.29,110393560691540,6729063740,51485767965041,3615642493,fc4b26996a79cfa20994a1c6a632ad70,
AI,aom,av2,0,A3,Vidyo4_1280x720p_60fps.y4m,1280x720,60.00,8,1280x720,210,555.312000,29.758180,37.981892,36.945964,8.539531,10.294650,40.334557,37.213749,26.013849,32.032104,29.757524,37.972072,36.937913,2.071642,8601.53,1.39,47550641805625,7734913744,22619120859253,3965071974,71dbe7e95e1327145208e0fbe299853c,
AI,aom,av2,0,A3,WestWindEasy_1280x720p30_420.y4m,1280x720,30.00,8,1280x720,85,21488.152000,45.541848,50.593002,52.131207,20.093789,28.151148,99.895577,99.860692,49.349937,47.621612,45.540837,50.592355,52.130688,0.173403,134665.19,2.22,977139855242880,12202352919,376107374253396,6198330259,2d903a1bf374e32ba047d0958e65184b,
AI,aom,av2,0,A3,WestWindEasy_1280x720p30_420.y4m,1280x720,30.00,8,1280x720,110,11756.256000,41.222848,48.704956,50.168254,17.054472,24.229851,99.852413,99.792551,44.467046,44.304966,41.217896,48.703765,50.167719,0.256893,191963.21,2.95,1122877140373024,11077759857,504050802760309,7846667685,867f1541ae28af07dd33ebd8d60e6dc7,
AI,aom,av2,0,A3,WestWindEasy_1280x720p30_420.y4m,1280x720,30.00,8,1280x720,135,6114.616000,36.988356,46.983836,48.292728,13.846448,19.929855,99.692317,99.183034,38.433823,40.934396,36.981774,46.980818,48.290536,0.493271,219736.08,2.13,1287484905117184,9487253875,577318185314785,5570356719,4fd082857294b20feb32a09bd5431608,
AI,aom,av2,0,A3,WestWindEasy_1280x720p30_420.y4m,1280x720,30.00,8,1280x720,160,2904.648000,32.775973,45.214393,46.304429,10.566770,15.458288,89.620825,86.635193,32.262505,37.302041,32.768782,45.203183,46.292495,1.125022,139993.35,1.62,846683671261752,7500888951,369240178221333,4465121006,8e00d609ddd072ec1cc66fd683c0376c,
AI,aom,av2,0,A3,WestWindEasy_1280x720p30_420.y4m,1280x720,30.00,8,1280x720,185,1229.328000,28.880487,42.701636,43.472542,7.809431,11.148054,69.817133,66.742004,26.760244,33.721476,28.873185,42.694917,43.456053,2.402694,74218.88,1.46,461159998495774,6885412077,196891305342838,4013124329,82c4bc9fbbd64c26e72c191a531d5e66,
AI,aom,av2,0,A3,WestWindEasy_1280x720p30_420.y4m,1280x720,30.00,8,1280x720,210,582.872000,25.563915,40.438466,40.990975,6.236832,7.930655,48.353325,45.937127,22.748841,30.604137,25.557781,40.402721,40.939620,2.404142,36602.43,1.32,225029485793318,6904996889,97610081926350,3675633896,2ed2f54298b0c3f0c24fd015c61af191,
AI,aom,av2,0,A4,BlueSky_360p25_v2.y4m,640x360,25.00,8,640x360,85,7268.700000,45.679896,45.207932,46.581496,21.773968,28.783261,99.876934,99.833574,50.841698,45.318961,45.679703,45.207549,46.580596,0.037395,17395.98,0.79,116672205011787,4463402531,48580561542119,2196268620,e5712359b27d6005e0149a0842e1e3e2,
AI,aom,av2,0,A4,BlueSky_360p25_v2.y4m,640x360,25.00,8,640x360,110,4234.246667,40.728942,40.405423,43.527888,18.575023,25.283060,99.791408,99.735128,45.580282,41.689735,40.728747,40.405006,43.527394,0.084037,32380.89,0.74,174809928387536,3573609837,83816248321021,2003101686,a1d4a1c891baa483ba288a0ba70d385e,
AI,aom,av2,0,A4,BlueSky_360p25_v2.y4m,640x360,25.00,8,640x360,135,2309.620000,35.785059,37.689302,41.762599,14.970195,21.244799,96.029716,93.971354,39.448329,38.716610,35.784949,37.688537,41.760866,0.127126,29870.78,0.47,200099530739676,2768906302,83431680054059,1321334594,587f23460951a46c4a2162feb56defc3,
AI,aom,av2,0,A4,BlueSky_360p25_v2.y4m,640x360,25.00,8,640x360,160,1121.886667,30.908591,35.591012,39.575699,11.408540,16.993337,80.957519,78.932218,32.839468,35.473678,30.908073,35.589507,39.570784,0.171101,30265.53,0.51,165224250739801,2298172428,78063077853921,1377910195,92dd1588bdfd08849b97137df2856187,
AI,aom,av2,0,A4,BlueSky_360p25_v2.y4m,640x360,25.00,8,640x360,185,441.193333,26.475238,33.557789,37.594050,8.280313,12.375915,53.328351,51.729792,26.104607,31.983604,26.473168,33.556030,37.589416,0.214437,16961.44,0.34,92399927942973,1817906044,43584468430847,929340111,dfffd4026d3f36286ed7d2c1000f1051,
AI,aom,av2,0,A4,BlueSky_360p25_v2.y4m,640x360,25.00,8,640x360,210,127.333333,22.883156,31.932362,35.546822,6.087888,8.657196,16.488393,15.815722,20.416313,28.783975,22.880730,31.925864,35.536073,0.213641,4166.35,0.27,28892299090383,1751570701,14168329641344,979734261,d91d83706a3d707552a4246e0dc80163,
AI,aom,av2,0,A4,RedKayak_360_2997.y4m,640x360,30.00,8,640x360,85,10522.917083,43.429544,46.540924,51.027399,17.507415,25.189506,99.829503,99.780703,48.888761,43.147577,43.427985,46.536971,51.024276,0.215079,44228.90,0.95,285152951089277,5122380840,123518737979279,2652894824,1ac0be45e6e5d64bf9958ab89b87e946,
AI,aom,av2,0,A4,RedKayak_360_2997.y4m,640x360,30.00,8,640x360,110,5885.802198,38.197661,43.839556,49.573297,13.519855,20.479837,99.673267,99.615226,42.395084,39.619357,38.194920,43.829222,49.566928,0.225661,68411.20,0.90,368314061920581,4169428554,176807174488967,2446040785,c87fe5970c1c3efe1ec4a56202b12888,
AI,aom,av2,0,A4,RedKayak_360_2997.y4m,640x360,30.00,8,640x360,135,2611.412587,33.175549,41.626610,47.605839,9.776600,16.066018,94.597740,92.597186,36.113112,36.203887,33.170889,41.611276,47.592215,0.211796,46338.37,0.57,313848203818694,3203814474,129408756949660,1611978815,28e4fb1051dc4dad20409fc39ceef1fa,
AI,aom,av2,0,A4,RedKayak_360_2997.y4m,640x360,30.00,8,640x360,160,822.129870,29.082377,39.467146,45.776571,6.791424,12.146970,70.800452,69.129354,30.500617,33.143433,29.068463,39.448696,45.740414,0.204633,30620.92,0.45,169175088309335,2142330392,78724339167341,1227864087,eb82bae8fc421b9e160697c3b85ca594,
AI,aom,av2,0,A4,RedKayak_360_2997.y4m,640x360,30.00,8,640x360,185,213.250749,26.419542,37.543546,43.252861,5.003543,8.966031,38.960449,37.772350,25.948670,30.675264,26.397089,37.526043,43.157961,0.195367,6606.22,0.28,43373699076263,1820013054,18448928740073,797145186,5295ef9fdcf63abee2f503f84f84a69c,
AI,aom,av2,0,A4,RedKayak_360_2997.y4m,640x360,30.00,8,640x360,210,78.217782,24.915665,35.380164,40.055981,4.311590,6.766215,13.997850,13.605378,22.948013,28.547687,24.895368,35.334259,39.835912,0.173734,1916.38,0.26,13000633335954,1797431216,5352402973300,721340729,7e2d3cc29a63eeee6628d319877b7719,
AI,aom,av2,0,A4,SnowMountain_640x360_2997.y4m,640x360,30.00,8,640x360,85,13260.795205,44.030831,47.647238,48.952537,20.759869,28.553390,96.843925,95.593314,50.891686,43.526976,44.030769,47.647033,48.952363,1.274476,31113.05,0.89,210947727341053,5050988542,86900333075542,2495256064,14d8939059d7fb77b92806194446a925,
AI,aom,av2,0,A4,SnowMountain_640x360_2997.y4m,640x360,30.00,8,640x360,110,8643.060939,38.309170,45.599386,47.219361,16.094950,23.846320,94.603441,92.772005,45.226209,40.268296,38.309140,45.598372,47.218135,1.170735,62428.66,0.94,335786789767985,4323669338,161845791663135,2507392422,a5c5dea80ea23aee5050ac1641da7821,
AI,aom,av2,0,A4,SnowMountain_640x360_2997.y4m,640x360,30.00,8,640x360,135,4891.132867,32.827985,43.651789,45.587864,11.779284,18.853197,87.622106,85.469315,38.283776,36.553297,32.827943,43.651223,45.587072,1.084720,54635.53,0.58,364509866171982,3436153730,152586136404647,1626462623,d90d0fff5b303b43be6274b427795b9a,
AI,aom,av2,0,A4,SnowMountain_640x360_2997.y4m,640x360,30.00,8,640x360,160,2042.125874,27.668054,41.614237,43.370958,8.524572,14.473605,70.462863,68.117207,31.283830,32.694191,27.667956,41.607055,43.365758,0.939137,43148.80,0.43,312682652433334,2506689568,145961175386213,1551232918,ca1907d1fa5a5aedc0ee292769f8bf5c,
AI,aom,av2,0,A4,SnowMountain_640x360_2997.y4m,640x360,30.00,8,640x360,185,664.759241,23.801828,39.711907,41.488284,6.105893,10.860631,41.860332,40.236127,25.054356,29.446059,23.801758,39.704287,41.476451,0.470388,33297.20,0.39,185457392890406,2066762076,86011924464924,1089209293,9646301820ca4dce6917e7e2952afdcc,
AI,aom,av2,0,A4,SnowMountain_640x360_2997.y4m,640x360,30.00,8,640x360,210,178.661339,21.044959,37.620469,38.822287,4.373256,7.761084,11.081054,10.478755,20.001742,26.808838,21.044759,37.611486,38.781176,0.237270,9954.13,0.32,55357934399129,1718525266,25969793625584,898184379,4b17a788834d2b1b39ab83607630da05,
AI,aom,av2,0,A4,SpeedBag_640x360_2997.y4m,640x360,30.00,8,640x360,85,2317.602398,47.026330,49.772890,51.333986,19.137679,26.202601,99.855484,99.659876,48.882591,45.488906,47.021968,49.771888,51.326468,0.080011,23355.36,0.46,148319534663947,2728958174,65233501375333,1309783390,b93497367c4f93ab216024ca6caadd6d,
AI,aom,av2,0,A4,SpeedBag_640x360_2997.y4m,640x360,30.00,8,640x360,110,1204.827173,43.705096,47.341676,49.098751,17.466976,23.313522,99.214479,98.308821,44.304132,43.301787,43.700636,47.338833,49.089517,0.118800,20033.88,0.38,127507903026735,2327080026,55949379824132,1071884277,55f9ec05f8ca43c4701127f65f1f8262,
AI,aom,av2,0,A4,SpeedBag_640x360_2997.y4m,640x360,30.00,8,640x360,135,574.401598,40.060194,44.395556,46.484940,15.539389,20.170134,94.766906,92.385188,39.512081,40.650458,40.053908,44.383840,46.469148,0.129239,15892.32,0.44,84220733744004,2097323778,40656644959821,1198180808,e1992cce272dd3b691e49f3f8b516f07,
AI,aom,av2,0,A4,SpeedBag_640x360_2997.y4m,640x360,30.00,8,640x360,160,292.515485,36.861741,41.309090,43.650207,13.780287,17.051430,80.428623,77.529945,34.939347,37.851055,36.852756,41.299315,43.624474,0.165335,9108.26,0.34,45798875124410,1682071230,23259880191920,966456676,9da5534fd034b8b6cb4e95911e2a731f,
AI,aom,av2,0,A4,SpeedBag_640x360_2997.y4m,640x360,30.00,8,640x360,185,152.215784,33.380743,38.360597,40.848898,11.824439,13.678622,58.209530,55.316269,30.402783,34.703121,33.373427,38.345727,40.786264,0.166942,3078.05,0.27,20280077849429,1589623588,8596921729483,740044439,b7268d1bdfac55e3cd6b4fa29a9a9bb6,
AI,aom,av2,0,A4,SpeedBag_640x360_2997.y4m,640x360,30.00,8,640x360,210,77.674326,29.677372,35.193819,38.330544,9.918821,10.651510,30.933733,28.993238,26.090975,31.194248,29.655057,35.171314,38.253423,0.086677,1731.64,0.34,9290534305279,1660438367,4520413390235,957556182,339d1077e66c3603fc24f89f213f6331,
AI,aom,av2,0,A4,Stockholm_640x360_5994.y4m,640x360,60.00,8,640x360,85,21981.906094,42.598448,45.702899,45.215155,17.044134,26.234435,99.852545,98.513215,50.108592,41.322441,42.598409,45.702689,45.214980,0.002294,39779.64,0.96,269663442738580,5442238697,111089624327003,2704903184,41db8cd17ba8caa8349f8a958c3c0c17,
AI,aom,av2,0,A4,Stockholm_640x360_5994.y4m,640x360,60.00,8,640x360,110,11439.664336,37.795094,43.004858,42.414161,13.339409,21.475948,96.436161,94.380016,43.180229,38.106702,37.795040,43.004659,42.413877,0.024550,55351.04,0.78,371289051932744,4444997874,154573438678030,2154342008,d2fe6b884d8de1e4072db8644ecee0d7,
AI,aom,av2,0,A4,Stockholm_640x360_5994.y4m,640x360,60.00,8,640x360,135,5405.794206,33.366596,40.742459,40.000383,10.120814,17.264918,87.066886,84.617411,36.400881,35.016455,33.366476,40.742018,39.999620,0.039263,61421.34,0.73,332533227617777,3395302027,158490000133331,1997430925,6b5650a98c8f4b666d24c2e8cc47d12c,
AI,aom,av2,0,A4,Stockholm_640x360_5994.y4m,640x360,60.00,8,640x360,160,2154.005994,29.319564,38.531795,37.909195,7.097525,12.896371,66.958630,64.480226,30.020199,31.923672,29.319308,38.530772,37.908447,0.050318,31450.59,0.39,211400599197456,2268307045,87842977721537,1111133692,d089fba8b34ed736f77c29fbd17be457,
AI,aom,av2,0,A4,Stockholm_640x360_5994.y4m,640x360,60.00,8,640x360,185,677.674326,25.942123,36.402943,36.105066,4.751519,8.799069,36.782134,34.991064,24.634276,29.138098,25.941484,36.399478,36.102883,0.052512,10541.96,0.28,70503826306922,1681133740,29439417512468,787177949,8475ab39850624e688a503cee3f8cce1,
AI,aom,av2,0,A4,Stockholm_640x360_5994.y4m,640x360,60.00,8,640x360,210,197.882118,23.538400,34.797522,34.556620,3.362701,5.634613,6.858450,6.452174,20.899235,26.732390,23.537511,34.790804,34.551084,0.062614,2718.57,0.23,18347762807389,1515248757,7594800879956,664253043,e4baa4eabce499aae0cb06825a262554,
AI,aom,av2,0,A4,TouchdownPass_640x360_2997.y4m,640x360,30.00,8,640x360,85,10376.719281,42.325662,47.616112,47.909505,15.340480,23.853136,97.845087,96.323796,48.930437,42.204883,42.325565,47.615437,47.908940,0.000007,51890.99,0.94,364898783582058,5037306076,175273620146165,3255262260,4044b1dd82760612d5bfa6449c8d65f7,
AI,aom,av2,0,A4,TouchdownPass_640x360_2997.y4m,640x360,30.00,8,640x360,110,4254.897103,36.978586,45.458403,45.609980,9.942300,17.428806,94.756873,92.712848,40.810221,38.147689,36.976665,45.456971,45.608333,0.000145,84767.81,0.83,468242008911343,3904333758,219145658770633,2226312240,aece9954ed38881833d6fce0db906a5a,
AI,aom,av2,0,A4,TouchdownPass_640x360_2997.y4m,640x360,30.00,8,640x360,135,1514.437562,33.467298,43.247810,42.738373,6.872929,12.484591,84.702136,82.591012,34.019724,35.201372,33.464155,43.245526,42.734398,0.020254,37962.14,0.56,205792624133975,2813524357,97723715293623,1508288573,f1ea9dc37fdecc628505dc818db96812,
AI,aom,av2,0,A4,TouchdownPass_640x360_2997.y4m,640x360,30.00,8,640x360,160,566.817183,30.967962,41.053125,39.305148,5.691937,9.601826,64.564299,62.674279,30.087781,33.128961,30.965842,41.046399,39.300497,0.962040,18276.76,0.44,97379723571551,2017640701,46721975299689,1190159159,6a9528c89fb2222a6482bc1a26153e4e,
AI,aom,av2,0,A4,TouchdownPass_640x360_2997.y4m,640x360,30.00,8,640x360,185,229.938062,28.656637,39.242410,37.055943,5.135191,8.573120,47.815459,46.288199,27.124750,31.624585,28.655069,39.239722,37.049477,0.973235,6853.27,0.30,44677949160636,1824919960,19138426220368,826928735,1976e78f83914809e482f49a0a7c990c,
AI,aom,av2,0,A4,TouchdownPass_640x360_2997.y4m,640x360,30.00,8,640x360,210,86.377622,26.009856,37.770559,35.748315,4.505753,6.871389,25.303515,24.534881,23.318095,29.923237,26.008286,37.755482,35.730909,0.729462,2371.89,0.25,16066218370795,1802668447,6624057718517,705928156,c5d210a5d1309fac53fe4e5c23e8f2ad,
AI,aom,av2,0,A5,FourPeople_480x270_60.y4m,480x270,60.00,8,480x270,85,10142.864000,44.817072,46.707469,47.611817,20.453653,28.996912,97.033390,95.945345,48.644034,43.077657,44.816994,46.707273,47.611442,2.172487,15874.42,0.49,106228074491546,2541979787,44331004137420,1354980033,945c37579048ec479d25fbdb161b0366,
AI,aom,av2,0,A5,FourPeople_480x270_60.y4m,480x270,60.00,8,480x270,110,6102.000000,40.150768,43.704658,44.512915,17.273705,25.186426,94.954810,93.323679,44.040440,39.997916,40.150699,43.704040,44.512377,1.910125,15060.93,0.44,106426839705088,2500699804,50798143052421,1517125910,ca34dd8c63036a86ef9a0a2673dd3357,
AI,aom,av2,0,A5,FourPeople_480x270_60.y4m,480x270,60.00,8,480x270,135,3355.504000,35.311483,40.678597,41.354677,13.605595,20.817405,89.509324,87.292267,38.060972,36.588497,35.311414,40.677875,41.353650,1.723978,27253.60,0.41,148743683129603,2063005721,75939013946029,1177430685,59d8b1470ac704cd287342aaec8e9b1f,
AI,aom,av2,0,A5,FourPeople_480x270_60.y4m,480x270,60.00,8,480x270,160,1558.208000,30.606526,37.009321,37.884516,9.773436,15.962222,77.206928,74.268718,31.395230,32.951483,30.606302,37.006573,37.881629,1.359406,16589.67,0.27,114273512019205,1483678226,55834168607700,960836613,18c54a6dbf064ef8c128c1690a0cc540,
AI,aom,av2,0,A5,FourPeople_480x270_60.y4m,480x270,60.00,8,480x270,185,606.032000,26.565938,34.633737,35.101702,6.710477,11.618224,56.161343,53.249245,25.490843,29.647717,26.565820,34.632133,35.099519,0.974103,8286.82,0.20,55050802325256,1146044829,23141602935178,568006685,e0fc5fa7eff879375400d0eb0dbf581d,
AI,aom,av2,0,A5,FourPeople_480x270_60.y4m,480x270,60.00,8,480x270,210,221.184000,23.540188,32.930470,33.246816,4.719556,7.934851,29.137799,27.201712,20.864487,26.715624,23.539829,32.928533,33.243533,1.261205,2823.85,0.17,18891930176846,1133900999,7888469694514,489711053,a590b7df6f1a2f47a4de2c99d2eec196,
AI,aom,av2,0,A5,ParkJoy_480x270_50.y4m,480x270,50.00,8,480x270,85,12977.720000,44.140219,44.577574,45.336568,19.013799,26.004154,99.863459,99.819507,47.296493,43.138771,44.133750,44.562732,45.318912,1.883733,23369.66,0.57,128109449706245,2509043798,60449486637585,1512799035,1460ac79d659427d0e80b7bd68424762,
AI,aom,av2,0,A5,ParkJoy_480x270_50.y4m,480x270,50.00,8,480x270,110,7688.893333,38.659199,40.154175,42.191721,14.920700,21.543024,99.755254,99.545947,42.488145,39.065520,38.645901,40.131678,42.174468,4.036702,23983.88,0.55,131459017189131,2231623745,61918572510635,1441315111,3c0b126c17add7f09fc9634ecfbe1192,
AI,aom,av2,0,A5,ParkJoy_480x270_50.y4m,480x270,50.00,8,480x270,135,3973.706667,33.359162,37.075035,40.006572,11.039599,17.294250,93.898735,91.766536,36.771507,35.351681,33.336653,37.052068,39.994180,4.803171,30982.90,0.43,168015210427297,1980794878,80000695143581,1145848979,d57015890954f3040cff0b8c20264b15,
AI,aom,av2,0,A5,ParkJoy_480x270_50.y4m,480x270,50.00,8,480x270,160,1526.240000,28.459689,34.831672,38.235715,7.663670,13.227467,74.757582,72.725158,30.596687,31.787017,28.426483,34.812100,38.225583,4.545612,17094.77,0.27,123201762679061,1384175192,57633252174837,926580529,8001e0a587663b3dc85027a64a17311a,
AI,aom,av2,0,A5,ParkJoy_480x270_50.y4m,480x270,50.00,8,480x270,185,395.213333,24.890547,32.852599,36.557137,5.267250,9.517912,42.904193,41.502673,24.856279,28.871416,24.851258,32.831799,36.544959,4.541954,7148.85,0.17,45778822076806,1146690709,19965202279502,495354114,4a3da16831fd464b6c29bd7eff7f0b9a,
AI,aom,av2,0,A5,ParkJoy_480x270_50.y4m,480x270,50.00,8,480x270,210,119.066667,22.957800,31.218177,34.962053,4.170274,6.908800,13.285749,12.629957,21.056712,26.739737,22.929307,31.192976,34.928668,3.705464,2146.33,0.18,11506354228858,982275233,5581984438993,500816927,d8d68139318802b8c736e90ed070aa4f,
AI,aom,av2,0,A5,SparksElevator_480x270p_5994_10bit.y4m,480x270,60.00,10,480x270,85,10321.934066,43.009810,49.594537,47.207928,17.291052,24.953636,97.092696,95.688717,49.142831,43.048967,43.009735,49.593734,47.207277,0.304355,29671.13,0.56,161436443605755,2473471623,76778490013358,1491775529,03a2bb3c103623b72dea8f767b2e1181,
AI,aom,av2,0,A5,SparksElevator_480x270p_5994_10bit.y4m,480x270,60.00,10,480x270,110,4901.802198,37.993284,46.867884,44.129508,12.814357,19.575924,93.269891,91.426835,41.975550,39.366557,37.993096,46.866527,44.128755,0.283522,28356.95,0.34,187755313232273,1812286076,79189202970452,928635567,820c681e6e20fbeb79ff0e6875141f1c,
AI,aom,av2,0,A5,SparksElevator_480x270p_5994_10bit.y4m,480x270,60.00,10,480x270,135,2139.668332,34.034529,44.498338,41.323994,9.878822,15.667623,83.807301,81.692432,36.077211,36.246417,34.034251,44.495648,41.321725,0.300443,19425.62,0.24,131997551217202,1332249998,54246464215145,675515002,504571ccd58d050643ce953f527e328e,
AI,aom,av2,0,A5,SparksElevator_480x270p_5994_10bit.y4m,480x270,60.00,10,480x270,160,878.289710,30.559982,41.902626,38.455841,7.529158,12.636676,66.474436,64.223353,31.308795,33.331046,30.559456,41.893453,38.453050,0.261795,10866.72,0.20,71470249783659,1044573833,30349285208216,564222266,1eb565018bff8db3cc6bb4fdbda31898,
AI,aom,av2,0,A5,SparksElevator_480x270p_5994_10bit.y4m,480x270,60.00,10,480x270,185,304.239760,27.365100,39.524996,35.756123,5.169914,9.557100,41.375413,39.577760,26.837036,30.397375,27.364727,39.511783,35.750854,0.300245,3900.45,0.13,26428250588454,746952073,10892560921232,358010596,2b92e91a9b288806d4e9ef5c35aae883,
AI,aom,av2,0,A5,SparksElevator_480x270p_5994_10bit.y4m,480x270,60.00,10,480x270,210,102.857143,24.940639,37.128806,33.097895,3.694759,6.891402,13.037363,12.446732,23.113441,27.857787,24.940266,37.028685,33.089597,0.380604,1220.60,0.15,8583242364096,966947192,4158520278297,524988473,0b08a960663a24d5aff97c0aba520ba1,
AI,aom,av2,0,A5,Vertical_Bayshore_270x480_2997.y4m,270x480,30.00,8,270x480,85,3666.837163,45.151003,53.375846,52.864067,18.856418,26.370514,97.661082,96.225762,47.856615,46.894806,45.149790,53.370029,52.855565,0.392548,29497.30,0.39,160225689070125,1624726440,76221998810924,1047612896,7c53f62d36d8c8cabc5eae932cd581de,
AI,aom,av2,0,A5,Vertical_Bayshore_270x480_2997.y4m,270x480,30.00,8,270x480,110,1932.003996,40.129496,51.024821,50.778166,14.703135,21.528798,94.368436,92.400103,42.738884,42.739352,40.128496,51.016794,50.770849,0.617790,18283.51,0.26,121381817168740,1432063926,51063177829027,728428968,16817a17d0637378adee0d79701c53b5,
AI,aom,av2,0,A5,Vertical_Bayshore_270x480_2997.y4m,270x480,30.00,8,270x480,135,775.912088,35.372986,48.722259,48.081840,10.655174,16.819053,86.547194,83.963440,37.118095,38.818272,35.370613,48.716374,48.071676,0.503401,20987.03,0.25,113630390837421,1132357915,54212443823187,654923736,a23bbac297ced894a3be9153e6601d50,
AI,aom,av2,0,A5,Vertical_Bayshore_270x480_2997.y4m,270x480,30.00,8,270x480,160,183.560440,31.724049,46.471414,45.138738,7.272269,11.712876,71.158011,68.243182,31.325827,35.658560,31.719433,46.449571,45.126374,0.677851,6754.86,0.15,45519587580253,991748016,18865710814993,444345996,6734104cbe1c4b53cf77b9ef063bba61,
AI,aom,av2,0,A5,Vertical_Bayshore_270x480_2997.y4m,270x480,30.00,8,270x480,185,83.452547,30.246832,43.012443,42.353493,6.596861,10.089554,51.669568,48.232668,28.743740,33.720476,30.244230,42.975866,42.304090,1.384878,2568.86,0.15,16983894826951,933877557,8589344630848,536933345,072c40475e9ce997e02966118146e170,
AI,aom,av2,0,A5,Vertical_Bayshore_270x480_2997.y4m,270x480,30.00,8,270x480,210,43.260739,28.204838,39.323519,39.859240,5.944526,8.320244,23.337458,21.047362,25.752135,31.449485,28.203209,39.259397,39.818368,1.269353,1057.00,0.12,7428602801449,887358399,2952285274072,346394798,2c5a8902aae7c5f0a1113b73abbfbf46,
AI,aom,av2,0,B1,CosmosTreeTrunk_sdr_2048x858_25_8bit.y4m,2048x858,24.00,8,2048x858,85,40027.456000,42.400751,47.165582,48.367247,14.845863,23.824821,99.844706,99.795905,48.414854,44.368407,42.400463,47.163071,48.362908,0.327016,515582.14,7.19,2960079441619383,29044708486,1343654114288073,19295553056,2e036737c438a104758f600b7af29051,
AI,aom,av2,0,B1,CosmosTreeTrunk_sdr_2048x858_25_8bit.y4m,2048x858,24.00,8,2048x858,110,15394.553600,38.519977,44.243297,45.841506,11.527468,19.533127,98.933678,97.147286,41.991903,41.154288,38.517300,44.241310,45.836486,0.364328,431234.78,3.58,3012483560938657,21304710057,1204320528416276,10012485517,907ac6a59f22351eb48658616fd2559e,
AI,aom,av2,0,B1,CosmosTreeTrunk_sdr_2048x858_25_8bit.y4m,2048x858,24.00,8,2048x858,135,6811.603200,35.746229,41.888741,43.575032,9.575231,15.928606,88.930910,86.523371,36.390901,38.727774,35.738659,41.886334,43.570537,0.408973,253227.76,3.26,1905655945281182,18309871269,865831024059340,11701164977,f2cfc978cbe53c6149d16870f3142521,
AI,aom,av2,0,B1,CosmosTreeTrunk_sdr_2048x858_25_8bit.y4m,2048x858,24.00,8,2048x858,160,2915.929600,32.762499,39.918069,41.548119,7.490196,11.958231,67.855103,65.724916,31.071684,36.020047,32.756420,39.915152,41.546027,0.436839,154243.40,3.33,886903164580837,15996757373,404455359901087,9213021535,19e90e09ef33af5cb1787e1eafeba4f4,
AI,aom,av2,0,B1,CosmosTreeTrunk_sdr_2048x858_25_8bit.y4m,2048x858,24.00,8,2048x858,185,1061.523200,29.697440,37.717417,39.389617,5.671520,8.437830,41.649223,40.330776,26.641546,33.145482,29.694118,37.715824,39.386493,0.643584,41471.52,2.04,282968530270654,12836765922,115824063441051,5704652827,4ea0c1baa1e234d157b524ecbee11c50,
AI,aom,av2,0,B1,CosmosTreeTrunk_sdr_2048x858_25_8bit.y4m,2048x858,24.00,8,2048x858,210,316.934400,26.991524,35.728308,37.499274,4.475085,5.973201,23.032513,22.507657,23.237528,30.607282,26.988998,35.724875,37.494009,1.108816,16292.19,2.56,86673220543414,13318639603,43103226270256,7342779952,afdc49c4e45a0b1e5d76bc3361d3237e,
AI,aom,av2,0,B1,EuroTruckSimulator2_1920x1080p60_v2.y4m,1920x1080,60.00,8,1920x1080,85,218637.792000,42.757179,46.385416,46.731915,18.053192,26.728661,99.866418,99.827160,50.279606,42.818140,42.757157,46.385385,46.731888,0.013277,408457.19,11.25,2442552346416159,50014561120,1077854562327656,30205327197,5be7c5a5a1f56ca2e34eac982f5d4351,
AI,aom,av2,0,B1,EuroTruckSimulator2_1920x1080p60_v2.y4m,1920x1080,60.00,8,1920x1080,110,110200.096000,37.171901,43.611735,44.336883,12.819258,20.761297,99.783850,99.723236,42.568276,38.581235,37.171864,43.611677,44.336807,0.026105,572556.58,6.68,4148454329356634,38158507158,1599046888383338,18609159373,02ec293c34ade53d0bc1a6ff1ba6fe88,
AI,aom,av2,0,B1,EuroTruckSimulator2_1920x1080p60_v2.y4m,1920x1080,60.00,8,1920x1080,135,46134.096000,32.696925,40.976583,41.993939,8.914957,15.602119,94.376441,92.120422,35.189587,34.847194,32.696895,40.976402,41.993766,0.099373,804646.69,6.47,4786161553585211,28415427726,2110726384859248,17662787824,4e98930f99f5cd4fc7e816d3ce8eca0f,
AI,aom,av2,0,B1,EuroTruckSimulator2_1920x1080p60_v2.y4m,1920x1080,60.00,8,1920x1080,160,16394.848000,29.110070,38.159281,39.522234,5.991712,11.191187,77.881496,75.311952,28.912702,31.649975,29.110039,38.158935,39.521499,0.123025,307254.02,3.65,2164487072697979,21742539220,858025514535472,10237258244,05e726d5b9513ace8e3e4639b9b7fbc6,
AI,aom,av2,0,B1,EuroTruckSimulator2_1920x1080p60_v2.y4m,1920x1080,60.00,8,1920x1080,185,5218.624000,26.343024,35.352168,37.168120,4.231784,7.982087,55.412371,53.079653,24.319060,29.007840,26.342986,35.351677,37.167158,0.157409,218177.62,3.61,1360195490704562,17634015092,582325848423465,9937565628,412d155c9f1f1a94884637130dc70519,
AI,aom,av2,0,B1,EuroTruckSimulator2_1920x1080p60_v2.y4m,1920x1080,60.00,8,1920x1080,210,1639.088000,24.138871,32.681957,34.272024,3.265900,5.619035,36.528473,34.495639,21.093651,26.744531,24.138827,32.680809,34.268317,0.065139,39275.32,2.92,221419813086557,14906384701,103696385783665,8249500583,036d3799eff1d8999f5e5159182d6360,
AI,aom,av2,0,B1,GlassHalf_1920x1080p_24p_8bit_420.y4m,1920x1080,24.00,8,1920x1080,85,13546.739200,49.519300,51.791539,53.237390,24.477474,32.343019,98.969574,98.426880,53.611230,51.565582,49.518692,51.782423,53.229293,4.371272,287239.39,6.07,1706324072312053,26400938057,759341166404555,16708367718,f8e6fe587ad2f27865b62969929f25a6,
AI,aom,av2,0,B1,GlassHalf_1920x1080p_24p_8bit_420.y4m,1920x1080,24.00,8,1920x1080,110,7708.313600,45.651600,48.519973,49.878371,22.080882,28.869071,98.550339,97.226120,49.175591,48.781847,45.650729,48.504622,49.861411,2.524165,332205.39,5.32,1894960396899008,23804357709,872625576568832,14679832926,45f5a8f3b453fa4734ccbff4420087eb,
AI,aom,av2,0,B1,GlassHalf_1920x1080p_24p_8bit_420.y4m,1920x1080,24.00,8,1920x1080,135,4294.246400,41.476235,45.285941,46.441780,18.770970,24.573664,96.379723,93.794365,43.445026,45.812264,41.475233,45.254392,46.413030,2.209642,275402.97,4.48,1631972827056326,21757967699,728696370112508,12394943322,21f7f31c5b776b57e049beb296185459,
AI,aom,av2,0,B1,GlassHalf_1920x1080p_24p_8bit_420.y4m,1920x1080,24.00,8,1920x1080,160,2280.057600,36.994295,41.778755,42.681482,14.889449,19.428035,89.363718,85.192638,36.866153,42.044134,36.993221,41.740103,42.640649,1.951765,168062.53,3.19,1304445140510785,19826983093,469400300946181,8926781328,109b5a2e14e4a2037c55f3385dbfe0dc,
AI,aom,av2,0,B1,GlassHalf_1920x1080p_24p_8bit_420.y4m,1920x1080,24.00,8,1920x1080,185,1100.032000,32.538020,37.735461,38.878003,11.285657,14.207827,72.922590,68.461992,30.899981,37.544072,32.536625,37.690780,38.823418,1.176866,122967.35,4.26,798703281752975,17385206757,331202142783159,11203479210,8b5ccba56949312de3d4b68452231961,
AI,aom,av2,0,B1,GlassHalf_1920x1080p_24p_8bit_420.y4m,1920x1080,24.00,8,1920x1080,210,462.329600,28.773294,33.568700,34.695267,8.822941,10.072548,50.920261,46.729420,25.940328,33.241335,28.771325,33.505129,34.622192,0.449651,56759.78,3.35,374033622504449,13582592912,154859900780885,9332985115,c86a87fc84414660f508c25ed94c5bab,
AI,aom,av2,0,B1,Life_1080p30_v2.y4m,1920x1080,30.00,8,1920x1080,85,58215.920000,43.801971,49.226233,48.550199,16.788007,24.990258,99.863998,98.883263,48.992048,45.518495,43.801899,49.225910,48.549929,0.212044,385327.14,7.63,2233591418499355,32977314187,1008049889992071,20545012970,bc3e16e189cd1bffc9a2dd68d36cdcc4,
AI,aom,av2,0,B1,Life_1080p30_v2.y4m,1920x1080,30.00,8,1920x1080,110,25876.448000,39.024516,46.288988,45.595984,12.448757,19.961897,97.329316,95.734888,42.521420,41.665415,39.024461,46.288528,45.595581,0.229597,470543.06,6.06,2693776761881589,25543069923,1227377103296585,16485371187,789e49dc08bbc18bda61b7f8cceac64e,
AI,aom,av2,0,B1,Life_1080p30_v2.y4m,1920x1080,30.00,8,1920x1080,135,8568.680000,35.201331,43.305468,42.386137,8.935024,15.269929,90.674532,88.611881,36.509623,38.396793,35.201255,43.304731,42.385747,0.285480,349318.19,5.23,2000252316725766,23430228749,913372320578345,14385888681,b5c3ec43c81382aedb1599e22b7b54d2,
AI,aom,av2,0,B1,Life_1080p30_v2.y4m,1920x1080,30.00,8,1920x1080,160,4063.272000,33.092697,40.221588,39.079532,8.064177,13.370394,78.059581,75.335593,32.805598,36.093275,33.092522,40.220777,39.078687,0.300080,173270.58,3.47,1277295755837929,20769425598,483928294596942,9688750642,e2d54a5aeddc2e654f5656df4b5f0fd8,
AI,aom,av2,0,B1,Life_1080p30_v2.y4m,1920x1080,30.00,8,1920x1080,185,2004.936000,30.505679,36.679017,35.502515,7.237527,11.509978,59.689682,56.623712,28.706560,33.443974,30.505268,36.676993,35.501632,0.327404,69385.66,2.81,499072540377316,16619045341,193788062501553,7873322450,a5ff408d988902f0717ecfe2688d2f93,
AI,aom,av2,0,B1,Life_1080p30_v2.y4m,1920x1080,30.00,8,1920x1080,210,899.256000,27.354810,33.297960,31.878365,6.206498,9.091735,37.059676,34.161386,24.227046,30.416395,27.354311,33.294905,31.876889,0.146521,25094.40,2.56,176425870185373,16031270081,70087516466919,7167123436,4bc2e7727071dff917072c4227b78c1d,
AI,aom,av2,0,B1,MINECRAFT_1080p_60_8bit.y4m,1920x1080,60.00,8,1920x1080,85,124876.752000,45.844128,48.027069,47.670142,21.096406,28.241352,99.870356,99.830864,51.451049,45.768934,45.737935,47.986589,47.588777,0.405697,699077.15,7.44,4138952407474305,29920097877,1842197476261703,19714090586,4be9a3cc2f997d1b898515742ab97f0b,
AI,aom,av2,0,B1,MINECRAFT_1080p_60_8bit.y4m,1920x1080,60.00,8,1920x1080,110,75073.968000,40.243769,45.206356,44.345212,15.568397,22.418627,99.796151,99.737610,43.910055,41.842831,40.099141,45.171275,44.266199,0.299604,716143.31,5.18,5111150255006704,28020804472,2000192061111503,14477666031,9d185d455bd9180cbc2395d1e45b87b9,
AI,aom,av2,0,B1,MINECRAFT_1080p_60_8bit.y4m,1920x1080,60.00,8,1920x1080,135,33775.968000,34.578867,42.542853,41.281901,10.224367,16.402910,97.552316,95.505904,36.302579,37.335972,34.452981,42.518031,41.211123,0.255761,781015.59,5.43,4738433124960286,22270247144,2067132849683162,14840397194,ae6d95d08315f4c5b69da43223480e74,
AI,aom,av2,0,B1,MINECRAFT_1080p_60_8bit.y4m,1920x1080,60.00,8,1920x1080,160,11061.872000,30.380399,39.544729,38.344420,6.708922,11.377262,79.163379,76.699227,30.109170,33.421605,30.293552,39.529360,38.289243,0.198361,346552.08,2.84,2694765834868218,15356754103,967849855885630,7946768786,54043ab7cbf6773522f274cf3fa2da59,
AI,aom,av2,0,B1,MINECRAFT_1080p_60_8bit.y4m,1920x1080,60.00,8,1920x1080,185,3901.632000,27.866989,36.608343,35.582264,5.010822,7.851903,56.251715,54.223307,25.849459,30.530921,27.801007,36.595623,35.546954,0.224975,196419.63,3.36,1388035146166452,12434125516,575392408183228,9939233478,63c954ffe09d028a9076fe57112c1fad,
AI,aom,av2,0,B1,MINECRAFT_1080p_60_8bit.y4m,1920x1080,60.00,8,1920x1080,210,1061.152000,25.229248,34.323514,33.192721,4.118169,5.511087,30.391632,29.336793,22.683590,28.101453,25.197911,34.320311,33.168755,0.370360,64753.23,2.23,556086373895329,14774857179,180830131513374,6229699346,8293a59432a048a88971cecf88182b04,
AI,aom,av2,0,B1,Sniper_1920x1080P_30fps_8bit.y4m,1920x1080,30.00,8,1920x1080,85,54482.368000,45.481850,49.765640,50.263368,18.675410,25.176306,99.142081,98.815281,48.444900,44.988366,45.348051,49.654544,50.145060,0.259671,285221.92,5.55,1960949477978171,29978811223,796577197895318,15515067012,882b87027e28d05d1096eb6ab59afbf6,
AI,aom,av2,0,B1,Sniper_1920x1080P_30fps_8bit.y4m,1920x1080,30.00,8,1920x1080,110,27345.728000,40.535043,46.291914,47.006675,14.337088,20.096028,98.302058,97.848005,42.085838,41.316942,40.255972,46.195422,46.889209,0.273302,394413.62,6.17,2216004718818998,28478786174,1027732352137894,16857112238,7bb36e13862aaf00874a1def97bc1304,
AI,aom,av2,0,B1,Sniper_1920x1080P_30fps_8bit.y4m,1920x1080,30.00,8,1920x1080,135,12341.088000,36.378718,44.006087,44.823014,11.097385,15.729016,93.265750,91.178259,36.534399,38.448875,35.962157,43.910838,44.693027,0.508637,348683.36,5.42,1984807081958341,23208935978,910977050869667,14953807138,2321b54c1b365e5eaa5fa16583119236,
AI,aom,av2,0,B1,Sniper_1920x1080P_30fps_8bit.y4m,1920x1080,30.00,8,1920x1080,160,4877.160000,32.627160,41.785619,42.577458,8.771704,12.185964,75.580509,72.991416,31.875947,35.714389,32.166103,41.725266,42.479041,0.713887,149562.55,3.29,1090090936356405,19693599259,417747420492733,9171157211,fe273736f7ea83082c288a89dbf40558,
AI,aom,av2,0,B1,Sniper_1920x1080P_30fps_8bit.y4m,1920x1080,30.00,8,1920x1080,185,1322.440000,29.291694,39.349977,40.060358,7.138988,9.410602,52.925957,50.598163,27.901913,33.032893,28.803058,39.326789,39.992260,1.086202,97315.24,2.80,591296924420181,15300288408,257907257970199,7826482231,531629d34708c6ad0c0d30205cc15fc2,
AI,aom,av2,0,B1,Sniper_1920x1080P_30fps_8bit.y4m,1920x1080,30.00,8,1920x1080,210,398.536000,27.186045,37.003170,37.467042,6.278962,7.332904,30.389840,29.004201,24.825293,30.776733,26.852960,36.986111,37.402147,0.679519,20577.98,2.42,152068575419843,14754793817,72053339972550,8958323411,4c123774798fe1132d03d2bc2e446eba,
AI,aom,av2,0,B1,SolLevanteDragons_sdr_1920x1080_24_10bit.y4m,1920x1080,24.00,10,1920x1080,85,14680.307200,43.948369,47.388061,48.468556,14.777253,22.434404,99.688325,99.636814,46.629287,47.470046,43.896412,47.375350,48.409151,0.204790,365509.54,5.08,2000889740704645,21494888753,943886679344134,13921006433,0d0383e2b6127f7f6e8c2a95d6a97843,
AI,aom,av2,0,B1,SolLevanteDragons_sdr_1920x1080_24_10bit.y4m,1920x1080,24.00,10,1920x1080,110,4734.822400,41.879163,45.776740,46.274379,13.195520,19.520244,99.453769,99.393130,41.957240,45.544980,41.807221,45.771117,46.208611,0.240856,229140.53,4.15,1207271028791073,20152767897,590669628650584,11450591196,ce3d22461c33277e90fd4571d1caa6e4,
AI,aom,av2,0,B1,SolLevanteDragons_sdr_1920x1080_24_10bit.y4m,1920x1080,24.00,10,1920x1080,135,2205.766400,40.268727,43.598499,43.592145,12.433952,17.089766,88.625167,86.898775,38.235624,43.756354,40.215250,43.593435,43.500777,0.253399,115174.93,3.73,597498777044405,18323646465,298037412168789,10314750171,3b56548a7643f9891690ead526802440,
AI,aom,av2,0,B1,SolLevanteDragons_sdr_1920x1080_24_10bit.y4m,1920x1080,24.00,10,1920x1080,160,1021.772800,38.102709,40.983726,40.652223,11.662248,14.492860,64.375113,62.894506,34.705318,41.464749,38.064083,40.976247,40.519157,0.253242,46632.66,3.06,258720852992701,16160727230,121214381668003,8694593220,00dcb12c341bf504930b2c95828094cb,
AI,aom,av2,0,B1,SolLevanteDragons_sdr_1920x1080_24_10bit.y4m,1920x1080,24.00,10,1920x1080,185,463.123200,35.571636,38.340820,37.597792,10.972672,12.053873,34.593619,33.773601,31.494717,38.800881,35.540064,38.329853,37.437927,0.254374,12516.27,2.49,71949900086967,16613539151,34974333315136,7706575488,701ebaa7c9d9d117323777662c73bbcf,
AI,aom,av2,0,B1,SolLevanteDragons_sdr_1920x1080_24_10bit.y4m,1920x1080,24.00,10,1920x1080,210,216.556800,32.882888,35.796055,34.902587,10.403663,9.919931,17.104848,16.943228,28.637244,36.022472,32.860260,35.789232,34.808324,0.165214,4665.13,2.13,30847234954788,16893548433,13034209137096,5940235577,34da42002edec2989974de0c67e02ec5,
AI,aom,av2,0,B1,SolLevanteFace_sdr_1920x1080_24_10bit.y4m,1920x1080,24.00,10,1920x1080,85,16256.684800,47.471204,48.331739,46.813194,20.210050,26.492037,97.617762,95.437234,49.967854,47.327941,47.471174,48.331664,46.813161,0.000000,469290.82,6.32,2560044213958308,25391743708,1219302290800990,17324126713,1b5e13d32cb765df9dc0874e5de5cead,
AI,aom,av2,0,B1,SolLevanteFace_sdr_1920x1080_24_10bit.y4m,1920x1080,24.00,10,1920x1080,110,8179.795200,43.613776,47.423017,45.515912,16.697786,22.098152,91.864544,89.253914,44.589410,45.382528,43.613741,47.422740,45.515684,0.000000,404761.00,3.75,2686391788127985,21995020981,1130651687424447,10476886096,1d57c57476def36c344a900d5a967de0,
AI,aom,av2,0,B1,SolLevanteFace_sdr_1920x1080_24_10bit.y4m,1920x1080,24.00,10,1920x1080,135,3693.305600,39.328545,46.108870,43.676663,12.736373,17.281294,79.571445,76.373471,38.901170,42.752153,39.328450,46.108232,43.676154,0.000000,249956.53,3.19,1781355323057147,17429940485,698072588704488,8896876847,e0cbd13df87380ba7e57669017e2497c,
AI,aom,av2,0,B1,SolLevanteFace_sdr_1920x1080_24_10bit.y4m,1920x1080,24.00,10,1920x1080,160,1253.932800,35.275314,44.228377,41.267800,9.129587,12.587475,55.454792,52.694160,33.558756,39.756508,35.274992,44.227032,41.267341,0.000001,131281.62,2.29,1048198518159421,12979083313,366663331462999,6397665815,a227f9624f622bdba9974e28718b6bb7,
AI,aom,av2,0,B1,SolLevanteFace_sdr_1920x1080_24_10bit.y4m,1920x1080,24.00,10,1920x1080,185,332.262400,32.494950,42.472888,38.931093,7.213031,9.121925,22.498208,21.412876,29.623225,37.296293,32.494275,42.467315,38.929396,0.000000,47685.24,1.79,408920787386171,12266148511,133192852008271,5008752276,0f53e5dfce1429d5cfafc7ebc790c1ed,
AI,aom,av2,0,B1,SolLevanteFace_sdr_1920x1080_24_10bit.y4m,1920x1080,24.00,10,1920x1080,210,108.492800,30.899253,40.716279,36.816860,6.807087,7.379554,3.332458,3.231297,27.567496,35.454096,30.898532,40.696574,36.811967,0.000000,13283.69,1.56,110771752727730,12897412679,37096469387891,4375180351,8a3744ead56790832daf8ecec564b656,
AI,aom,av2,0,B1,STARCRAFT_1080p60.y4m,1920x1080,60.00,8,1920x1080,85,88272.560000,45.413502,50.460166,51.116741,19.267115,26.067654,99.014681,98.635746,49.697434,45.776693,45.413487,50.460039,51.116637,0.513555,290202.28,7.87,1723880992375607,32922793271,766072990021771,21286145189,2e0ceb5849d55d2019ba467f344dbb66,
AI,aom,av2,0,B1,STARCRAFT_1080p60.y4m,1920x1080,60.00,8,1920x1080,110,47823.776000,40.850881,46.811667,47.690883,15.666965,21.604838,98.049776,96.844870,43.708691,42.587553,40.850865,46.811473,47.690751,0.705201,353917.10,6.45,2078380119427559,28715465557,931148901141806,17527273311,98500d0daef9dcd807251c98ceee40ef,
AI,aom,av2,0,B1,STARCRAFT_1080p60.y4m,1920x1080,60.00,8,1920x1080,135,23309.568000,36.424337,43.295925,44.266182,12.399385,17.550035,91.628479,89.034886,37.960667,39.262499,36.424310,43.295699,44.266016,0.991441,304983.99,5.19,2308664906367178,24792916972,1048067464006342,18636269494,5a28051203aed7a2b8a4cf5af210a016,
AI,aom,av2,0,B1,STARCRAFT_1080p60.y4m,1920x1080,60.00,8,1920x1080,160,10334.752000,32.427447,39.747417,40.772171,9.566809,13.709884,76.471949,73.519751,32.530315,35.957617,32.427393,39.746493,40.771556,1.150250,188241.16,3.79,1442831174114738,19136146528,646814095488831,13608602282,b2bb0ad89b60709945f5536f748bc81a,
AI,aom,av2,0,B1,STARCRAFT_1080p60.y4m,1920x1080,60.00,8,1920x1080,185,4234.112000,28.961395,36.675454,37.550774,7.500021,10.346325,53.817541,51.199252,27.670382,32.853763,28.961300,36.674923,37.549754,1.280242,182600.24,3.42,1169130666746859,15199584875,492102412602833,9601039167,09711511f795ed82abf0ac0d82924f33,
AI,aom,av2,0,B1,STARCRAFT_1080p60.y4m,1920x1080,60.00,8,1920x1080,210,1556.240000,25.769829,33.835452,34.402433,6.099775,7.650114,29.510895,27.624715,23.422092,29.916576,25.769591,33.833696,34.400545,1.438524,76458.78,2.14,656028949546366,13792709878,213567492951803,5964331907,42ff578b6d752e6b609a688838320c77,
AI,aom,av2,0,B1,WITCHER3_1920x1080_60_8bit_420.y4m,1920x1080,60.00,8,1920x1080,85,120288.784000,43.353755,48.093298,48.643516,15.467064,22.768054,99.212965,98.093896,47.544744,43.238680,43.351329,48.089181,48.641408,0.182472,464480.69,7.45,2623908482245454,32915464279,1211669989357191,20039425847,5cc67568aee11785c55df27be06ce68b,
AI,aom,av2,0,B1,WITCHER3_1920x1080_60_8bit_420.y4m,1920x1080,60.00,8,1920x1080,110,48001.200000,38.536551,46.401389,46.332098,11.028782,17.341593,95.072684,92.977702,40.695148,39.977630,38.531452,46.397371,46.329521,0.460867,426334.14,4.63,2989894221548832,24717134950,1190624538559908,12951552258,63c5dd354fd3551625660117a4aafa9c,
AI,aom,av2,0,B1,WITCHER3_1920x1080_60_8bit_420.y4m,1920x1080,60.00,8,1920x1080,135,13560.560000,34.888779,44.716757,43.835919,7.945634,12.970118,83.227928,80.904472,35.161948,37.169302,34.883839,44.710843,43.833094,0.986415,326303.53,4.04,1890182795876962,17752014601,857444167477119,11132233581,edfb2449bbb70f38e130288caf14ec9b,
AI,aom,av2,0,B1,WITCHER3_1920x1080_60_8bit_420.y4m,1920x1080,60.00,8,1920x1080,160,3400.704000,32.645891,43.023509,41.724233,6.499513,10.017144,62.210974,60.477610,31.482244,35.230844,32.642454,43.012595,41.720705,1.866269,100922.42,2.12,777521678091792,12811480531,281828551530663,5968705938,a8933aa0827b773664eec405db4fe00d,
AI,aom,av2,0,B1,WITCHER3_1920x1080_60_8bit_420.y4m,1920x1080,60.00,8,1920x1080,185,1250.896000,31.115755,41.268010,39.928895,6.097276,8.629299,44.087631,42.816488,29.366723,33.896355,31.113652,41.253984,39.925198,3.035372,63717.72,2.04,533988299641894,14054904604,177961582922512,5721465549,4b2cacbab13e0d7daca6ba5a775a6a0b,
AI,aom,av2,0,B1,WITCHER3_1920x1080_60_8bit_420.y4m,1920x1080,60.00,8,1920x1080,210,353.792000,29.110902,39.312179,37.592512,5.727932,7.420796,22.169006,21.614239,26.787504,32.396902,29.109242,39.287309,37.586855,3.120519,23302.19,1.88,194548021822184,15184075776,84304215684316,7073137359,adb3639e31f2b280aff2bfb95ff67030,
AI,aom,av2,0,B2,BigBuckBunnyStudio1_1920x1080_60fps_10bit_420_020_0149.y4m,1920x1080,60.00,10,1920x1080,85,41278.784000,50.101222,52.394043,52.367851,25.095056,30.904428,96.396309,95.307019,52.087174,51.270799,50.101180,52.393678,52.367211,0.127433,271710.59,3.86,1950135733366068,19807363654,758803078023739,10772946400,7c25716fc0d68a74d636fdf5e865f1b4,
AI,aom,av2,0,B2,BigBuckBunnyStudio1_1920x1080_60fps_10bit_420_020_0149.y4m,1920x1080,60.00,10,1920x1080,110,26231.360000,45.347258,48.315577,48.140821,21.617107,26.502197,94.374725,92.729332,46.203489,46.873365,45.347195,48.315094,48.139347,0.207933,359856.33,4.41,2046373059082037,17858753559,946344471562827,12075403641,70bb44523c7b1faad9a6c61754fa933f,
AI,aom,av2,0,B2,BigBuckBunnyStudio1_1920x1080_60fps_10bit_420_020_0149.y4m,1920x1080,60.00,10,1920x1080,135,15222.400000,40.211121,44.303901,44.131101,17.303616,21.648335,88.698185,86.434055,40.360177,42.425041,40.211062,44.303662,44.130118,0.406844,232506.86,3.73,1724021367436910,20575633155,649312981183751,10437998422,e8b2998e63dc3ed8a9cb8b91f5341a17,
AI,aom,av2,0,B2,BigBuckBunnyStudio1_1920x1080_60fps_10bit_420_020_0149.y4m,1920x1080,60.00,10,1920x1080,160,8383.408000,35.442129,40.672635,40.389308,13.898758,17.561007,77.909078,74.603780,34.960919,38.360980,35.442027,40.672350,40.388727,0.577982,221204.97,4.07,1490310664544305,19933001188,635075862345082,12086928675,70ffbd378dc0538e8b39db6f13407477,
AI,aom,av2,0,B2,BigBuckBunnyStudio1_1920x1080_60fps_10bit_420_020_0149.y4m,1920x1080,60.00,10,1920x1080,185,3901.808000,30.797243,37.390950,36.868435,10.727724,13.613566,60.178896,55.770563,29.544166,34.376237,30.797148,37.390388,36.867315,0.630271,143353.15,2.99,978184297791591,14942662251,413676983131694,9004439010,9419a1ed2003096ac33742c38b7fbdad,
AI,aom,av2,0,B2,BigBuckBunnyStudio1_1920x1080_60fps_10bit_420_020_0149.y4m,1920x1080,60.00,10,1920x1080,210,1420.256000,26.790352,34.470362,33.877912,8.339453,9.910652,35.952275,31.355380,24.581189,30.590115,26.790287,34.469375,33.875904,0.563409,52381.76,2.37,429726855541832,13470883495,184700656935537,8739402484,eb55431be49d3bcd1088fe7b41b7bd80,
AI,aom,av2,0,B2,Debugging_1920x1080_30fps_8bit_420.y4m,1920x1080,30.00,8,1920x1080,85,8926.488000,53.925061,52.808713,53.388469,37.181233,43.208094,97.329230,96.534170,59.426347,56.231781,53.919112,52.795104,53.353101,0.064123,177389.17,3.02,1131895888055291,10579754634,478051038563608,8288008975,fa5c6970936ff29a9a034736b5561c88,
AI,aom,av2,0,B2,Debugging_1920x1080_30fps_8bit_420.y4m,1920x1080,30.00,8,1920x1080,110,6203.312000,47.938399,49.421292,49.581833,30.444240,36.370668,96.553235,95.212868,54.331729,52.195256,47.932147,49.404529,49.543137,0.353012,169521.35,3.49,1098229743584308,13538076930,457360270800882,9614248383,0ba8e738c9c2076a4b7a07de613dbb57,
AI,aom,av2,0,B2,Debugging_1920x1080_30fps_8bit_420.y4m,1920x1080,30.00,8,1920x1080,135,4331.936000,42.184264,46.514144,45.938007,24.369630,29.657094,94.639744,92.165786,47.380441,47.647043,42.179161,46.496010,45.893606,0.793303,215586.47,3.83,1346736081958268,17370382916,576589236990196,10731992125,b88ddefdcf9566472a0454784d746be1,
AI,aom,av2,0,B2,Debugging_1920x1080_30fps_8bit_420.y4m,1920x1080,30.00,8,1920x1080,160,3004.416000,36.582278,42.891197,41.413429,18.781442,22.865206,87.862243,84.215754,39.095878,41.767596,36.575200,42.867319,41.375541,3.395522,168112.71,2.90,1355313939598045,17299078767,469459293248602,8111202543,96e9bfb2c9ac7c197a63c9fc307128b2,
AI,aom,av2,0,B2,Debugging_1920x1080_30fps_8bit_420.y4m,1920x1080,30.00,8,1920x1080,185,1836.648000,31.051348,38.131435,35.829000,12.899793,15.414772,68.747272,65.115387,30.734567,36.472799,31.043719,38.096040,35.811681,5.610612,147824.54,3.71,1247052001792543,16776796939,522485148738130,13546895926,6831628ac5f8011348d6406bc39a575f,
AI,aom,av2,0,B2,Debugging_1920x1080_30fps_8bit_420.y4m,1920x1080,30.00,8,1920x1080,210,742.888000,25.542944,32.899405,32.609881,8.576311,9.946805,33.637397,31.403263,23.349007,31.223835,25.540447,32.880527,32.582709,6.082892,88917.21,2.43,763382721694557,13555533243,315751386215438,8930330160,f852721633bad02d80e91baa6335096d,
AI,aom,av2,0,B2,MissionControlClip1_1920x1080_60fps_10bit_420_0450_0579.y4m,1920x1080,60.00,10,1920x1080,85,59234.256000,48.516298,48.329831,49.034181,25.923736,32.529215,97.543495,96.887578,52.754983,48.550113,48.485324,48.318168,49.021550,0.376171,336855.07,4.14,2585247158828973,22077955954,940520154958405,11573281327,5d12dc2342c221b8412ada5190d565b7,
AI,aom,av2,0,B2,MissionControlClip1_1920x1080_60fps_10bit_420_0450_0579.y4m,1920x1080,60.00,10,1920x1080,110,36054.224000,43.466249,44.097031,45.612096,22.850479,28.702158,96.477041,95.471198,47.513792,44.657637,43.437538,44.079588,45.597643,0.355096,368129.41,4.12,2856491907853825,19339796085,1270749561748494,14639693798,4ca8e4fa3ec80e2f894fd5672f5439c9,
AI,aom,av2,0,B2,MissionControlClip1_1920x1080_60fps_10bit_420_0450_0579.y4m,1920x1080,60.00,10,1920x1080,135,21667.120000,38.284267,40.877509,42.945533,19.381768,24.572044,93.915794,92.284189,41.814627,40.938828,38.260477,40.855244,42.931318,0.358084,347613.48,3.69,2600960891151590,17868417064,970811280125892,10309853531,e71c74dd65c29a108eb8f3dec9193cad,
AI,aom,av2,0,B2,MissionControlClip1_1920x1080_60fps_10bit_420_0450_0579.y4m,1920x1080,60.00,10,1920x1080,160,13038.272000,32.978972,38.169861,40.177581,15.601970,20.225913,87.290237,84.353427,35.402236,37.006426,32.967103,38.155953,40.170876,0.351209,299860.05,4.04,2416512627915744,17677389446,1043000068615278,14615844349,b92e1276b4cdfdd31c649c2f7c641833,
AI,aom,av2,0,B2,MissionControlClip1_1920x1080_60fps_10bit_420_0450_0579.y4m,1920x1080,60.00,10,1920x1080,185,7270.384000,27.579643,35.175549,37.005097,11.545609,15.461670,69.631511,65.823922,28.539760,32.705783,27.576541,35.172255,37.001844,0.264992,256098.13,3.09,2099261902524267,16585849914,715196364745778,8683496961,232dfcda4eae123db3c23e71139ef1e6,
AI,aom,av2,0,B2,MissionControlClip1_1920x1080_60fps_10bit_420_0450_0579.y4m,1920x1080,60.00,10,1920x1080,210,2614.048000,22.395573,31.286524,33.614223,7.491047,10.325724,41.005655,37.487149,21.949189,27.959928,22.356255,31.278875,33.608976,0.213303,194812.23,3.59,1296134564715250,14815654618,529102120344218,10033067814,4e69cbe1ba4c6f740834da9eaccfba39,
AI,aom,av2,0,B2,MobileDeviceScreenSharing.y4m,1078x2220,15.00,8,1078x2220,85,3609.596000,54.926808,65.524958,65.534759,43.108734,50.547692,99.909469,99.893964,63.763613,70.030966,54.924145,65.501578,65.505661,0.003697,237896.06,2.95,1586832651334187,9419126403,646834388457025,8186286119,e09310217e1475c1b64a12efa353776c,
AI,aom,av2,0,B2,MobileDeviceScreenSharing.y4m,1078x2220,15.00,8,1078x2220,110,2689.600000,48.530004,61.560817,61.063674,36.619485,43.680855,99.899409,99.868250,57.904365,62.490965,48.528012,61.550109,61.039179,0.004006,181045.91,3.52,1516900766590765,19957311138,505771296835219,9854762570,82cc0d5ede608fb48c8957a97e45953c,
AI,aom,av2,0,B2,MobileDeviceScreenSharing.y4m,1078x2220,15.00,8,1078x2220,135,1877.184000,42.504573,57.652228,57.951172,30.636901,37.170563,99.850003,99.798352,51.501690,55.724618,42.503092,57.640344,57.931080,0.003093,201983.93,3.06,1666005665550550,20434719956,564084736614621,8560257391,e780ecf6783bdd520c6c2839d800bac0,
AI,aom,av2,0,B2,MobileDeviceScreenSharing.y4m,1078x2220,15.00,8,1078x2220,160,1269.216000,36.917741,51.793415,52.996531,24.867419,30.666283,99.746359,99.651172,43.464774,46.076862,36.914179,51.714949,52.785643,0.002288,253897.05,4.27,1658303825849673,21023787337,687892752105965,11947112035,63a6ed3fde4b13f677505ec20bfde735,
AI,aom,av2,0,B2,MobileDeviceScreenSharing.y4m,1078x2220,15.00,8,1078x2220,185,881.940000,32.143576,46.508198,49.446632,19.767119,23.714885,98.630939,96.062170,35.147422,40.354824,32.139194,46.419194,49.331818,0.001391,168602.37,3.25,1440768367672425,20860641839,470930604259254,9080855909,6e6ce8d0982ab4d9f75a80148e8895ea,
AI,aom,av2,0,B2,MobileDeviceScreenSharing.y4m,1078x2220,15.00,8,1078x2220,210,621.856000,27.253759,40.771302,44.050086,14.862618,17.960681,79.857767,75.909038,27.109318,35.273330,27.249165,40.738108,43.983959,0.000646,134422.73,3.18,1174388798515003,20454062038,375404371948135,8915280221,c2b2332579f06f0649ed9a23ae9fc677,
AI,aom,av2,0,B2,SceneComposition_2.y4m,1920x1080,15.00,8,1920x1080,85,5195.032000,52.761304,57.973780,57.684287,31.458285,38.582985,97.185629,96.290488,57.388425,61.790010,52.741841,57.950305,57.653669,0.133114,157217.33,2.46,1218718360222116,10185006204,439111638146700,6884617857,f0c374c3584c8df7ad54328aa3733340,
AI,aom,av2,0,B2,SceneComposition_2.y4m,1920x1080,15.00,8,1920x1080,110,3585.104000,47.306243,54.058541,54.048269,27.621272,33.630043,96.209636,94.717635,52.147700,56.333646,47.296012,54.047375,54.027112,0.127615,168432.06,2.84,1051149978946318,10502758369,450125791552816,7786545708,5c52ad6ab5a4f9eac5eb028805ab07e1,
AI,aom,av2,0,B2,SceneComposition_2.y4m,1920x1080,15.00,8,1920x1080,135,2362.988000,41.744469,49.385729,49.641136,23.468597,28.444241,94.014371,91.453665,46.029641,49.719562,41.740475,49.379775,49.632044,0.083156,204573.80,2.95,1265237628086648,13046563656,543105772004046,8128256316,33780c49dbf7579ff809ac88455ed814,
AI,aom,av2,0,B2,SceneComposition_2.y4m,1920x1080,15.00,8,1920x1080,160,1487.472000,36.248752,44.817344,45.398201,18.720353,23.174016,86.947731,83.677843,39.091006,43.445532,36.247285,44.814125,45.391730,0.090244,149093.61,2.30,1185042809008677,12513944220,416343949723481,6435964856,77237b810495a459d7c92dd977fb0259,
AI,aom,av2,0,B2,SceneComposition_2.y4m,1920x1080,15.00,8,1920x1080,185,892.256000,30.978182,40.056183,40.582461,14.296640,17.363622,69.977525,65.623087,31.665122,37.631235,30.977534,40.054940,40.577109,0.073116,130403.45,2.28,1076267031463263,13842969280,364202811571125,6405126632,c8fac3bc93b89896e562213fbf495584,
AI,aom,av2,0,B2,SceneComposition_2.y4m,1920x1080,15.00,8,1920x1080,210,387.752000,25.203684,35.694485,35.291093,9.916885,11.761215,34.266640,30.861461,24.067542,33.033448,25.203490,35.693204,35.289559,0.068320,113637.22,3.00,769379307625557,12915092746,311484670949756,8455730331,3ddea1ef7ac57e9739617e5387f0d091,
AI,aom,av2,0,B2,Slides1_1920x1080_30fps_8bit_420.y4m,1920x1080,30.00,8,1920x1080,85,13804.544000,54.087278,55.039754,55.204200,38.512720,45.046562,98.573619,97.954958,60.619466,62.728521,54.085759,55.005025,55.194266,0.004170,202031.65,3.81,1669594651181196,11973645170,708079717638282,13388602967,44909aeaae65b7ed7c3d0a313b419b86,
AI,aom,av2,0,B2,Slides1_1920x1080_30fps_8bit_420.y4m,1920x1080,30.00,8,1920x1080,110,10221.848000,47.157501,51.350477,52.078633,31.771274,38.099410,98.009664,96.870202,54.998228,56.950637,47.156933,51.323199,52.067900,0.005186,193849.52,3.02,1581093332708301,15036124503,541354669529642,8435870159,661b446835f7ef1a0d6e2bceea05d646,
AI,aom,av2,0,B2,Slides1_1920x1080_30fps_8bit_420.y4m,1920x1080,30.00,8,1920x1080,135,6815.664000,40.926583,46.465620,47.582988,25.676214,31.257874,96.096135,94.132744,47.765054,50.166418,40.924667,46.439598,47.575341,0.002993,309520.39,4.80,1964659155931896,19862743860,824780598347253,12981440492,f7fa7f38616c54806eebd311f9f146c7,
AI,aom,av2,0,B2,Slides1_1920x1080_30fps_8bit_420.y4m,1920x1080,30.00,8,1920x1080,160,4336.928000,35.175497,41.042438,42.341554,19.805740,24.071636,89.895909,86.459082,38.936917,43.269737,35.171826,41.020283,42.334980,0.002194,241691.10,3.29,1942916629508912,19741503119,675046966066770,9173837197,040e37ef36ef07bf48294f699519647c,
AI,aom,av2,0,B2,Slides1_1920x1080_30fps_8bit_420.y4m,1920x1080,30.00,8,1920x1080,185,2779.040000,30.032698,35.607984,36.851824,14.632831,17.750440,74.245421,70.390224,30.813813,37.638537,30.028213,35.585423,36.835082,0.001037,207685.81,3.00,1724017593947084,18962063598,580002246835257,8384051355,bb0b75927f7d7204e66dccf0ee4d71c9,
AI,aom,av2,0,B2,Slides1_1920x1080_30fps_8bit_420.y4m,1920x1080,30.00,8,1920x1080,210,1523.896000,24.641724,30.005989,31.313367,9.243067,10.407927,45.015853,42.190818,22.709172,31.578955,24.636868,29.944669,31.294058,0.000425,152244.68,2.49,1287742085086299,14313529004,425181721897978,6928858164,7e5f62dce5bae0fd98b6cc73874c1bfc,
AI,aom,av2,0,B2,Slides2r_1920x1080_30fps_8bit_420.y4m,1920x1080,30.00,8,1920x1080,85,3574.760000,61.790292,64.854994,64.663408,39.718789,45.359653,97.375469,96.897261,64.111462,78.977948,59.042734,61.837148,61.282978,0.000101,67364.96,1.81,454711033903731,7722689877,183928812487519,5049654904,f105cd283c63db6d8b62b740fb9d2adc,
AI,aom,av2,0,B2,Slides2r_1920x1080_30fps_8bit_420.y4m,1920x1080,30.00,8,1920x1080,110,2398.600000,56.708771,60.622120,60.631224,35.263959,40.299376,97.023360,96.248971,59.520109,73.978067,53.751336,57.070400,56.695162,0.005113,59181.58,1.98,395155531115221,8619741210,160991853742592,5605067433,0e315967f8efd801e2de52d7492c27c8,
AI,aom,av2,0,B2,Slides2r_1920x1080_30fps_8bit_420.y4m,1920x1080,30.00,8,1920x1080,135,1538.320000,51.579247,57.164364,57.310891,31.054963,35.270612,95.912372,94.726260,54.111096,69.424631,48.582130,52.685509,52.366804,0.047716,52214.96,1.69,437494757253360,10035305980,145830413019797,4770304397,b6be42ef3135783ba46492feb553d6f4,
AI,aom,av2,0,B2,Slides2r_1920x1080_30fps_8bit_420.y4m,1920x1080,30.00,8,1920x1080,160,960.712000,46.456317,55.214441,55.076851,27.189546,30.427185,93.689407,91.469119,48.087844,65.001427,43.345162,49.793705,48.544209,0.037064,47261.81,1.78,404038502871747,11723442986,131998956125890,4980905892,e4f506f68ea26eb7a448a7d978499059,
AI,aom,av2,0,B2,Slides2r_1920x1080_30fps_8bit_420.y4m,1920x1080,30.00,8,1920x1080,185,589.216000,41.430580,53.019275,52.288930,23.520130,25.778379,87.475738,84.265687,41.606715,59.445975,38.222517,46.474895,43.580412,0.007893,53243.96,2.10,355521070325949,11325131400,145945527658036,5945848631,52fbeee81221c2a6acfd24217b5b277d,
AI,aom,av2,0,B2,Slides2r_1920x1080_30fps_8bit_420.y4m,1920x1080,30.00,8,1920x1080,210,310.208000,36.297548,50.982872,50.395526,19.674875,20.942325,73.197868,69.105624,35.144470,53.539512,32.746778,42.879281,40.025330,0.045161,37069.94,2.02,251842829299673,11565292293,102335226247160,5780504222,20a193517aa085d89e859698782d9f6d,
AI,aom,av2,0,B2,Spreadsheet_1920x1080_30fps_8bit_420_130f.y4m,1920x1080,30.00,8,1920x1080,85,15697.800000,50.796592,56.781009,56.671573,34.552361,41.376940,98.072362,97.475453,57.780161,58.836282,50.793319,56.774782,56.662872,0.062381,282439.01,3.84,1753833801120988,13038045996,752578304322127,10334594563,8782b079201c749ba7f1844b3aecdd9c,
AI,aom,av2,0,B2,Spreadsheet_1920x1080_30fps_8bit_420_130f.y4m,1920x1080,30.00,8,1920x1080,110,10115.296000,45.154731,52.756742,52.447280,28.745251,35.164079,97.526062,96.457511,52.247856,52.927692,45.151790,52.749707,52.439947,0.066557,251745.74,4.39,1584792297059179,14729178678,670484189612879,12007224829,cff813f754ab9f040edd13809d2ebc53,
AI,aom,av2,0,B2,Spreadsheet_1920x1080_30fps_8bit_420_130f.y4m,1920x1080,30.00,8,1920x1080,135,6348.432000,39.855955,48.204682,48.166088,23.522110,29.247020,96.085743,94.314607,45.733250,46.678544,39.853514,48.199148,48.162085,0.060668,307743.28,4.61,1886559815409372,17610112193,815731286423589,12759894473,1d2bfe54a0fe057d89294b404cb4a896,
AI,aom,av2,0,B2,Spreadsheet_1920x1080_30fps_8bit_420_130f.y4m,1920x1080,30.00,8,1920x1080,160,3955.352000,34.755624,43.851071,44.130566,18.201430,23.160293,91.680593,89.299324,38.082808,40.825879,34.753095,43.845036,44.120826,0.045370,226454.26,2.85,1754414788964509,17227685786,632469809891744,7964014072,9fe559cb5eb77bf954b4c07559755742,
AI,aom,av2,0,B2,Spreadsheet_1920x1080_30fps_8bit_420_130f.y4m,1920x1080,30.00,8,1920x1080,185,2537.152000,29.924499,39.311791,39.216697,12.373051,16.640617,78.884704,74.711530,30.572482,35.492535,29.921354,39.294734,39.209931,0.038978,189102.33,3.35,1536745861342274,16454603080,659839334945346,12190972310,813fc12c0f8ce1cc251164f8a5d17eb9,
AI,aom,av2,0,B2,Spreadsheet_1920x1080_30fps_8bit_420_130f.y4m,1920x1080,30.00,8,1920x1080,210,1517.352000,24.573213,35.122732,34.672854,8.472046,11.105542,49.262958,46.201141,23.177698,30.540701,24.571375,35.110474,34.667187,0.019919,148855.81,2.57,1223488268222839,15185275456,415766552646313,7207443739,54ddbc08d75f3a4bab4d86718399efd0,
AI,aom,av2,0,B2,Wikipedia_1920x1080p30.y4m,1920x1080,30.00,8,1920x1080,85,10713.168000,49.463992,54.066266,54.507807,21.979283,29.231684,97.533163,96.801168,49.270216,54.332523,49.463954,54.066033,54.507386,0.900660,244414.98,3.18,1503585469451427,9985411834,650427311022140,8617959949,85e579e5753087d69134b67a8f2d3fe8,
AI,aom,av2,0,B2,Wikipedia_1920x1080p30.y4m,1920x1080,30.00,8,1920x1080,110,7955.288000,46.067874,51.370998,51.935599,21.379130,28.051201,96.816584,95.621558,47.847420,51.260516,46.067698,51.370340,51.935466,0.838004,151340.22,3.66,1225133297710620,17766714478,525769512423476,13288102462,9c8304d9b4fdc44cb6d99673e3cb5ea6,
AI,aom,av2,0,B2,Wikipedia_1920x1080p30.y4m,1920x1080,30.00,8,1920x1080,135,5829.168000,41.416378,48.046403,48.401013,20.147030,25.798994,94.850783,92.953588,44.638112,46.939177,41.416084,48.045173,48.399781,0.828460,183748.36,3.07,1434793954295427,14067053016,637343900050834,11080220259,ee6cf4b049d611448c78103584073c2a,
AI,aom,av2,0,B2,Wikipedia_1920x1080p30.y4m,1920x1080,30.00,8,1920x1080,160,4149.264000,35.979162,43.883228,44.894824,17.979474,22.179867,88.976113,85.614019,39.356680,41.793004,35.977563,43.882589,44.888312,0.914014,218485.17,3.68,1425401711629854,14765587215,586823799529517,10170083938,595d15b564f495fef3db31799427da25,
AI,aom,av2,0,B2,Wikipedia_1920x1080p30.y4m,1920x1080,30.00,8,1920x1080,185,2840.280000,30.507740,39.121384,40.577187,14.804489,17.980580,73.348261,69.274139,32.463987,37.255579,30.506716,39.120172,40.575958,0.724498,179591.21,2.43,1492139353530331,14975233345,501634997321702,6792420879,1c3bd90f2ec9e959c9547184e702340f,
AI,aom,av2,0,B2,Wikipedia_1920x1080p30.y4m,1920x1080,30.00,8,1920x1080,210,1303.216000,24.319097,34.981079,36.961595,9.766255,12.329515,40.216541,37.109353,24.390630,32.467062,24.318762,34.979398,36.960442,0.470930,171818.32,2.91,1163442008116918,14100371799,468936351662654,8059371860,89d2a3e84ac50977089d1c4f6fd2312d,
AI,aom,av2,0,G1,MeridianRoad_3840x2160_5994_hdr10.y4m,3840x2160,60.00,10,3840x2160,85,110379.140859,43.712483,45.989959,54.813562,14.195860,21.122759,93.578716,92.058260,45.787494,40.916379,43.712476,45.989953,54.813316,0.033433,906580.60,17.38,5062610997108721,67123732893,2331306281732009,47522857766,66296386829cab3e0fcd29df27481ab9,
AI,aom,av2,0,G1,MeridianRoad_3840x2160_5994_hdr10.y4m,3840x2160,60.00,10,3840x2160,110,41463.800200,42.071068,45.521767,54.021790,13.004322,18.229658,87.646891,85.679537,41.327380,40.045915,42.071027,45.521728,54.021349,0.093735,402525.29,8.45,2590280914330196,40448988906,1124157024384883,23624661733,b064c640d3d27c3e2eef44be9eb4989d,
AI,aom,av2,0,G1,MeridianRoad_3840x2160_5994_hdr10.y4m,3840x2160,60.00,10,3840x2160,135,16904.199800,40.174507,44.971704,52.734306,11.957230,15.461104,74.153116,72.258776,37.659556,39.005623,40.174365,44.971596,52.732829,0.701458,195652.03,7.35,1264047378847711,33904327213,546420651955909,20560877329,cc17c74f615b1cdffb51766df348cc00,
AI,aom,av2,0,G1,MeridianRoad_3840x2160_5994_hdr10.y4m,3840x2160,60.00,10,3840x2160,160,6260.715285,37.975899,44.137383,50.943354,10.986739,12.789969,51.550598,50.330820,34.517234,37.670552,37.975642,44.137056,50.940422,1.566317,77122.54,8.33,495211042744716,51546814912,215413048371059,23310259403,ed00a8ac5ab1bff642b085c03c93bacd,
AI,aom,av2,0,G1,MeridianRoad_3840x2160_5994_hdr10.y4m,3840x2160,60.00,10,3840x2160,185,2155.460539,35.785827,42.967620,49.548874,10.293827,10.555071,30.843013,30.272590,32.000249,36.158229,35.785588,42.966550,49.536856,1.592238,26382.79,8.65,174232444870157,65014152647,73675319479322,24210132496,6f4191639cdc20a22754d1c9d41426ed,
AI,aom,av2,0,G1,MeridianRoad_3840x2160_5994_hdr10.y4m,3840x2160,60.00,10,3840x2160,210,725.210789,33.706772,41.445829,46.816348,9.873283,8.926091,16.061580,15.711282,29.899410,34.496076,33.706394,41.440676,46.613974,1.916334,16546.34,8.15,76716252482876,51334174279,45228575010395,23516380428,cc59770b95d0bd0b6902109cdefd24a2,
AI,aom,av2,0,G1,NocturneDance_3840x2160_60fps_hdr10.y4m,3840x2160,60.00,10,3840x2160,85,104865.088000,50.271779,49.478353,56.488913,22.271836,25.351852,97.734862,95.744218,47.954089,48.316073,50.270841,49.477815,56.487742,0.597084,541212.15,19.86,2806833451306626,85724818171,1386438563532535,54894151336,fbda3ccc943ce60c44afa3af4494ed64,
AI,aom,av2,0,G1,NocturneDance_3840x2160_60fps_hdr10.y4m,3840x2160,60.00,10,3840x2160,110,51222.672000,46.284906,47.395781,54.985654,18.915946,21.157612,91.841595,89.570686,42.942100,45.720601,46.284069,47.394799,54.984646,0.955047,452592.19,11.73,2882243964694544,63268655229,1264063672188518,32781342804,ed938db507bd0e7302213a08e84de752,
AI,aom,av2,0,G1,NocturneDance_3840x2160_60fps_hdr10.y4m,3840x2160,60.00,10,3840x2160,135,23531.568000,42.169902,45.714713,53.525607,15.659189,16.878559,78.373790,76.008591,38.117300,43.115274,42.169149,45.713648,53.524451,0.824380,268398.68,10.32,1732966410898030,54890395261,749606920030289,28877149387,89bca0ef8e8d4268ce2e2cf295e2270a,
AI,aom,av2,0,G1,NocturneDance_3840x2160_60fps_hdr10.y4m,3840x2160,60.00,10,3840x2160,160,9258.624000,38.300327,43.671309,51.051592,13.003565,12.905335,52.727516,51.205527,33.894371,40.201290,38.299622,43.670069,51.045088,1.231175,169512.30,13.29,861784206033866,62071399937,436070874397346,36804448670,1c2ecce52f19c7a667f5ff02b8ff84cb,
AI,aom,av2,0,G1,NocturneDance_3840x2160_60fps_hdr10.y4m,3840x2160,60.00,10,3840x2160,185,2561.568000,34.849683,41.558961,48.892126,11.175352,9.571309,25.395310,24.852435,30.387914,37.530868,34.848555,41.557674,48.858395,1.396604,40775.19,8.27,289007708371262,53073499377,113893693771422,23074016614,c9ab59818f71d8608a8bc84070d28687,
AI,aom,av2,0,G1,NocturneDance_3840x2160_60fps_hdr10.y4m,3840x2160,60.00,10,3840x2160,210,561.760000,32.801825,40.370831,47.545563,10.515805,7.984779,6.364064,6.157085,28.465091,35.755907,32.801114,40.369129,47.523472,1.797007,15754.38,6.06,106544885805576,47387004654,43993942834791,16912027762,1a5fe4b82c018fbc6fce15b0be26d6b1,
AI,aom,av2,0,G1,NocturneRoom_3840x2160_60fps_hdr10.y4m,3840x2160,60.00,10,3840x2160,85,107029.008000,49.560957,48.137216,52.817630,20.548736,26.029977,93.225082,92.324270,49.596424,49.108479,49.560730,48.136871,52.816211,3.368409,478123.86,16.77,2564780520092819,72474562584,1230592289148693,45295180117,26fc0829802fba0a79e75439b3bc916e,
AI,aom,av2,0,G1,NocturneRoom_3840x2160_60fps_hdr10.y4m,3840x2160,60.00,10,3840x2160,110,25661.184000,44.823124,45.416021,51.892605,16.075105,20.385419,84.860167,83.983289,43.266148,45.941878,44.821969,45.415051,51.890634,1.999098,368461.62,10.23,2371042902589587,61484516485,1029035682892483,28562426389,6ff328af8bfd73bcee7edf5cc92f43f1,
AI,aom,av2,0,G1,NocturneRoom_3840x2160_60fps_hdr10.y4m,3840x2160,60.00,10,3840x2160,135,4731.760000,42.199254,44.338290,51.127041,13.872309,17.087814,68.988352,68.279448,39.386349,44.625140,42.197468,44.337336,51.125098,2.516579,110537.60,4.49,692451916620472,24187369786,308679855644149,12516141609,868dcc7e58750d25e7373769f647eb83,
AI,aom,av2,0,G1,NocturneRoom_3840x2160_60fps_hdr10.y4m,3840x2160,60.00,10,3840x2160,160,912.656000,41.058817,43.597089,50.317904,13.263036,15.558221,53.373117,52.877595,37.736357,43.572227,41.057057,43.596571,50.314737,3.714638,34568.56,8.06,226084177694324,60687652055,96535068339883,22497434437,29aff0a721b9b9d3cf3aba4ac358d443,
AI,aom,av2,0,G1,NocturneRoom_3840x2160_60fps_hdr10.y4m,3840x2160,60.00,10,3840x2160,185,453.440000,40.419875,42.737228,49.023119,13.153613,15.021963,45.895139,45.343363,36.950813,42.345303,40.418273,42.736418,49.015613,5.077730,19982.27,7.36,112947877638351,48580502904,59144053527023,22923077429,2d79ffe760dd7c2a4717e8d90ea1d1e1,
AI,aom,av2,0,G1,NocturneRoom_3840x2160_60fps_hdr10.y4m,3840x2160,60.00,10,3840x2160,210,246.032000,39.212762,41.283810,47.062853,12.964044,14.235787,36.562606,35.931642,35.577942,40.379166,39.210663,41.274638,47.029463,4.897392,8911.43,5.93,53639939755761,47039479673,24888393771811,16525878281,828519a5f21ed1720aa496c3662a2566,
AI,aom,av2,0,G1,SparksWelding_4096x2160_5994_hdr10.y4m,4096x2160,60.00,10,4096x2160,85,260383.408591,44.617903,48.018598,47.344195,16.953155,23.896239,99.815379,99.765314,47.929232,43.876741,44.606951,47.988043,47.337112,0.004138,821206.67,20.78,5595509618742904,108334502108,2293492058602753,58011864311,8408ab9bda0dd6f4ff9c25b446ce3cef,
AI,aom,av2,0,G1,SparksWelding_4096x2160_5994_hdr10.y4m,4096x2160,60.00,10,4096x2160,110,99828.075924,41.383287,45.312694,44.663629,14.254854,19.426985,99.591786,99.318919,41.747071,41.129232,41.367708,45.296167,44.656543,0.010625,866423.46,21.23,4788436267341620,93685031558,2250936438616877,58208509300,3370ce1852f9a2690d75493c59bd4795,
AI,aom,av2,0,G1,SparksWelding_4096x2160_5994_hdr10.y4m,4096x2160,60.00,10,4096x2160,135,44390.489510,38.575251,44.007107,43.510504,12.449166,16.161328,93.514778,91.321462,37.204243,39.139628,38.557747,43.998689,43.502596,0.255168,521697.23,13.81,3565455459124184,82146410667,1456968142554737,38558785724,c82870b21689822dd0e0a6de16061068,
AI,aom,av2,0,G1,SparksWelding_4096x2160_5994_hdr10.y4m,4096x2160,60.00,10,4096x2160,160,20537.622378,35.636442,42.641132,42.482829,10.790760,13.748849,76.548479,74.112042,33.274717,37.081193,35.602286,42.637960,42.473068,1.203606,357242.15,16.08,1960363660915795,78471159783,928603633845110,44940561124,79ba477c2a16d07e6e14f167b83761f2,
AI,aom,av2,0,G1,SparksWelding_4096x2160_5994_hdr10.y4m,4096x2160,60.00,10,4096x2160,185,8929.118881,32.402921,40.711110,40.860444,8.992189,11.092420,53.251635,50.967939,29.177891,34.654083,32.343360,40.704498,40.846224,1.175967,127886.53,11.55,871890908985455,71511391963,357154854978921,32269218173,da67d7552fdda4549d9ab85ca1838c3c,
AI,aom,av2,0,G1,SparksWelding_4096x2160_5994_hdr10.y4m,4096x2160,60.00,10,4096x2160,210,3278.401598,29.065363,38.372008,39.055177,7.327259,8.164984,26.229010,24.912313,25.225948,31.980315,28.985856,38.354526,39.032206,1.039987,68772.50,11.66,334777152743560,61007852864,183350391067303,33196005929,fdee719aceeebb9d30ad7d47b34af768,
AI,aom,av2,0,G2,CosmosCaterpillar_2048x858p24_hdr10.y4m,2048x858,24.00,10,2048x858,85,10521.632000,46.138638,50.616146,51.306979,17.509351,25.561389,96.474089,95.088746,48.584277,46.732914,46.138406,50.616010,51.306855,0.080815,245661.57,4.75,1349446117703426,21448676052,635152606970247,13056201608,952b65e65efadaf920be105aa90c775f,
AI,aom,av2,0,G2,CosmosCaterpillar_2048x858p24_hdr10.y4m,2048x858,24.00,10,2048x858,110,5555.321600,44.216377,47.049995,47.624905,16.487194,22.783133,92.411997,90.601047,43.640014,44.180171,44.216258,47.049787,47.624672,0.114897,149191.21,2.92,989292668153257,16983003399,416717028404958,8142905202,6fe48ba52f556a4de24a34f727d37aee,
AI,aom,av2,0,G2,CosmosCaterpillar_2048x858p24_hdr10.y4m,2048x858,24.00,10,2048x858,135,2894.720000,41.497403,43.480119,43.925692,15.080134,19.455009,82.774100,80.684906,38.826327,41.173451,41.497339,43.479888,43.925393,0.177397,105276.80,4.06,568679806183917,17979635334,272652540604292,11281858314,c5b6ce6e96cc81887a6d30adc0ac1af7,
AI,aom,av2,0,G2,CosmosCaterpillar_2048x858p24_hdr10.y4m,2048x858,24.00,10,2048x858,160,1421.849600,38.139182,40.183807,40.166239,13.256730,15.787587,63.891338,61.898052,34.299237,37.914113,38.138973,40.183420,40.165850,0.239436,49080.05,3.90,264775764920997,14820033881,126563943984572,10929854033,26f2e65107b0caa2e72e3a9c925a3574,
AI,aom,av2,0,G2,CosmosCaterpillar_2048x858p24_hdr10.y4m,2048x858,24.00,10,2048x858,185,651.840000,34.676442,37.433654,36.861060,11.490349,12.361848,38.379252,36.901298,30.324207,34.825463,34.676150,37.432327,36.859972,0.315090,19442.22,2.64,104199648430925,14506373426,49999110743459,7597873848,5852438f5a3035216dfbdf3331ab5994,
AI,aom,av2,0,G2,CosmosCaterpillar_2048x858p24_hdr10.y4m,2048x858,24.00,10,2048x858,210,296.345600,31.336266,34.944847,34.045151,10.130228,9.505031,14.316567,13.680134,26.875881,31.866976,31.336018,34.942713,34.043379,0.159915,6488.89,1.87,43956263354442,14280332761,18121447781274,5220850646,d93f675b1def02c2b64c6586aeff585a,
AI,aom,av2,0,G2,CosmosTreeTrunk_2048x858p24_hdr10.y4m,2048x858,24.00,10,2048x858,85,39264.473600,43.794576,46.939813,49.883431,16.874058,25.393348,99.827603,99.769023,49.480682,44.151590,43.793366,46.934243,49.878567,0.203356,386524.18,7.56,2230042234290786,28256880381,1011072194633276,19977088670,da4a633b26e0e21de625faabb77ffb36,
AI,aom,av2,0,G2,CosmosTreeTrunk_2048x858p24_hdr10.y4m,2048x858,24.00,10,2048x858,110,19389.657600,39.583787,43.936140,47.531088,13.903207,21.352015,97.479429,95.448858,43.199836,41.055432,39.581780,43.931350,47.526664,0.202759,539874.25,5.05,3174391599008145,21408467444,1418252220325189,13645410734,d96106b24d55b98002d80f5386bf6dbc,
AI,aom,av2,0,G2,CosmosTreeTrunk_2048x858p24_hdr10.y4m,2048x858,24.00,10,2048x858,135,7719.712000,35.333862,41.750197,45.280280,10.340434,16.546571,84.575074,82.140592,36.526039,37.966660,35.320999,41.744878,45.275607,0.244740,351663.57,3.33,2504715733569999,19138702171,982190258385877,9292058623,5b10344db92fd566e5ed5055ee9910d4,
AI,aom,av2,0,G2,CosmosTreeTrunk_2048x858p24_hdr10.y4m,2048x858,24.00,10,2048x858,160,2994.515200,32.121328,40.014788,43.235037,7.776205,12.125127,60.119351,58.057467,30.677500,35.026203,32.100578,40.010180,43.231979,0.249861,160927.18,3.32,925624587636638,16418945477,420981320012405,9186368337,39fdbd211ba41104ca81efa4e0b25999,
AI,aom,av2,0,G2,CosmosTreeTrunk_2048x858p24_hdr10.y4m,2048x858,24.00,10,2048x858,185,952.064000,29.124879,37.956858,41.023420,5.668181,8.067777,29.601728,28.661896,26.019118,32.056216,29.111043,37.952911,41.020397,0.267904,45519.25,2.53,245372202773927,12089251142,117261971353636,7080770737,f71a487400b5acb26aff0e3342314364,
AI,aom,av2,0,G2,CosmosTreeTrunk_2048x858p24_hdr10.y4m,2048x858,24.00,10,2048x858,210,242.406400,26.764273,35.915677,39.158589,4.542903,5.210196,12.129534,12.017610,23.015582,29.493293,26.753872,35.913748,39.146500,0.567544,10836.90,1.87,73209795263269,13417919823,37577344266984,6994809680,74d3f8047942f975817522d1902eb7cb,
AI,aom,av2,0,G2,MeridianShore_1920x1080_5994_hdr10.y4m,1920x1080,60.00,10,1920x1080,85,54888.535465,44.777675,51.040655,55.796693,16.383313,23.215010,95.263761,93.654846,47.502379,44.341649,44.777649,51.040600,55.796497,0.171093,326690.84,6.55,1828021263575253,27140595344,849675884980778,17930777249,45d8c8b943b9e86d5e4a63baa5c12116,
AI,aom,av2,0,G2,MeridianShore_1920x1080_5994_hdr10.y4m,1920x1080,60.00,10,1920x1080,110,23916.611389,41.385142,50.112551,54.685199,13.865601,19.487374,90.115716,88.123509,42.324391,42.418522,41.385125,50.112446,54.684922,0.287791,307547.43,4.69,1730662546253359,22440069154,800966621837663,12897823308,e272fd3df19ccf13fc3dfd16d77496b7,
AI,aom,av2,0,G2,MeridianShore_1920x1080_5994_hdr10.y4m,1920x1080,60.00,10,1920x1080,135,9280.255744,38.155303,48.835377,52.833676,11.568279,16.153499,77.887611,75.802187,37.574423,40.305461,38.155274,48.835075,52.831744,0.522218,176473.60,3.05,1310188040033351,15943899664,602257177109469,10984723657,f2ab0c8c144cab30c8e5e3d44e2d8fef,
AI,aom,av2,0,G2,MeridianShore_1920x1080_5994_hdr10.y4m,1920x1080,60.00,10,1920x1080,160,3220.795205,35.305073,47.136455,50.768239,9.609703,13.134843,56.910173,54.999217,33.324526,38.065460,35.305026,47.135087,50.759653,1.039338,84743.62,3.54,488098051767916,16362365368,221902560508117,9990951685,909ab90d7679b056dd06809e5948bb65,
AI,aom,av2,0,G2,MeridianShore_1920x1080_5994_hdr10.y4m,1920x1080,60.00,10,1920x1080,185,1092.347652,32.920777,45.740693,48.687691,8.297405,10.557104,30.679289,29.349817,29.893694,35.958083,32.920694,45.732156,48.618864,1.134263,17012.05,2.24,112177320334040,14224794851,57110990321228,8254144903,393ef9851efc3e0908312cf97a586e95,
AI,aom,av2,0,G2,MeridianShore_1920x1080_5994_hdr10.y4m,1920x1080,60.00,10,1920x1080,210,413.138861,30.910501,45.050209,49.297120,7.631015,8.634356,7.659676,7.220216,27.388352,34.369854,30.910317,45.047224,49.294807,1.040145,7402.96,2.60,39282842709286,16429686120,19763576213039,7521729655,09439b0bf2a13c5250db4676dabab117,
AI,aom,av2,0,G2,MeridianTalk_1920x1080_5994_hdr10.y4m,1920x1080,60.00,10,1920x1080,85,15306.437562,46.504435,52.692437,58.881390,17.147616,23.808599,95.784809,94.442484,47.726856,45.903090,46.504373,52.692409,58.880954,1.056094,122981.54,3.42,871356129172390,17741564776,413258055034663,12277584238,e0326aebfa0228e4072d7c6b4aeb2846,
AI,aom,av2,0,G2,MeridianTalk_1920x1080_5994_hdr10.y4m,1920x1080,60.00,10,1920x1080,110,6862.961039,44.760987,51.789146,57.103372,16.025343,21.508854,92.411724,90.585938,44.323995,44.769209,44.760775,51.789012,57.102531,1.117953,94428.61,2.64,630864352946440,12698960105,263761332477570,7355128262,1a82f4ad84c477236f756d605dc9db6f,
AI,aom,av2,0,G2,MeridianTalk_1920x1080_5994_hdr10.y4m,1920x1080,60.00,10,1920x1080,135,3135.280719,42.562531,50.250448,54.881190,14.787398,18.814707,84.461815,82.183817,40.597048,43.162913,42.562240,50.249783,54.878996,1.149307,48341.72,2.63,319580848870760,16097576359,135018802065990,7322914577,d2f2dfae92102c155723c486021bbb3a,
AI,aom,av2,0,G2,MeridianTalk_1920x1080_5994_hdr10.y4m,1920x1080,60.00,10,1920x1080,160,1458.461538,40.045525,48.443335,52.430293,13.678102,16.103332,70.323182,67.610349,37.090367,41.176339,40.045311,48.441031,52.413169,1.255737,19583.02,2.44,133331234174463,16501567728,54695206514244,6787626728,a51a944a774d2b3c22ed6fb77636b0e5,
AI,aom,av2,0,G2,MeridianTalk_1920x1080_5994_hdr10.y4m,1920x1080,60.00,10,1920x1080,185,702.577423,37.297753,47.080727,50.544424,12.729713,13.612331,50.578849,48.061742,33.801535,39.181718,37.297302,47.071011,50.473639,0.542999,10583.53,2.70,54370824558352,15973532632,27364762063565,7726461429,3de813a623575f8ff0c6b1e7be93af1c,
AI,aom,av2,0,G2,MeridianTalk_1920x1080_5994_hdr10.y4m,1920x1080,60.00,10,1920x1080,210,350.593407,34.182680,43.052771,48.197519,11.773135,11.201762,26.560816,24.553434,30.395056,35.783236,34.182368,43.012253,47.927783,0.446727,5445.60,2.68,28032832223508,16790178517,14680434499962,7796605507,87c3d04f1431d7227c843e2cf605104a,
AI,aom,av2,0,G2,SolLevanteDragons_1920x1080p24_hdr10.y4m,1920x1080,24.00,10,1920x1080,85,5409.971200,48.078151,51.032735,54.763026,18.878240,24.565475,99.752006,99.712329,47.860972,49.475027,47.876055,51.020477,54.623505,0.187656,175273.53,4.09,929985880732977,18684756589,451426056520150,11331868511,d8205bc620376a7abddd505dae0258b1,
AI,aom,av2,0,G2,SolLevanteDragons_1920x1080p24_hdr10.y4m,1920x1080,24.00,10,1920x1080,110,2474.060800,46.299071,49.352455,52.351597,17.921004,21.937530,97.641797,96.376299,44.242281,47.774967,46.131208,49.341585,52.244231,0.203519,118230.70,3.61,601334222189729,17088369940,304214548292275,9865175090,2166d48014e9df247b9c4bfbd3b52281,
AI,aom,av2,0,G2,SolLevanteDragons_1920x1080p24_hdr10.y4m,1920x1080,24.00,10,1920x1080,135,1184.198400,44.048538,47.163778,49.631371,16.966349,19.185571,84.753989,83.192670,40.805997,45.667102,43.922219,47.153083,49.537393,0.202553,46042.00,2.34,300859534936647,13861403385,154759643129410,8570684609,8d0689f9079b5a07a974b147cf27423a,
AI,aom,av2,0,G2,SolLevanteDragons_1920x1080p24_hdr10.y4m,1920x1080,24.00,10,1920x1080,160,549.683200,41.307643,44.572899,46.717313,15.996944,16.408938,61.386484,60.021785,37.448971,43.130523,41.200665,44.561159,46.643982,0.240056,15083.72,2.38,103055764129197,16363655128,42138075717980,6665807680,0749611c31247944944ad3cc3fa2b563,
AI,aom,av2,0,G2,SolLevanteDragons_1920x1080p24_hdr10.y4m,1920x1080,24.00,10,1920x1080,185,259.251200,38.465600,41.872108,43.726269,15.187865,13.949873,35.361487,34.409118,34.389552,40.324691,38.358293,41.856400,43.661362,0.192482,6161.20,2.18,42821284040467,16568644825,17211578615764,6124269908,27b80de4ccfd6afa07c9aec0899d55bd,
AI,aom,av2,0,G2,SolLevanteDragons_1920x1080p24_hdr10.y4m,1920x1080,24.00,10,1920x1080,210,122.585600,35.474596,39.094732,40.792081,14.488693,11.740323,16.422065,15.997180,31.418063,37.315548,35.366262,39.077684,40.748332,0.190374,3184.84,1.64,22088338652344,13467253285,8901479087745,4608691864,c3b456b276c4bac727449639b755f24e,
AI,aom,av2,0,G2,SolLevanteFace_1920x1080p24_hdr10.y4m,1920x1080,24.00,10,1920x1080,85,10170.841600,49.495852,55.556288,56.740064,21.534752,26.727911,95.401006,93.307136,50.865045,50.657321,49.495810,55.555908,56.739091,0.004857,332158.24,4.98,1765718706477893,20922619349,860393633446947,13638248583,61c6e17ad837fbb70a2f0f796b1dcfd7,
AI,aom,av2,0,G2,SolLevanteFace_1920x1080p24_hdr10.y4m,1920x1080,24.00,10,1920x1080,110,5065.446400,45.239021,54.200609,55.024856,17.524488,22.024842,89.349457,86.790211,45.173707,47.795261,45.238939,54.199876,55.023881,0.004459,334269.95,4.71,1755096292392738,19158017592,864664423382832,13047181440,d27399c178a984af3c62684d206b2b21,
AI,aom,av2,0,G2,SolLevanteFace_1920x1080p24_hdr10.y4m,1920x1080,24.00,10,1920x1080,135,2092.217600,40.848827,52.120131,52.494943,13.375552,17.148304,75.586235,72.893353,39.515939,44.326473,40.848560,52.115873,52.491842,0.005430,135740.07,2.48,923853621465400,14358636611,379100154692799,6914177419,5a932988d5245316bbcdfa59e5eac0ce,
AI,aom,av2,0,G2,SolLevanteFace_1920x1080p24_hdr10.y4m,1920x1080,24.00,10,1920x1080,160,613.920000,37.188933,49.998944,49.222066,10.200696,12.854153,49.265195,47.273213,34.645862,41.066280,37.188507,49.990283,49.204380,0.004305,61621.37,1.89,504936991249346,13260850938,172093315167935,5300370882,a77a531f2f6eae5e4eb650fd5d94d097,
AI,aom,av2,0,G2,SolLevanteFace_1920x1080p24_hdr10.y4m,1920x1080,24.00,10,1920x1080,185,165.356800,35.034148,48.413160,46.836420,9.083747,10.284480,18.211539,17.494938,31.804383,38.924858,35.033486,48.367236,46.799699,0.005315,27725.92,2.32,180607043132464,14810954982,75932614772777,6696710812,71589acea05b5368a4c77a10bfcbc2b3,
AI,aom,av2,0,G2,SolLevanteFace_1920x1080p24_hdr10.y4m,1920x1080,24.00,10,1920x1080,210,59.219200,33.565290,46.061330,43.926545,8.871834,8.945464,3.003452,2.866130,30.149646,36.902010,33.564609,45.957022,43.875625,0.007314,7537.08,1.69,47269110892724,10536598765,20890902278837,4854381103,c63fea45784c61c5187e4a9d6a47136b,
AI,aom,av2,0,G2,SparksTruck_2048x1080_5994_hdr10.y4m,2048x1080,60.00,10,2048x1080,85,69024.079920,45.572075,50.533833,50.532615,18.007322,25.016546,95.981273,94.306569,49.040038,44.605989,45.572059,50.533532,50.532389,0.529247,475315.52,4.26,3275238717354293,22901488316,1327409904780179,11908989308,dc8dc912d7519d737c53d6aebf34dee8,
AI,aom,av2,0,G2,SparksTruck_2048x1080_5994_hdr10.y4m,2048x1080,60.00,10,2048x1080,110,30858.597403,41.310799,49.388260,49.700446,14.239393,20.209164,91.207836,89.201000,42.868672,42.263668,41.310782,49.387936,49.700169,0.676103,482090.81,3.73,3288310850744145,20514429279,1346292617623307,10437064889,349d45382ae202fba4033e3860d32302,
AI,aom,av2,0,G2,SparksTruck_2048x1080_5994_hdr10.y4m,2048x1080,60.00,10,2048x1080,135,11675.188811,37.564076,48.128336,48.802558,11.054413,15.796329,79.988420,77.738953,36.975379,39.830723,37.564040,48.127864,48.801828,0.693899,372070.48,3.68,2192650534159611,16411043888,983814681429551,10217875566,203afdf7ddad51f4807df810530aee60,
AI,aom,av2,0,G2,SparksTruck_2048x1080_5994_hdr10.y4m,2048x1080,60.00,10,2048x1080,160,3859.772228,34.570992,46.429240,47.408607,8.947582,12.257763,58.561813,56.528936,32.443006,37.502181,34.570924,46.428417,47.405956,0.739274,204932.67,3.51,1281595337765911,17001046595,553229391570441,9770058504,3f4bd9886b6e585ecb88b2839c5f1e64,
AI,aom,av2,0,G2,SparksTruck_2048x1080_5994_hdr10.y4m,2048x1080,60.00,10,2048x1080,185,1255.352647,32.219529,44.271191,46.130073,7.799536,9.800843,32.990860,31.462554,29.140698,35.314215,32.219500,44.268160,46.102881,0.665640,81201.24,2.78,543381522675286,14758419284,222403678177055,7844221320,59258a148db65eb54ef7cad46283ba21,
AI,aom,av2,0,G2,SparksTruck_2048x1080_5994_hdr10.y4m,2048x1080,60.00,10,2048x1080,210,434.589411,30.262190,42.209622,44.846822,7.210171,8.173138,9.730310,8.999197,26.709268,33.287656,30.262103,42.186733,44.806728,0.392531,27411.69,2.67,177159176426505,16975165672,75580157342040,7700914161,28159f29ccdfbb99efb87731747c4fa1,
AI,aom,av2,0,E,Artistic_Concert_1920x1080_25fps.y4m,1920x1080,25.00,8,1920x1080,85,28458.893333,46.612072,54.813286,53.934473,19.700878,26.439594,99.870649,99.832233,47.966347,48.712622,46.605976,54.754537,53.743838,0.013744,367360.78,5.61,2037847454614082,22445376776,955581230558330,15028364606,cb25b9162fad29b5a22b6ce265d67e67,
AI,aom,av2,0,E,Artistic_Concert_1920x1080_25fps.y4m,1920x1080,25.00,8,1920x1080,110,15344.573333,42.602042,51.664040,50.597621,16.440968,21.745652,99.790591,99.732374,42.305520,44.620772,42.589658,51.627455,50.275183,0.039890,232102.83,3.81,1620124062068451,21746304081,648176855955693,10619222554,c40cfa57da95ace15d98af9ac6724874,
AI,aom,av2,0,E,Artistic_Concert_1920x1080_25fps.y4m,1920x1080,25.00,8,1920x1080,135,7487.460000,38.507591,48.934640,47.763285,13.015294,16.823403,96.938475,95.183442,36.418817,40.818928,38.497422,48.907028,47.333571,0.229424,331548.09,4.73,1861059617605837,22796388750,865055014756251,13019437214,3c7d78706e8d53050586bf84ddd04838,
AI,aom,av2,0,E,Artistic_Concert_1920x1080_25fps.y4m,1920x1080,25.00,8,1920x1080,160,3167.126667,34.552219,46.081967,44.918085,10.018031,12.274520,80.907846,78.683071,31.227010,37.189947,34.540338,46.055474,44.539487,1.831042,168348.80,4.10,969862480762269,20305706440,439199572395982,11329413228,86f5594a32a58656692f08783689ca79,
AI,aom,av2,0,E,Artistic_Concert_1920x1080_25fps.y4m,1920x1080,25.00,8,1920x1080,185,1351.160000,31.434397,42.838165,41.665557,8.457645,9.967862,62.205239,60.198977,27.699431,34.339454,31.419579,42.807211,41.367877,2.827543,73995.62,3.85,422017083229910,17336129070,192664433242769,10708299810,76f1f37f47833dea0c2bbe398893eb6c,
AI,aom,av2,0,E,Artistic_Concert_1920x1080_25fps.y4m,1920x1080,25.00,8,1920x1080,210,607.226667,28.496415,38.995166,38.043704,7.332167,8.247050,44.625087,42.899188,24.475303,31.425740,28.476269,38.934866,37.835157,2.929749,21538.01,2.46,151020974361288,15193658344,60156795203641,6894923225,7b718edfac9de0dadbcde57185e94b1a,
AI,aom,av2,0,E,Artistic_Intro_1920x1080_2997fps.y4m,1920x1080,30.00,8,1920x1080,85,38892.787213,46.387401,48.510547,50.048233,22.437677,29.601386,99.879489,99.792916,49.870896,47.536222,46.360144,48.481791,50.023786,0.373637,294674.94,4.61,2059225703919184,23334943278,822935087122870,12834655088,4a6dc2553719f8670b87729a9e3e53c3,
AI,aom,av2,0,E,Artistic_Intro_1920x1080_2997fps.y4m,1920x1080,30.00,8,1920x1080,110,18719.344655,42.298808,44.566657,46.314638,18.920888,25.151333,99.430101,98.273549,44.299410,43.385370,42.259878,44.510514,46.263240,0.311588,270234.22,5.16,1569356839972511,21925902534,707511744284496,13986633988,599d89a5e2d87a5c5e49cee4507f2d6a,
AI,aom,av2,0,E,Artistic_Intro_1920x1080_2997fps.y4m,1920x1080,30.00,8,1920x1080,135,9823.256743,39.010278,41.608262,43.558824,16.254778,21.471629,94.773952,92.329430,39.079128,40.378194,38.969979,41.550170,43.496899,0.424851,344691.30,4.69,2023996285088845,21869232411,905550302050981,12877261312,600ea6ab9fdd50230a8bd96929e3b4e9,
AI,aom,av2,0,E,Artistic_Intro_1920x1080_2997fps.y4m,1920x1080,30.00,8,1920x1080,160,5314.941059,35.374763,38.746417,40.779731,13.336654,17.537344,83.327863,80.199349,33.803010,37.269679,35.325124,38.697983,40.731463,0.713257,180331.06,3.31,1345686691929308,18881085880,503618811000627,9249307727,27a77b66aa5f708ea945c52ce2c37235,
AI,aom,av2,0,E,Artistic_Intro_1920x1080_2997fps.y4m,1920x1080,30.00,8,1920x1080,185,2721.422577,31.319085,35.655117,37.615534,10.141900,13.374059,64.661770,61.386714,28.602813,33.780588,31.259327,35.610165,37.577550,0.694870,127277.68,3.64,771134569798496,16571203707,335496220473890,10038214716,88922012be1be781ddc3218db2d22e99,
AI,aom,av2,0,E,Artistic_Intro_1920x1080_2997fps.y4m,1920x1080,30.00,8,1920x1080,210,1225.614386,27.071628,32.494532,34.313385,6.334141,8.973010,43.284347,40.619511,23.572065,29.884914,27.013821,32.465544,34.283911,1.202455,58026.39,3.38,345143562008407,16784312153,154360690024751,9490093675,c9632dba43df592856e1fa73c0740884,
AI,aom,av2,0,E,MixedCoding_NewsIntroAnchor_1280x720_2997fps.y4m,1280x720,30.00,8,1280x720,85,9411.324675,49.310500,49.660787,51.493095,23.010218,28.874848,98.973543,98.433264,48.548191,51.819271,49.233109,49.650879,51.484338,4.867328,140650.18,1.59,971140212568853,7904175807,392788782988619,4457658140,7ec39ae9449077a616f380dbe1800a31,
AI,aom,av2,0,E,MixedCoding_NewsIntroAnchor_1280x720_2997fps.y4m,1280x720,30.00,8,1280x720,110,4291.492507,45.011083,46.013981,48.186431,19.783389,24.427650,97.924738,96.749788,44.210766,47.485019,44.902847,46.007838,48.180019,5.140895,98553.29,1.42,690739505603687,9086855963,275217829496408,3978391239,e5c24b94b6dcf62b6e8e17ca490e9c3b,
AI,aom,av2,0,E,MixedCoding_NewsIntroAnchor_1280x720_2997fps.y4m,1280x720,30.00,8,1280x720,135,1982.241758,41.403134,43.341576,45.677896,16.860918,20.469259,94.655969,92.876580,39.937745,44.256757,41.290911,43.337552,45.672330,4.954385,104040.94,1.82,608927648214338,8516807091,273164007027142,5046989968,389ce8488fe8da89dfa1c0a2b378d305,
AI,aom,av2,0,E,MixedCoding_NewsIntroAnchor_1280x720_2997fps.y4m,1280x720,30.00,8,1280x720,160,947.180819,37.941346,40.458432,43.113551,14.081215,16.812693,87.971169,84.683575,35.739092,41.126133,37.828776,40.449749,43.103484,4.773595,63191.45,1.49,393432581263477,7044973747,167353034022223,4144620624,82984deae633608b0736cc392f265a0a,
AI,aom,av2,0,E,MixedCoding_NewsIntroAnchor_1280x720_2997fps.y4m,1280x720,30.00,8,1280x720,185,503.760240,34.690798,37.145346,39.899431,11.929384,13.999216,75.655526,70.927486,31.993684,37.871991,34.622093,37.127066,39.879136,4.298999,37706.01,1.24,237762283277519,6377860975,100429836021265,3457242387,490189025db3b9a5d3906ef503318cdd,
AI,aom,av2,0,E,MixedCoding_NewsIntroAnchor_1280x720_2997fps.y4m,1280x720,30.00,8,1280x720,210,277.250749,31.296230,33.703600,36.601883,9.998101,11.582094,58.773197,53.429625,28.075460,34.567695,31.242875,33.678092,36.558395,3.937388,17095.30,0.89,142646901118482,6720400426,47748669933167,2514180848,05354d22bccd8b25002d1bd12c850984,
AI,aom,av2,0,E,MixedCoding_NewsIntroOnly_1280x720_2997fps.y4m,1280x720,30.00,8,1280x720,85,21702.033966,46.365076,47.606083,48.090275,20.039209,27.233426,99.853837,99.810429,48.030229,48.531673,46.341208,47.573144,48.059311,2.570873,194652.26,2.48,1086557456200013,9375779988,506469490161797,6490927912,7d1888d8ee580bf72996c1339bfc7c13,
AI,aom,av2,0,E,MixedCoding_NewsIntroOnly_1280x720_2997fps.y4m,1280x720,30.00,8,1280x720,110,10237.906094,41.572421,43.637763,44.393616,15.980598,22.515789,99.733324,99.638428,42.837319,44.183549,41.562109,43.623227,44.369687,2.610361,179037.53,2.20,1011707110123428,9575545569,466145245271075,5917367929,b918537601fb1b62407418ae37038672,
AI,aom,av2,0,E,MixedCoding_NewsIntroOnly_1280x720_2997fps.y4m,1280x720,30.00,8,1280x720,135,4512.383616,37.531571,40.898321,42.137324,12.909590,18.491684,96.292464,94.052539,37.620843,40.834534,37.518387,40.881435,42.112807,2.144258,172132.05,2.07,964746484659633,9372988826,447079349097502,5660599348,31425b51283bea5cff7fe0f5379c65f0,
AI,aom,av2,0,E,MixedCoding_NewsIntroOnly_1280x720_2997fps.y4m,1280x720,30.00,8,1280x720,160,2072.767233,33.939089,38.348174,39.735703,10.293675,14.529287,82.277702,79.617146,32.494016,37.724793,33.925594,38.335876,39.719891,2.093913,72315.88,1.39,514860963705374,8078982476,201962691500563,3871012449,ec7417642e4d556dac8289baa2ecb4fd,
AI,aom,av2,0,E,MixedCoding_NewsIntroOnly_1280x720_2997fps.y4m,1280x720,30.00,8,1280x720,185,921.934066,30.535055,35.498666,36.781580,8.172236,11.006802,61.690695,59.061026,27.810618,34.555071,30.505439,35.488248,36.763757,1.988444,40751.19,1.48,230206904678674,7026625852,105827030820917,4139494934,42646dc39869968a2a33ddebc1e8814b,
AI,aom,av2,0,E,MixedCoding_NewsIntroOnly_1280x720_2997fps.y4m,1280x720,30.00,8,1280x720,210,407.752248,27.458946,32.777710,33.844739,6.768448,8.326220,39.682747,37.984036,23.861385,31.519835,27.414835,32.770512,33.829219,2.437503,13308.91,1.27,97556579466305,7668367612,37174152593933,3547495571,340b46e4ae878483f36b1c44627b38cd,
AI,aom,av2,0,E,MountainBike_1920x1080_30fps_8bit.y4m,1920x1080,30.00,8,1920x1080,85,71832.336000,45.218164,48.022757,47.825686,20.480925,27.815006,99.610014,99.485167,48.226307,44.112043,45.202965,48.013686,47.819138,0.300302,311695.67,9.18,1782760627546699,39083832868,816587501858059,24566644749,a808e23e5d08e952a65923c1f52ca2da,
AI,aom,av2,0,E,MountainBike_1920x1080_30fps_8bit.y4m,1920x1080,30.00,8,1920x1080,110,40218.896000,40.409466,44.831564,44.541432,16.685272,23.072622,99.327231,99.145655,42.543165,40.464282,40.382769,44.817997,44.530965,0.352368,356029.13,7.56,2090899994278982,33941967579,936036751714249,20417222520,e95585e1a4a0757b1f798a0f2579d925,
AI,aom,av2,0,E,MountainBike_1920x1080_30fps_8bit.y4m,1920x1080,30.00,8,1920x1080,135,20551.768000,35.920387,41.919064,41.404772,13.074468,18.508911,98.544519,98.332208,36.528167,37.076531,35.876454,41.906565,41.393697,0.390789,625164.03,6.08,3663310244139291,28846182276,1639193151069511,16614339387,f4e9d2f2cc865e72d9404d86e7f44220,
AI,aom,av2,0,E,MountainBike_1920x1080_30fps_8bit.y4m,1920x1080,30.00,8,1920x1080,160,9594.256000,31.680573,39.195162,38.362008,9.714956,14.065074,92.976422,91.398672,30.672206,33.755173,31.617635,39.189709,38.354847,0.419130,324090.95,3.77,2315170354550681,23086378273,905057351845771,10538949906,3d747a676b37fe027ef7539d169e024d,
AI,aom,av2,0,E,MountainBike_1920x1080_30fps_8bit.y4m,1920x1080,30.00,8,1920x1080,185,3775.512000,27.732207,36.593436,35.507173,6.898270,10.074493,70.165268,68.142197,25.361422,30.494424,27.658718,36.589029,35.501656,0.579529,142285.45,2.96,1023572071885152,18723218457,397362032914476,8260021519,cca99c7a58e432f5c4dfe2995da9b2f4,
AI,aom,av2,0,E,MountainBike_1920x1080_30fps_8bit.y4m,1920x1080,30.00,8,1920x1080,210,1224.376000,24.484078,33.737264,32.897821,4.957029,6.770634,46.177132,44.893929,21.046816,27.410014,24.420953,33.722688,32.884311,0.767500,54117.78,3.17,308792912676544,15875537339,142914614782679,8996074003,49b68b0acaa6c091bd3d31669fa8de8f,
AI,aom,av2,0,E,Noise_AnimationCrayon_1920x1080_2398fps.y4m,1920x1080,24.00,8,1920x1080,85,43595.802597,45.118126,45.619801,47.131183,17.233124,24.791601,97.879221,96.924555,47.633673,44.503651,45.117735,45.619205,47.128917,0.011931,455748.63,6.01,2555023112650729,26809393571,1184132001847262,15931564304,64c6bcc74a32ed2eeebd3f95f143df9a,
AI,aom,av2,0,E,Noise_AnimationCrayon_1920x1080_2398fps.y4m,1920x1080,24.00,8,1920x1080,110,14243.120080,39.744034,41.351325,45.636447,11.642173,18.123417,95.889186,94.696399,40.830602,40.238045,39.743358,41.348693,45.608090,0.014812,326919.35,4.76,1863048345662801,24049727612,848735315981005,12950797462,7339056d4baf990eafeebf012a4867f7,
AI,aom,av2,0,E,Noise_AnimationCrayon_1920x1080_2398fps.y4m,1920x1080,24.00,8,1920x1080,135,2713.887712,36.652729,39.569973,44.474792,8.864119,13.683754,91.212646,89.558316,35.431778,38.019233,36.646677,39.554632,44.407881,0.100926,212114.05,3.53,1291252791845348,18086758339,598952661481928,10553929960,2cb128a54c127496c21117076adeacee,
AI,aom,av2,0,E,Noise_AnimationCrayon_1920x1080_2398fps.y4m,1920x1080,24.00,8,1920x1080,160,948.606593,35.337139,38.626744,42.858563,8.338306,12.565708,82.653932,80.705280,33.310520,37.018661,35.330139,38.607194,42.748362,0.452343,108723.68,2.96,657730399872773,15385026374,287975288365199,8365481175,1a7dd4fb3e3050f235ae596ada65b135,
AI,aom,av2,0,E,Noise_AnimationCrayon_1920x1080_2398fps.y4m,1920x1080,24.00,8,1920x1080,185,455.672328,34.000901,37.420734,40.578067,8.066115,11.887939,72.994057,70.548546,31.322582,35.877460,33.997867,37.402717,40.458402,0.364927,40411.71,2.25,302755842225374,13681760979,112852352205868,6295699853,2918558b8ee4e79cfb9daa222bf10294,
AI,aom,av2,0,E,Noise_AnimationCrayon_1920x1080_2398fps.y4m,1920x1080,24.00,8,1920x1080,210,260.852747,32.178368,35.846852,38.215334,7.817635,11.382541,62.731151,59.337493,28.917144,34.463209,32.159273,35.838353,38.156134,0.740417,11607.72,1.99,83371555985168,13092346127,32420888847840,5573248450,67b739a80dfc5768bb955ca4bfc25d20,
AI,aom,av2,0,E,Noise_Animation_1280x720_2398fps.y4m,1280x720,24.00,8,1280x720,85,13186.563836,46.089218,53.774345,53.523132,17.459655,24.125888,99.636688,99.048674,46.705506,49.662129,46.015868,53.726797,53.502995,1.655302,248403.24,2.23,1376748324340143,9516604088,642754608405934,5905490294,380e353310feee499df5b3ed97da6e3c,
AI,aom,av2,0,E,Noise_Animation_1280x720_2398fps.y4m,1280x720,24.00,8,1280x720,110,2128.233367,40.017025,50.643944,49.821183,11.184618,17.788063,98.544891,97.076806,40.384541,43.701054,39.691363,50.632409,49.804774,6.490825,90153.20,1.40,513922292434974,6212607457,233072104624625,3833769928,b48c3fc1b71023be0582313b5d4b25d9,
AI,aom,av2,0,E,Noise_Animation_1280x720_2398fps.y4m,1280x720,24.00,8,1280x720,135,790.991409,38.948152,48.557312,47.148408,10.757843,16.623723,95.720208,93.458155,38.712011,42.415114,38.754152,48.548520,47.127775,4.481231,38377.24,1.42,274497147987987,7244957929,129383020074191,5182815175,1134be13bc8178d48b1273c2363e8a3c,
AI,aom,av2,0,E,Noise_Animation_1280x720_2398fps.y4m,1280x720,24.00,8,1280x720,160,451.893706,37.844755,45.792519,43.623201,10.448821,15.968138,91.198012,88.017859,37.093867,41.016023,37.718775,45.786701,43.596824,3.734396,20497.89,1.13,147406487335981,7618792444,57245722635827,3187285385,effcefeb7c148f42b4f79feb52e15d71,
AI,aom,av2,0,E,Noise_Animation_1280x720_2398fps.y4m,1280x720,24.00,8,1280x720,185,272.636164,35.724559,42.185466,39.459585,9.854761,14.791481,81.259262,77.165832,33.987020,38.938474,35.668181,42.176124,39.426192,2.842607,10263.03,0.85,74930909139707,6114602667,28662342032057,2370228390,60879419dbf30c1c85b4ab81de63faec,
AI,aom,av2,0,E,Noise_Animation_1280x720_2398fps.y4m,1280x720,24.00,8,1280x720,210,154.814785,32.520833,38.451584,34.614133,8.870682,12.783091,58.293377,54.941545,29.432434,35.852987,32.496180,38.436415,34.593804,2.082187,5240.87,0.94,37081312301171,6530748376,14637679339094,2647229406,3e2dfdd3f54d21b49bc4cea8485c8a9c,
AI,aom,av2,0,E,Noise_Ocean_1920x1080_60fps.y4m,1920x1080,60.00,8,1920x1080,85,84849.408000,45.537320,61.988822,65.116621,16.604118,23.057008,87.646919,86.465289,46.829827,49.799107,45.478817,61.873237,65.013033,0.054207,393725.03,4.10,2579223198132388,22673144531,1099552346963486,11468903114,b9adddf60cddac5dba8acc755c2871ee,
AI,aom,av2,0,E,Noise_Ocean_1920x1080_60fps.y4m,1920x1080,60.00,8,1920x1080,110,21079.904000,39.982740,56.136044,60.126237,10.995927,16.453098,72.924650,71.818857,39.695037,43.707448,39.875984,56.114934,60.089411,0.822961,203126.93,3.47,1119323475262662,14663816760,522036299565417,9316113564,99ef745d95c710efbccc34ba3b07c5c2,
AI,aom,av2,0,E,Noise_Ocean_1920x1080_60fps.y4m,1920x1080,60.00,8,1920x1080,135,870.848000,37.525900,53.696081,57.658438,8.778899,12.794054,44.665098,43.879337,35.395265,41.071016,37.394921,53.676705,57.629308,2.366410,52368.88,1.30,350922575411121,6876074724,146243842109997,3622369311,25040af2d818701889158918d14ceabd,
AI,aom,av2,0,E,Noise_Ocean_1920x1080_60fps.y4m,1920x1080,60.00,8,1920x1080,160,372.880000,37.292338,51.669351,54.017386,8.732458,12.551400,37.021346,35.990848,35.031230,40.411086,37.175111,51.655421,53.986382,2.265681,22421.76,1.21,155202474194307,8752907257,62617147011096,3376802125,364e4545089992f8a7462c43f6f792ad,
AI,aom,av2,0,E,Noise_Ocean_1920x1080_60fps.y4m,1920x1080,60.00,8,1920x1080,185,208.128000,36.901999,48.681901,52.241883,8.703522,12.282294,29.980729,28.781544,34.499400,39.381095,36.806719,48.647909,52.206617,2.003162,8574.81,1.91,46359400728054,12438492149,22640439930370,5507329195,34bfda8cd38af89a8e8617a757080d98,
AI,aom,av2,0,E,Noise_Ocean_1920x1080_60fps.y4m,1920x1080,60.00,8,1920x1080,210,123.984000,36.031303,45.508527,49.550588,8.677824,11.889015,26.020958,24.201135,33.375989,37.785294,35.967799,45.460920,49.356442,1.794837,3126.27,1.49,21375613189983,12082644729,8730715238442,4185094646,6cb8848ef3644b61e73e089f6b95a21f,
AI,aom,av2,0,E,Noise_Soccer_1920x1080_50fps.y4m,1920x1080,50.00,8,1920x1080,85,275418.466667,42.846789,48.544902,51.809382,18.916039,24.873806,99.780669,99.299952,48.759939,44.969667,42.846640,48.544815,51.808974,0.049845,594261.49,7.45,4429031405717681,38913047584,1659681399620498,20814088927,22b46a3b6a2ba369af1ffee1fa3e916f,
AI,aom,av2,0,E,Noise_Soccer_1920x1080_50fps.y4m,1920x1080,50.00,8,1920x1080,110,163581.920000,36.620683,45.640427,46.761227,12.506259,18.548180,97.525100,96.227825,41.688608,39.161279,36.620626,45.640071,46.760765,0.110627,606165.11,7.05,4615469226815031,38404274451,1691745511593374,19695483640,48aecc63bace996e9bc17967fe31d785,
AI,aom,av2,0,E,Noise_Soccer_1920x1080_50fps.y4m,1920x1080,50.00,8,1920x1080,135,46575.306667,30.096681,42.617306,41.697053,4.862296,11.460662,89.967310,88.276105,34.046992,32.813666,30.096613,42.616544,41.696510,2.107532,818133.78,4.46,6035758278600146,23638487965,2284885228464550,12443939511,22edf5aae6574188c3de4bd9c3ef9c0a,
AI,aom,av2,0,E,Noise_Soccer_1920x1080_50fps.y4m,1920x1080,50.00,8,1920x1080,160,8438.080000,27.910710,39.821397,37.056016,2.898247,9.139387,78.865871,76.735020,31.175651,30.535813,27.910699,39.820370,37.055655,9.802283,193765.70,3.49,1421604176550260,18016027294,541117573216319,9845250777,385d66560d2b9e467cf712703285fb3a,
AI,aom,av2,0,E,Noise_Soccer_1920x1080_50fps.y4m,1920x1080,50.00,8,1920x1080,185,3339.240000,26.781081,37.222475,33.333200,2.729825,8.661614,64.331855,61.951055,28.553586,29.650519,26.781066,37.221677,33.331659,8.636309,123295.08,3.25,707435055990086,15412133445,322284452960871,9178751128,af4e78f9a9b42ddcf5a347076d94d7c0,
AI,aom,av2,0,E,Noise_Soccer_1920x1080_50fps.y4m,1920x1080,50.00,8,1920x1080,210,1205.000000,25.120975,34.732885,30.993192,2.461974,7.748000,41.812539,40.069870,24.450307,28.528897,25.120883,34.728356,30.990175,6.467952,32649.29,2.28,230738796632532,13491595179,91182647579843,6386262909,66a542c2e62ae17a1e4629c6b827483c,
AI,aom,av2,0,E,Shaky_Baseball_3840x2160_5994fps.y4m,3840x2160,60.00,8,3840x2160,85,75564.931069,49.219132,51.105931,50.944204,20.389663,25.618517,99.772254,99.735230,46.214941,49.865881,49.074005,51.025273,50.866807,5.582773,549976.65,12.35,3130215252659723,49608108411,1526842633855090,35546631015,4fc02251c51ae4a9838a83a4bb6162ad,
AI,aom,av2,0,E,Shaky_Baseball_3840x2160_5994fps.y4m,3840x2160,60.00,8,3840x2160,110,27399.160839,46.911997,48.080214,47.927362,18.897778,22.925381,99.442226,99.272707,43.138447,46.784226,46.817362,48.008994,47.894059,8.487419,255040.33,10.26,1343471214407053,35806890623,657441638226715,27934372387,671abc792e6af3f75589ac60fc1efcf5,
AI,aom,av2,0,E,Shaky_Baseball_3840x2160_5994fps.y4m,3840x2160,60.00,8,3840x2160,135,13115.220779,45.030225,45.998081,45.844239,18.075632,21.182662,97.233048,96.546823,40.743610,44.799552,44.902985,45.850620,45.793384,8.742669,198270.52,9.65,1030278666941353,39371984322,514822991038187,26731383681,8b110179f13ce2df7320ca9a4d77040e,
AI,aom,av2,0,E,Shaky_Baseball_3840x2160_5994fps.y4m,3840x2160,60.00,8,3840x2160,160,7105.438561,42.702410,43.655353,43.507442,17.291454,19.243987,89.102369,87.430323,38.036416,42.570556,42.491717,43.410055,43.411225,8.584668,92775.85,8.24,634333490771776,53466854771,259099501815254,23053487342,8d065865d7648aafd18ce4f0298d30bf,
AI,aom,av2,0,E,Shaky_Baseball_3840x2160_5994fps.y4m,3840x2160,60.00,8,3840x2160,185,3887.392607,39.715704,40.558244,40.346441,16.389544,16.921986,72.012491,70.217127,34.853933,39.743274,39.406898,40.236441,40.215656,7.786428,53403.59,6.37,381203811957677,41397008855,149153276710848,17866578621,0dea719b8549dbf1d536ee3a16bee808,
AI,aom,av2,0,E,Shaky_Baseball_3840x2160_5994fps.y4m,3840x2160,60.00,8,3840x2160,210,2081.806194,36.103836,37.091209,36.838161,15.259135,14.220972,52.730797,51.136117,31.284072,36.464338,35.736207,36.771962,36.736439,7.253639,28356.34,6.39,209183377026452,43784070633,79190610578885,17879101591,fbf3a0c2121e9e1d17cb94ed39154dc6,
AI,aom,av2,0,E,Shaky_Fireworks_3840x2160_2997fps.y4m,3840x2160,30.00,8,3840x2160,85,26621.634366,52.487821,56.834040,56.042998,23.971008,27.827639,98.854433,98.674329,48.195661,55.700510,52.387723,56.122551,55.293632,5.811457,371290.85,13.88,1912521100686313,54005026819,951849377632714,37892097588,0b17b3004aadb6e87249e9aee924d07f,
AI,aom,av2,0,E,Shaky_Fireworks_3840x2160_2997fps.y4m,3840x2160,30.00,8,3840x2160,110,10638.353646,49.117019,52.087485,51.565754,22.083709,23.549891,97.081311,96.626970,44.329782,49.544440,49.033448,51.581361,51.051967,9.458194,138835.85,9.68,903297960576947,55687220369,387696328457645,27070229559,718fca3d4b19105f983408c888467923,
AI,aom,av2,0,E,Shaky_Fireworks_3840x2160_2997fps.y4m,3840x2160,30.00,8,3840x2160,135,4339.492507,46.262251,49.578678,49.152212,20.814345,20.473465,92.294539,91.070267,41.547621,46.435004,46.152537,48.928052,48.569390,11.943561,138921.04,11.35,734165071830893,56479402288,360382355363932,31746156072,b46d20010807fe8d134e55820dbced3d,
AI,aom,av2,0,E,Shaky_Fireworks_3840x2160_2997fps.y4m,3840x2160,30.00,8,3840x2160,160,2016.943057,43.918803,47.194629,46.960332,19.929157,18.565068,84.231490,82.452198,39.336199,44.113352,43.662407,46.330362,46.274911,12.711813,65000.79,7.58,443730385383362,54389627227,181512742461811,21214421465,a09d90eb3abd893d809a03b854bac4e8,
AI,aom,av2,0,E,Shaky_Fireworks_3840x2160_2997fps.y4m,3840x2160,30.00,8,3840x2160,185,993.006993,41.353676,44.174841,44.181866,18.973607,16.917335,72.764756,70.757060,36.799647,41.445870,40.813681,43.188474,43.457113,12.647851,47062.27,9.59,258694990418384,58953505921,126302529461942,27636313291,8904c8bc674f415761f49a2167c24f79,
AI,aom,av2,0,E,Shaky_Fireworks_3840x2160_2997fps.y4m,3840x2160,30.00,8,3840x2160,210,476.731269,38.253302,41.010218,40.990276,17.898406,15.175919,56.258146,54.428483,33.712867,38.465514,37.444243,39.937628,40.136604,13.460102,26539.40,9.20,145573212225306,59068635802,72710517224756,26669046905,7fbde32c9c0e28a88bd42e1128422bc8,
AI,aom,av2,0,E,Shaky_Quad_1920x1080_30fps.y4m,1920x1080,30.00,8,1920x1080,85,53498.416000,45.919938,56.785454,56.754781,21.853424,28.788134,99.867305,99.829764,49.185611,49.107599,45.916577,56.704428,56.662898,0.374960,297149.12,5.08,2163517873074044,26571298345,829867662944821,14224662307,9fba460b68e684e71d160ba41fbac32b,
AI,aom,av2,0,E,Shaky_Quad_1920x1080_30fps.y4m,1920x1080,30.00,8,1920x1080,110,32367.528000,41.354049,53.209534,53.209831,18.487580,24.444189,99.788289,99.735159,44.307478,44.440351,41.345772,53.178634,53.161742,0.527824,372161.65,5.51,2199197273039137,23309033131,980638671442484,14824958708,da7164f7e4f3b473772809b36ac4daed,
AI,aom,av2,0,E,Shaky_Quad_1920x1080_30fps.y4m,1920x1080,30.00,8,1920x1080,135,18313.952000,36.809528,50.199605,50.262701,14.886947,20.065591,99.578837,99.508946,38.573371,40.338093,36.798654,50.179480,50.220075,0.741194,461950.03,3.99,3347266748365045,22023001161,1290066194947124,11247235179,65ded75ed607a03460dc3400d3f77a73,
AI,aom,av2,0,E,Shaky_Quad_1920x1080_30fps.y4m,1920x1080,30.00,8,1920x1080,160,9084.128000,32.247222,47.307531,47.054049,11.247437,15.659112,95.485242,93.249647,32.187802,36.249345,32.241073,47.297175,47.020458,0.953187,403009.34,4.59,2365595064114030,21675246866,1056186634251825,12660857276,be3ed33d2b5dbab0632c74fef1181b5e,
AI,aom,av2,0,E,Shaky_Quad_1920x1080_30fps.y4m,1920x1080,30.00,8,1920x1080,185,3681.272000,28.159850,44.486372,43.466405,8.188003,11.602421,70.882545,68.869541,26.184653,32.474898,28.155127,44.467905,43.432416,1.075129,159952.42,2.88,1147077000180980,17006396143,446700456137791,8021776734,5c78b5a125c2a5cd0312f1978e9a8dbf,
AI,aom,av2,0,E,Shaky_Quad_1920x1080_30fps.y4m,1920x1080,30.00,8,1920x1080,210,1288.744000,24.779191,42.751918,41.046611,6.018785,8.159784,45.255634,43.834688,21.483375,29.422171,24.775332,42.688025,40.972507,1.063433,60127.49,2.43,453013976102669,15237847831,167923877137417,6782092950,fb3a852a4e8f5fd09d484a8cf41af2aa,
AI,aom,av2,0,E,Shaky_Walk_1920x1080_25fps.y4m,1920x1080,25.00,8,1920x1080,85,47757.240000,45.181475,54.747258,55.660092,19.871775,27.114884,99.820108,99.767288,49.141794,47.671744,45.139521,54.680028,55.587958,0.168407,344816.99,7.01,1964511931150716,29067506216,901736186788925,18723875022,631047c84a01ebcc413dfb744016ac8e,
AI,aom,av2,0,E,Shaky_Walk_1920x1080_25fps.y4m,1920x1080,25.00,8,1920x1080,110,27022.113333,40.760818,51.235946,52.130092,16.144596,22.278905,99.666134,99.599278,43.203573,43.208483,40.683035,51.192390,52.088136,0.180682,354478.21,5.48,2066619448581825,23677089866,928326522737866,14670151030,dccecd3329bfd6029c8abadb7b061eaf,
AI,aom,av2,0,E,Shaky_Walk_1920x1080_25fps.y4m,1920x1080,25.00,8,1920x1080,135,13440.593333,36.248753,47.903189,48.894349,12.172475,17.293334,99.304078,99.209691,36.836406,38.984633,36.147749,47.872760,48.872042,0.192696,493594.85,4.09,3080458339506208,19488484725,1389771476672368,11886282098,63fe69a262ca9885b5d1c46013a7d98a,
AI,aom,av2,0,E,Shaky_Walk_1920x1080_25fps.y4m,1920x1080,25.00,8,1920x1080,160,5671.613333,32.221886,44.785807,45.810194,8.659824,12.591299,84.983980,82.793925,30.994084,35.201329,32.052340,44.750205,45.773574,0.214673,203531.25,3.51,1496276621675025,16603187376,690318083442074,12645802601,4264d9a5fcd939b26ba7a50c79619395,
AI,aom,av2,0,E,Shaky_Walk_1920x1080_25fps.y4m,1920x1080,25.00,8,1920x1080,185,2052.546667,28.737171,41.732505,42.769664,6.139453,8.691199,60.249098,58.523629,26.167032,31.966238,28.562461,41.692391,42.723777,0.469614,97499.20,3.45,537636192362708,15782875291,251212064802564,9639790233,2a34b64cf63ebc98d251b4190bceceb7,
AI,aom,av2,0,E,Shaky_Walk_1920x1080_25fps.y4m,1920x1080,25.00,8,1920x1080,210,680.686667,25.969026,38.527901,39.761394,4.812190,6.366859,39.476416,38.462936,22.573272,29.287097,25.812240,38.463858,39.682305,1.224397,33269.95,3.03,179474761319516,16292651151,87241404421838,8624988354,534bc075cab6b91f5365ce6edb03b1ec,
AI,aom,av2,0,E,Vertical_Carnaby_1080x1920_5994.y4m,1080x1920,60.00,8,1080x1920,85,29010.093906,49.284024,51.241082,51.224909,21.700656,28.045121,99.839925,99.806965,47.740009,49.908141,49.264980,51.228635,51.212007,2.428736,341058.27,4.41,1862868594075438,15667751811,884381139525942,11839072327,6007c56ad79dc14a72f8d755321fc0c5,
AI,aom,av2,0,E,Vertical_Carnaby_1080x1920_5994.y4m,1080x1920,60.00,8,1080x1920,110,13582.609391,46.177730,48.174931,48.167770,19.643688,24.584135,99.746860,99.693378,43.606292,46.265805,46.151652,48.167818,48.158858,2.446242,151095.28,2.78,1012067381599119,15170366747,421971171362223,7776347670,13ea85b40e470db9cb3b1bca67b7697c,
AI,aom,av2,0,E,Vertical_Carnaby_1080x1920_5994.y4m,1080x1920,60.00,8,1080x1920,135,7011.324675,43.237572,45.434726,45.370451,17.955223,21.520123,97.055092,94.945097,39.697298,43.411309,43.204861,45.425671,45.359836,2.327272,155204.07,3.62,856862771390569,17384400457,405377573279887,9965325012,85ce1cdc14903cfa6639ca1075ba112a,
AI,aom,av2,0,E,Vertical_Carnaby_1080x1920_5994.y4m,1080x1920,60.00,8,1080x1920,160,3824.479520,39.969076,42.615344,42.422017,16.148608,18.387521,84.241057,81.617304,35.791736,40.474318,39.930730,42.603723,42.410276,2.029079,74873.84,2.46,558275099476622,14703196521,209099000081995,6845073428,d1ff4ef427f8d1b29a65b32e7805a6dd,
AI,aom,av2,0,E,Vertical_Carnaby_1080x1920_5994.y4m,1080x1920,60.00,8,1080x1920,185,2065.630370,36.266124,39.315187,39.102788,14.204924,15.170929,64.715410,61.869257,31.785406,37.135362,36.229198,39.306560,39.085670,1.726066,49382.03,2.98,313726862312742,15133632293,132334472213685,8389428539,0a1f2da9baa0040ce5bb16c75470fd0c,
AI,aom,av2,0,E,Vertical_Carnaby_1080x1920_5994.y4m,1080x1920,60.00,8,1080x1920,210,1075.660340,32.350555,35.799329,35.663279,12.240378,11.924162,41.089411,38.700746,27.803850,33.518510,32.320377,35.790916,35.646994,1.760444,23467.65,2.91,151227660219110,16809443711,63654721438847,8396611136,505f3a165ab3511efc8a1b44d297875b,
AI,aom,av2,0,E,WalkingInStreet_1920x1080_30fps.y4m,1080x1920,30.00,8,1080x1920,85,104826.032000,43.526164,46.013713,45.875568,18.845040,27.580202,99.860097,99.820951,49.172872,43.714031,43.525037,46.009326,45.867927,0.000005,546682.98,8.18,3932657928772894,41755234548,1526768999807560,22935416241,ce866df3a1e31a0f5bf239ded35b0f68,
AI,aom,av2,0,E,WalkingInStreet_1920x1080_30fps.y4m,1080x1920,30.00,8,1080x1920,110,51214.400000,38.221430,41.849908,42.303956,13.993779,21.801239,99.769777,99.717825,42.610236,39.378231,38.219822,41.844008,42.293988,0.000905,633647.40,7.32,3833344256679957,32468843785,1668467468695321,19726993611,092312d93ee643ca359528d57c07f4c6,
AI,aom,av2,0,E,WalkingInStreet_1920x1080_30fps.y4m,1080x1920,30.00,8,1080x1920,135,20277.496000,33.844192,38.405903,40.248566,10.046333,16.580903,98.548330,97.597114,35.694405,35.879006,33.843018,38.399346,40.239363,0.092580,753031.78,5.42,4479318603616416,23900577035,1980087780851271,14784656149,3ea51fe77666c873485012d4bb2bf187,
AI,aom,av2,0,E,WalkingInStreet_1920x1080_30fps.y4m,1080x1920,30.00,8,1080x1920,160,8387.352000,30.707644,35.532602,38.797566,7.852379,13.503306,84.492495,82.421621,30.260232,33.204684,30.706204,35.526452,38.790163,0.147431,338747.28,3.27,2468135169220100,19457726517,946026950358991,9146255833,c24342004762c948fac869d769ea14af,
AI,aom,av2,0,E,WalkingInStreet_1920x1080_30fps.y4m,1080x1920,30.00,8,1080x1920,185,3397.448000,27.659439,33.096829,37.224357,5.929506,10.491719,59.481146,57.639674,25.280406,30.580749,27.657540,33.090403,37.218243,0.168215,149954.91,2.58,1122540698602661,16586068098,418777130788363,7208482191,ee6ee5286a48505be40154cb0fd58384,
AI,aom,av2,0,E,WalkingInStreet_1920x1080_30fps.y4m,1080x1920,30.00,8,1080x1920,210,1244.480000,24.744937,31.041985,35.130819,4.370626,7.568795,31.940346,30.776181,21.148216,27.975441,24.741739,31.035587,35.124953,0.281057,75603.31,3.08,460583460392964,14972107530,202832073175698,8705763354,d25202a63aa2b17c7271ad62b82044fa,
AI,aom,av2,0,E,WorldCup_far_1920x1080_30p.y4m,1920x1080,30.00,8,1920x1080,85,55625.712000,45.476360,46.399908,48.297235,20.551745,28.282663,99.868573,99.830474,48.615659,45.873228,45.474183,46.383898,48.289710,0.010285,315830.36,6.18,2200222967064536,32638682217,882043287987420,17247026925,1f7bb390162deb36563c7adebf97520a,
AI,aom,av2,0,E,WorldCup_far_1920x1080_30p.y4m,1920x1080,30.00,8,1920x1080,110,29302.608000,41.255135,42.975854,45.106691,17.078649,23.839206,99.787966,99.545048,43.047307,42.213120,41.253040,42.954964,45.095719,0.011407,300228.66,5.33,2165310028445278,29038410179,838456190499870,14885104216,9e8a3d31ba6ba57118d015ff59852ba4,
AI,aom,av2,0,E,WorldCup_far_1920x1080_30p.y4m,1920x1080,30.00,8,1920x1080,135,14977.032000,37.158590,39.964509,42.000685,13.662221,19.501713,97.498040,95.735631,37.007106,38.801833,37.155221,39.949606,41.992062,0.012810,455395.81,4.56,3235422610228678,26123879482,1271900479803854,12742834898,580ab1fa9b2ffe03be2ce1647cb2b256,
AI,aom,av2,0,E,WorldCup_far_1920x1080_30p.y4m,1920x1080,30.00,8,1920x1080,160,7280.216000,33.090876,36.904335,38.750638,10.362571,15.248186,82.845540,80.250875,31.164697,35.343576,33.085022,36.895473,38.745462,0.017884,278464.55,3.75,1975661324512747,22953897214,777656109077877,10522337126,a7e27f81600f255e92aef18014902152,
AI,aom,av2,0,E,WorldCup_far_1920x1080_30p.y4m,1920x1080,30.00,8,1920x1080,185,3238.432000,29.191516,33.750127,35.471395,7.526229,11.231613,58.572301,56.146017,25.960177,31.915237,29.184674,33.744848,35.468147,0.024655,159857.38,3.94,939162854928687,16943672187,419289908737953,11022939775,3ed2ed13e2e258f6c2702804628bf58e,
AI,aom,av2,0,E,WorldCup_far_1920x1080_30p.y4m,1920x1080,30.00,8,1920x1080,210,1238.528000,25.648936,30.488692,32.357446,5.395606,7.706281,31.757853,30.228048,21.587239,28.567105,25.642506,30.484877,32.354556,0.028792,57790.18,3.41,346314452222194,16214669231,153976277368605,9631065064,8405408fb6a575729d84aeb4d6fc19a4,
